-- MySQL dump 10.13  Distrib 5.7.17, for Win64 (x86_64)
--
-- Host: 127.0.0.1    Database: salcedo_erp_db
-- ------------------------------------------------------
-- Server version	5.7.14

/*!40101 SET @OLD_CHARACTER_SET_CLIENT=@@CHARACTER_SET_CLIENT */;
/*!40101 SET @OLD_CHARACTER_SET_RESULTS=@@CHARACTER_SET_RESULTS */;
/*!40101 SET @OLD_COLLATION_CONNECTION=@@COLLATION_CONNECTION */;
/*!40101 SET NAMES utf8 */;
/*!40103 SET @OLD_TIME_ZONE=@@TIME_ZONE */;
/*!40103 SET TIME_ZONE='+00:00' */;
/*!40014 SET @OLD_UNIQUE_CHECKS=@@UNIQUE_CHECKS, UNIQUE_CHECKS=0 */;
/*!40014 SET @OLD_FOREIGN_KEY_CHECKS=@@FOREIGN_KEY_CHECKS, FOREIGN_KEY_CHECKS=0 */;
/*!40101 SET @OLD_SQL_MODE=@@SQL_MODE, SQL_MODE='NO_AUTO_VALUE_ON_ZERO' */;
/*!40111 SET @OLD_SQL_NOTES=@@SQL_NOTES, SQL_NOTES=0 */;

--
-- Table structure for table `accounting_accountingpolicy`
--

DROP TABLE IF EXISTS `accounting_accountingpolicy`;
/*!40101 SET @saved_cs_client     = @@character_set_client */;
/*!40101 SET character_set_client = utf8 */;
CREATE TABLE `accounting_accountingpolicy` (
  `id` int(11) NOT NULL AUTO_INCREMENT,
  `folio` int(11) DEFAULT NULL,
  `registry_date` date NOT NULL,
  `description` varchar(4096) NOT NULL,
  `reference` varchar(1024) NOT NULL,
  `fiscal_period_id` int(11) NOT NULL,
  `internal_company_id` int(11) DEFAULT NULL,
  `type_policy_id` int(11) NOT NULL,
  PRIMARY KEY (`id`),
  KEY `Accounting_accountin_fiscal_period_id_369dc2cf_fk_Accountin` (`fiscal_period_id`),
  KEY `Accounting_accountin_internal_company_id_83534afa_fk_SharedCat` (`internal_company_id`),
  KEY `Accounting_accountin_type_policy_id_f4a91ef0_fk_Accountin` (`type_policy_id`),
  CONSTRAINT `Accounting_accountin_fiscal_period_id_369dc2cf_fk_Accountin` FOREIGN KEY (`fiscal_period_id`) REFERENCES `accounting_fiscalperiod` (`id`),
  CONSTRAINT `Accounting_accountin_internal_company_id_83534afa_fk_SharedCat` FOREIGN KEY (`internal_company_id`) REFERENCES `sharedcatalogs_internalcompany` (`id`),
  CONSTRAINT `Accounting_accountin_type_policy_id_f4a91ef0_fk_Accountin` FOREIGN KEY (`type_policy_id`) REFERENCES `accounting_typepolicy` (`id`)
) ENGINE=InnoDB AUTO_INCREMENT=71 DEFAULT CHARSET=utf8;
/*!40101 SET character_set_client = @saved_cs_client */;

--
-- Dumping data for table `accounting_accountingpolicy`
--

LOCK TABLES `accounting_accountingpolicy` WRITE;
/*!40000 ALTER TABLE `accounting_accountingpolicy` DISABLE KEYS */;
INSERT INTO `accounting_accountingpolicy` VALUES (1,1,'2017-01-31','PAGO DE COMISIONES BANCARIAS SCOTIA.','S/R',1,1,3),(2,2,'2017-01-01','REGISTRO DE ISR A FAVOR 2016','S/R',1,1,3),(3,1,'2017-01-25','CANCELADO.','S/R',1,1,1),(4,1,'2017-01-02','COMISIONES','S/R',1,1,5),(5,2,'2017-01-24','PAGO DE IMPUESTOS DICIEMBRE 2016','S/R',1,1,5),(6,3,'2017-01-20','PAGO DE PRIMA DE SEGURO, SIN FACTURA.','S/R',1,1,5),(7,1,'2017-02-28','PAGO DE COMISIONES BANCARIAS SCOTIABANK','S/R',2,1,3),(8,2,'2017-02-19','PROVISION DE GASTOS ASERTA F 34FAB.','S/R',2,1,3),(9,3,'2017-02-19','PROVISION DE GASTOS ASERTA F AD452.','S/R',2,1,3),(10,4,'2017-02-19','PROVISION DE GASTO ASERTA F F3F1F.','S/R',2,1,3),(11,5,'2017-02-19','PROVISION DE GASTOA ASERTA SA DE CV F 6C123.','S/R',2,1,3),(12,1,'2017-02-08','INFRAESTRUCTURA Y SUPERVISION SIPSA SA DE CV','S/R',2,1,5),(13,2,'2017-02-08','BELCO INGENIERIA SA DE CV','S/R',2,1,5),(14,3,'2017-02-08','COMISIONES','S/R',2,1,5),(15,1,'2017-03-08','CH 26 AFIANZADORA ASERTA SA DE CV.','S/R',3,1,4),(16,2,'2017-03-08','CH 27 AFIANZADORA ASERTA SA DE CV.','S/R',3,1,4),(17,3,'2017-03-08','CH 28 AFIANZADORA ASERTA SA DE CV.','S/R',3,1,4),(18,4,'2017-03-08','CH 29 AFIANZADORA ASERTA SA DE CV.','S/R',3,1,4),(19,5,'2017-03-02','CH 05 CANCELADO.','S/R',3,1,4),(20,6,'2017-03-02','CH 06 CANCELADO.','S/R',3,1,4),(21,7,'2017-03-02','CH 07 CANCELADO.','S/R',3,1,4),(22,8,'2017-03-02','CH 8 ANSELMO MARTINEZ DE LA CRUZ, NO DEDUCIBLE. ','S/R',3,1,4),(23,9,'2017-03-02','CH 9 CANCELADO.','S/R',3,1,4),(24,1,'2017-03-01','PAGO DE COMISION BANCARIA.','S/R',3,1,3),(25,2,'2017-03-09','PAGO DE COMISIONES BANCARIAS','S/R',3,1,3),(26,1,'2017-03-08','TARJETA EMPRESARIAL COL.','S/R',3,1,1),(27,2,'2017-03-25','SALCEDO CONSTRUCCION Y SUPERVISION SA DE CV.','S/R',3,1,1),(28,1,'2017-03-02','PRIMA DE SEGUROS EMISION DE POLIZA.','S/R',3,1,5),(29,2,'2017-03-25','SALCEDO CONSTRUCCION Y SUPERVISION SA DE CV.','S/R',3,1,5),(30,1,'2017-04-03','PAGO DE COMISIONES BANCARIAS SANTANDER.','S/R',4,1,3),(31,2,'2017-04-28','PAGO DE COMISIONES SERVICIOS SCOTIA EN LINEA','S/R',4,1,3),(32,1,'2017-04-03','PAGO DE SEGURO SANTANDER, SIN FACTURA.','S/R',4,1,5),(33,2,'2017-04-27','SALCEDO CONSTRUCCION Y SUPERVISION SA DE CV.','S/R',4,1,5),(34,3,'2017-04-30','PAGO DE SEGURO BANCARIO.','S/R',4,1,5),(35,1,'2017-05-02','PAGO DE COMISIONES BANCARIAS SANTANDER.','S/R',5,1,3),(36,2,'2017-05-30','PROVISION AFIANZADORA ASERTA SA DE CV','S/R',5,1,3),(37,3,'2017-05-23','PROVICION DE FACTURA F17','S/R',5,1,3),(38,1,'2017-05-02','SALCECO CONSTRUCCION Y SUPERVISION SA DE CV.','S/R',5,1,5),(39,1,'2017-06-30','PAGO COMISIONES BANCARIAS MES DE JUNIO SCOTIABANK','S/R',6,1,3),(40,2,'2017-06-01','COMISIONES SANTANDER','S/R',6,1,3),(41,1,'2017-06-16','SALCEDO CONSTRUCCION Y SUPERVISION SA DE CV.','S/R',6,1,1),(42,2,'2017-06-27','SALCEDO CONSTRUCCION Y SUPERVISION SA DE CV.','S/R',6,1,1),(43,1,'2017-06-16','AFIANZADORA ASERTA SA DE CV, F','S/R',6,1,5),(44,2,'2017-06-26','PAGO DE IMPUETOS MAYO 2017.','S/R',6,1,5),(45,3,'2017-06-27','AFIANZADORA ASERTA SA DE CV.','S/R',6,1,5),(46,4,'2017-06-28','PAGO DE PRIMA DE SEGURO SANATANDER','S/R',6,1,5),(47,1,'2017-07-23','PROVICION DE FATURA F18','S/R',7,1,3),(48,1,'2017-07-20','PAGO DE IMPUESTOS JUNIO 2017','S/R',7,1,5),(49,2,'2017-07-31','COMISIONES BANCARIAS SCOTIA JULIO 2017','S/R',7,1,5),(50,3,'2017-07-03','COMISIONES BANCARIAS JULIO SANTANDER','S/R',7,1,5),(51,1,'2017-08-23','PROVICION DE FACTURA F19','S/R',8,1,3),(52,2,'2017-08-23','PROVICION DE FACTURA F 21','S/R',8,1,3),(53,1,'2017-08-01','SALCECO CONSTRUCCION Y SUPERVISION SA DE CV.','S/R',8,1,1),(54,2,'2017-08-29','SERVICIOS EDUCATIVOS INTEGRADOS AL ESTADO DE MEXICO.','S/R',8,1,1),(55,3,'2017-08-18','SALCEDO CONSTRUCCION Y SUPERVISION ','S/R',8,1,1),(56,1,'2017-08-04','SURICH SANTANDER ','S/R',8,1,5),(57,2,'2017-08-18','PAGO DE IMPUESTOS JULIO 2017.','S/R',8,1,5),(58,3,'2017-08-02','ARQUICIVILES SA DE CV.','S/R',8,1,5),(59,4,'2017-08-23','AFIANZADORA ASERTA SA DE CV.','S/R',8,1,5),(60,5,'2017-08-31','INFRAESTRUCTURA Y SUPERVISION SIPSA SA DE CV.','S/R',8,1,5),(61,7,'2017-08-31','COMISIONES','S/R',8,1,5),(62,8,'2017-08-01','COMISIONES BANCARIAS','S/R',8,1,5),(63,9,'2017-08-31','COMISIONES','S/R',8,1,5),(64,1,'2017-09-23','PROVICION DE FACTURA F20','S/R',9,1,3),(65,1,'2017-09-12','SERVICIOS EDUCATIVOS INTEGRADOS AL ESTADO DE MEXICO ','S/R',9,1,1),(66,1,'2017-09-26','AFIANZADORA ASERTA SA DE CV ','S/R',9,1,5),(67,2,'2017-09-29','SCOTIANBANK ','S/R',9,1,5),(68,3,'2017-09-01','SANTANDER ','S/R',9,1,5),(69,4,'2017-09-27','PAGO IMPUESTOS AGOSTO 2017','S/R',9,1,5),(70,1,'2017-10-12','AXTEL, S.A.B. DE C.V','S/R',10,1,3);
/*!40000 ALTER TABLE `accounting_accountingpolicy` ENABLE KEYS */;
UNLOCK TABLES;

--
-- Table structure for table `accounting_accountingpolicydetail`
--

DROP TABLE IF EXISTS `accounting_accountingpolicydetail`;
/*!40101 SET @saved_cs_client     = @@character_set_client */;
/*!40101 SET character_set_client = utf8 */;
CREATE TABLE `accounting_accountingpolicydetail` (
  `id` int(11) NOT NULL AUTO_INCREMENT,
  `description` varchar(4096) NOT NULL,
  `debit` double NOT NULL,
  `credit` double NOT NULL,
  `registry_date` date NOT NULL,
  `account_id` int(11) NOT NULL,
  `accounting_policy_id` int(11) NOT NULL,
  PRIMARY KEY (`id`),
  KEY `Accounting_accountin_account_id_682b1401_fk_SharedCat` (`account_id`),
  KEY `Accounting_accountin_accounting_policy_id_7c59ae9f_fk_Accountin` (`accounting_policy_id`),
  CONSTRAINT `Accounting_accountin_account_id_682b1401_fk_SharedCat` FOREIGN KEY (`account_id`) REFERENCES `sharedcatalogs_account` (`id`),
  CONSTRAINT `Accounting_accountin_accounting_policy_id_7c59ae9f_fk_Accountin` FOREIGN KEY (`accounting_policy_id`) REFERENCES `accounting_accountingpolicy` (`id`)
) ENGINE=InnoDB AUTO_INCREMENT=270 DEFAULT CHARSET=utf8;
/*!40101 SET character_set_client = @saved_cs_client */;

--
-- Dumping data for table `accounting_accountingpolicydetail`
--

LOCK TABLES `accounting_accountingpolicydetail` WRITE;
/*!40000 ALTER TABLE `accounting_accountingpolicydetail` DISABLE KEYS */;
INSERT INTO `accounting_accountingpolicydetail` VALUES (1,'PAGO DE COMISIONES BANCARIAS SCOTIA.',0,371.2,'2017-01-31',104,1),(2,'PAGO DE COMISIONES BANCARIAS SCOTIA.',320,0,'2017-01-31',402,1),(3,'PAGO DE COMISIONES BANCARIAS SCOTIA.',51.2,0,'2017-01-31',55,1),(4,'PAGO DE COMISIONES BANCARIAS SCOTIA.',371.2,0,'2017-01-31',104,1),(5,'PAGO DE COMISIONES BANCARIAS SCOTIA.',0,371.2,'2017-01-31',5,1),(6,'REGISTRO DE ISR A FAVOR 2016',109598,0,'2017-01-01',129,2),(7,'REGISTRO DE ISR A FAVOR 2016',0,116451,'2017-01-01',68,2),(8,'REGISTRO DE ISR A FAVOR 2016',6854,0,'2017-01-01',33,2),(9,'REGISTRO DE ISR A FAVOR 2016',0,1,'2017-01-01',385,2),(10,'CANCELADO.',0,0,'2017-01-25',7,3),(11,'COMISIONES',850,0,'2017-01-02',403,4),(12,'COMISIONES',136,0,'2017-01-02',55,4),(13,'COMISIONES',0,986,'2017-01-02',6,4),(14,'PAGO DE IMPUESTOS DICIEMBRE 2016',1436,0,'2017-01-24',129,5),(15,'PAGO DE IMPUESTOS DICIEMBRE 2016',16,0,'2017-01-24',294,5),(16,'PAGO DE IMPUESTOS DICIEMBRE 2016',0,1452,'2017-01-24',6,5),(17,'PAGO DE PRIMA DE SEGURO, SIN FACTURA.',3846.96,0,'2017-01-20',315,6),(18,'PAGO DE PRIMA DE SEGURO, SIN FACTURA.',0,3846.96,'2017-01-20',6,6),(19,'PAGO DE COMISIONES BANCARIAS SCOTIABANK',0,371.2,'2017-02-28',104,7),(20,'PAGO DE COMISIONES BANCARIAS SCOTIABANK',348,0,'2017-02-28',402,7),(21,'PAGO DE COMISIONES BANCARIAS SCOTIABANK',23.2,0,'2017-02-28',55,7),(22,'PAGO DE COMISIONES BANCARIAS SCOTIABANK',371.2,0,'2017-02-28',104,7),(23,'PAGO DE COMISIONES BANCARIAS SCOTIABANK',0,371.2,'2017-02-28',5,7),(24,'PROVISION DE GASTOS ASERTA F 34FAB.',0,4020.56,'2017-02-19',102,8),(25,'PROVISION DE GASTOS ASERTA F 34FAB.',3466,0,'2017-02-19',224,8),(26,'PROVISION DE GASTOS ASERTA F 34FAB.',554.56,0,'2017-02-19',58,8),(27,'PROVISION DE GASTOS ASERTA F AD452.',0,9929,'2017-02-19',102,9),(28,'PROVISION DE GASTOS ASERTA F AD452.',8559.48,0,'2017-02-19',224,9),(29,'PROVISION DE GASTOS ASERTA F AD452.',1369.52,0,'2017-02-19',58,9),(30,'PROVISION DE GASTO ASERTA F F3F1F.',0,7289.75,'2017-02-19',102,10),(31,'PROVISION DE GASTO ASERTA F F3F1F.',6284.27,0,'2017-02-19',224,10),(32,'PROVISION DE GASTO ASERTA F F3F1F.',1005.48,0,'2017-02-19',58,10),(33,'PROVISION DE GASTOA ASERTA SA DE CV F 6C123.',0,13189.26,'2017-02-19',102,11),(34,'PROVISION DE GASTOA ASERTA SA DE CV F 6C123.',11370.05,0,'2017-02-19',224,11),(35,'PROVISION DE GASTOA ASERTA SA DE CV F 6C123.',1819.21,0,'2017-02-19',58,11),(36,'INFRAESTRUCTURA Y SUPERVISION SIPSA SA DE CV',0,205000,'2017-02-08',113,12),(37,'INFRAESTRUCTURA Y SUPERVISION SIPSA SA DE CV',176724.14,0,'2017-02-08',196,12),(38,'INFRAESTRUCTURA Y SUPERVISION SIPSA SA DE CV',28275.86,0,'2017-02-08',55,12),(39,'INFRAESTRUCTURA Y SUPERVISION SIPSA SA DE CV',205000,0,'2017-02-08',113,12),(40,'INFRAESTRUCTURA Y SUPERVISION SIPSA SA DE CV',0,205000,'2017-02-08',6,12),(41,'BELCO INGENIERIA SA DE CV',0,180000,'2017-02-08',114,13),(42,'BELCO INGENIERIA SA DE CV',155172.41,0,'2017-02-08',196,13),(43,'BELCO INGENIERIA SA DE CV',24827.59,0,'2017-02-08',55,13),(44,'BELCO INGENIERIA SA DE CV',180000,0,'2017-02-08',114,13),(45,'BELCO INGENIERIA SA DE CV',0,180000,'2017-02-08',6,13),(46,'COMISIONES',850,0,'2017-02-08',403,14),(47,'COMISIONES',136,0,'2017-02-08',55,14),(48,'COMISIONES',0,986,'2017-02-08',6,14),(49,'COMISIONES',0,986,'2017-02-08',107,14),(50,'COMISIONES',986,0,'2017-02-08',107,14),(51,'COMISIONES',986,0,'2017-02-08',107,14),(52,'COMISIONES',0,850,'2017-02-08',402,14),(53,'COMISIONES',0,136,'2017-02-08',55,14),(54,'COMISIONES',0,986,'2017-02-08',107,14),(55,'COMISIONES',986,0,'2017-02-08',6,14),(56,'COMISIONES',0.01,0,'2017-02-08',6,14),(57,'COMISIONES',0,0.01,'2017-02-08',6,14),(58,'CH 26 AFIANZADORA ASERTA SA DE CV.',554.56,0,'2017-03-08',55,15),(59,'CH 26 AFIANZADORA ASERTA SA DE CV.',4020.56,0,'2017-03-08',102,15),(60,'CH 26 AFIANZADORA ASERTA SA DE CV.',0,4020.56,'2017-03-08',5,15),(61,'CH 26 AFIANZADORA ASERTA SA DE CV.',0,554.56,'2017-03-08',58,15),(62,'CH 27 AFIANZADORA ASERTA SA DE CV.',1369.52,0,'2017-03-08',55,16),(63,'CH 27 AFIANZADORA ASERTA SA DE CV.',9929,0,'2017-03-08',102,16),(64,'CH 27 AFIANZADORA ASERTA SA DE CV.',0,9929,'2017-03-08',5,16),(65,'CH 27 AFIANZADORA ASERTA SA DE CV.',0,1369.52,'2017-03-08',58,16),(66,'CH 28 AFIANZADORA ASERTA SA DE CV.',1005.48,0,'2017-03-08',55,17),(67,'CH 28 AFIANZADORA ASERTA SA DE CV.',7289.75,0,'2017-03-08',102,17),(68,'CH 28 AFIANZADORA ASERTA SA DE CV.',0,7289.75,'2017-03-08',5,17),(69,'CH 28 AFIANZADORA ASERTA SA DE CV.',0,1005.48,'2017-03-08',58,17),(70,'CH 29 AFIANZADORA ASERTA SA DE CV.',1819.21,0,'2017-03-08',55,18),(71,'CH 29 AFIANZADORA ASERTA SA DE CV.',13189.26,0,'2017-03-08',102,18),(72,'CH 29 AFIANZADORA ASERTA SA DE CV.',0,13189.26,'2017-03-08',5,18),(73,'CH 29 AFIANZADORA ASERTA SA DE CV.',0,1819.21,'2017-03-08',58,18),(74,'CH 05 CANCELADO.',0,0,'2017-03-02',6,19),(75,'CH 06 CANCELADO.',0,0,'2017-03-02',6,20),(76,'CH 07 CANCELADO.',0,0,'2017-03-02',6,21),(77,'SIN FACTURA GTS PARA EFECTIVO.',200000,0,'2017-03-02',253,22),(78,'CH 8 ANSELMO MARTINEZ DE LA CRUZ, NO DEDUCIBLE. ',0,200000,'2017-03-02',6,22),(79,'CH 9 CANCELADO.',0,0,'2017-03-02',6,23),(80,'PAGO DE COMISION BANCARIA.',0,986,'2017-03-01',107,24),(81,'PAGO DE COMISION BANCARIA.',850,0,'2017-03-01',402,24),(82,'PAGO DE COMISION BANCARIA.',136,0,'2017-03-01',55,24),(83,'PAGO DE COMISION BANCARIA.',986,0,'2017-03-01',107,24),(84,'PAGO DE COMISION BANCARIA.',0,986,'2017-03-01',6,24),(85,'PAGO DE COMISION BANCARIA.',986,0,'2017-03-01',97,24),(86,'PAGO DE COMISION BANCARIA.',0,850,'2017-03-01',402,24),(87,'PAGO DE COMISION BANCARIA.',0,136,'2017-03-01',55,24),(88,'PAGO DE COMISION BANCARIA.',0,986,'2017-03-01',107,24),(89,'PAGO DE COMISION BANCARIA.',986,0,'2017-03-01',6,24),(90,'PAGO DE COMISIONES BANCARIAS',0,371.2,'2017-03-09',104,25),(91,'PAGO DE COMISIONES BANCARIAS',320,0,'2017-03-09',402,25),(92,'PAGO DE COMISIONES BANCARIAS',51.2,0,'2017-03-09',55,25),(93,'PAGO DE COMISIONES BANCARIAS',371.2,0,'2017-03-09',104,25),(94,'PAGO DE COMISIONES BANCARIAS',0,371.2,'2017-03-09',5,25),(95,'TARJETA EMPRESARIAL COL.',0,40000,'2017-03-08',7,26),(96,'TARJETA EMPRESARIAL COL.',40000,0,'2017-03-08',5,26),(97,'SALCEDO CONSTRUCCION Y SUPERVISION SA DE CV.',40000,0,'2017-03-25',7,27),(98,'SALCEDO CONSTRUCCION Y SUPERVISION SA DE CV.',0,40000,'2017-03-25',118,27),(99,'PRIMA DE SEGUROS EMISION DE POLIZA.',7688.2,0,'2017-03-02',314,28),(100,'PRIMA DE SEGUROS EMISION DE POLIZA.',0,7688.2,'2017-03-02',6,28),(101,'SALCEDO CONSTRUCCION Y SUPERVISION SA DE CV.',300000,0,'2017-03-25',118,29),(102,'SALCEDO CONSTRUCCION Y SUPERVISION SA DE CV.',0,300000,'2017-03-25',7,29),(103,'PAGO DE COMISIONES BANCARIAS SANTANDER.',0,986,'2017-04-03',107,30),(104,'PAGO DE COMISIONES BANCARIAS SANTANDER.',850,0,'2017-04-03',402,30),(105,'PAGO DE COMISIONES BANCARIAS SANTANDER.',136,0,'2017-04-03',55,30),(106,'PAGO DE COMISIONES BANCARIAS SANTANDER.',986,0,'2017-04-03',107,30),(107,'PAGO DE COMISIONES BANCARIAS SANTANDER.',0,986,'2017-04-03',6,30),(108,'PAGO DE COMISIONES SERVICIOS SCOTIA EN LINEA',0,371.2,'2017-04-28',104,31),(109,'PAGO DE COMISIONES SERVICIOS SCOTIA EN LINEA',320,0,'2017-04-28',402,31),(110,'PAGO DE COMISIONES SERVICIOS SCOTIA EN LINEA',51.2,0,'2017-04-28',55,31),(111,'PAGO DE COMISIONES SERVICIOS SCOTIA EN LINEA',371.2,0,'2017-04-28',104,31),(112,'PAGO DE COMISIONES SERVICIOS SCOTIA EN LINEA',0,371.2,'2017-04-28',5,31),(113,'PAGO DE SEGURO SANTANDER, SIN FACTURA.',5706.2,0,'2017-04-03',314,32),(114,'PAGO DE SEGURO SANTANDER, SIN FACTURA.',0,5706.2,'2017-04-03',6,32),(115,'SALCEDO CONSTRUCCION Y SUPERVISION SA DE CV.',0,45000,'2017-04-27',106,33),(116,'SALCEDO CONSTRUCCION Y SUPERVISION SA DE CV.',38793.1,0,'2017-04-27',196,33),(117,'SALCEDO CONSTRUCCION Y SUPERVISION SA DE CV.',6206.9,0,'2017-04-27',55,33),(118,'SALCEDO CONSTRUCCION Y SUPERVISION SA DE CV.',45000,0,'2017-04-27',106,33),(119,'SALCEDO CONSTRUCCION Y SUPERVISION SA DE CV.',0,45000,'2017-04-27',5,33),(120,'PAGO DE SEGURO BANCARIO.',3846.96,0,'2017-04-30',314,34),(121,'PAGO DE SEGURO BANCARIO.',0,3846.96,'2017-04-30',6,34),(122,'PAGO DE COMISIONES BANCARIAS SANTANDER.',0,986,'2017-05-02',107,35),(123,'PAGO DE COMISIONES BANCARIAS SANTANDER.',850,0,'2017-05-02',402,35),(124,'PAGO DE COMISIONES BANCARIAS SANTANDER.',136,0,'2017-05-02',55,35),(125,'PAGO DE COMISIONES BANCARIAS SANTANDER.',986,0,'2017-05-02',107,35),(126,'PAGO DE COMISIONES BANCARIAS SANTANDER.',0,986,'2017-05-02',6,35),(127,'PROVISION AFIANZADORA ASERTA SA DE CV',3259.57,0,'2017-05-30',285,36),(128,'PROVISION AFIANZADORA ASERTA SA DE CV',521.53,0,'2017-05-30',58,36),(129,'PROVISION AFIANZADORA ASERTA SA DE CV',0,3781.1,'2017-05-30',102,36),(130,'PROVICION DE FACTURA F17',3100000,0,'2017-05-23',15,37),(131,'PROVICION DE FACTURA F17',0,2672413.8,'2017-05-23',174,37),(132,'PROVICION DE FACTURA F17',0,427586.2,'2017-05-23',156,37),(133,'SALCECO CONSTRUCCION Y SUPERVISION SA DE CV.',50000,0,'2017-05-02',29,38),(134,'SALCECO CONSTRUCCION Y SUPERVISION SA DE CV.',0,50000,'2017-05-02',6,38),(135,'PAGO COMISIONES BANCARIAS MES DE JUNIO',0,754,'2017-06-30',104,39),(136,'PAGO COMISIONES BANCARIAS MES DE JUNIO',649.99,0,'2017-06-30',402,39),(137,'PAGO COMISIONES BANCARIAS MES DE JUNIO',104.01,0,'2017-06-30',55,39),(138,'PAGO COMISIONES BANCARIAS MES DE JUNIO',754,0,'2017-06-30',107,39),(139,'PAGO COMISIONES BANCARIAS MES DE JUNIO',0,754,'2017-06-30',5,39),(140,'COMISIONES SANTANDER',0,986,'2017-06-01',107,40),(141,'COMISIONES SANTANDER',850,0,'2017-06-01',402,40),(142,'COMISIONES SANTANDER',136,0,'2017-06-01',55,40),(143,'COMISIONES SANTANDER',986,0,'2017-06-01',107,40),(144,'COMISIONES SANTANDER',0,986,'2017-06-01',6,40),(145,'SALCEDO CONSTRUCCION Y SUPERVISION SA DE CV.',10000,0,'2017-06-16',5,41),(146,'SALCEDO CONSTRUCCION Y SUPERVISION SA DE CV.',1379.31,0,'2017-06-16',156,41),(147,'SALCEDO CONSTRUCCION Y SUPERVISION SA DE CV.',0,10000,'2017-06-16',12,41),(148,'SALCEDO CONSTRUCCION Y SUPERVISION SA DE CV.',0,1379.31,'2017-06-16',153,41),(149,'SALCEDO CONSTRUCCION Y SUPERVISION SA DE CV.',20000,0,'2017-06-27',5,42),(150,'SALCEDO CONSTRUCCION Y SUPERVISION SA DE CV.',2758.62,0,'2017-06-27',156,42),(151,'SALCEDO CONSTRUCCION Y SUPERVISION SA DE CV.',0,2758.62,'2017-06-27',153,42),(152,'SALCEDO CONSTRUCCION Y SUPERVISION SA DE CV.',0,20000,'2017-06-27',12,42),(153,'AFIANZADORA ASERTA SA DE CV, F',521.53,0,'2017-06-16',55,43),(154,'AFIANZADORA ASERTA SA DE CV, F',3781.1,0,'2017-06-16',102,43),(155,'AFIANZADORA ASERTA SA DE CV, F',0,3781.1,'2017-06-16',5,43),(156,'AFIANZADORA ASERTA SA DE CV, F',0,521.53,'2017-06-16',58,43),(157,'PAGO DE IMPUETOS MAYO 2017.',2886,0,'2017-06-26',129,44),(158,'PAGO DE IMPUETOS MAYO 2017.',33,0,'2017-06-26',294,44),(159,'PAGO DE IMPUETOS MAYO 2017.',0,2919,'2017-06-26',5,44),(160,'AFIANZADORA ASERTA SA DE CV.',0,13499.22,'2017-06-27',102,45),(161,'AFIANZADORA ASERTA SA DE CV.',11637.26,0,'2017-06-27',285,45),(162,'AFIANZADORA ASERTA SA DE CV.',1861.96,0,'2017-06-27',55,45),(163,'AFIANZADORA ASERTA SA DE CV.',13499.22,0,'2017-06-27',102,45),(164,'AFIANZADORA ASERTA SA DE CV.',0,13499.22,'2017-06-27',5,45),(165,'PAGO DE PRIMA DE SEGURO SANATANDER',6627.75862068966,0,'2017-06-28',224,46),(166,'PAGO DE PRIMA DE SEGURO SANATANDER',1060.44137931034,0,'2017-06-28',55,46),(167,'PAGO DE PRIMA DE SEGURO SANATANDER',0,0,'2017-06-28',6,46),(168,'PAGO DE PRIMA DE SEGURO SANATANDER',0,7688.2,'2017-06-28',107,46),(169,'PAGO DE PRIMA DE SEGURO SANATANDER',7688.2,0,'2017-06-28',107,46),(170,'PAGO DE PRIMA DE SEGURO SANATANDER',0,7688.2,'2017-06-28',6,46),(171,'PROVICION DE FATURA F18',930000.21,0,'2017-07-23',15,47),(172,'PROVICION DE FATURA F18',0,801724.32,'2017-07-23',174,47),(173,'PROVICION DE FATURA F18',0,128275.89,'2017-07-23',156,47),(174,'PAGO DE IMPUESTOS JUNIO 2017',28,0,'2017-07-20',68,48),(175,'PAGO DE IMPUESTOS JUNIO 2017',459,0,'2017-07-20',127,48),(176,'PAGO DE IMPUESTOS JUNIO 2017',0,487,'2017-07-20',5,48),(177,'COMISIONES BANCARIAS SCOTIA JULIO 2017',0,371.2,'2017-07-31',104,49),(178,'COMISIONES BANCARIAS SCOTIA JULIO 2017',320,0,'2017-07-31',402,49),(179,'COMISIONES BANCARIAS SCOTIA JULIO 2017',51.2,0,'2017-07-31',55,49),(180,'COMISIONES BANCARIAS SCOTIA JULIO 2017',371.2,0,'2017-07-31',104,49),(181,'COMISIONES BANCARIAS SCOTIA JULIO 2017',0,371.2,'2017-07-31',5,49),(182,'COMISIONES BANCARIAS JULIO SANTANDER',0,1044,'2017-07-03',107,50),(183,'COMISIONES BANCARIAS JULIO SANTANDER',900,0,'2017-07-03',402,50),(184,'COMISIONES BANCARIAS JULIO SANTANDER',144,0,'2017-07-03',55,50),(185,'COMISIONES BANCARIAS JULIO SANTANDER',1044,0,'2017-07-03',107,50),(186,'COMISIONES BANCARIAS JULIO SANTANDER',0,1044,'2017-07-03',6,50),(187,'PROVICION DE FACTURA F19',3100000,0,'2017-08-23',15,51),(188,'PROVICION DE FACTURA F19',0,2672413.8,'2017-08-23',174,51),(189,'PROVICION DE FACTURA F19',0,427586.2,'2017-08-23',156,51),(190,'PROVICION DE FACTURA F 21',1528710.98,0,'2017-08-23',12,52),(191,'PROVICION DE FACTURA F 21',0,1317854.29,'2017-08-23',183,52),(192,'PROVICION DE FACTURA F 21',0,210856.69,'2017-08-23',156,52),(193,'SALCECO CONSTRUCCION Y SUPERVISION SA DE CV.',1528710.98,0,'2017-08-01',6,53),(194,'SALCECO CONSTRUCCION Y SUPERVISION SA DE CV.',210856.59,0,'2017-08-01',153,53),(195,'SALCECO CONSTRUCCION Y SUPERVISION SA DE CV.',0,210856.59,'2017-08-01',156,53),(196,'SALCECO CONSTRUCCION Y SUPERVISION SA DE CV.',0,1528710.98,'2017-08-01',12,53),(197,'SERVICIOS EDUCATIVOS INTEGRADOS AL ESTADO DE MEXICO.',3100000,0,'2017-08-29',5,54),(198,'SERVICIOS EDUCATIVOS INTEGRADOS AL ESTADO DE MEXICO.',427586.21,0,'2017-08-29',156,54),(199,'SERVICIOS EDUCATIVOS INTEGRADOS AL ESTADO DE MEXICO.',0,427586.21,'2017-08-29',153,54),(200,'SERVICIOS EDUCATIVOS INTEGRADOS AL ESTADO DE MEXICO.',0,3100000,'2017-08-29',15,54),(201,'SALCEDO CONSTRUCCION Y SUPERVISION ',3800,0,'2017-08-18',5,55),(202,'SALCEDO CONSTRUCCION Y SUPERVISION ',524.14,0,'2017-08-18',156,55),(203,'SALCEDO CONSTRUCCION Y SUPERVISION ',0,524.14,'2017-08-18',153,55),(204,'SALCEDO CONSTRUCCION Y SUPERVISION ',0,3800,'2017-08-18',12,55),(205,'TRASPASO ENTRE CUENTAS COLCONSTRIONS.',0,3846.83,'2017-08-04',107,56),(206,'TRASPASO ENTRE CUENTAS COLCONSTRIONS.',3316.23,0,'2017-08-04',285,56),(207,'SALCEDO CONSTRUCCION Y SUPERVISION ',530.6,0,'2017-08-04',55,56),(208,'SALCEDO CONSTRUCCION Y SUPERVISION ',3846.83,0,'2017-08-04',107,56),(209,'SURICH SANTANDER ',0,3846.83,'2017-08-04',6,56),(210,'PAGO DE IMPUESTOS JULIO 2017.',3780,0,'2017-08-18',129,57),(211,'PAGO DE IMPUESTOS JULIO 2017.',0,3780,'2017-08-18',5,57),(212,'ARQUICIVILES SA DE CV.',0,1519710.98,'2017-08-02',115,58),(213,'ARQUICIVILES SA DE CV.',1310095.67,0,'2017-08-02',196,58),(214,'ARQUICIVILES SA DE CV.',209615.31,0,'2017-08-02',55,58),(215,'ARQUICIVILES SA DE CV.',1519710.98,0,'2017-08-02',115,58),(216,'ARQUICIVILES SA DE CV.',0,1519710.98,'2017-08-02',6,58),(217,'AFIANZADORA ASERTA SA DE CV.',0,3776.96,'2017-08-23',102,59),(218,'AFIANZADORA ASERTA SA DE CV.',3256,0,'2017-08-23',285,59),(219,'AFIANZADORA ASERTA SA DE CV.',520.96,0,'2017-08-23',4,59),(220,'AFIANZADORA ASERTA SA DE CV.',3776.96,0,'2017-08-23',102,59),(221,'AFIANZADORA ASERTA SA DE CV.',0,3776.96,'2017-08-23',6,59),(222,'INFRAESTRUCTURA Y SUPERVISION SIPSA SA DE CV.',0,3000000,'2017-08-31',113,60),(223,'INFRAESTRUCTURA Y SUPERVISION SIPSA SA DE CV.',2586206.9,0,'2017-08-31',196,60),(224,'INFRAESTRUCTURA Y SUPERVISION SIPSA SA DE CV.',413793.1,0,'2017-08-31',55,60),(225,'INFRAESTRUCTURA Y SUPERVISION SIPSA SA DE CV.',3000000,0,'2017-08-31',113,60),(226,'INFRAESTRUCTURA Y SUPERVISION SIPSA SA DE CV.',0,3000000,'2017-08-31',5,60),(227,'COMISIONES',0,377,'2017-08-31',104,61),(228,'COMISIONES',325,0,'2017-08-31',402,61),(229,'COMISIONES',52,0,'2017-08-31',55,61),(230,'COMISIONES',377,0,'2017-08-31',104,61),(231,'COMISIONES',0,377,'2017-08-31',5,61),(232,'COMISIONES BANCARIAS',0,1044,'2017-08-01',107,62),(233,'COMISIONES BANCARIAS',900,0,'2017-08-01',402,62),(234,'COMISIONES BANCARIAS',144,0,'2017-08-01',55,62),(235,'COMISIONES BANCARIAS',1044,0,'2017-08-01',107,62),(236,'COMISIONES BANCARIAS',0,1044,'2017-08-01',6,62),(237,'COMISIONES',0,348,'2017-08-31',104,63),(238,'COMISIONES',300,0,'2017-08-31',402,63),(239,'COMISIONES',48,0,'2017-08-31',55,63),(240,'COMISIONES',348,0,'2017-08-31',104,63),(241,'COMISIONES',0,348,'2017-08-31',7,63),(242,'PROVICION DE FACTURA F20',930000,0,'2017-09-23',15,64),(243,'PROVICION DE FACTURA F20',0,801724.14,'2017-09-23',174,64),(244,'PROVICION DE FACTURA F20',0,128275.86,'2017-09-23',156,64),(245,'SERVICIOS EDUCATIVOS INTEGRADOS AL ESTADO DE MEXICO ',930000,0,'2017-09-12',5,65),(246,'SERVICIOS EDUCATIVOS INTEGRADOS AL ESTADO DE MEXICO ',128275.86,0,'2017-09-12',156,65),(247,'SERVICIOS EDUCATIVOS INTEGRADOS AL ESTADO DE MEXICO ',0,128275.86,'2017-09-12',153,65),(248,'SERVICIOS EDUCATIVOS INTEGRADOS AL ESTADO DE MEXICO ',0,930000,'2017-09-12',15,65),(249,'',0,3776.96,'2017-09-26',102,66),(250,'AFIANZADORA ASERTA SA DE CV ',3256,0,'2017-09-26',285,66),(251,'AFIANZADORA ASERTA SA DE CV ',520.96,0,'2017-09-26',55,66),(252,'AFIANZADORA ASERTA SA DE CV ',3776.96,0,'2017-09-26',102,66),(253,'AFIANZADORA ASERTA SA DE CV ',0,3776.96,'2017-09-26',5,66),(254,'SCOTIANBANK ',0,377,'2017-09-29',104,67),(255,'SCOTIANBANK ',325,0,'2017-09-29',402,67),(256,'SCOTIANBANK ',52,0,'2017-09-29',55,67),(257,'SCOTIANBANK ',377,0,'2017-09-29',104,67),(258,'SCOTIANBANK ',0,377,'2017-09-29',5,67),(259,'SANTANDER ',0,819.09,'2017-09-01',107,68),(260,'SANTANDER ',706.11,0,'2017-09-01',402,68),(261,'SANTANDER ',112.98,0,'2017-09-01',55,68),(262,'SANTANDER ',819.09,0,'2017-09-01',107,68),(263,'SANTANDER ',0,819.09,'2017-09-01',6,68),(264,'PAGO IMPUESTOS AGOSTO 2017',2261,0,'2017-09-27',68,69),(265,'PAGO IMPUESTOS AGOSTO 2017',26,0,'2017-09-27',294,69),(266,'PAGO IMPUESTOS AGOSTO 2017',0,2287,'2017-09-27',7,69),(267,'AXTEL, S.A.B. DE C.V',2590.23,0,'2017-10-12',298,70),(268,'AXTEL, S.A.B. DE C.V',414.44,0,'2017-10-12',58,70),(269,'AXTEL, S.A.B. DE C.V',0,3004.67,'2017-10-12',116,70);
/*!40000 ALTER TABLE `accounting_accountingpolicydetail` ENABLE KEYS */;
UNLOCK TABLES;

--
-- Table structure for table `accounting_commercialally`
--

DROP TABLE IF EXISTS `accounting_commercialally`;
/*!40101 SET @saved_cs_client     = @@character_set_client */;
/*!40101 SET character_set_client = utf8 */;
CREATE TABLE `accounting_commercialally` (
  `id` int(11) NOT NULL AUTO_INCREMENT,
  `name` varchar(50) NOT NULL,
  `colony` varchar(255) NOT NULL,
  `street` varchar(255) NOT NULL,
  `outdoor_number` varchar(10) NOT NULL,
  `indoor_number` varchar(10) DEFAULT NULL,
  `zip_code` varchar(5) NOT NULL,
  `rfc` varchar(20) NOT NULL,
  `curp` varchar(18) NOT NULL,
  `phone_number` varchar(20) NOT NULL,
  `email` varchar(255) NOT NULL,
  `cellphone_number` varchar(20) NOT NULL,
  `office_number` varchar(20) NOT NULL,
  `extension_number` varchar(10) NOT NULL,
  `last_edit_date` datetime(6) NOT NULL,
  `register_date` date NOT NULL,
  `bank_account_name` varchar(512) DEFAULT NULL,
  `bank_account` varchar(16) DEFAULT NULL,
  `employer_registration_number` varchar(24) DEFAULT NULL,
  `services` varchar(4096) DEFAULT NULL,
  `tax_person_type` varchar(1) NOT NULL,
  `status` int(11) NOT NULL,
  `type` int(11) NOT NULL,
  `accounting_account_id` int(11) NOT NULL,
  `bank_id` int(11) DEFAULT NULL,
  `country_id` int(11) NOT NULL,
  `state_id` int(11) NOT NULL,
  `town_id` int(11) NOT NULL,
  `phone_number_2` varchar(20) DEFAULT NULL,
  PRIMARY KEY (`id`),
  UNIQUE KEY `curp` (`curp`),
  KEY `Accounting_commercia_accounting_account_i_dd4ea16d_fk_SharedCat` (`accounting_account_id`),
  KEY `Accounting_commercia_bank_id_3f050dd5_fk_SharedCat` (`bank_id`),
  KEY `Accounting_commercia_country_id_eed37575_fk_SharedCat` (`country_id`),
  KEY `Accounting_commercialally_state_id_b64bd764` (`state_id`),
  KEY `Accounting_commercialally_town_id_388fe90d` (`town_id`),
  CONSTRAINT `Accounting_commercia_accounting_account_i_dd4ea16d_fk_SharedCat` FOREIGN KEY (`accounting_account_id`) REFERENCES `sharedcatalogs_account` (`id`),
  CONSTRAINT `Accounting_commercia_bank_id_3f050dd5_fk_SharedCat` FOREIGN KEY (`bank_id`) REFERENCES `sharedcatalogs_bank` (`id`),
  CONSTRAINT `Accounting_commercia_country_id_eed37575_fk_SharedCat` FOREIGN KEY (`country_id`) REFERENCES `sharedcatalogs_pais` (`id`),
  CONSTRAINT `Accounting_commercia_state_id_b64bd764_fk_SharedCat` FOREIGN KEY (`state_id`) REFERENCES `sharedcatalogs_estado` (`id`),
  CONSTRAINT `Accounting_commercia_town_id_388fe90d_fk_SharedCat` FOREIGN KEY (`town_id`) REFERENCES `sharedcatalogs_municipio` (`id`)
) ENGINE=InnoDB AUTO_INCREMENT=4 DEFAULT CHARSET=utf8;
/*!40101 SET character_set_client = @saved_cs_client */;

--
-- Dumping data for table `accounting_commercialally`
--

LOCK TABLES `accounting_commercialally` WRITE;
/*!40000 ALTER TABLE `accounting_commercialally` DISABLE KEYS */;
INSERT INTO `accounting_commercialally` VALUES (1,'Proveedor-0001','asdasdasd','easdfasfa','22','2','12312','gosa750227n30','1212232123123','12312312','','12123123','2423423','234','2018-02-13 07:40:42.252298','2018-02-13','ssdasdasd','234234234234','131312321','ingeniería','m',1,0,13,1,1,15,1,NULL),(2,'tercero 0001','sdfsdf','sdfsdf','33','33','22342','gosa750227','232423423ss343','34234','','234234234','432423423','544','2018-02-13 07:42:51.114765','2018-02-13','sdfsfsd','2324234234234','23423423','construcción','m',1,2,16,1,1,15,2,NULL),(3,'acreedor 0001','wedfssdf','afasd','a3','2','23433','sdfsdf4323r23423','2d23dqwe213432323','342342','','23234234','3423423','2333','2018-02-13 07:45:38.658042','2018-02-13','3asdf23asdas','322423423423','sdfsdfsdf','sdfsdfsdf','m',1,1,98,1,1,15,1,NULL);
/*!40000 ALTER TABLE `accounting_commercialally` ENABLE KEYS */;
UNLOCK TABLES;

--
-- Table structure for table `accounting_commercialallycontact`
--

DROP TABLE IF EXISTS `accounting_commercialallycontact`;
/*!40101 SET @saved_cs_client     = @@character_set_client */;
/*!40101 SET character_set_client = utf8 */;
CREATE TABLE `accounting_commercialallycontact` (
  `id` int(11) NOT NULL AUTO_INCREMENT,
  `name` varchar(50) NOT NULL,
  `rfc` varchar(20) NOT NULL,
  `street` varchar(255) NOT NULL,
  `outdoor_number` varchar(10) NOT NULL,
  `indoor_number` varchar(10) DEFAULT NULL,
  `colony` varchar(255) NOT NULL,
  `zip_code` varchar(5) NOT NULL,
  `phone_number` varchar(20) NOT NULL,
  `secondary_number` varchar(20) NOT NULL,
  `email` varchar(255) NOT NULL,
  `is_legal_representative` tinyint(1) NOT NULL,
  `commercialally_id` int(11) NOT NULL,
  `country_id` int(11) NOT NULL,
  `state_id` int(11) NOT NULL,
  `town_id` int(11) NOT NULL,
  PRIMARY KEY (`id`),
  KEY `Accounting_commercia_commercialally_id_09f1b7ac_fk_Accountin` (`commercialally_id`),
  KEY `Accounting_commercia_country_id_97926063_fk_SharedCat` (`country_id`),
  KEY `Accounting_commercialallycontact_state_id_9b8a2077` (`state_id`),
  KEY `Accounting_commercialallycontact_town_id_d4249a9c` (`town_id`),
  CONSTRAINT `Accounting_commercia_commercialally_id_09f1b7ac_fk_Accountin` FOREIGN KEY (`commercialally_id`) REFERENCES `accounting_commercialally` (`id`),
  CONSTRAINT `Accounting_commercia_country_id_97926063_fk_SharedCat` FOREIGN KEY (`country_id`) REFERENCES `sharedcatalogs_pais` (`id`),
  CONSTRAINT `Accounting_commercia_state_id_9b8a2077_fk_SharedCat` FOREIGN KEY (`state_id`) REFERENCES `sharedcatalogs_estado` (`id`),
  CONSTRAINT `Accounting_commercia_town_id_d4249a9c_fk_SharedCat` FOREIGN KEY (`town_id`) REFERENCES `sharedcatalogs_municipio` (`id`)
) ENGINE=InnoDB DEFAULT CHARSET=utf8;
/*!40101 SET character_set_client = @saved_cs_client */;

--
-- Dumping data for table `accounting_commercialallycontact`
--

LOCK TABLES `accounting_commercialallycontact` WRITE;
/*!40000 ALTER TABLE `accounting_commercialallycontact` DISABLE KEYS */;
/*!40000 ALTER TABLE `accounting_commercialallycontact` ENABLE KEYS */;
UNLOCK TABLES;

--
-- Table structure for table `accounting_creditors`
--

DROP TABLE IF EXISTS `accounting_creditors`;
/*!40101 SET @saved_cs_client     = @@character_set_client */;
/*!40101 SET character_set_client = utf8 */;
CREATE TABLE `accounting_creditors` (
  `id` int(11) NOT NULL AUTO_INCREMENT,
  `name` varchar(50) NOT NULL,
  `colony` varchar(255) NOT NULL,
  `street` varchar(255) NOT NULL,
  `outdoor_number` varchar(10) NOT NULL,
  `indoor_number` varchar(10) DEFAULT NULL,
  `zip_code` varchar(5) NOT NULL,
  `rfc` varchar(20) NOT NULL,
  `curp` varchar(18) NOT NULL,
  `phone_number` varchar(20) NOT NULL,
  `cellphone_number` varchar(20) NOT NULL,
  `office_number` varchar(20) NOT NULL,
  `extension_number` varchar(10) NOT NULL,
  `last_edit_date` datetime(6) NOT NULL,
  `bank_account_name` varchar(512) DEFAULT NULL,
  `bank_account` varchar(16) DEFAULT NULL,
  `employer_registration_number` varchar(24) DEFAULT NULL,
  `services` varchar(4096) DEFAULT NULL,
  `tax_person_type` varchar(1) NOT NULL,
  `status` int(11) NOT NULL,
  `accounting_account_id` int(11) NOT NULL,
  `bank_id` int(11) DEFAULT NULL,
  `country_id` int(11) NOT NULL,
  `state_id` int(11) NOT NULL,
  `town_id` int(11) NOT NULL,
  PRIMARY KEY (`id`),
  UNIQUE KEY `curp` (`curp`),
  KEY `Accounting_creditors_accounting_account_i_11eda5a3_fk_Accountin` (`accounting_account_id`),
  KEY `Accounting_creditors_bank_id_cce2633a_fk_ERP_bank_id` (`bank_id`),
  KEY `Accounting_creditors_country_id_dce2c9ee_fk_ERP_pais_id` (`country_id`),
  KEY `Accounting_creditors_state_id_33d4e76c` (`state_id`),
  KEY `Accounting_creditors_town_id_81b6bb63` (`town_id`),
  CONSTRAINT `Accounting_creditors_accounting_account_i_11eda5a3_fk_Accountin` FOREIGN KEY (`accounting_account_id`) REFERENCES `sharedcatalogs_account` (`id`),
  CONSTRAINT `Accounting_creditors_bank_id_cce2633a_fk_ERP_bank_id` FOREIGN KEY (`bank_id`) REFERENCES `sharedcatalogs_bank` (`id`),
  CONSTRAINT `Accounting_creditors_country_id_dce2c9ee_fk_ERP_pais_id` FOREIGN KEY (`country_id`) REFERENCES `sharedcatalogs_pais` (`id`),
  CONSTRAINT `Accounting_creditors_state_id_33d4e76c_fk_ERP_estado_id` FOREIGN KEY (`state_id`) REFERENCES `sharedcatalogs_estado` (`id`),
  CONSTRAINT `Accounting_creditors_town_id_81b6bb63_fk_ERP_municipio_id` FOREIGN KEY (`town_id`) REFERENCES `sharedcatalogs_municipio` (`id`)
) ENGINE=InnoDB DEFAULT CHARSET=utf8;
/*!40101 SET character_set_client = @saved_cs_client */;

--
-- Dumping data for table `accounting_creditors`
--

LOCK TABLES `accounting_creditors` WRITE;
/*!40000 ALTER TABLE `accounting_creditors` DISABLE KEYS */;
/*!40000 ALTER TABLE `accounting_creditors` ENABLE KEYS */;
UNLOCK TABLES;

--
-- Table structure for table `accounting_fiscalperiod`
--

DROP TABLE IF EXISTS `accounting_fiscalperiod`;
/*!40101 SET @saved_cs_client     = @@character_set_client */;
/*!40101 SET character_set_client = utf8 */;
CREATE TABLE `accounting_fiscalperiod` (
  `id` int(11) NOT NULL AUTO_INCREMENT,
  `accounting_year` int(11) NOT NULL,
  `account_period` int(11) NOT NULL,
  `status` int(11) NOT NULL,
  PRIMARY KEY (`id`)
) ENGINE=InnoDB AUTO_INCREMENT=15 DEFAULT CHARSET=utf8;
/*!40101 SET character_set_client = @saved_cs_client */;

--
-- Dumping data for table `accounting_fiscalperiod`
--

LOCK TABLES `accounting_fiscalperiod` WRITE;
/*!40000 ALTER TABLE `accounting_fiscalperiod` DISABLE KEYS */;
INSERT INTO `accounting_fiscalperiod` VALUES (1,2017,1,1),(2,2017,2,1),(3,2017,3,1),(4,2017,4,1),(5,2017,5,1),(6,2017,6,1),(7,2017,7,1),(8,2017,8,1),(9,2017,9,1),(10,2017,10,1),(11,2017,11,1),(12,2017,12,1),(13,2018,1,1),(14,2018,2,1);
/*!40000 ALTER TABLE `accounting_fiscalperiod` ENABLE KEYS */;
UNLOCK TABLES;

--
-- Table structure for table `accounting_provider`
--

DROP TABLE IF EXISTS `accounting_provider`;
/*!40101 SET @saved_cs_client     = @@character_set_client */;
/*!40101 SET character_set_client = utf8 */;
CREATE TABLE `accounting_provider` (
  `id` int(11) NOT NULL AUTO_INCREMENT,
  `name` varchar(50) NOT NULL,
  `colony` varchar(255) NOT NULL,
  `street` varchar(255) NOT NULL,
  `outdoor_number` varchar(10) NOT NULL,
  `indoor_number` varchar(10) DEFAULT NULL,
  `zip_code` varchar(5) NOT NULL,
  `rfc` varchar(20) NOT NULL,
  `curp` varchar(18) NOT NULL,
  `phone_number` varchar(20) NOT NULL,
  `cellphone_number` varchar(20) NOT NULL,
  `office_number` varchar(20) NOT NULL,
  `extension_number` varchar(10) NOT NULL,
  `last_edit_date` datetime(6) NOT NULL,
  `bank_account_name` varchar(512) DEFAULT NULL,
  `bank_account` varchar(16) DEFAULT NULL,
  `employer_registration_number` varchar(24) DEFAULT NULL,
  `services` varchar(4096) DEFAULT NULL,
  `tax_person_type` varchar(1) NOT NULL,
  `status` int(11) NOT NULL,
  `register_date` date NOT NULL,
  `email` varchar(255) NOT NULL,
  PRIMARY KEY (`id`),
  UNIQUE KEY `curp` (`curp`)
) ENGINE=InnoDB AUTO_INCREMENT=2 DEFAULT CHARSET=utf8;
/*!40101 SET character_set_client = @saved_cs_client */;

--
-- Dumping data for table `accounting_provider`
--

LOCK TABLES `accounting_provider` WRITE;
/*!40000 ALTER TABLE `accounting_provider` DISABLE KEYS */;
INSERT INTO `accounting_provider` VALUES (1,'nombre','colonia','calle','1','2','12345','12345678','123456789','722123456','722123456','722123456','1','2017-12-13 06:04:39.517982','nombre persona','1234567890000000','123456789','muchos','m',1,'2017-12-13','test@test.com');
/*!40000 ALTER TABLE `accounting_provider` ENABLE KEYS */;
UNLOCK TABLES;

--
-- Table structure for table `accounting_satbanks`
--

DROP TABLE IF EXISTS `accounting_satbanks`;
/*!40101 SET @saved_cs_client     = @@character_set_client */;
/*!40101 SET character_set_client = utf8 */;
CREATE TABLE `accounting_satbanks` (
  `id` int(11) NOT NULL AUTO_INCREMENT,
  `key` varchar(3) NOT NULL,
  `name` varchar(100) NOT NULL,
  `business_name` varchar(500) NOT NULL,
  PRIMARY KEY (`id`)
) ENGINE=InnoDB AUTO_INCREMENT=93 DEFAULT CHARSET=utf8;
/*!40101 SET character_set_client = @saved_cs_client */;

--
-- Dumping data for table `accounting_satbanks`
--

LOCK TABLES `accounting_satbanks` WRITE;
/*!40000 ALTER TABLE `accounting_satbanks` DISABLE KEYS */;
INSERT INTO `accounting_satbanks` VALUES (1,'002','BANAMEX','Banco Nacional de México, S.A., Institución de Banca Múltiple, Grupo Financiero Banamex'),(2,'006','BANCOMEXT','Banco Nacional de Comercio Exterior, Sociedad Nacional de Crédito, Institución de Banca de Desarrollo'),(3,'009','BANOBRAS','Banco Nacional de Obras y Servicios Públicos, Sociedad Nacional de Crédito, Institución de Banca de Desarrollo'),(4,'012','BBVA BANCOMER','BBVA Bancomer, S.A., Institución de Banca Múltiple, Grupo Financiero BBVA Bancomer'),(5,'014','SANTANDER','Banco Santander (México), S.A., Institución de Banca Múltiple, Grupo Financiero Santander'),(6,'019','BANJERCITO','Banco Nacional del Ejército, Fuerza Aérea y Armada, Sociedad Nacional de Crédito, Institución de Banca de Desarrollo'),(7,'021','HSBC','HSBC México, S.A., institución De Banca Múltiple, Grupo Financiero HSBC'),(8,'030','BAJIO','Banco del Bajío, S.A., Institución de Banca Múltiple'),(9,'032','IXE','IXE Banco, S.A., Institución de Banca Múltiple, IXE Grupo Financiero'),(10,'036','INBURSA','Banco Inbursa, S.A., Institución de Banca Múltiple, Grupo Financiero Inbursa'),(11,'037','INTERACCIONES','Banco Interacciones, S.A., Institución de Banca Múltiple'),(12,'042','MIFEL','Banca Mifel, S.A., Institución de Banca Múltiple, Grupo Financiero Mifel'),(13,'044','SCOTIABANK','Scotiabank Inverlat, S.A.'),(14,'058','BANREGIO','Banco Regional de Monterrey, S.A., Institución de Banca Múltiple, Banregio Grupo Financiero'),(15,'059','INVEX','Banco Invex, S.A., Institución de Banca Múltiple, Invex Grupo Financiero'),(16,'060','BANSI','Bansi, S.A., Institución de Banca Múltiple'),(17,'062','AFIRME','Banca Afirme, S.A., Institución de Banca Múltiple'),(18,'072','BANORTE','Banco Mercantil del Norte, S.A., Institución de Banca Múltiple, Grupo Financiero Banorte'),(19,'102','THE ROYAL BANK','The Royal Bank of Scotland México, S.A., Institución de Banca Múltiple'),(20,'103','AMERICAN EXPRESS','American Express Bank (México), S.A., Institución de Banca Múltiple'),(21,'106','BAMSA','Bank of America México, S.A., Institución de Banca Múltiple, Grupo Financiero Bank of America'),(22,'108','TOKYO','Bank of Tokyo-Mitsubishi UFJ (México), S.A.'),(23,'110','JP MORGAN','Banco J.P. Morgan, S.A., Institución de Banca Múltiple, J.P. Morgan Grupo Financiero'),(24,'112','BMONEX','Banco Monex, S.A., Institución de Banca Múltiple'),(25,'113','VE POR MAS','Banco Ve Por Mas, S.A. Institución de Banca Múltiple'),(26,'116','ING','ING Bank (México), S.A., Institución de Banca Múltiple, ING Grupo Financiero'),(27,'124','DEUTSCHE','Deutsche Bank México, S.A., Institución de Banca Múltiple'),(28,'126','CREDIT SUISSE','Banco Credit Suisse (México), S.A. Institución de Banca Múltiple, Grupo Financiero Credit Suisse (México)'),(29,'127','AZTECA','Banco Azteca, S.A. Institución de Banca Múltiple.'),(30,'128','AUTOFIN','Banco Autofin México, S.A. Institución de Banca Múltiple'),(31,'129','BARCLAYS','Barclays Bank México, S.A., Institución de Banca Múltiple, Grupo Financiero Barclays México'),(32,'130','COMPARTAMOS','Banco Compartamos, S.A., Institución de Banca Múltiple'),(33,'131','BANCO FAMSA','Banco Ahorro Famsa, S.A., Institución de Banca Múltiple'),(34,'132','BMULTIVA','Banco Multiva, S.A., Institución de Banca Múltiple, Multivalores Grupo Financiero'),(35,'133','ACTINVER','Banco Actinver, S.A. Institución de Banca Múltiple, Grupo Financiero Actinver'),(36,'134','WAL-MART','Banco Wal-Mart de México Adelante, S.A., Institución de Banca Múltiple'),(37,'135','NAFIN','Nacional Financiera, Sociedad Nacional de Crédito, Institución de Banca de Desarrollo'),(38,'136','INTERBANCO','Inter Banco, S.A. Institución de Banca Múltiple'),(39,'137','BANCOPPEL','BanCoppel, S.A., Institución de Banca Múltiple'),(40,'138','ABC CAPITAL','ABC Capital, S.A., Institución de Banca Múltiple'),(41,'139','UBS BANK','UBS Bank México, S.A., Institución de Banca Múltiple, UBS Grupo Financiero'),(42,'140','CONSUBANCO','Consubanco, S.A. Institución de Banca Múltiple'),(43,'141','VOLKSWAGEN','Volkswagen Bank, S.A., Institución de Banca Múltiple'),(44,'143','CIBANCO','CIBanco, S.A.'),(45,'145','BBASE','Banco Base, S.A., Institución de Banca Múltiple'),(46,'166','BANSEFI','Banco del Ahorro Nacional y Servicios Financieros, Sociedad Nacional de Crédito, Institución de Banca de Desarrollo'),(47,'168','HIPOTECARIA FEDERAL','Sociedad Hipotecaria Federal, Sociedad Nacional de Crédito, Institución de Banca de Desarrollo'),(48,'600','MONEXCB','Monex Casa de Bolsa, S.A. de C.V. Monex Grupo Financiero'),(49,'601','GBM','GBM Grupo Bursátil Mexicano, S.A. de C.V. Casa de Bolsa'),(50,'602','MASARI','Masari Casa de Bolsa, S.A.'),(51,'605','VALUE','Value, S.A. de C.V. Casa de Bolsa'),(52,'606','ESTRUCTURADORES','Estructuradores del Mercado de Valores Casa de Bolsa, S.A. de C.V.'),(53,'607','TIBER','Casa de Cambio Tiber, S.A. de C.V.'),(54,'608','VECTOR','Vector Casa de Bolsa, S.A. de C.V.'),(55,'610','B&B','B y B, Casa de Cambio, S.A. de C.V.'),(56,'614','ACCIVAL','Acciones y Valores Banamex, S.A. de C.V., Casa de Bolsa'),(57,'615','MERRILL LYNCH','Merrill Lynch México, S.A. de C.V. Casa de Bolsa'),(58,'616','FINAMEX','Casa de Bolsa Finamex, S.A. de C.V.'),(59,'617','VALMEX','Valores Mexicanos Casa de Bolsa, S.A. de C.V.'),(60,'618','UNICA','Unica Casa de Cambio, S.A. de C.V.'),(61,'619','MAPFRE','MAPFRE Tepeyac, S.A.'),(62,'620','PROFUTURO','Profuturo G.N.P., S.A. de C.V., Afore'),(63,'621','CB ACTINVER','Actinver Casa de Bolsa, S.A. de C.V.'),(64,'622','OACTIN','OPERADORA ACTINVER, S.A. DE C.V.'),(65,'623','SKANDIA','Skandia Vida, S.A. de C.V.'),(66,'626','CBDEUTSCHE','Deutsche Securities, S.A. de C.V. CASA DE BOLSA'),(67,'627','ZURICH','Zurich Compañía de Seguros, S.A.'),(68,'628','ZURICHVI','Zurich Vida, Compañía de Seguros, S.A.'),(69,'629','SU CASITA','Hipotecaria Su Casita, S.A. de C.V. SOFOM ENR'),(70,'630','CB INTERCAM','Intercam Casa de Bolsa, S.A. de C.V.'),(71,'631','CI BOLSA','CI Casa de Bolsa, S.A. de C.V.'),(72,'632','BULLTICK CB','Bulltick Casa de Bolsa, S.A., de C.V.'),(73,'633','STERLING','Sterling Casa de Cambio, S.A. de C.V.'),(74,'634','FINCOMUN','Fincomún, Servicios Financieros Comunitarios, S.A. de C.V.'),(75,'636','HDI SEGUROS','HDI Seguros, S.A. de C.V.'),(76,'637','ORDER','Order Express Casa de Cambio, S.A. de C.V'),(77,'638','AKALA','Akala, S.A. de C.V., Sociedad Financiera Popular'),(78,'640','CB JPMORGAN','J.P. Morgan Casa de Bolsa, S.A. de C.V. J.P. Morgan Grupo Financiero'),(79,'642','REFORMA','Operadora de Recursos Reforma, S.A. de C.V., S.F.P.'),(80,'646','STP','Sistema de Transferencias y Pagos STP, S.A. de C.V.SOFOM ENR'),(81,'647','TELECOMM','Telecomunicaciones de México'),(82,'648','EVERCORE','Evercore Casa de Bolsa, S.A. de C.V.'),(83,'649','SKANDIA','Skandia Operadora de Fondos, S.A. de C.V.'),(84,'651','SEGMTY','Seguros Monterrey New York Life, S.A de C.V'),(85,'652','ASEA','Solución Asea, S.A. de C.V., Sociedad Financiera Popular'),(86,'653','KUSPIT','Kuspit Casa de Bolsa, S.A. de C.V.'),(87,'655','SOFIEXPRESS','J.P. SOFIEXPRESS, S.A. de C.V., S.F.P.'),(88,'656','UNAGRA','UNAGRA, S.A. de C.V., S.F.P.'),(89,'659','OPCIONES EMPRESARIALES DEL NOROESTE','OPCIONES EMPRESARIALES DEL NORESTE, S.A. DE C.V., S.F.P.'),(90,'901','CLS','Cls Bank International'),(91,'902','INDEVAL','SD. Indeval, S.A. de C.V.'),(92,'670','LIBERTAD','Libertad Servicios Financieros, S.A. De C.V.');
/*!40000 ALTER TABLE `accounting_satbanks` ENABLE KEYS */;
UNLOCK TABLES;

--
-- Table structure for table `accounting_thirdparty`
--

DROP TABLE IF EXISTS `accounting_thirdparty`;
/*!40101 SET @saved_cs_client     = @@character_set_client */;
/*!40101 SET character_set_client = utf8 */;
CREATE TABLE `accounting_thirdparty` (
  `id` int(11) NOT NULL AUTO_INCREMENT,
  `name` varchar(50) NOT NULL,
  `colony` varchar(255) NOT NULL,
  `street` varchar(255) NOT NULL,
  `outdoor_number` varchar(10) NOT NULL,
  `indoor_number` varchar(10) DEFAULT NULL,
  `zip_code` varchar(5) NOT NULL,
  `rfc` varchar(20) NOT NULL,
  `curp` varchar(18) NOT NULL,
  `phone_number` varchar(20) NOT NULL,
  `cellphone_number` varchar(20) NOT NULL,
  `office_number` varchar(20) NOT NULL,
  `extension_number` varchar(10) NOT NULL,
  `last_edit_date` datetime(6) NOT NULL,
  `bank_account_name` varchar(512) DEFAULT NULL,
  `bank_account` varchar(16) DEFAULT NULL,
  `employer_registration_number` varchar(24) DEFAULT NULL,
  `services` varchar(4096) DEFAULT NULL,
  `tax_person_type` varchar(1) NOT NULL,
  `status` int(11) NOT NULL,
  `accounting_account_id` int(11) NOT NULL,
  `bank_id` int(11) DEFAULT NULL,
  `country_id` int(11) NOT NULL,
  `state_id` int(11) NOT NULL,
  `town_id` int(11) NOT NULL,
  PRIMARY KEY (`id`),
  UNIQUE KEY `curp` (`curp`),
  KEY `Accounting_thirdpart_accounting_account_i_e4f61fe9_fk_Accountin` (`accounting_account_id`),
  KEY `Accounting_thirdparty_bank_id_2c661dbe_fk_ERP_bank_id` (`bank_id`),
  KEY `Accounting_thirdparty_country_id_5bdeb675_fk_ERP_pais_id` (`country_id`),
  KEY `Accounting_thirdparty_state_id_8c9ba5bd` (`state_id`),
  KEY `Accounting_thirdparty_town_id_7e577579` (`town_id`),
  CONSTRAINT `Accounting_thirdpart_accounting_account_i_e4f61fe9_fk_Accountin` FOREIGN KEY (`accounting_account_id`) REFERENCES `sharedcatalogs_account` (`id`),
  CONSTRAINT `Accounting_thirdparty_bank_id_2c661dbe_fk_ERP_bank_id` FOREIGN KEY (`bank_id`) REFERENCES `sharedcatalogs_bank` (`id`),
  CONSTRAINT `Accounting_thirdparty_country_id_5bdeb675_fk_ERP_pais_id` FOREIGN KEY (`country_id`) REFERENCES `sharedcatalogs_pais` (`id`),
  CONSTRAINT `Accounting_thirdparty_state_id_8c9ba5bd_fk_ERP_estado_id` FOREIGN KEY (`state_id`) REFERENCES `sharedcatalogs_estado` (`id`),
  CONSTRAINT `Accounting_thirdparty_town_id_7e577579_fk_ERP_municipio_id` FOREIGN KEY (`town_id`) REFERENCES `sharedcatalogs_municipio` (`id`)
) ENGINE=InnoDB DEFAULT CHARSET=utf8;
/*!40101 SET character_set_client = @saved_cs_client */;

--
-- Dumping data for table `accounting_thirdparty`
--

LOCK TABLES `accounting_thirdparty` WRITE;
/*!40000 ALTER TABLE `accounting_thirdparty` DISABLE KEYS */;
/*!40000 ALTER TABLE `accounting_thirdparty` ENABLE KEYS */;
UNLOCK TABLES;

--
-- Table structure for table `accounting_typepolicy`
--

DROP TABLE IF EXISTS `accounting_typepolicy`;
/*!40101 SET @saved_cs_client     = @@character_set_client */;
/*!40101 SET character_set_client = utf8 */;
CREATE TABLE `accounting_typepolicy` (
  `id` int(11) NOT NULL AUTO_INCREMENT,
  `name` varchar(256) NOT NULL,
  `balanced_accounts` tinyint(1) NOT NULL,
  PRIMARY KEY (`id`)
) ENGINE=InnoDB AUTO_INCREMENT=6 DEFAULT CHARSET=utf8;
/*!40101 SET character_set_client = @saved_cs_client */;

--
-- Dumping data for table `accounting_typepolicy`
--

LOCK TABLES `accounting_typepolicy` WRITE;
/*!40000 ALTER TABLE `accounting_typepolicy` DISABLE KEYS */;
INSERT INTO `accounting_typepolicy` VALUES (1,'Ingresos',0),(2,'Egresos',0),(3,'Diario',0),(4,'Cheque',0),(5,'Transferencia',0);
/*!40000 ALTER TABLE `accounting_typepolicy` ENABLE KEYS */;
UNLOCK TABLES;

--
-- Table structure for table `auth_group`
--

DROP TABLE IF EXISTS `auth_group`;
/*!40101 SET @saved_cs_client     = @@character_set_client */;
/*!40101 SET character_set_client = utf8 */;
CREATE TABLE `auth_group` (
  `id` int(11) NOT NULL AUTO_INCREMENT,
  `name` varchar(80) NOT NULL,
  PRIMARY KEY (`id`),
  UNIQUE KEY `name` (`name`)
) ENGINE=InnoDB AUTO_INCREMENT=14 DEFAULT CHARSET=latin1;
/*!40101 SET character_set_client = @saved_cs_client */;

--
-- Dumping data for table `auth_group`
--

LOCK TABLES `auth_group` WRITE;
/*!40000 ALTER TABLE `auth_group` DISABLE KEYS */;
INSERT INTO `auth_group` VALUES (2,'Admin'),(12,'Administración'),(4,'Auditoría'),(13,'Capacitación Obras'),(11,'Dirección General'),(6,'Director de Obras'),(5,'Director General'),(8,'Jefe de Administración'),(3,'Precios Unitarios'),(10,'Presidencia y Vicepresidencia'),(9,'Presidente'),(1,'Proyectos Admin'),(7,'Vicepresidente Empresarial');
/*!40000 ALTER TABLE `auth_group` ENABLE KEYS */;
UNLOCK TABLES;

--
-- Table structure for table `auth_group_permissions`
--

DROP TABLE IF EXISTS `auth_group_permissions`;
/*!40101 SET @saved_cs_client     = @@character_set_client */;
/*!40101 SET character_set_client = utf8 */;
CREATE TABLE `auth_group_permissions` (
  `id` int(11) NOT NULL AUTO_INCREMENT,
  `group_id` int(11) NOT NULL,
  `permission_id` int(11) NOT NULL,
  PRIMARY KEY (`id`),
  UNIQUE KEY `auth_group_permissions_group_id_0cd325b0_uniq` (`group_id`,`permission_id`),
  KEY `auth_group_permissi_permission_id_84c5c92e_fk_auth_permission_id` (`permission_id`),
  CONSTRAINT `auth_group_permissi_permission_id_84c5c92e_fk_auth_permission_id` FOREIGN KEY (`permission_id`) REFERENCES `auth_permission` (`id`),
  CONSTRAINT `auth_group_permissions_group_id_b120cbf9_fk_auth_group_id` FOREIGN KEY (`group_id`) REFERENCES `auth_group` (`id`)
) ENGINE=InnoDB AUTO_INCREMENT=1664 DEFAULT CHARSET=latin1;
/*!40101 SET character_set_client = @saved_cs_client */;

--
-- Dumping data for table `auth_group_permissions`
--

LOCK TABLES `auth_group_permissions` WRITE;
/*!40000 ALTER TABLE `auth_group_permissions` DISABLE KEYS */;
INSERT INTO `auth_group_permissions` VALUES (1,1,34),(2,1,35),(3,1,36),(4,1,37),(5,1,38),(6,1,39),(7,1,40),(8,1,41),(9,1,42),(10,1,43),(11,1,44),(12,1,45),(13,1,46),(14,1,47),(15,1,48),(16,1,49),(17,1,50),(18,1,51),(19,1,52),(20,1,53),(21,1,54),(22,1,55),(23,1,56),(24,1,57),(25,1,58),(26,1,59),(27,1,60),(28,1,61),(29,1,62),(30,1,63),(31,1,64),(32,1,65),(33,1,66),(34,1,67),(35,1,68),(36,1,69),(37,1,70),(38,1,71),(39,1,72),(40,1,73),(41,1,74),(42,1,75),(43,1,76),(44,1,77),(45,1,78),(46,1,79),(47,1,80),(48,1,81),(49,1,82),(50,1,83),(51,1,84),(52,1,85),(53,1,86),(54,1,87),(55,1,88),(56,1,89),(57,1,90),(58,1,94),(59,1,95),(60,1,96),(61,1,97),(62,1,98),(63,1,99),(64,1,100),(65,1,101),(66,1,102),(67,1,106),(68,1,107),(69,1,108),(70,1,109),(71,1,110),(72,1,111),(73,1,112),(74,1,113),(75,1,114),(76,1,115),(77,1,116),(78,1,117),(79,1,118),(80,1,119),(81,1,120),(82,1,121),(83,1,122),(84,1,123),(86,1,125),(87,1,126),(88,1,127),(89,1,128),(90,1,129),(91,1,130),(92,1,131),(93,1,132),(94,1,133),(95,1,134),(96,1,139),(97,1,140),(98,1,141),(99,1,142),(100,1,143),(101,1,144),(102,2,1),(103,2,2),(104,2,3),(105,2,4),(106,2,5),(107,2,6),(108,2,7),(109,2,8),(110,2,9),(111,2,10),(112,2,11),(113,2,12),(114,2,13),(115,2,14),(116,2,15),(117,2,16),(118,2,17),(119,2,18),(120,2,19),(121,2,20),(122,2,21),(123,2,22),(124,2,23),(125,2,24),(126,2,25),(127,2,26),(128,2,27),(129,2,28),(130,2,29),(131,2,30),(132,2,31),(133,2,32),(134,2,33),(842,2,34),(843,2,35),(844,2,36),(845,2,37),(846,2,38),(140,2,39),(141,2,40),(142,2,41),(143,2,42),(144,2,43),(145,2,44),(146,2,45),(147,2,46),(148,2,47),(149,2,48),(150,2,49),(151,2,50),(152,2,51),(153,2,52),(154,2,53),(155,2,54),(156,2,55),(157,2,56),(158,2,57),(159,2,58),(160,2,59),(161,2,60),(162,2,61),(163,2,62),(164,2,63),(165,2,64),(166,2,65),(167,2,66),(168,2,67),(169,2,68),(170,2,69),(171,2,70),(172,2,71),(173,2,72),(174,2,73),(175,2,74),(176,2,75),(177,2,76),(178,2,77),(179,2,78),(180,2,79),(181,2,80),(182,2,81),(183,2,82),(184,2,83),(185,2,84),(186,2,85),(187,2,86),(188,2,87),(189,2,88),(190,2,89),(191,2,90),(780,2,91),(781,2,92),(782,2,93),(192,2,94),(193,2,95),(194,2,96),(195,2,97),(196,2,98),(197,2,99),(198,2,100),(199,2,101),(200,2,102),(201,2,103),(202,2,104),(203,2,105),(204,2,106),(205,2,107),(206,2,108),(207,2,109),(208,2,110),(209,2,111),(210,2,112),(211,2,113),(212,2,114),(213,2,115),(214,2,116),(215,2,117),(216,2,118),(217,2,119),(218,2,120),(219,2,121),(220,2,122),(221,2,123),(222,2,124),(223,2,125),(224,2,126),(225,2,127),(226,2,128),(227,2,129),(228,2,130),(229,2,131),(230,2,132),(231,2,133),(232,2,134),(771,2,135),(772,2,136),(773,2,137),(774,2,138),(233,2,139),(234,2,140),(235,2,141),(236,2,142),(237,2,143),(775,2,144),(776,2,145),(777,2,146),(778,2,147),(779,2,148),(791,2,149),(792,2,150),(793,2,151),(794,2,152),(795,2,153),(796,2,154),(797,2,155),(798,2,156),(799,2,157),(800,2,158),(801,2,159),(802,2,160),(803,2,161),(804,2,162),(805,2,163),(806,2,164),(807,2,165),(808,2,166),(809,2,167),(810,2,168),(811,2,169),(812,2,170),(813,2,171),(814,2,172),(815,2,173),(816,2,174),(817,2,175),(818,2,176),(819,2,177),(820,2,178),(821,2,179),(822,2,180),(823,2,181),(824,2,182),(825,2,183),(826,2,184),(827,2,185),(828,2,186),(829,2,187),(830,2,188),(831,2,189),(832,2,190),(833,2,191),(834,2,192),(835,2,193),(836,2,194),(837,2,195),(838,2,196),(839,2,197),(840,2,198),(841,2,199),(847,2,200),(848,2,201),(849,2,202),(850,2,203),(851,2,204),(852,2,205),(853,2,206),(854,2,207),(855,2,208),(856,2,209),(857,2,210),(858,2,211),(859,2,212),(860,2,213),(861,2,214),(862,2,215),(863,2,216),(864,2,217),(865,2,218),(866,2,219),(867,2,220),(868,2,221),(869,2,222),(870,2,223),(1563,2,224),(1564,2,225),(1565,2,226),(1566,2,227),(1567,2,228),(1568,2,229),(1569,2,230),(1570,2,231),(1571,2,232),(1572,2,233),(1573,2,234),(1574,2,235),(1575,2,236),(1576,2,237),(1577,2,238),(1578,2,239),(1579,2,240),(1580,2,241),(1581,2,242),(1582,2,243),(1583,2,244),(1584,2,245),(1585,2,246),(1586,2,247),(1587,2,248),(1588,2,249),(1589,2,250),(1590,2,251),(1591,2,252),(1592,2,253),(1593,2,254),(1594,2,255),(1544,2,256),(1545,2,257),(1546,2,258),(1547,2,259),(1548,2,260),(1549,2,261),(1550,2,262),(1551,2,263),(1552,2,264),(1553,2,265),(1554,2,266),(1555,2,267),(1556,2,268),(1557,2,269),(1558,2,270),(1559,2,271),(1560,2,272),(1561,2,273),(1562,2,274),(873,2,275),(1595,2,276),(1596,2,277),(1597,2,278),(1598,2,279),(1599,2,280),(1600,2,281),(1601,2,282),(1602,2,283),(1603,2,284),(1604,2,285),(1605,2,286),(1606,2,287),(1610,2,291),(1611,2,292),(1612,2,293),(1614,2,294),(1615,2,295),(1613,2,296),(1616,2,297),(1617,2,298),(1618,2,299),(1619,2,300),(1620,2,301),(1621,2,302),(1622,2,303),(1623,2,304),(1624,2,305),(1628,2,321),(1629,2,322),(1630,2,323),(1631,2,324),(1632,2,325),(1633,2,326),(1636,2,327),(1634,2,328),(1635,2,329),(1637,2,330),(1638,2,331),(1639,2,332),(1640,2,333),(1641,2,334),(1642,2,335),(1643,2,336),(1644,2,337),(1645,2,338),(1646,2,339),(1647,2,340),(1648,2,341),(1649,2,342),(1650,2,343),(1651,2,344),(1652,2,345),(1653,2,346),(1654,2,347),(1655,2,348),(1656,2,349),(1657,2,350),(1658,2,351),(1659,2,352),(1660,2,353),(1661,2,354),(1662,2,355),(1663,2,356),(242,3,61),(243,3,62),(244,3,63),(238,3,64),(239,3,65),(240,3,66),(241,3,143),(256,4,58),(257,4,59),(248,4,73),(249,4,74),(250,4,75),(251,4,76),(252,4,77),(253,4,78),(785,4,93),(786,4,94),(787,4,95),(784,4,96),(245,4,97),(246,4,98),(247,4,99),(783,4,124),(788,4,125),(789,4,126),(790,4,127),(254,4,143),(255,4,144),(258,5,34),(259,5,35),(260,5,36),(261,5,37),(262,5,38),(263,5,39),(264,5,40),(265,5,41),(266,5,42),(267,5,43),(268,5,44),(269,5,45),(270,5,46),(271,5,47),(272,5,48),(273,5,49),(274,5,50),(275,5,51),(276,5,52),(277,5,53),(278,5,54),(279,5,55),(280,5,56),(281,5,57),(282,5,58),(283,5,59),(284,5,60),(285,5,61),(286,5,62),(287,5,63),(288,5,64),(289,5,65),(290,5,66),(291,5,67),(292,5,68),(293,5,69),(294,5,70),(295,5,71),(296,5,72),(297,5,73),(298,5,74),(299,5,75),(300,5,76),(301,5,77),(302,5,78),(303,5,79),(304,5,80),(305,5,81),(306,5,82),(307,5,83),(308,5,84),(309,5,85),(310,5,86),(311,5,87),(312,5,88),(313,5,89),(314,5,90),(315,5,94),(316,5,95),(317,5,96),(318,5,97),(319,5,98),(320,5,99),(321,5,100),(322,5,101),(323,5,102),(324,5,106),(325,5,107),(326,5,108),(327,5,109),(328,5,110),(329,5,111),(330,5,112),(331,5,113),(332,5,114),(333,5,115),(334,5,116),(335,5,117),(336,5,118),(337,5,119),(338,5,120),(339,5,121),(340,5,122),(341,5,123),(343,5,125),(344,5,126),(345,5,127),(346,5,128),(347,5,129),(348,5,130),(349,5,131),(350,5,132),(351,5,133),(352,5,134),(353,5,139),(354,5,140),(355,5,141),(356,5,142),(357,5,143),(358,5,144),(359,5,145),(360,6,34),(361,6,35),(362,6,36),(363,6,37),(364,6,38),(365,6,39),(366,6,40),(367,6,41),(368,6,42),(369,6,43),(370,6,44),(371,6,45),(372,6,46),(373,6,47),(374,6,48),(375,6,49),(376,6,50),(377,6,51),(378,6,52),(379,6,53),(380,6,54),(381,6,55),(382,6,56),(383,6,57),(384,6,58),(385,6,59),(386,6,60),(387,6,61),(388,6,62),(389,6,63),(390,6,64),(391,6,65),(392,6,66),(393,6,67),(394,6,68),(395,6,69),(396,6,70),(397,6,71),(398,6,72),(399,6,73),(400,6,74),(401,6,75),(402,6,76),(403,6,77),(404,6,78),(405,6,79),(406,6,80),(407,6,81),(408,6,82),(409,6,83),(410,6,84),(411,6,85),(412,6,86),(413,6,87),(414,6,88),(415,6,89),(416,6,90),(417,6,94),(418,6,95),(419,6,96),(420,6,97),(421,6,98),(422,6,99),(423,6,100),(424,6,101),(425,6,102),(426,6,106),(427,6,107),(428,6,108),(429,6,109),(430,6,110),(431,6,111),(432,6,112),(433,6,113),(434,6,114),(435,6,115),(436,6,116),(437,6,117),(438,6,118),(439,6,119),(440,6,120),(441,6,121),(442,6,122),(443,6,123),(445,6,125),(446,6,126),(447,6,127),(448,6,128),(449,6,129),(450,6,130),(451,6,131),(452,6,132),(453,6,133),(454,6,134),(455,6,139),(456,6,140),(457,6,141),(458,6,142),(459,6,143),(460,6,144),(461,6,146),(462,7,34),(463,7,35),(464,7,36),(465,7,37),(466,7,38),(467,7,39),(468,7,40),(469,7,41),(470,7,42),(471,7,43),(472,7,44),(473,7,45),(474,7,46),(475,7,47),(476,7,48),(477,7,49),(478,7,50),(479,7,51),(480,7,52),(481,7,53),(482,7,54),(483,7,55),(484,7,56),(485,7,57),(486,7,58),(487,7,59),(488,7,60),(489,7,61),(490,7,62),(491,7,63),(492,7,64),(493,7,65),(494,7,66),(495,7,67),(496,7,68),(497,7,69),(498,7,70),(499,7,71),(500,7,72),(501,7,73),(502,7,74),(503,7,75),(504,7,76),(505,7,77),(506,7,78),(507,7,79),(508,7,80),(509,7,81),(510,7,82),(511,7,83),(512,7,84),(513,7,85),(514,7,86),(515,7,87),(516,7,88),(517,7,89),(518,7,90),(519,7,94),(520,7,95),(521,7,96),(522,7,97),(523,7,98),(524,7,99),(525,7,100),(526,7,101),(527,7,102),(528,7,106),(529,7,107),(530,7,108),(531,7,109),(532,7,110),(533,7,111),(534,7,112),(535,7,113),(536,7,114),(537,7,115),(538,7,116),(539,7,117),(540,7,118),(541,7,119),(542,7,120),(543,7,121),(544,7,122),(545,7,123),(547,7,125),(548,7,126),(549,7,127),(550,7,128),(551,7,129),(552,7,130),(553,7,131),(554,7,132),(555,7,133),(556,7,134),(557,7,139),(558,7,140),(559,7,141),(560,7,142),(561,7,143),(562,7,144),(563,7,147),(564,8,34),(565,8,35),(566,8,36),(567,8,37),(568,8,38),(569,8,39),(570,8,40),(571,8,41),(572,8,42),(573,8,43),(574,8,44),(575,8,45),(576,8,46),(577,8,47),(578,8,48),(579,8,49),(580,8,50),(581,8,51),(582,8,52),(583,8,53),(584,8,54),(585,8,55),(586,8,56),(587,8,57),(588,8,58),(589,8,59),(590,8,60),(591,8,61),(592,8,62),(593,8,63),(594,8,64),(595,8,65),(596,8,66),(597,8,67),(598,8,68),(599,8,69),(600,8,70),(601,8,71),(602,8,72),(603,8,73),(604,8,74),(605,8,75),(606,8,76),(607,8,77),(608,8,78),(609,8,79),(610,8,80),(611,8,81),(612,8,82),(613,8,83),(614,8,84),(615,8,85),(616,8,86),(617,8,87),(618,8,88),(619,8,89),(620,8,90),(621,8,94),(622,8,95),(623,8,96),(624,8,97),(625,8,98),(626,8,99),(627,8,100),(628,8,101),(629,8,102),(630,8,106),(631,8,107),(632,8,108),(633,8,109),(634,8,110),(635,8,111),(636,8,112),(637,8,113),(638,8,114),(639,8,115),(640,8,116),(641,8,117),(642,8,118),(643,8,119),(644,8,120),(645,8,121),(646,8,122),(647,8,123),(648,8,124),(649,8,125),(650,8,126),(651,8,127),(652,8,128),(653,8,129),(654,8,130),(655,8,131),(656,8,132),(657,8,133),(658,8,134),(659,8,139),(660,8,140),(661,8,141),(662,8,142),(663,8,143),(664,8,144),(665,8,148),(666,9,31),(667,9,32),(668,9,33),(673,9,38),(674,9,39),(675,9,40),(676,9,41),(677,9,42),(678,9,43),(679,9,44),(680,9,45),(681,9,46),(682,9,47),(683,9,48),(684,9,49),(685,9,50),(686,9,51),(687,9,52),(688,9,53),(689,9,54),(690,9,55),(691,9,56),(692,9,57),(693,9,58),(694,9,59),(695,9,60),(696,9,61),(697,9,62),(698,9,63),(699,9,64),(700,9,65),(701,9,66),(702,9,67),(703,9,68),(704,9,69),(705,9,70),(706,9,71),(707,9,72),(708,9,73),(709,9,74),(710,9,75),(711,9,76),(712,9,77),(713,9,78),(714,9,79),(715,9,80),(716,9,81),(717,9,82),(718,9,83),(719,9,84),(720,9,85),(721,9,86),(722,9,87),(723,9,88),(724,9,89),(725,9,90),(726,9,94),(727,9,95),(728,9,96),(729,9,97),(730,9,98),(731,9,99),(732,9,100),(733,9,101),(734,9,102),(735,9,106),(736,9,107),(737,9,108),(738,9,109),(739,9,110),(740,9,111),(741,9,112),(742,9,113),(743,9,114),(744,9,115),(745,9,116),(746,9,117),(747,9,118),(748,9,119),(749,9,120),(750,9,121),(751,9,122),(752,9,123),(754,9,125),(755,9,126),(756,9,127),(757,9,128),(758,9,129),(759,9,130),(760,9,131),(761,9,132),(762,9,133),(763,9,134),(764,9,139),(765,9,140),(766,9,141),(767,9,142),(768,9,143),(769,9,144),(770,9,149),(874,10,1),(875,10,2),(876,10,3),(877,10,4),(878,10,5),(879,10,6),(880,10,7),(881,10,8),(882,10,9),(883,10,10),(884,10,11),(885,10,12),(886,10,13),(887,10,14),(888,10,15),(889,10,16),(890,10,17),(891,10,18),(892,10,19),(893,10,20),(894,10,21),(895,10,22),(896,10,23),(897,10,24),(898,10,25),(899,10,26),(900,10,27),(901,10,28),(902,10,29),(903,10,30),(904,10,31),(905,10,32),(906,10,33),(907,10,34),(908,10,35),(909,10,36),(910,10,37),(911,10,38),(912,10,39),(913,10,40),(914,10,41),(915,10,42),(916,10,43),(917,10,44),(918,10,45),(919,10,46),(920,10,47),(921,10,48),(922,10,49),(923,10,50),(924,10,51),(925,10,52),(926,10,53),(927,10,54),(928,10,55),(929,10,56),(930,10,57),(931,10,58),(932,10,59),(933,10,60),(934,10,61),(935,10,62),(936,10,63),(937,10,64),(938,10,65),(939,10,66),(940,10,67),(941,10,68),(942,10,69),(943,10,70),(944,10,71),(945,10,72),(946,10,73),(947,10,74),(948,10,75),(949,10,76),(950,10,77),(951,10,78),(952,10,79),(953,10,80),(954,10,81),(955,10,82),(956,10,83),(957,10,84),(958,10,85),(959,10,86),(960,10,87),(961,10,88),(962,10,89),(963,10,90),(964,10,91),(965,10,92),(966,10,93),(967,10,94),(968,10,95),(969,10,96),(970,10,97),(971,10,98),(972,10,99),(973,10,100),(974,10,101),(975,10,102),(976,10,103),(977,10,104),(978,10,105),(979,10,106),(980,10,107),(981,10,108),(982,10,109),(983,10,110),(984,10,111),(985,10,112),(986,10,113),(987,10,114),(988,10,115),(989,10,116),(990,10,117),(991,10,118),(992,10,119),(993,10,120),(994,10,121),(995,10,122),(996,10,123),(997,10,124),(998,10,125),(999,10,126),(1000,10,127),(1001,10,128),(1002,10,129),(1003,10,130),(1004,10,131),(1005,10,132),(1006,10,133),(1007,10,134),(1008,10,135),(1009,10,136),(1010,10,137),(1011,10,138),(1012,10,139),(1013,10,140),(1014,10,141),(1015,10,142),(1016,10,143),(1017,10,144),(1018,10,145),(1019,10,146),(1020,10,147),(1021,10,148),(1022,10,149),(1023,10,150),(1024,10,151),(1025,10,152),(1026,10,153),(1027,10,154),(1028,10,155),(1029,10,156),(1030,10,157),(1031,10,158),(1032,10,159),(1033,10,160),(1034,10,161),(1035,10,162),(1036,10,163),(1037,10,164),(1038,10,165),(1039,10,166),(1040,10,167),(1041,10,168),(1042,10,169),(1043,10,170),(1044,10,171),(1045,10,172),(1046,10,173),(1047,10,174),(1048,10,175),(1049,10,176),(1050,10,177),(1051,10,178),(1052,10,179),(1053,10,180),(1054,10,181),(1055,10,182),(1056,10,183),(1057,10,184),(1058,10,185),(1059,10,186),(1060,10,187),(1061,10,188),(1062,10,189),(1063,10,190),(1064,10,191),(1065,10,192),(1066,10,193),(1067,10,194),(1068,10,195),(1069,10,196),(1070,10,197),(1071,10,198),(1072,10,199),(1073,10,200),(1074,10,201),(1075,10,202),(1076,10,203),(1077,10,204),(1078,10,205),(1079,10,206),(1080,10,207),(1081,10,208),(1082,10,209),(1083,10,210),(1084,10,211),(1085,10,212),(1086,10,213),(1087,10,214),(1088,10,215),(1089,10,216),(1090,10,217),(1091,10,218),(1092,10,219),(1093,10,220),(1094,10,221),(1095,10,222),(1096,10,223),(1097,10,224),(1098,10,225),(1099,10,226),(1100,10,227),(1101,10,228),(1102,10,229),(1103,10,230),(1104,10,231),(1105,10,232),(1106,10,233),(1107,10,234),(1108,10,235),(1109,10,236),(1110,10,237),(1111,10,238),(1112,10,239),(1113,10,240),(1114,10,241),(1115,10,242),(1116,10,243),(1117,10,244),(1118,10,245),(1119,10,246),(1120,10,247),(1121,10,248),(1122,10,249),(1123,10,250),(1124,10,251),(1125,10,252),(1126,10,253),(1127,10,254),(1128,10,255),(1129,10,256),(1130,10,257),(1131,10,258),(1132,10,259),(1133,10,260),(1134,10,261),(1135,10,262),(1136,10,263),(1137,10,264),(1138,10,265),(1139,10,266),(1140,10,267),(1141,10,268),(1142,10,269),(1143,10,270),(1144,10,271),(1145,10,272),(1146,10,273),(1147,10,274),(1148,10,275),(1149,11,1),(1150,11,2),(1151,11,3),(1152,11,4),(1153,11,5),(1154,11,6),(1155,11,7),(1156,11,8),(1157,11,9),(1158,11,10),(1159,11,11),(1160,11,12),(1161,11,13),(1162,11,14),(1163,11,15),(1164,11,16),(1165,11,17),(1166,11,18),(1167,11,19),(1168,11,20),(1169,11,21),(1170,11,22),(1171,11,23),(1172,11,24),(1173,11,25),(1174,11,26),(1175,11,27),(1176,11,28),(1177,11,29),(1178,11,30),(1179,11,31),(1180,11,32),(1181,11,33),(1182,11,34),(1183,11,35),(1184,11,36),(1185,11,37),(1186,11,38),(1187,11,39),(1188,11,40),(1189,11,41),(1190,11,42),(1191,11,43),(1192,11,44),(1193,11,45),(1194,11,46),(1195,11,47),(1196,11,48),(1197,11,49),(1198,11,50),(1199,11,51),(1200,11,52),(1201,11,53),(1202,11,54),(1203,11,55),(1204,11,56),(1205,11,57),(1206,11,58),(1207,11,59),(1208,11,60),(1209,11,61),(1210,11,62),(1211,11,63),(1212,11,64),(1213,11,65),(1214,11,66),(1215,11,67),(1216,11,68),(1217,11,69),(1218,11,70),(1219,11,71),(1220,11,72),(1221,11,73),(1222,11,74),(1223,11,75),(1224,11,76),(1225,11,77),(1226,11,78),(1227,11,79),(1228,11,80),(1229,11,81),(1230,11,82),(1231,11,83),(1232,11,84),(1233,11,85),(1234,11,86),(1235,11,87),(1236,11,88),(1237,11,89),(1238,11,90),(1239,11,91),(1240,11,92),(1241,11,93),(1242,11,94),(1243,11,95),(1244,11,96),(1245,11,97),(1246,11,98),(1247,11,99),(1248,11,100),(1249,11,101),(1250,11,102),(1251,11,103),(1252,11,104),(1253,11,105),(1254,11,106),(1255,11,107),(1256,11,108),(1257,11,109),(1258,11,110),(1259,11,111),(1260,11,112),(1261,11,113),(1262,11,114),(1263,11,115),(1264,11,116),(1265,11,117),(1266,11,118),(1267,11,119),(1268,11,120),(1269,11,121),(1270,11,122),(1271,11,123),(1272,11,124),(1273,11,125),(1274,11,126),(1275,11,127),(1276,11,128),(1277,11,129),(1278,11,130),(1279,11,131),(1280,11,132),(1281,11,133),(1282,11,134),(1283,11,135),(1284,11,136),(1285,11,137),(1286,11,138),(1287,11,139),(1288,11,140),(1289,11,141),(1290,11,142),(1291,11,143),(1292,11,144),(1293,11,145),(1294,11,146),(1295,11,147),(1296,11,148),(1297,11,149),(1298,11,150),(1299,11,151),(1300,11,152),(1301,11,153),(1302,11,154),(1303,11,155),(1304,11,156),(1305,11,157),(1306,11,158),(1307,11,159),(1308,11,160),(1309,11,161),(1310,11,162),(1311,11,163),(1312,11,164),(1313,11,165),(1314,11,166),(1315,11,167),(1316,11,168),(1317,11,169),(1318,11,170),(1319,11,171),(1320,11,172),(1321,11,173),(1322,11,174),(1323,11,175),(1324,11,176),(1325,11,177),(1326,11,178),(1327,11,179),(1328,11,180),(1329,11,181),(1330,11,182),(1331,11,183),(1332,11,184),(1333,11,185),(1334,11,186),(1335,11,187),(1336,11,188),(1337,11,189),(1338,11,190),(1339,11,191),(1340,11,192),(1341,11,193),(1342,11,194),(1343,11,195),(1344,11,196),(1345,11,197),(1346,11,198),(1347,11,199),(1348,11,200),(1349,11,201),(1350,11,202),(1351,11,203),(1352,11,204),(1353,11,205),(1354,11,206),(1355,11,207),(1356,11,208),(1357,11,209),(1358,11,210),(1359,11,211),(1360,11,212),(1361,11,213),(1362,11,214),(1363,11,215),(1364,11,216),(1365,11,217),(1366,11,218),(1367,11,219),(1368,11,220),(1369,11,221),(1370,11,222),(1371,11,223),(1372,11,224),(1373,11,225),(1374,11,226),(1375,11,227),(1376,11,228),(1377,11,229),(1378,11,230),(1379,11,231),(1380,11,232),(1381,11,233),(1382,11,234),(1383,11,235),(1384,11,236),(1385,11,237),(1386,11,238),(1387,11,239),(1388,11,240),(1389,11,241),(1390,11,242),(1391,11,243),(1392,11,244),(1393,11,245),(1394,11,246),(1395,11,247),(1396,11,248),(1397,11,249),(1398,11,250),(1399,11,251),(1400,11,252),(1401,11,253),(1402,11,254),(1403,11,255),(1404,11,256),(1405,11,257),(1406,11,258),(1407,11,259),(1408,11,260),(1409,11,261),(1410,11,262),(1411,11,263),(1412,11,264),(1413,11,265),(1414,11,266),(1415,11,267),(1416,11,268),(1417,11,269),(1418,11,270),(1419,11,271),(1420,11,272),(1421,11,273),(1422,11,274),(1423,11,275),(1426,12,69),(1427,12,74),(1428,12,76),(1425,12,96),(1429,12,121),(1430,12,122),(1424,12,128),(1431,13,1),(1432,13,2),(1433,13,3),(1434,13,39),(1435,13,40),(1436,13,41),(1437,13,42),(1438,13,43),(1439,13,44),(1440,13,45),(1441,13,46),(1442,13,47),(1443,13,48),(1444,13,49),(1445,13,50),(1446,13,51),(1447,13,52),(1448,13,53),(1449,13,54),(1450,13,55),(1451,13,56),(1452,13,57),(1453,13,58),(1454,13,59),(1455,13,60),(1456,13,61),(1457,13,62),(1458,13,63),(1459,13,64),(1460,13,65),(1461,13,66),(1462,13,67),(1463,13,68),(1464,13,69),(1465,13,70),(1466,13,71),(1467,13,72),(1468,13,73),(1469,13,74),(1470,13,75),(1471,13,76),(1472,13,77),(1473,13,78),(1474,13,79),(1475,13,80),(1476,13,81),(1477,13,82),(1478,13,83),(1479,13,84),(1480,13,85),(1481,13,86),(1482,13,87),(1483,13,88),(1484,13,89),(1485,13,90),(1486,13,91),(1487,13,92),(1488,13,93),(1489,13,94),(1490,13,95),(1491,13,96),(1492,13,97),(1493,13,98),(1494,13,99),(1495,13,100),(1496,13,101),(1497,13,102),(1498,13,103),(1499,13,104),(1500,13,105),(1501,13,106),(1502,13,107),(1503,13,108),(1504,13,109),(1505,13,110),(1506,13,111),(1507,13,112),(1508,13,113),(1509,13,114),(1510,13,115),(1511,13,116),(1512,13,117),(1513,13,118),(1514,13,119),(1515,13,120),(1516,13,121),(1517,13,122),(1518,13,123),(1519,13,125),(1520,13,126),(1521,13,127),(1522,13,128),(1523,13,129),(1524,13,130),(1525,13,131),(1526,13,132),(1527,13,133),(1528,13,134),(1529,13,135),(1530,13,136),(1531,13,137),(1532,13,138),(1533,13,139),(1534,13,140),(1535,13,141),(1536,13,142),(1537,13,143),(1538,13,144),(1539,13,145),(1540,13,146),(1541,13,147),(1542,13,148),(1543,13,275);
/*!40000 ALTER TABLE `auth_group_permissions` ENABLE KEYS */;
UNLOCK TABLES;

--
-- Table structure for table `auth_permission`
--

DROP TABLE IF EXISTS `auth_permission`;
/*!40101 SET @saved_cs_client     = @@character_set_client */;
/*!40101 SET character_set_client = utf8 */;
CREATE TABLE `auth_permission` (
  `id` int(11) NOT NULL AUTO_INCREMENT,
  `name` varchar(255) NOT NULL,
  `content_type_id` int(11) NOT NULL,
  `codename` varchar(100) NOT NULL,
  PRIMARY KEY (`id`),
  UNIQUE KEY `auth_permission_content_type_id_codename_01ab375a_uniq` (`content_type_id`,`codename`),
  KEY `auth_permission_content_type_id_2f476e4b` (`content_type_id`),
  CONSTRAINT `auth_permission_content_type_id_2f476e4b_fk_django_co` FOREIGN KEY (`content_type_id`) REFERENCES `django_content_type` (`id`)
) ENGINE=InnoDB AUTO_INCREMENT=363 DEFAULT CHARSET=utf8;
/*!40101 SET character_set_client = @saved_cs_client */;

--
-- Dumping data for table `auth_permission`
--

LOCK TABLES `auth_permission` WRITE;
/*!40000 ALTER TABLE `auth_permission` DISABLE KEYS */;
INSERT INTO `auth_permission` VALUES (1,'Can add log entry',1,'add_logentry'),(2,'Can change log entry',1,'change_logentry'),(3,'Can delete log entry',1,'delete_logentry'),(4,'Can add group',2,'add_group'),(5,'Can change group',2,'change_group'),(6,'Can delete group',2,'delete_group'),(7,'Can add permission',3,'add_permission'),(8,'Can change permission',3,'change_permission'),(9,'Can delete permission',3,'delete_permission'),(10,'Can add user',4,'add_user'),(11,'Can change user',4,'change_user'),(12,'Can delete user',4,'delete_user'),(13,'Can add content type',5,'add_contenttype'),(14,'Can change content type',5,'change_contenttype'),(15,'Can delete content type',5,'delete_contenttype'),(16,'Can add session',6,'add_session'),(17,'Can change session',6,'change_session'),(18,'Can delete session',6,'delete_session'),(19,'Can add grant',7,'add_grant'),(20,'Can change grant',7,'change_grant'),(21,'Can delete grant',7,'delete_grant'),(22,'Can add refresh token',8,'add_refreshtoken'),(23,'Can change refresh token',8,'change_refreshtoken'),(24,'Can delete refresh token',8,'delete_refreshtoken'),(25,'Can add access token',9,'add_accesstoken'),(26,'Can change access token',9,'change_accesstoken'),(27,'Can delete access token',9,'delete_accesstoken'),(28,'Can add application',10,'add_application'),(29,'Can change application',10,'change_application'),(30,'Can delete application',10,'delete_application'),(31,'Can add erp user',11,'add_erpuser'),(32,'Can change erp user',11,'change_erpuser'),(33,'Can delete erp user',11,'delete_erpuser'),(34,'Es director general',11,'is_general_director'),(35,'Es director de obras',11,'is_project_director'),(36,'Es vicepresidente empresarial',11,'is_vicepresident'),(37,'Es jefe de administración',11,'is_head_manager'),(38,'Es presidente',11,'is_president'),(39,'Can add estimate advance authorization',12,'add_estimateadvanceauthorization'),(40,'Can change estimate advance authorization',12,'change_estimateadvanceauthorization'),(41,'Can delete estimate advance authorization',12,'delete_estimateadvanceauthorization'),(42,'Can add propietario',13,'add_propietario'),(43,'Can change propietario',13,'change_propietario'),(44,'Can delete propietario',13,'delete_propietario'),(45,'Can add Carga de catálogo',14,'add_uploadedcatalogshistory'),(46,'Can change Carga de catálogo',14,'change_uploadedcatalogshistory'),(47,'Can delete Carga de catálogo',14,'delete_uploadedcatalogshistory'),(48,'Can add Concepto',15,'add_concept_input'),(49,'Can change Concepto',15,'change_concept_input'),(50,'Can delete Concepto',15,'delete_concept_input'),(51,'Can add Avance de la Estimación',16,'add_progressestimate'),(52,'Can change Avance de la Estimación',16,'change_progressestimate'),(53,'Can delete Avance de la Estimación',16,'delete_progressestimate'),(54,'Can add progress estimate log',17,'add_progressestimatelog'),(55,'Can change progress estimate log',17,'change_progressestimatelog'),(56,'Can delete progress estimate log',17,'delete_progressestimatelog'),(57,'Can change project log status',17,'change_log_status'),(58,'Can add contact',18,'add_contact'),(59,'Can change contact',18,'change_contact'),(60,'Can delete contact',18,'delete_contact'),(61,'Can add log file',19,'add_logfile'),(62,'Can change log file',19,'change_logfile'),(63,'Can delete log file',19,'delete_logfile'),(64,'Can add Carga de explosión de insumos',20,'add_uploadedinputexplotionshistory'),(65,'Can change Carga de explosión de insumos',20,'change_uploadedinputexplotionshistory'),(66,'Can delete Carga de explosión de insumos',20,'delete_uploadedinputexplotionshistory'),(67,'Can add contratista',21,'add_contratista'),(68,'Can change contratista',21,'change_contratista'),(69,'Can delete contratista',21,'delete_contratista'),(70,'Can see contractor listing',21,'view_list_contratista'),(71,'Can add Tipo de Construcción',22,'add_tipoconstruccion'),(72,'Can change Tipo de Construcción',22,'change_tipoconstruccion'),(73,'Can delete Tipo de Construcción',22,'delete_tipoconstruccion'),(74,'Can add Plano',23,'add_blueprint'),(75,'Can change Plano',23,'change_blueprint'),(76,'Can delete Plano',23,'delete_blueprint'),(77,'Can add estado',24,'add_estado'),(78,'Can change estado',24,'change_estado'),(79,'Can delete estado',24,'delete_estado'),(80,'Can add departamento',25,'add_departamento'),(81,'Can change departamento',25,'change_departamento'),(82,'Can delete departamento',25,'delete_departamento'),(83,'Can add system log entry',26,'add_systemlogentry'),(84,'Can change system log entry',26,'change_systemlogentry'),(85,'Can delete system log entry',26,'delete_systemlogentry'),(86,'Can add contract concepts',27,'add_contractconcepts'),(87,'Can change contract concepts',27,'change_contractconcepts'),(88,'Can delete contract concepts',27,'delete_contractconcepts'),(89,'Can add Sección',28,'add_section'),(90,'Can change Sección',28,'change_section'),(91,'Can delete Sección',28,'delete_section'),(92,'Can add Detalle del Tipo de Proyecto',29,'add_tipoproyectodetalle'),(93,'Can change Detalle del Tipo de Proyecto',29,'change_tipoproyectodetalle'),(94,'Can delete Detalle del Tipo de Proyecto',29,'delete_tipoproyectodetalle'),(95,'Can add empresa',30,'add_empresa'),(96,'Can change empresa',30,'change_empresa'),(97,'Can delete empresa',30,'delete_empresa'),(98,'Can see client listing',30,'view_list_empresa'),(99,'Can add project',31,'add_project'),(100,'Can change project',31,'change_project'),(101,'Can delete project',31,'delete_project'),(102,'Can see project listing',31,'view_list_project'),(103,'Can add empleado',32,'add_empleado'),(104,'Can change empleado',32,'change_empleado'),(105,'Can delete empleado',32,'delete_empleado'),(106,'Can add puesto',33,'add_puesto'),(107,'Can change puesto',33,'change_puesto'),(108,'Can delete puesto',33,'delete_puesto'),(109,'Can add estimate',34,'add_estimate'),(110,'Can change estimate',34,'change_estimate'),(111,'Can delete estimate',34,'delete_estimate'),(112,'Can unlock an estimate',34,'can_unlock_estimate'),(113,'Can add Banco',35,'add_bank'),(114,'Can change Banco',35,'change_bank'),(115,'Can delete Banco',35,'delete_bank'),(116,'Can add area',36,'add_area'),(117,'Can change area',36,'change_area'),(118,'Can delete area',36,'delete_area'),(119,'Can add municipio',37,'add_municipio'),(120,'Can change municipio',37,'change_municipio'),(121,'Can delete municipio',37,'delete_municipio'),(122,'Can add unit',38,'add_unit'),(123,'Can change unit',38,'change_unit'),(124,'Can delete unit',38,'delete_unit'),(125,'Can add País',39,'add_pais'),(126,'Can change País',39,'change_pais'),(127,'Can delete País',39,'delete_pais'),(128,'Can add documento fuente',40,'add_documentofuente'),(129,'Can change documento fuente',40,'change_documentofuente'),(130,'Can delete documento fuente',40,'delete_documentofuente'),(131,'Can add progress estimate authorization',41,'add_progressestimateauthorization'),(132,'Can change progress estimate authorization',41,'change_progressestimateauthorization'),(133,'Can delete progress estimate authorization',41,'delete_progressestimateauthorization'),(134,'Can add contrato contratista',42,'add_contratocontratista'),(135,'Can change contrato contratista',42,'change_contratocontratista'),(136,'Can delete contrato contratista',42,'delete_contratocontratista'),(137,'Can see contractor contract listing',42,'view_list_contratocontratista'),(138,'Can add Partida',43,'add_lineitem'),(139,'Can change Partida',43,'change_lineitem'),(140,'Can delete Partida',43,'delete_lineitem'),(141,'Can add modalidad contrato',44,'add_modalidadcontrato'),(142,'Can change modalidad contrato',44,'change_modalidadcontrato'),(143,'Can delete modalidad contrato',44,'delete_modalidadcontrato'),(144,'Can add Programación de Pagos',45,'add_paymentschedule'),(145,'Can change Programación de Pagos',45,'change_paymentschedule'),(146,'Can delete Programación de Pagos',45,'delete_paymentschedule'),(147,'Can add Sección de Proyecto',46,'add_projectsections'),(148,'Can change Sección de Proyecto',46,'change_projectsections'),(149,'Can delete Sección de Proyecto',46,'delete_projectsections'),(150,'Can add Acceso a Proyectos',47,'add_accesstoproject'),(151,'Can change Acceso a Proyectos',47,'change_accesstoproject'),(152,'Can delete Acceso a Proyectos',47,'delete_accesstoproject'),(153,'Can add Registro de Carga',48,'add_usuariofolio'),(154,'Can change Registro de Carga',48,'change_usuariofolio'),(155,'Can delete Registro de Carga',48,'delete_usuariofolio'),(156,'Can add Periodo Percepción / Deducción',49,'add_earningdeductionperiod'),(157,'Can change Periodo Percepción / Deducción',49,'change_earningdeductionperiod'),(158,'Can delete Periodo Percepción / Deducción',49,'delete_earningdeductionperiod'),(159,'Can add Contrato del Empleado',50,'add_employeecontract'),(160,'Can change Contrato del Empleado',50,'change_employeecontract'),(161,'Can delete Contrato del Empleado',50,'delete_employeecontract'),(162,'Can add Baja de Empleado',51,'add_employeedropout'),(163,'Can change Baja de Empleado',51,'change_employeedropout'),(164,'Can delete Baja de Empleado',51,'delete_employeedropout'),(165,'Can add Nómina a Procesar',52,'add_payrolltoprocess'),(166,'Can change Nómina a Procesar',52,'change_payrolltoprocess'),(167,'Can delete Nómina a Procesar',52,'delete_payrolltoprocess'),(168,'Can add Documento de la Formación Actual del Empleado',53,'add_currenteducationdocument'),(169,'Can change Documento de la Formación Actual del Empleado',53,'change_currenteducationdocument'),(170,'Can delete Documento de la Formación Actual del Empleado',53,'delete_currenteducationdocument'),(171,'Can add Periodos de Nómina',54,'add_payrollperiod'),(172,'Can change Periodos de Nómina',54,'change_payrollperiod'),(173,'Can delete Periodos de Nómina',54,'delete_payrollperiod'),(174,'Can add Clasificación de Nómina',55,'add_payrollclassification'),(175,'Can change Clasificación de Nómina',55,'change_payrollclassification'),(176,'Can delete Clasificación de Nómina',55,'delete_payrollclassification'),(177,'Can add Tipos de Nómina',56,'add_payrolltype'),(178,'Can change Tipos de Nómina',56,'change_payrolltype'),(179,'Can delete Tipos de Nómina',56,'delete_payrolltype'),(180,'Can add Prueba',57,'add_test'),(181,'Can change Prueba',57,'change_test'),(182,'Can delete Prueba',57,'delete_test'),(183,'Can add Formación Académica del Empleado',58,'add_education'),(184,'Can change Formación Académica del Empleado',58,'change_education'),(185,'Can delete Formación Académica del Empleado',58,'delete_education'),(186,'Can add Tabla de ISR',59,'add_isrtable'),(187,'Can change Tabla de ISR',59,'change_isrtable'),(188,'Can delete Tabla de ISR',59,'delete_isrtable'),(189,'Can add Recibo de Nómina Procesada',60,'add_payrollreceiptprocessed'),(190,'Can change Recibo de Nómina Procesada',60,'change_payrollreceiptprocessed'),(191,'Can delete Recibo de Nómina Procesada',60,'delete_payrollreceiptprocessed'),(192,'Can add Familiar',61,'add_familymember'),(193,'Can change Familiar',61,'change_familymember'),(194,'Can delete Familiar',61,'delete_familymember'),(195,'Can add Subdirección',62,'add_subdirection'),(196,'Can change Subdirección',62,'change_subdirection'),(197,'Can delete Subdirección',62,'delete_subdirection'),(198,'Can add Área',63,'add_area'),(199,'Can change Área',63,'change_area'),(200,'Can delete Área',63,'delete_area'),(201,'Can add Régimen Fiscal',64,'add_taxregime'),(202,'Can change Régimen Fiscal',64,'change_taxregime'),(203,'Can delete Régimen Fiscal',64,'delete_taxregime'),(204,'Can add Datos Financieros del Empleado',65,'add_employeefinancialdata'),(205,'Can change Datos Financieros del Empleado',65,'change_employeefinancialdata'),(206,'Can delete Datos Financieros del Empleado',65,'delete_employeefinancialdata'),(207,'Can add Documento Probatorio',66,'add_employeedocument'),(208,'Can change Documento Probatorio',66,'change_employeedocument'),(209,'Can delete Documento Probatorio',66,'delete_employeedocument'),(210,'Can add Referencia Laboral',67,'add_workreference'),(211,'Can change Referencia Laboral',67,'change_workreference'),(212,'Can delete Referencia Laboral',67,'delete_workreference'),(213,'Can add Tipo de Documento',68,'add_documenttype'),(214,'Can change Tipo de Documento',68,'change_documenttype'),(215,'Can delete Tipo de Documento',68,'delete_documenttype'),(216,'Can add Departamento',69,'add_department'),(217,'Can change Departamento',69,'change_department'),(218,'Can delete Departamento',69,'delete_department'),(219,'Can add Dirección',70,'add_direction'),(220,'Can change Dirección',70,'change_direction'),(221,'Can delete Dirección',70,'delete_direction'),(222,'Can add absence proof',71,'add_absenceproof'),(223,'Can change absence proof',71,'change_absenceproof'),(224,'Can delete absence proof',71,'delete_absenceproof'),(225,'Can add Préstamo Detalle',72,'add_employeeloandetail'),(226,'Can change Préstamo Detalle',72,'change_employeeloandetail'),(227,'Can delete Préstamo Detalle',72,'delete_employeeloandetail'),(228,'Can add Datos de Checador del Empleado',73,'add_checkerdata'),(229,'Can change Datos de Checador del Empleado',73,'change_checkerdata'),(230,'Can delete Datos de Checador del Empleado',73,'delete_checkerdata'),(231,'Can add Deducciones y Percepciones por Empleado',74,'add_employeeearningsdeductions'),(232,'Can change Deducciones y Percepciones por Empleado',74,'change_employeeearningsdeductions'),(233,'Can delete Deducciones y Percepciones por Empleado',74,'delete_employeeearningsdeductions'),(234,'Can add Préstamo',75,'add_employeeloan'),(235,'Can change Préstamo',75,'change_employeeloan'),(236,'Can delete Préstamo',75,'delete_employeeloan'),(237,'Can add Descripción de Puesto del Empleado',76,'add_employeepositiondescription'),(238,'Can change Descripción de Puesto del Empleado',76,'change_employeepositiondescription'),(239,'Can delete Descripción de Puesto del Empleado',76,'delete_employeepositiondescription'),(240,'Can add Datos del Infonavit del Empleado',77,'add_infonavitdata'),(241,'Can change Datos del Infonavit del Empleado',77,'change_infonavitdata'),(242,'Can delete Datos del Infonavit del Empleado',77,'delete_infonavitdata'),(243,'Can add Deducciones y Percepciones por Periodo',78,'add_employeeearningsdeductionsbyperiod'),(244,'Can change Deducciones y Percepciones por Periodo',78,'change_employeeearningsdeductionsbyperiod'),(245,'Can delete Deducciones y Percepciones por Periodo',78,'delete_employeeearningsdeductionsbyperiod'),(246,'Can add Formación Académica Actual del Empleado',79,'add_currenteducation'),(247,'Can change Formación Académica Actual del Empleado',79,'change_currenteducation'),(248,'Can delete Formación Académica Actual del Empleado',79,'delete_currenteducation'),(249,'Can add Etiquetas del Empleado',80,'add_employeehastag'),(250,'Can change Etiquetas del Empleado',80,'change_employeehastag'),(251,'Can delete Etiquetas del Empleado',80,'delete_employeehastag'),(252,'Can add Aplicación de Prueba del Empleado',81,'add_testapplication'),(253,'Can change Aplicación de Prueba del Empleado',81,'change_testapplication'),(254,'Can delete Aplicación de Prueba del Empleado',81,'delete_testapplication'),(255,'Can add Empleado',82,'add_employee'),(256,'Can change Empleado',82,'change_employee'),(257,'Can delete Empleado',82,'delete_employee'),(258,'Can add Contacto de Emergencia',83,'add_emergencycontact'),(259,'Can change Contacto de Emergencia',83,'change_emergencycontact'),(260,'Can delete Contacto de Emergencia',83,'delete_emergencycontact'),(261,'Can add Etiqueta',84,'add_tag'),(262,'Can change Etiqueta',84,'change_tag'),(263,'Can delete Etiqueta',84,'delete_tag'),(264,'Can add Grupo de Nómina',85,'add_payrollgroup'),(265,'Can change Grupo de Nómina',85,'change_payrollgroup'),(266,'Can delete Grupo de Nómina',85,'delete_payrollgroup'),(267,'Can add Perfil de Puesto',86,'add_jobprofile'),(268,'Can change Perfil de Puesto',86,'change_jobprofile'),(269,'Can delete Perfil de Puesto',86,'delete_jobprofile'),(270,'Can add Vacante de Empleos',87,'add_jobinstance'),(271,'Can change Vacante de Empleos',87,'change_jobinstance'),(272,'Can delete Vacante de Empleos',87,'delete_jobinstance'),(273,'Can add Asistencia',88,'add_employeeassistance'),(274,'Can change Asistencia',88,'change_employeeassistance'),(275,'Can delete Asistencia',88,'delete_employeeassistance'),(276,'Can add Percepciones y Deducciones',89,'add_earningsdeductions'),(277,'Can change Percepciones y Deducciones',89,'change_earningsdeductions'),(278,'Can delete Percepciones y Deducciones',89,'delete_earningsdeductions'),(279,'Can add Detalle de Nómina Procesada',90,'add_payrollprocesseddetail'),(280,'Can change Detalle de Nómina Procesada',90,'change_payrollprocesseddetail'),(281,'Can delete Detalle de Nómina Procesada',90,'delete_payrollprocesseddetail'),(282,'Can add Archivo de asistencias',91,'add_uploadedemployeeassistancehistory'),(283,'Can change Archivo de asistencias',91,'change_uploadedemployeeassistancehistory'),(284,'Can delete Archivo de asistencias',91,'delete_uploadedemployeeassistancehistory'),(285,'Can add Tipo de Póliza',92,'add_typepolicy'),(286,'Can change Tipo de Póliza',92,'change_typepolicy'),(287,'Can delete Tipo de Póliza',92,'delete_typepolicy'),(291,'Can add Póliza contable',94,'add_accountingpolicy'),(292,'Can change Póliza contable',94,'change_accountingpolicy'),(293,'Can delete Póliza contable',94,'delete_accountingpolicy'),(294,'Can add Detalle de Póliza',95,'add_accountingpolicydetail'),(295,'Can change Detalle de Póliza',95,'change_accountingpolicydetail'),(296,'Can delete Detalle de Póliza',95,'delete_accountingpolicydetail'),(297,'Can add Código Agrupador de Cuentas del SAT.',96,'add_groupingcode'),(298,'Can change Código Agrupador de Cuentas del SAT.',96,'change_groupingcode'),(299,'Can delete Código Agrupador de Cuentas del SAT.',96,'delete_groupingcode'),(300,'Can add Cuenta',97,'add_account'),(301,'Can change Cuenta',97,'change_account'),(302,'Can delete Cuenta',97,'delete_account'),(303,'Can add Año Contable',98,'add_fiscalperiod'),(304,'Can change Año Contable',98,'change_fiscalperiod'),(305,'Can delete Año Contable',98,'delete_fiscalperiod'),(321,'Can add Bancos del SAT.',104,'add_satbank'),(322,'Can change Bancos del SAT.',104,'change_satbank'),(323,'Can delete Bancos del SAT.',104,'delete_satbank'),(324,'Can add commercial ally',105,'add_commercialally'),(325,'Can change commercial ally',105,'change_commercialally'),(326,'Can delete commercial ally',105,'delete_commercialally'),(327,'Can add commercial ally contact',106,'add_commercialallycontact'),(328,'Can change commercial ally contact',106,'change_commercialallycontact'),(329,'Can delete commercial ally contact',106,'delete_commercialallycontact'),(330,'Can add Bancos del SAT.',107,'add_satbank'),(331,'Can change Bancos del SAT.',107,'change_satbank'),(332,'Can delete Bancos del SAT.',107,'delete_satbank'),(333,'Can add Banco',108,'add_bank'),(334,'Can change Banco',108,'change_bank'),(335,'Can delete Banco',108,'delete_bank'),(336,'Can add País',109,'add_pais'),(337,'Can change País',109,'change_pais'),(338,'Can delete País',109,'delete_pais'),(339,'Can add estado',110,'add_estado'),(340,'Can change estado',110,'change_estado'),(341,'Can delete estado',110,'delete_estado'),(342,'Can add municipio',111,'add_municipio'),(343,'Can change municipio',111,'change_municipio'),(344,'Can delete municipio',111,'delete_municipio'),(345,'Can add Bancos del SAT.',112,'add_satbank'),(346,'Can change Bancos del SAT.',112,'change_satbank'),(347,'Can delete Bancos del SAT.',112,'delete_satbank'),(348,'Can add Banco',113,'add_bank'),(349,'Can change Banco',113,'change_bank'),(350,'Can delete Banco',113,'delete_bank'),(351,'Can add Código Agrupador de Cuentas del SAT.',114,'add_groupingcode'),(352,'Can change Código Agrupador de Cuentas del SAT.',114,'change_groupingcode'),(353,'Can delete Código Agrupador de Cuentas del SAT.',114,'delete_groupingcode'),(354,'Can add Cuenta',115,'add_account'),(355,'Can change Cuenta',115,'change_account'),(356,'Can delete Cuenta',115,'delete_account'),(357,'Can add Empresa Interna',116,'add_internalcompany'),(358,'Can change Empresa Interna',116,'change_internalcompany'),(359,'Can delete Empresa Interna',116,'delete_internalcompany'),(360,'Can add Rubro',117,'add_itemaccount'),(361,'Can change Rubro',117,'change_itemaccount'),(362,'Can delete Rubro',117,'delete_itemaccount');
/*!40000 ALTER TABLE `auth_permission` ENABLE KEYS */;
UNLOCK TABLES;

--
-- Table structure for table `auth_user`
--

DROP TABLE IF EXISTS `auth_user`;
/*!40101 SET @saved_cs_client     = @@character_set_client */;
/*!40101 SET character_set_client = utf8 */;
CREATE TABLE `auth_user` (
  `id` int(11) NOT NULL AUTO_INCREMENT,
  `password` varchar(128) NOT NULL,
  `last_login` datetime(6) DEFAULT NULL,
  `is_superuser` tinyint(1) NOT NULL,
  `username` varchar(150) NOT NULL,
  `first_name` varchar(30) NOT NULL,
  `last_name` varchar(30) NOT NULL,
  `email` varchar(254) NOT NULL,
  `is_staff` tinyint(1) NOT NULL,
  `is_active` tinyint(1) NOT NULL,
  `date_joined` datetime(6) NOT NULL,
  PRIMARY KEY (`id`),
  UNIQUE KEY `username` (`username`)
) ENGINE=InnoDB AUTO_INCREMENT=51 DEFAULT CHARSET=latin1;
/*!40101 SET character_set_client = @saved_cs_client */;

--
-- Dumping data for table `auth_user`
--

LOCK TABLES `auth_user` WRITE;
/*!40000 ALTER TABLE `auth_user` DISABLE KEYS */;
INSERT INTO `auth_user` VALUES (1,'pbkdf2_sha256$36000$mehxjDtChKUK$RroWnjcycSkhCl+4rif9xT1tV3kZB29vasJ7L/RUa2E=','2018-02-20 18:56:50.444000',0,'salcedo','Salcedo','Construcciones','salcedo@gmail.com',1,1,'2017-08-25 17:27:31.000000'),(2,'pbkdf2_sha256$30000$ny44J5DquJ8u$KAInM9CDaxWmixo6L8UUgK83BgJiKx2tST4vj81Awjs=','2017-10-17 22:26:49.216982',0,'pepe','José','Carranza','jose@orion.studio',1,1,'2017-08-31 09:39:48.731000'),(7,'pbkdf2_sha256$36000$TRFZvoJt56f8$VdKQIX34k1IPZPjvPT+sw4NxwZ0xWrl0OQ8i5TfcPNE=','2017-10-09 16:06:49.000000',1,'oscar','Oscar','Sánchez','oscar@orion.studio',1,1,'2017-09-26 21:11:42.991000'),(15,'pbkdf2_sha256$30000$4G6srNMbSUnS$99E6/+z3Jo4nfI8h0GKpk/C5Zdb5hp5SU2vDvNsy47w=','2017-10-16 22:28:50.511000',0,'test','Test','test','test@test.com',1,1,'2017-10-16 22:24:19.714000'),(16,'pbkdf2_sha256$30000$P08Sxzwxa3NT$QgEcAVSOYaNTDJ6z9nrM/DmpT1qREkgJ5Gy3JVdhgfw=','2017-10-17 23:06:38.962340',0,'auditoria','Auditoría','Salcedo','auditoria@test.com',1,1,'2017-10-17 05:16:03.059000'),(17,'pbkdf2_sha256$30000$DBqnieHZk2tV$CgP2gvCR6VRG9daTQgNdSH++UwmbfoJY9YnNx2yeu3Y=','2017-10-17 16:48:33.593000',0,'director-general','Director','General','director_general@test.com',1,1,'2017-10-17 06:35:56.692000'),(18,'pbkdf2_sha256$30000$1oIq7ZXYfPy3$n8+5BsbDE2fNwnFVzdopxMdSfDfZKGZ77aB66hGZKIA=','2017-10-17 20:09:09.527880',0,'director-de-obras','Director','De obras','director_de_obras@test.co',1,1,'2017-10-17 06:36:31.866000'),(19,'pbkdf2_sha256$30000$raRDOp1KkB6f$NkI5D5mFhiT1KOJm0ps3jzrJAlYtvGRL+5DQH9iIyuk=','2017-10-17 16:48:02.176000',0,'vicepresidente-empresarial','Vicepresidente','Empresarial','vicepresidente_empresarial@test.com',1,1,'2017-10-17 06:37:31.391000'),(20,'pbkdf2_sha256$30000$QEe3HttU4W4d$02uim7kDB8BOAR9AueyZf5Y50eVSjC4+LxQ65O1vftA=','2017-10-17 23:00:40.556536',0,'jefe-de-administracion','Jefe','De Administración','jefe_de_administracion@test.com',1,1,'2017-10-17 06:38:07.495000'),(21,'pbkdf2_sha256$30000$7eRmTPtIZq3O$rArG03a2fO0PSlOz3NeN9TYH1Lpo5Rtc1yuAMtv8/98=','2017-10-17 19:57:03.519830',0,'presidente','Presidente','Salcedo','presidente@test.com',1,1,'2017-10-17 06:38:30.581000'),(22,'pbkdf2_sha256$30000$VaXthilM6Mow$Rns8LEH/7GiABrPXYECsy0ybfoJTvbBHNJnyGFbpMeI=','2017-10-17 16:49:59.507000',0,'rodrigo','Rodrigo','Martínez','rodrigo@test.com',1,1,'2017-10-17 16:49:36.967000'),(40,'pbkdf2_sha256$30000$aJMmNWVfwLQE$vXm8IJO59wLbM7G5wO4M1v9XiphtqMR6yGYzptq+Ry8=',NULL,0,'cristian','Cristian','Méndez','cristian@test.com',1,1,'2017-10-17 18:20:02.472383'),(41,'pbkdf2_sha256$30000$fwxM2Cw44IDP$l2Dpnn+cDJs5BBLxAF17Qw0T7Xiodz61bLyKC04ygjU=','2017-11-13 06:00:40.828451',0,'obras1','Usuario','Obras','obras1@salcedo.com',1,1,'2017-11-13 05:54:27.549194'),(42,'pbkdf2_sha256$30000$oH5ejIqkgUJe$OVP80HQSpjczLuFo874O/fgkHP6ftertzYAsrV7+mE8=',NULL,0,'obras2','Usuario','Obras 2','obras2@salcedo.com',1,1,'2017-11-13 05:55:11.405295'),(43,'pbkdf2_sha256$30000$FeXcpSpUq7ao$xTtwQ3mPLVM4JvccECNSXNqYAl/UJC0c5gSn0ChDGWM=',NULL,0,'obras3','Usuario','Obras 3','obras3@salcedo.com',1,1,'2017-11-13 05:55:59.379928'),(44,'pbkdf2_sha256$30000$focKZ79zM21c$s2YU2l097PWgjdKw/iZBjacO7pGJJsU9jACAeakBJE8=',NULL,0,'obras4','Usuario','Obras 4','obras4@test.com',1,1,'2017-11-13 05:56:39.063201'),(45,'pbkdf2_sha256$30000$o9huEjFtsBBQ$4m8NVIzNu6hwkcxG3hItBn9Jho65/3dLfL/eUGjSB8c=',NULL,0,'obras5','Usuairo','Obras 5','obras5@salcedo.com',1,1,'2017-11-13 05:57:05.797547'),(46,'pbkdf2_sha256$30000$sUg6pUqMRsKy$NBxKD7VqtKYi8h5KO8LC7EiWPpchlDO5QzfinnQd0rc=',NULL,0,'obras6','Usuario','Obras6','obras6@test.com',1,1,'2017-11-13 05:57:36.929334'),(47,'pbkdf2_sha256$30000$UuG2S2qz81h5$Nuta3IZynK1QE1W1/ZS0Q7K6vGdu0Jl5b8chVw91gvI=',NULL,0,'obras7','Usuario','Obras 7','obras7@salcedo.com',1,1,'2017-11-13 05:58:54.445445'),(48,'pbkdf2_sha256$30000$hQgcM70SnpvA$BA0Rvr5/o4N3/h/bWeRQsmTS00n3QsZ11qq1OtQxcA8=',NULL,0,'obras8','Usuario','Obras 8','obras8@test.com',1,1,'2017-11-13 05:59:20.596395'),(49,'pbkdf2_sha256$30000$kX1GJLtbY0kH$kBijD0VBO3W9tFPuQmtSasH3iP3qXSmULqA2y8xuw7Y=',NULL,0,'obras9','Usuario','Obras 9','obras9@salcedo.com',1,1,'2017-11-13 05:59:47.061938'),(50,'pbkdf2_sha256$30000$ZTclu241k3wP$XPsMy2FZXm8tYA2y9DixqxVJIPnQ/rakL4w5DWvPV1Q=',NULL,0,'obras10','Usuario','Obras10','obras10@salcedo.com',1,1,'2017-11-13 06:00:17.665608');
/*!40000 ALTER TABLE `auth_user` ENABLE KEYS */;
UNLOCK TABLES;

--
-- Table structure for table `auth_user_groups`
--

DROP TABLE IF EXISTS `auth_user_groups`;
/*!40101 SET @saved_cs_client     = @@character_set_client */;
/*!40101 SET character_set_client = utf8 */;
CREATE TABLE `auth_user_groups` (
  `id` int(11) NOT NULL AUTO_INCREMENT,
  `user_id` int(11) NOT NULL,
  `group_id` int(11) NOT NULL,
  PRIMARY KEY (`id`),
  UNIQUE KEY `auth_user_groups_user_id_94350c0c_uniq` (`user_id`,`group_id`),
  KEY `auth_user_groups_group_id_97559544_fk_auth_group_id` (`group_id`),
  CONSTRAINT `auth_user_groups_group_id_97559544_fk_auth_group_id` FOREIGN KEY (`group_id`) REFERENCES `auth_group` (`id`),
  CONSTRAINT `auth_user_groups_user_id_6a12ed8b_fk_auth_user_id` FOREIGN KEY (`user_id`) REFERENCES `auth_user` (`id`)
) ENGINE=InnoDB AUTO_INCREMENT=30 DEFAULT CHARSET=latin1;
/*!40101 SET character_set_client = @saved_cs_client */;

--
-- Dumping data for table `auth_user_groups`
--

LOCK TABLES `auth_user_groups` WRITE;
/*!40000 ALTER TABLE `auth_user_groups` DISABLE KEYS */;
INSERT INTO `auth_user_groups` VALUES (11,1,1),(12,1,2),(13,1,3),(14,1,4),(15,1,5),(16,1,6),(17,1,7),(18,1,8),(19,1,9),(10,2,2),(1,15,3),(2,16,4),(3,17,5),(4,18,6),(5,19,7),(6,20,8),(7,21,9),(8,22,4),(20,41,13),(21,42,13),(22,43,13),(23,44,13),(24,45,13),(25,46,13),(26,47,13),(27,48,13),(28,49,13),(29,50,13);
/*!40000 ALTER TABLE `auth_user_groups` ENABLE KEYS */;
UNLOCK TABLES;

--
-- Table structure for table `auth_user_user_permissions`
--

DROP TABLE IF EXISTS `auth_user_user_permissions`;
/*!40101 SET @saved_cs_client     = @@character_set_client */;
/*!40101 SET character_set_client = utf8 */;
CREATE TABLE `auth_user_user_permissions` (
  `id` int(11) NOT NULL AUTO_INCREMENT,
  `user_id` int(11) NOT NULL,
  `permission_id` int(11) NOT NULL,
  PRIMARY KEY (`id`),
  UNIQUE KEY `auth_user_user_permissions_user_id_14a6b632_uniq` (`user_id`,`permission_id`),
  KEY `auth_user_user_perm_permission_id_1fbb5f2c_fk_auth_permission_id` (`permission_id`),
  CONSTRAINT `auth_user_user_perm_permission_id_1fbb5f2c_fk_auth_permission_id` FOREIGN KEY (`permission_id`) REFERENCES `auth_permission` (`id`),
  CONSTRAINT `auth_user_user_permissions_user_id_a95ead1b_fk_auth_user_id` FOREIGN KEY (`user_id`) REFERENCES `auth_user` (`id`)
) ENGINE=InnoDB AUTO_INCREMENT=273 DEFAULT CHARSET=latin1;
/*!40101 SET character_set_client = @saved_cs_client */;

--
-- Dumping data for table `auth_user_user_permissions`
--

LOCK TABLES `auth_user_user_permissions` WRITE;
/*!40000 ALTER TABLE `auth_user_user_permissions` DISABLE KEYS */;
INSERT INTO `auth_user_user_permissions` VALUES (1,1,1),(2,1,2),(3,1,3),(4,1,4),(5,1,5),(6,1,6),(7,1,7),(8,1,8),(9,1,9),(10,1,10),(11,1,11),(12,1,12),(13,1,13),(14,1,14),(15,1,15),(16,1,16),(17,1,17),(18,1,18),(19,1,19),(20,1,20),(21,1,21),(22,1,22),(23,1,23),(24,1,24),(25,1,25),(26,1,26),(27,1,27),(28,1,28),(29,1,29),(30,1,30),(31,1,31),(32,1,32),(33,1,33),(34,1,34),(35,1,35),(36,1,36),(37,1,37),(38,1,38),(39,1,39),(40,1,40),(41,1,41),(42,1,42),(43,1,43),(44,1,44),(45,1,45),(46,1,46),(47,1,47),(48,1,48),(49,1,49),(50,1,50),(51,1,51),(52,1,52),(53,1,53),(54,1,54),(55,1,55),(56,1,56),(57,1,57),(58,1,58),(59,1,59),(60,1,60),(61,1,61),(62,1,62),(63,1,63),(64,1,64),(65,1,65),(66,1,66),(67,1,67),(68,1,68),(69,1,69),(70,1,70),(71,1,71),(72,1,72),(73,1,73),(74,1,74),(75,1,75),(76,1,76),(77,1,77),(78,1,78),(79,1,79),(80,1,80),(81,1,81),(82,1,82),(83,1,83),(84,1,84),(85,1,85),(86,1,86),(87,1,87),(88,1,88),(89,1,89),(90,1,90),(91,1,94),(92,1,95),(93,1,96),(94,1,97),(95,1,98),(96,1,99),(97,1,100),(98,1,101),(99,1,102),(100,1,103),(101,1,104),(102,1,105),(103,1,106),(104,1,107),(105,1,108),(106,1,109),(107,1,110),(108,1,111),(109,1,112),(110,1,113),(111,1,114),(112,1,115),(113,1,116),(114,1,117),(115,1,118),(116,1,119),(117,1,120),(118,1,121),(119,1,122),(120,1,123),(121,1,124),(122,1,125),(123,1,126),(124,1,127),(125,1,128),(126,1,129),(127,1,130),(128,1,131),(129,1,132),(130,1,133),(131,1,134),(132,1,139),(133,1,140),(134,1,141),(135,1,142),(136,1,143),(137,2,1),(138,2,2),(139,2,3),(140,2,4),(141,2,5),(142,2,6),(143,2,7),(144,2,8),(145,2,9),(146,2,10),(147,2,11),(148,2,12),(149,2,13),(150,2,14),(151,2,15),(152,2,16),(153,2,17),(154,2,18),(155,2,19),(156,2,20),(157,2,21),(158,2,22),(159,2,23),(160,2,24),(161,2,25),(162,2,26),(163,2,27),(164,2,28),(165,2,29),(166,2,30),(167,2,31),(168,2,32),(169,2,33),(170,2,34),(171,2,35),(172,2,36),(173,2,37),(174,2,38),(175,2,39),(176,2,40),(177,2,41),(178,2,42),(179,2,43),(180,2,44),(181,2,45),(182,2,46),(183,2,47),(184,2,48),(185,2,49),(186,2,50),(187,2,51),(188,2,52),(189,2,53),(190,2,54),(191,2,55),(192,2,56),(193,2,57),(194,2,58),(195,2,59),(196,2,60),(197,2,61),(198,2,62),(199,2,63),(200,2,64),(201,2,65),(202,2,66),(203,2,67),(204,2,68),(205,2,69),(206,2,70),(207,2,71),(208,2,72),(209,2,73),(210,2,74),(211,2,75),(212,2,76),(213,2,77),(214,2,78),(215,2,79),(216,2,80),(217,2,81),(218,2,82),(219,2,83),(220,2,84),(221,2,85),(222,2,86),(223,2,87),(224,2,88),(225,2,89),(226,2,90),(227,2,94),(228,2,95),(229,2,96),(230,2,97),(231,2,98),(232,2,99),(233,2,100),(234,2,101),(235,2,102),(236,2,103),(237,2,104),(238,2,105),(239,2,106),(240,2,107),(241,2,108),(242,2,109),(243,2,110),(244,2,111),(245,2,112),(246,2,113),(247,2,114),(248,2,115),(249,2,116),(250,2,117),(251,2,118),(252,2,119),(253,2,120),(254,2,121),(255,2,122),(256,2,123),(257,2,124),(258,2,125),(259,2,126),(260,2,127),(261,2,128),(262,2,129),(263,2,130),(264,2,131),(265,2,132),(266,2,133),(267,2,134),(268,2,139),(269,2,140),(270,2,141),(271,2,142),(272,2,143);
/*!40000 ALTER TABLE `auth_user_user_permissions` ENABLE KEYS */;
UNLOCK TABLES;

--
-- Table structure for table `dataupload_usuariofolio`
--

DROP TABLE IF EXISTS `dataupload_usuariofolio`;
/*!40101 SET @saved_cs_client     = @@character_set_client */;
/*!40101 SET character_set_client = utf8 */;
CREATE TABLE `dataupload_usuariofolio` (
  `id` int(11) NOT NULL AUTO_INCREMENT,
  `usuario` varchar(60) NOT NULL,
  `folio` varchar(36) NOT NULL,
  `fecha` datetime(6) NOT NULL,
  PRIMARY KEY (`id`),
  UNIQUE KEY `usuario` (`usuario`),
  UNIQUE KEY `folio` (`folio`)
) ENGINE=InnoDB DEFAULT CHARSET=utf8;
/*!40101 SET character_set_client = @saved_cs_client */;

--
-- Dumping data for table `dataupload_usuariofolio`
--

LOCK TABLES `dataupload_usuariofolio` WRITE;
/*!40000 ALTER TABLE `dataupload_usuariofolio` DISABLE KEYS */;
/*!40000 ALTER TABLE `dataupload_usuariofolio` ENABLE KEYS */;
UNLOCK TABLES;

--
-- Table structure for table `django_admin_log`
--

DROP TABLE IF EXISTS `django_admin_log`;
/*!40101 SET @saved_cs_client     = @@character_set_client */;
/*!40101 SET character_set_client = utf8 */;
CREATE TABLE `django_admin_log` (
  `id` int(11) NOT NULL AUTO_INCREMENT,
  `action_time` datetime(6) NOT NULL,
  `object_id` longtext,
  `object_repr` varchar(200) NOT NULL,
  `action_flag` smallint(5) unsigned NOT NULL,
  `change_message` longtext NOT NULL,
  `content_type_id` int(11) DEFAULT NULL,
  `user_id` int(11) NOT NULL,
  PRIMARY KEY (`id`),
  KEY `django_admin__content_type_id_c4bce8eb_fk_django_content_type_id` (`content_type_id`),
  KEY `django_admin_log_user_id_c564eba6_fk_auth_user_id` (`user_id`),
  CONSTRAINT `django_admin__content_type_id_c4bce8eb_fk_django_content_type_id` FOREIGN KEY (`content_type_id`) REFERENCES `django_content_type` (`id`),
  CONSTRAINT `django_admin_log_user_id_c564eba6_fk_auth_user_id` FOREIGN KEY (`user_id`) REFERENCES `auth_user` (`id`)
) ENGINE=InnoDB AUTO_INCREMENT=340 DEFAULT CHARSET=latin1;
/*!40101 SET character_set_client = @saved_cs_client */;

--
-- Dumping data for table `django_admin_log`
--

LOCK TABLES `django_admin_log` WRITE;
/*!40000 ALTER TABLE `django_admin_log` DISABLE KEYS */;
INSERT INTO `django_admin_log` VALUES (1,'2017-10-17 17:54:50.982782','28','cristian',1,'[{\"added\": {}}, {\"added\": {\"object\": \"cristian\", \"name\": \"erp user\"}}]',3,2),(2,'2017-10-17 17:55:12.121232','28','cristian',2,'[]',3,2),(3,'2017-10-17 17:58:52.172074','28','cristian',3,'',3,2),(4,'2017-10-17 17:59:14.580125','29','cristian',1,'[{\"added\": {}}]',3,2),(5,'2017-10-17 18:02:17.583122','30','cristiann',1,'[{\"added\": {}}]',3,2),(6,'2017-10-17 18:05:21.322439','29','cristian',3,'',3,2),(7,'2017-10-17 18:05:24.840499','30','cristiann',3,'',3,2),(8,'2017-10-17 18:05:40.440122','31','Cristian',1,'[{\"added\": {}}]',3,2),(9,'2017-10-17 18:13:31.390437','31','Cristian',3,'',3,2),(10,'2017-10-17 18:13:55.250322','32','cristian',1,'[{\"added\": {}}]',3,2),(11,'2017-10-17 18:14:53.970540','32','cristian',2,'[{\"changed\": {\"fields\": [\"profile_picture\"], \"object\": \"cristian\", \"name\": \"erp user\"}}]',3,2),(12,'2017-10-17 18:15:10.182209','32','cristian',3,'',3,2),(13,'2017-10-17 18:15:26.413628','33','cristian',1,'[{\"added\": {}}]',3,2),(14,'2017-10-17 18:16:13.472914','33','cristian',2,'[{\"changed\": {\"fields\": [\"profile_picture\"], \"object\": \"cristian\", \"name\": \"erp user\"}}]',3,2),(15,'2017-10-17 18:16:18.326449','33','cristian',3,'',3,2),(16,'2017-10-17 18:18:10.932015','37','cristian',1,'[{\"added\": {}}, {\"added\": {\"object\": \"cristian\", \"name\": \"erp user\"}}]',3,2),(17,'2017-10-17 18:18:16.593805','37','cristian',3,'',3,2),(18,'2017-10-17 18:19:20.995501','39','cristian',1,'[{\"added\": {}}]',3,2),(19,'2017-10-17 18:19:25.435676','39','cristian',2,'[]',3,2),(20,'2017-10-17 18:19:32.878448','39','cristian',2,'[{\"added\": {\"object\": \"cristian\", \"name\": \"erp user\"}}]',3,2),(21,'2017-10-17 18:19:43.990098','39','cristian',3,'',3,2),(22,'2017-10-17 18:20:02.634351','40','cristian',1,'[{\"added\": {}}, {\"added\": {\"object\": \"cristian\", \"name\": \"erp user\"}}]',3,2),(23,'2017-10-17 18:20:07.842119','40','cristian',2,'[]',3,2),(24,'2017-10-17 18:21:43.579546','2','pepe',2,'[]',3,2),(25,'2017-10-17 18:22:31.026610','2','Admin',2,'[]',4,2),(26,'2017-10-17 18:27:51.936936','1','Libra',1,'[{\"added\": {}}]',21,2),(27,'2017-10-17 18:29:25.605763','2','Crestcom',1,'[{\"added\": {}}]',21,2),(28,'2017-10-17 18:31:06.912243','2','Crestcom',2,'[{\"changed\": {\"fields\": [\"telefono\"]}}]',21,2),(29,'2017-10-17 18:32:36.874942','1','Laura Hernández',1,'[{\"added\": {}}]',22,2),(30,'2017-10-17 18:36:01.005421','1','Laura Hernández',2,'[{\"changed\": {\"fields\": [\"colony\"]}}]',22,2),(31,'2017-10-17 18:36:48.186869','2','Jorge',1,'[{\"added\": {}}]',22,2),(32,'2017-10-17 18:37:02.237404','2','José',2,'[{\"changed\": {\"fields\": [\"name\"]}}]',22,2),(33,'2017-10-17 18:37:18.225877','2','José Ramírez',2,'[{\"changed\": {\"fields\": [\"name\"]}}]',22,2),(34,'2017-10-17 18:37:43.809074','2','Crestcom',2,'[{\"changed\": {\"fields\": [\"telefono\"]}}]',21,2),(35,'2017-10-17 18:38:11.387013','2','José Ramírez',3,'',22,2),(36,'2017-10-17 18:39:57.408746','3','borrar',1,'[{\"added\": {}}]',21,2),(37,'2017-10-17 18:40:34.799195','3','con',1,'[{\"added\": {}}]',22,2),(38,'2017-10-17 18:40:51.457666','3','borrar',3,'',21,2),(39,'2017-10-17 18:43:09.159638','1','Liverpool',1,'[{\"added\": {}}]',23,2),(40,'2017-10-17 18:43:35.700864','1','Liverpool',2,'[{\"changed\": {\"fields\": [\"rfc\"]}}]',23,2),(41,'2017-10-17 19:00:32.260219','1','María Sánchez',1,'[{\"added\": {}}]',26,2),(42,'2017-10-17 19:01:22.102949','2','test',1,'[{\"added\": {}}]',26,2),(43,'2017-10-17 19:03:25.994909','2','test',3,'',26,2),(44,'2017-10-17 19:08:15.429783','2','test',1,'[{\"added\": {}}]',23,2),(45,'2017-10-17 19:08:40.521597','3','test',1,'[{\"added\": {}}]',26,2),(46,'2017-10-17 19:08:50.949430','2','test',3,'',23,2),(47,'2017-10-17 19:15:15.233541','1','Comercializadora',1,'[{\"added\": {}}]',29,2),(48,'2017-10-17 19:16:06.135473','1','pepe - Comercializadora',1,'[{\"added\": {}}]',43,2),(49,'2017-10-17 19:21:24.557698','1','Comercializadora',2,'[{\"changed\": {\"fields\": [\"fecha_inicial\", \"fecha_final\"]}}]',29,2),(50,'2017-10-17 19:30:46.414736','1','2017-10-17 19:30:46.414014+00:00',1,'[{\"added\": {}}]',33,2),(51,'2017-10-17 19:40:59.376055','90','LIMPIEZA',3,'',35,2),(52,'2017-10-17 19:41:31.140953','2','2017-10-17 19:41:31.139453+00:00',1,'[{\"added\": {}}]',33,2),(53,'2017-10-17 19:49:58.290494','1','Clave del Contrato: C1 -  Contratista: Libra',1,'[{\"added\": {}}]',24,2),(54,'2017-10-17 19:50:22.766806','1','ContractConcepts object',1,'[{\"added\": {}}]',25,2),(55,'2017-10-17 19:50:33.785510','2','ContractConcepts object',1,'[{\"added\": {}}]',25,2),(56,'2017-10-17 19:51:09.512284','1','Clave del Contrato: C1 -  Contratista: Libra',2,'[{\"changed\": {\"fields\": [\"line_item\", \"fecha_firma\", \"fecha_inicio\", \"fecha_termino\"]}}]',24,2),(57,'2017-10-17 19:51:25.093433','1','ContractConcepts object',2,'[{\"changed\": {\"fields\": [\"concept\"]}}]',25,2),(58,'2017-10-17 19:51:34.153101','2','ContractConcepts object',2,'[{\"changed\": {\"fields\": [\"concept\"]}}]',25,2),(59,'2017-10-17 19:51:48.158573','3','ContractConcepts object',1,'[{\"added\": {}}]',25,2),(60,'2017-10-17 19:53:50.499098','1','Comercializadora - Estimación del Contrato: C1 del Contratista: Libra',1,'[{\"added\": {}}]',38,2),(61,'2017-10-17 19:57:49.033473','2','presidente - Comercializadora',1,'[{\"added\": {}}]',43,2),(62,'2017-10-17 20:01:32.204590','9','Presidente',2,'[]',4,2),(63,'2017-10-17 20:02:50.838617','2','Admin',2,'[]',4,2),(64,'2017-10-17 20:08:19.257873','1','Estimación AV1del Contrato C1 en el periodo: 2017-10-17',1,'[{\"added\": {}}]',39,2),(65,'2017-10-17 20:09:46.998696','3','director-de-obras - Comercializadora',1,'[{\"added\": {}}]',43,2),(66,'2017-10-17 20:12:03.513636','9','Presidente',2,'[]',4,2),(67,'2017-10-17 20:12:16.347883','5','Director General',2,'[]',4,2),(68,'2017-10-17 20:12:24.276811','6','Director de Obras',2,'[]',4,2),(69,'2017-10-17 20:12:33.184142','1','Proyectos Admin',2,'[]',4,2),(70,'2017-10-17 20:12:40.424523','3','Precios Unitarios',2,'[]',4,2),(71,'2017-10-17 20:12:50.808602','7','Vicepresidente Empresarial',2,'[]',4,2),(72,'2017-10-17 20:13:38.485764','1','Comercializadora - Estimación del Contrato: C1 del Contratista: Libra',2,'[{\"changed\": {\"fields\": [\"period\", \"start_date\", \"end_date\", \"advance_payment_date\", \"advance_payment_status\"]}}]',38,2),(73,'2017-10-17 20:14:28.422237','1','Estimación AV1del Contrato C1 en el periodo: 2017-10-17',2,'[{\"changed\": {\"fields\": [\"payment_status\"]}}]',39,2),(74,'2017-10-17 20:16:59.576123','2','Estimación AV-2del Contrato C1 en el periodo: 2017-10-17',1,'[{\"added\": {}}]',39,2),(75,'2017-10-17 20:19:09.446703','4','Auditoría',2,'[]',4,2),(76,'2017-10-17 20:19:30.865486','16','auditoria',2,'[]',3,2),(77,'2017-10-17 20:19:54.993433','4','auditoria - Comercializadora',1,'[{\"added\": {}}]',43,2),(78,'2017-10-17 20:20:51.719633','4','Auditoría',2,'[]',4,2),(79,'2017-10-17 20:29:48.239505','4','Auditoría',2,'[]',4,2),(80,'2017-10-17 20:33:05.725426','3','Estimación FINIQUITOdel Contrato C1 en el periodo: 2017-10-17',2,'[{\"changed\": {\"fields\": [\"amount\"]}}]',39,16),(81,'2017-10-17 20:33:14.404468','3','Estimación FINIQUITOdel Contrato C1 en el periodo: 2017-10-17',2,'[{\"changed\": {\"fields\": [\"amount\"]}}]',39,16),(82,'2017-10-17 20:33:20.362730','3','Estimación FINIQUITOdel Contrato C1 en el periodo: 2017-10-17',2,'[{\"changed\": {\"fields\": [\"amount\"]}}]',39,16),(83,'2017-10-17 20:34:20.737220','2','Estimación AV-2del Contrato C1 en el periodo: 2017-10-17',2,'[]',39,2),(84,'2017-10-17 20:35:39.016146','2','Estimación AV-2del Contrato C1 en el periodo: 2017-10-17',2,'[{\"changed\": {\"fields\": [\"payment_status\"]}}]',39,2),(85,'2017-10-17 20:38:19.564543','1','Comercializadora',2,'[{\"changed\": {\"fields\": [\"fecha_inicial\", \"fecha_final\"]}}, {\"added\": {\"object\": \"PaymentSchedule object\", \"name\": \"Programaci\\u00f3n de Pagos\"}}, {\"added\": {\"object\": \"PaymentSchedule object\", \"name\": \"Programaci\\u00f3n de Pagos\"}}, {\"added\": {\"object\": \"PaymentSchedule object\", \"name\": \"Programaci\\u00f3n de Pagos\"}}, {\"added\": {\"object\": \"PaymentSchedule object\", \"name\": \"Programaci\\u00f3n de Pagos\"}}, {\"added\": {\"object\": \"PaymentSchedule object\", \"name\": \"Programaci\\u00f3n de Pagos\"}}, {\"added\": {\"object\": \"PaymentSchedule object\", \"name\": \"Programaci\\u00f3n de Pagos\"}}, {\"added\": {\"object\": \"PaymentSchedule object\", \"name\": \"Programaci\\u00f3n de Pagos\"}}, {\"added\": {\"object\": \"PaymentSchedule object\", \"name\": \"Programaci\\u00f3n de Pagos\"}}, {\"added\": {\"object\": \"PaymentSchedule object\", \"name\": \"Programaci\\u00f3n de Pagos\"}}, {\"added\": {\"object\": \"PaymentSchedule object\", \"name\": \"Programaci\\u00f3n de Pagos\"}}, {\"added\": {\"object\": \"PaymentSchedule object\", \"name\": \"Programaci\\u00f3n de Pagos\"}}, {\"added\": {\"object\": \"PaymentSchedule object\", \"name\": \"Programaci\\u00f3n de Pagos\"}}, {\"added\": {\"object\": \"PaymentSchedule object\", \"name\": \"Programaci\\u00f3n de Pagos\"}}, {\"added\": {\"object\": \"PaymentSchedule object\", \"name\": \"Programaci\\u00f3n de Pagos\"}}]',29,21),(86,'2017-10-17 20:39:27.244746','3','Estimación FINIQUITOdel Contrato C1 en el periodo: 2017-10-17',2,'[{\"changed\": {\"fields\": [\"payment_status\"]}}]',39,21),(87,'2017-10-17 20:52:04.760112','1','Bitácora 1',1,'[{\"added\": {}}, {\"added\": {\"object\": \"LogFile object\", \"name\": \"log file\"}}]',40,21),(88,'2017-10-17 20:52:16.821480','2','Bitácora 2',1,'[{\"added\": {}}, {\"added\": {\"object\": \"LogFile object\", \"name\": \"log file\"}}]',40,21),(89,'2017-10-17 20:53:08.093842','3','Bitácora 3',1,'[{\"added\": {}}, {\"added\": {\"object\": \"LogFile object\", \"name\": \"log file\"}}, {\"added\": {\"object\": \"LogFile object\", \"name\": \"log file\"}}]',40,21),(90,'2017-10-17 20:59:30.370811','3','Bitácora 3',2,'[{\"changed\": {\"fields\": [\"user\", \"date\"]}}, {\"added\": {\"object\": \"LogFile object\", \"name\": \"log file\"}}, {\"changed\": {\"fields\": [\"file\"], \"object\": \"LogFile object\", \"name\": \"log file\"}}, {\"changed\": {\"fields\": [\"file\"], \"object\": \"LogFile object\", \"name\": \"log file\"}}]',40,21),(91,'2017-10-17 22:31:05.724648','4','EDICOMEX',1,'[{\"added\": {}}]',21,2),(92,'2017-10-17 22:32:42.273016','4','Laura Diaz',1,'[{\"added\": {}}]',22,2),(93,'2017-10-17 22:39:07.454286','2','Centro Comercial',1,'[{\"added\": {}}]',29,2),(94,'2017-10-17 22:40:07.133016','5','pepe - Centro Comercial',1,'[{\"added\": {}}]',43,2),(95,'2017-10-17 22:40:39.895538','6','presidente - Centro Comercial',1,'[{\"added\": {}}]',43,2),(96,'2017-10-17 22:42:14.502043','3','2017-10-17 22:42:14.501389+00:00',1,'[{\"added\": {}}]',33,2),(97,'2017-10-17 22:48:10.235181','2','Clave del Contrato: C2 -  Contratista: EDICOMEX',1,'[{\"added\": {}}]',24,2),(98,'2017-10-17 22:49:23.642368','4','ContractConcepts object',1,'[{\"added\": {}}]',25,2),(99,'2017-10-17 22:49:47.128845','5','ContractConcepts object',1,'[{\"added\": {}}]',25,2),(100,'2017-10-17 22:50:05.734690','6','ContractConcepts object',1,'[{\"added\": {}}]',25,2),(101,'2017-10-17 22:55:03.005752','2','Centro Comercial - Estimación del Contrato: C2 del Contratista: EDICOMEX',1,'[{\"added\": {}}]',38,2),(102,'2017-10-17 22:58:03.763986','4','Estimación A1del Contrato C2 en el periodo: 2017-10-17',1,'[{\"added\": {}}]',39,2),(103,'2017-10-17 23:01:19.688742','7','jefe-de-administracion - Centro Comercial',1,'[{\"added\": {}}]',43,2),(104,'2017-10-17 23:02:17.659667','2','Centro Comercial - Estimación del Contrato: C2 del Contratista: EDICOMEX',2,'[{\"changed\": {\"fields\": [\"period\", \"start_date\", \"end_date\", \"advance_payment_date\", \"advance_payment_status\"]}}]',38,2),(105,'2017-10-17 23:05:16.758610','5','Estimación A2del Contrato C2 en el periodo: 2017-10-17',1,'[{\"added\": {}}]',39,2),(106,'2017-10-17 23:05:44.597296','4','Estimación A1del Contrato C2 en el periodo: 2017-10-17',2,'[{\"changed\": {\"fields\": [\"payment_status\"]}}]',39,2),(107,'2017-10-17 23:07:00.386456','8','auditoria - Centro Comercial',1,'[{\"added\": {}}]',43,2),(108,'2017-10-17 23:09:00.378466','6','Estimación FINIQUITOdel Contrato C2 en el periodo: 2017-10-17',2,'[{\"changed\": {\"fields\": [\"amount\"]}}]',39,16),(109,'2017-10-17 23:14:52.363657','5','Estimación A2del Contrato C2 en el periodo: 2017-10-17',2,'[{\"changed\": {\"fields\": [\"payment_status\"]}}]',39,2),(110,'2017-10-17 23:14:59.357991','6','Estimación FINIQUITOdel Contrato C2 en el periodo: 2017-10-17',2,'[{\"changed\": {\"fields\": [\"payment_status\"]}}]',39,2),(111,'2017-10-17 23:18:21.974996','2','Centro Comercial',2,'[{\"changed\": {\"fields\": [\"fecha_inicial\", \"fecha_final\"]}}, {\"added\": {\"object\": \"PaymentSchedule object\", \"name\": \"Programaci\\u00f3n de Pagos\"}}, {\"added\": {\"object\": \"PaymentSchedule object\", \"name\": \"Programaci\\u00f3n de Pagos\"}}, {\"added\": {\"object\": \"PaymentSchedule object\", \"name\": \"Programaci\\u00f3n de Pagos\"}}, {\"added\": {\"object\": \"PaymentSchedule object\", \"name\": \"Programaci\\u00f3n de Pagos\"}}, {\"added\": {\"object\": \"PaymentSchedule object\", \"name\": \"Programaci\\u00f3n de Pagos\"}}, {\"added\": {\"object\": \"PaymentSchedule object\", \"name\": \"Programaci\\u00f3n de Pagos\"}}, {\"added\": {\"object\": \"PaymentSchedule object\", \"name\": \"Programaci\\u00f3n de Pagos\"}}, {\"added\": {\"object\": \"PaymentSchedule object\", \"name\": \"Programaci\\u00f3n de Pagos\"}}]',29,2),(112,'2017-10-17 23:21:26.724202','4','Bitácora',1,'[{\"added\": {}}, {\"added\": {\"object\": \"LogFile object\", \"name\": \"log file\"}}, {\"added\": {\"object\": \"LogFile object\", \"name\": \"log file\"}}]',40,2),(113,'2017-11-06 18:12:57.046251','1','salcedo',2,'[]',3,1),(114,'2017-11-06 18:13:29.235948','9','salcedo - Comercializadora',1,'[{\"added\": {}}]',43,1),(115,'2017-11-06 18:15:40.261856','2','Admin',2,'[]',4,1),(116,'2017-11-06 19:28:42.882580','2','Admin',2,'[]',4,1),(117,'2017-11-06 19:43:25.201732','2','Admin',2,'[]',4,1),(118,'2017-11-06 21:43:00.361264','2','Admin',2,'[]',4,1),(119,'2017-11-06 22:21:22.727723','2','Admin',2,'[]',4,1),(120,'2017-11-06 22:22:01.043955','1','Salcedo',1,'[{\"added\": {}}]',66,1),(121,'2017-11-06 22:22:06.881092','1','Subdirección',1,'[{\"added\": {}}]',69,1),(122,'2017-11-06 22:22:12.703540','1','Administración',1,'[{\"added\": {}}]',70,1),(123,'2017-11-06 22:22:17.920205','1','Administración',1,'[{\"added\": {}}]',68,1),(124,'2017-11-06 22:23:07.642935','2','CEO',1,'[{\"added\": {}}]',67,1),(125,'2017-11-06 22:23:44.866385','1','JobInstance object',1,'[{\"added\": {}}]',71,1),(126,'2017-11-06 22:23:51.964247','1','JobInstance object',2,'[]',71,1),(127,'2017-11-06 22:24:03.059407','2','JobInstance object',1,'[{\"added\": {}}]',71,1),(128,'2017-11-06 22:57:58.777689','3','JobInstance object',1,'[{\"added\": {}}]',71,1),(129,'2017-11-06 22:59:46.757422','1','JobInstance object',2,'[{\"changed\": {\"fields\": [\"parent_job_instance\"]}}]',71,1),(130,'2017-11-06 23:01:06.627570','1','1',2,'[{\"changed\": {\"fields\": [\"parent_job_instance\"]}}]',71,1),(131,'2017-11-06 23:01:10.342850','2','2',2,'[]',71,1),(132,'2017-11-06 23:01:14.593980','3','3',2,'[{\"changed\": {\"fields\": [\"parent_job_instance\"]}}]',71,1),(133,'2017-11-06 23:01:56.012581','3','3',2,'[{\"changed\": {\"fields\": [\"parent_job_instance\"]}}]',71,1),(134,'2017-11-06 23:20:19.816723','3','3',2,'[{\"changed\": {\"fields\": [\"parent_job_instance\"]}}]',71,1),(135,'2017-11-06 23:21:14.704437','3','3',2,'[{\"changed\": {\"fields\": [\"parent_job_instance\"]}}]',71,1),(136,'2017-11-06 23:21:21.210751','4','4',1,'[{\"added\": {}}]',71,1),(137,'2017-11-06 23:21:30.373518','5','5',1,'[{\"added\": {}}]',71,1),(138,'2017-11-06 23:21:34.666128','6','6',1,'[{\"added\": {}}]',71,1),(139,'2017-11-06 23:22:08.746337','7','7',1,'[{\"added\": {}}]',71,1),(140,'2017-11-06 23:22:14.603101','8','8',1,'[{\"added\": {}}]',71,1),(141,'2017-11-06 23:22:44.912182','9','9',1,'[{\"added\": {}}]',71,1),(142,'2017-11-08 16:22:46.467615','1','RIF',1,'[{\"added\": {}}]',49,1),(143,'2017-11-08 16:28:58.460956','1','1: José Carranza Cortez',1,'[{\"added\": {}}]',47,1),(144,'2017-11-13 01:41:30.674978','2','Admin',2,'[]',4,1),(145,'2017-11-13 01:41:56.567333','1','salcedo',2,'[]',3,1),(146,'2017-11-13 01:42:09.481084','1','Comercializadora - Estimación del Contrato: C1 del Contratista: Libra',2,'[{\"changed\": {\"fields\": [\"period\", \"start_date\", \"end_date\", \"advance_payment_date\", \"lock_status\"]}}]',38,1),(147,'2017-11-13 01:43:33.316921','1','Comercializadora - Estimación del Contrato: C1 del Contratista: Libra',2,'[{\"changed\": {\"fields\": [\"period\", \"start_date\", \"end_date\", \"advance_payment_date\", \"lock_status\"]}}]',38,1),(148,'2017-11-13 01:45:46.638934','7','Estimación A1del Contrato C1 en el periodo: 2017-10-17',1,'[{\"added\": {}}]',39,1),(149,'2017-11-13 02:08:37.227809','1','Comercializadora - Estimación del Contrato: C1 del Contratista: Libra',2,'[{\"changed\": {\"fields\": [\"period\", \"start_date\", \"end_date\", \"advance_payment_date\", \"deduction_comments\"]}}]',38,1),(150,'2017-11-13 04:12:27.229916','1','Comercializadora - Estimación del Contrato: C1 del Contratista: Libra',2,'[{\"changed\": {\"fields\": [\"period\", \"start_date\", \"end_date\", \"advance_payment_date\"]}}]',38,1),(151,'2017-11-13 04:14:48.048478','8','Estimación Finiquitodel Contrato C1 en el periodo: 2017-10-17',1,'[{\"added\": {}}]',39,1),(152,'2017-11-13 04:23:06.784829','9','Estimación Finiquitodel Contrato C1 en el periodo: 2017-10-17',1,'[{\"added\": {}}]',39,1),(153,'2017-11-13 04:24:45.913682','10','Estimación Finiquitodel Contrato C1 en el periodo: 2017-10-17',1,'[{\"added\": {}}]',39,1),(154,'2017-11-13 04:28:28.382551','11','Estimación Finiquitodel Contrato C1 en el periodo: 2017-10-17',1,'[{\"added\": {}}]',39,1),(155,'2017-11-13 04:49:37.781362','5','OKOKOK',1,'[{\"added\": {}}, {\"added\": {\"object\": \"LogFile object\", \"name\": \"log file\"}}]',40,1),(156,'2017-11-13 05:00:07.813451','5','OKOKOK',2,'[{\"changed\": {\"fields\": [\"user\", \"date\"]}}, {\"added\": {\"object\": \"LogFile object\", \"name\": \"log file\"}}, {\"changed\": {\"fields\": [\"file\"], \"object\": \"LogFile object\", \"name\": \"log file\"}}]',40,1),(157,'2017-11-13 05:10:07.162919','2','Admin',2,'[]',4,1),(158,'2017-11-13 05:10:42.322813','2','Admin',2,'[]',4,1),(159,'2017-11-13 05:12:32.086855','1','Bitácora 1',2,'[{\"changed\": {\"fields\": [\"user\", \"date\"]}}, {\"added\": {\"object\": \"LogFile object\", \"name\": \"log file\"}}]',40,1),(160,'2017-11-13 05:14:19.620364','5','OKOKOK',2,'[{\"changed\": {\"fields\": [\"user\", \"date\"]}}, {\"added\": {\"object\": \"LogFile object\", \"name\": \"log file\"}}]',40,1),(161,'2017-11-13 05:15:07.474470','5','OKOKOK',2,'[{\"changed\": {\"fields\": [\"user\", \"date\", \"status\"]}}, {\"added\": {\"object\": \"LogFile object\", \"name\": \"log file\"}}]',40,1),(162,'2017-11-13 05:16:29.529366','5','OKOKOK',2,'[{\"changed\": {\"fields\": [\"user\", \"date\"]}}, {\"added\": {\"object\": \"LogFile object\", \"name\": \"log file\"}}]',40,1),(163,'2017-11-13 05:16:50.485485','5','OKOKOK',2,'[{\"changed\": {\"fields\": [\"user\", \"date\"]}}, {\"added\": {\"object\": \"LogFile object\", \"name\": \"log file\"}}]',40,1),(164,'2017-11-13 05:17:05.020223','2','Admin',2,'[]',4,1),(165,'2017-11-13 05:17:12.847521','5','OKOKOK',2,'[{\"changed\": {\"fields\": [\"user\", \"date\"]}}, {\"added\": {\"object\": \"LogFile object\", \"name\": \"log file\"}}]',40,1),(166,'2017-11-13 05:17:58.967426','5','OKOKOK',2,'[{\"changed\": {\"fields\": [\"user\", \"date\", \"status\"]}}, {\"added\": {\"object\": \"LogFile object\", \"name\": \"log file\"}}]',40,1),(167,'2017-11-13 05:18:42.107616','5','OKOKOK',2,'[{\"changed\": {\"fields\": [\"user\", \"date\"]}}, {\"added\": {\"object\": \"LogFile object\", \"name\": \"log file\"}}]',40,1),(168,'2017-11-13 05:18:58.863769','5','OKOKOK',2,'[{\"changed\": {\"fields\": [\"user\", \"date\"]}}, {\"added\": {\"object\": \"LogFile object\", \"name\": \"log file\"}}]',40,1),(169,'2017-11-13 05:19:36.664454','5','OKOKOK',2,'[{\"changed\": {\"fields\": [\"user\", \"date\"]}}, {\"added\": {\"object\": \"LogFile object\", \"name\": \"log file\"}}]',40,1),(170,'2017-11-13 05:20:14.480730','5','OKOKOK',2,'[{\"changed\": {\"fields\": [\"user\", \"date\"]}}, {\"added\": {\"object\": \"LogFile object\", \"name\": \"log file\"}}]',40,1),(171,'2017-11-13 05:21:22.006271','5','OKOKOK',2,'[{\"changed\": {\"fields\": [\"user\", \"date\", \"status\"]}}, {\"added\": {\"object\": \"LogFile object\", \"name\": \"log file\"}}]',40,1),(172,'2017-11-13 05:21:39.615156','2','Admin',2,'[]',4,1),(173,'2017-11-13 05:21:46.337060','5','OKOKOK',2,'[{\"changed\": {\"fields\": [\"user\", \"date\", \"status\"]}}, {\"added\": {\"object\": \"LogFile object\", \"name\": \"log file\"}}]',40,1),(174,'2017-11-13 05:34:01.450544','2','Admin',2,'[]',4,1),(175,'2017-11-13 05:34:10.401671','5','OKOKOK',2,'[{\"changed\": {\"fields\": [\"user\", \"date\", \"status\"]}}, {\"added\": {\"object\": \"LogFile object\", \"name\": \"log file\"}}]',40,1),(176,'2017-11-13 05:42:43.254186','10','Presidencia y Vicepresidencia',1,'[{\"added\": {}}]',4,1),(177,'2017-11-13 05:42:57.240000','11','Dirección General',1,'[{\"added\": {}}]',4,1),(178,'2017-11-13 05:50:38.969480','12','Administración',1,'[{\"added\": {}}]',4,1),(179,'2017-11-13 05:53:40.436032','13','Capacitación Obras',1,'[{\"added\": {}}]',4,1),(180,'2017-11-13 05:54:27.714263','41','obras1',1,'[{\"added\": {}}]',3,1),(181,'2017-11-13 05:54:34.834445','41','obras1',2,'[]',3,1),(182,'2017-11-13 05:55:11.580606','42','obras2',1,'[{\"added\": {}}]',3,1),(183,'2017-11-13 05:55:21.570295','42','obras2',2,'[]',3,1),(184,'2017-11-13 05:55:59.548967','43','obras3',1,'[{\"added\": {}}]',3,1),(185,'2017-11-13 05:56:05.835317','43','obras3',2,'[]',3,1),(186,'2017-11-13 05:56:39.229639','44','obras4',1,'[{\"added\": {}}]',3,1),(187,'2017-11-13 05:56:43.566160','44','obras4',2,'[]',3,1),(188,'2017-11-13 05:57:05.955752','45','obras5',1,'[{\"added\": {}}]',3,1),(189,'2017-11-13 05:57:10.759882','45','obras5',2,'[]',3,1),(190,'2017-11-13 05:57:37.094086','46','obras6',1,'[{\"added\": {}}]',3,1),(191,'2017-11-13 05:58:31.832539','46','obras6',2,'[]',3,1),(192,'2017-11-13 05:58:54.611125','47','obras7',1,'[{\"added\": {}}]',3,1),(193,'2017-11-13 05:58:58.789766','47','obras7',2,'[]',3,1),(194,'2017-11-13 05:59:20.766314','48','obras8',1,'[{\"added\": {}}]',3,1),(195,'2017-11-13 05:59:27.028562','48','obras8',2,'[]',3,1),(196,'2017-11-13 05:59:47.226537','49','obras9',1,'[{\"added\": {}}]',3,1),(197,'2017-11-13 05:59:52.880640','49','obras9',2,'[]',3,1),(198,'2017-11-13 06:00:17.829106','50','obras10',1,'[{\"added\": {}}]',3,1),(199,'2017-11-13 06:00:21.679272','50','obras10',2,'[]',3,1),(200,'2017-11-13 06:10:01.242058','13','Capacitación Obras',2,'[]',4,1),(201,'2017-11-13 06:10:13.582891','2','Admin',2,'[]',4,1),(202,'2017-11-13 08:03:52.684498','2','Admin',2,'[]',4,1),(203,'2017-11-13 08:26:00.018371','2','Admin',2,'[]',4,1),(204,'2017-11-21 08:05:20.429373','2','Admin',2,'[]',4,1),(205,'2017-11-23 04:39:44.947301','2','Admin',2,'[]',4,1),(206,'2017-11-27 16:05:31.486953','1','Juan Carlos García Espinoza',1,'[{\"added\": {}}, {\"added\": {\"object\": \"Juan Carlos Garc\\u00eda Espinoza\", \"name\": \"Pr\\u00e9stamo Detalle\"}}]',65,1),(207,'2017-11-27 16:37:47.673554','1','Juan Carlos García Espinoza',2,'[{\"added\": {\"object\": \"Juan Carlos Garc\\u00eda Espinoza\", \"name\": \"Pr\\u00e9stamo Detalle\"}}]',65,1),(208,'2017-11-27 17:49:37.545488','1','Juan Carlos García Espinoza',2,'[{\"added\": {\"object\": \"Juan Carlos Garc\\u00eda Espinoza\", \"name\": \"Pr\\u00e9stamo Detalle\"}}]',65,1),(209,'2017-11-27 21:03:06.082122','1','D-prestamo',1,'[{\"added\": {}}]',81,1),(210,'2017-11-27 21:05:02.643857','1','Juan Carlos García Espinoza',2,'[{\"added\": {\"object\": \"EmployeeLoanDetail object\", \"name\": \"Pr\\u00e9stamo Detalle\"}}]',65,1),(211,'2017-12-02 02:40:39.633183','1','Juan Carlos García Espinoza',2,'[{\"added\": {\"object\": \"EmployeeLoanDetail object\", \"name\": \"Pr\\u00e9stamo Detalle\"}}]',65,1),(212,'2017-12-02 02:42:22.994056','1','Juan Carlos García Espinoza',2,'[{\"added\": {\"object\": \"EmployeeLoanDetail object\", \"name\": \"Pr\\u00e9stamo Detalle\"}}]',65,1),(213,'2017-12-02 03:14:40.471194','1','Juan Carlos García Espinoza',2,'[{\"added\": {\"object\": \"EmployeeLoanDetail object\", \"name\": \"Pr\\u00e9stamo Detalle\"}}]',65,1),(214,'2017-12-02 03:15:09.018626','1','Juan Carlos García Espinoza',3,'',65,1),(215,'2017-12-02 05:34:42.529580','2','Juan Carlos García Espinoza',1,'[{\"added\": {}}, {\"added\": {\"object\": \"EmployeeLoanDetail object\", \"name\": \"Pr\\u00e9stamo Detalle\"}}]',65,1),(216,'2017-12-02 05:34:58.603625','2','Juan Carlos García Espinoza',2,'[{\"added\": {\"object\": \"EmployeeLoanDetail object\", \"name\": \"Pr\\u00e9stamo Detalle\"}}]',65,1),(217,'2017-12-02 06:16:34.368505','2','Enero QB del 2017-01-15 al 2017-01-28',1,'[{\"added\": {}}]',85,1),(218,'2017-12-02 06:17:09.229705','2','Juan Carlos García Espinoza',2,'[{\"added\": {\"object\": \"EmployeeLoanDetail object\", \"name\": \"Pr\\u00e9stamo Detalle\"}}]',65,1),(219,'2017-12-02 06:23:08.638747','2','Juan Carlos García Espinoza',2,'[{\"added\": {\"object\": \"EmployeeLoanDetail object\", \"name\": \"Pr\\u00e9stamo Detalle\"}}]',65,1),(220,'2017-12-02 06:34:05.233140','1','Bancomer',1,'[{\"added\": {}}]',NULL,1),(221,'2017-12-02 06:34:32.349217','1','EmployeeFinancialData object',1,'[{\"added\": {}}, {\"added\": {\"object\": \"Cr\\u00e9dito :1 del empleado 00001\", \"name\": \"Datos del Infonavit del Empleado\"}}]',88,1),(222,'2017-12-02 06:36:38.322118','2','P-Salario',1,'[{\"added\": {}}]',81,1),(223,'2017-12-02 06:36:48.873458','1','EmployeeEarningsDeductions object',1,'[{\"added\": {}}]',83,1),(224,'2017-12-02 06:37:32.131614','3','P-Salario',1,'[{\"added\": {}}]',81,1),(225,'2017-12-02 06:37:39.816703','3','P-Salario',3,'',81,1),(226,'2017-12-02 06:37:44.837666','2','P-Salario',2,'[{\"changed\": {\"fields\": [\"status\"]}}]',81,1),(227,'2017-12-03 22:34:57.651886','None','None',1,'[{\"added\": {}}]',33,1),(228,'2017-12-03 22:40:13.501487','2','00002: Rubén Gómez Esparza',1,'[{\"added\": {}}]',47,1),(229,'2017-12-03 22:49:44.214946','3','Grupo Comercializadora: Rubén Gómez Esparza',1,'[{\"added\": {}}]',86,1),(230,'2017-12-03 22:51:20.146756','2','EmployeeFinancialData object',1,'[{\"added\": {}}, {\"added\": {\"object\": \"Cr\\u00e9dito :9999 del empleado 00002\", \"name\": \"Datos del Infonavit del Empleado\"}}]',88,1),(231,'2017-12-03 23:18:57.233907','1','Enero QA del 2017-11-14 al 2017-11-28',2,'[{\"changed\": {\"fields\": [\"start_period\", \"end_period\"]}}]',85,1),(232,'2017-12-03 23:20:30.875205','1','Juan Carlos García Espinoza registro de asistencia del 2017-11-23',2,'[{\"changed\": {\"fields\": [\"entry_time\"]}}]',64,1),(233,'2017-12-04 00:05:00.741820','None','None',1,'[{\"added\": {}}]',33,1),(234,'2017-12-04 01:07:35.163572','3','Grupo Comercializadora: Rubén Gómez Esparza',2,'[{\"changed\": {\"fields\": [\"monday\", \"tuesday\", \"wednesday\", \"thursday\", \"friday\", \"saturday\"]}}]',86,1),(235,'2017-12-04 01:07:58.279539','2','Grupo Comercializadora: Juan Carlos García Espinoza',2,'[{\"changed\": {\"fields\": [\"monday\", \"tuesday\", \"wednesday\", \"thursday\", \"friday\"]}}]',86,1),(236,'2017-12-04 01:08:14.493624','2','Grupo Comercializadora: Juan Carlos García Espinoza',2,'[{\"changed\": {\"fields\": [\"monday\"]}}]',86,1),(237,'2017-12-04 01:08:34.470981','2','Grupo Comercializadora: Juan Carlos García Espinoza',2,'[{\"changed\": {\"fields\": [\"tuesday\", \"wednesday\", \"thursday\", \"friday\", \"saturday\"]}}]',86,1),(238,'2017-12-04 01:08:44.795865','3','Grupo Comercializadora: Rubén Gómez Esparza',2,'[{\"changed\": {\"fields\": [\"monday\", \"tuesday\", \"wednesday\", \"thursday\", \"friday\", \"saturday\"]}}]',86,1),(239,'2017-12-04 03:49:57.664776','2','00002: Rubén Gómez Esparza',2,'[{\"changed\": {\"fields\": [\"photo\"]}}]',47,1),(240,'2017-12-04 03:54:01.503778','1','1',1,'[{\"added\": {}}]',71,1),(241,'2017-12-04 03:54:06.571083','2','2',1,'[{\"added\": {}}]',71,1),(242,'2017-12-04 03:54:11.593051','3','3',1,'[{\"added\": {}}]',71,1),(243,'2017-12-04 03:54:15.792522','4','4',1,'[{\"added\": {}}]',71,1),(244,'2017-12-04 03:54:21.834774','5','5',1,'[{\"added\": {}}]',71,1),(245,'2017-12-04 03:54:28.119707','4','4',2,'[{\"changed\": {\"fields\": [\"employee\"]}}]',71,1),(246,'2017-12-04 07:44:41.455316','2','Admin',2,'[]',4,1),(247,'2017-12-04 08:11:25.346763','2','P-Salario',2,'[{\"changed\": {\"fields\": [\"percent_taxable\"]}}]',81,1),(248,'2017-12-04 08:25:39.036725','1','EmployeeEarningsDeductions object',2,'[{\"changed\": {\"fields\": [\"ammount\"]}}]',83,1),(249,'2017-12-04 08:43:57.982313','4','EmployeeEarningsDeductionsbyPeriod object',3,'',92,1),(250,'2017-12-04 08:44:08.143582','10','EmployeeEarningsDeductionsbyPeriod object',3,'',92,1),(251,'2017-12-04 08:45:26.299451','9','EmployeeEarningsDeductionsbyPeriod object',3,'',92,1),(252,'2017-12-04 08:54:24.641776','8','EmployeeEarningsDeductionsbyPeriod object',3,'',92,1),(253,'2017-12-04 08:54:43.472694','7','EmployeeEarningsDeductionsbyPeriod object',3,'',92,1),(255,'2017-12-04 08:55:48.737491','6','EmployeeEarningsDeductionsbyPeriod object',3,'',92,1),(256,'2017-12-04 08:56:27.844536','5','EmployeeEarningsDeductionsbyPeriod object',3,'',92,1),(257,'2017-12-04 09:00:19.291151','3','EmployeeEarningsDeductionsbyPeriod object',2,'[{\"changed\": {\"fields\": [\"ammount\"]}}]',92,1),(258,'2017-12-04 12:27:27.138854','None','Del 2017-11-14 al 2017-11-28 - test.xlsx',1,'[{\"added\": {}}]',95,1),(259,'2017-12-04 12:46:48.014108','None','Del 2017-11-14 al 2017-11-28 - test.xlsx',1,'[{\"added\": {}}]',95,1),(260,'2017-12-04 12:53:20.284075','None','Del 2017-11-14 al 2017-11-28 - test.xlsx',1,'[{\"added\": {}}]',95,1),(261,'2017-12-04 13:04:23.019905','None','Del 2017-11-14 al 2017-11-28 - test.xlsx',1,'[{\"added\": {}}]',95,1),(262,'2017-12-04 13:16:28.227990','None','Del 2017-11-14 al 2017-11-28 - test.xlsx',1,'[{\"added\": {}}]',95,1),(263,'2017-12-04 13:18:23.683260','1','Del 2017-11-14 al 2017-11-28 - assistance_uploads/1Enero QA/test_4vcj4tf.xlsx',1,'[{\"added\": {}}]',95,1),(264,'2017-12-04 17:03:43.675664','2','Juan Carlos García Espinoza',2,'[{\"added\": {\"object\": \"EmployeeLoanDetail object\", \"name\": \"Pr\\u00e9stamo Detalle\"}}]',65,1),(265,'2017-12-04 17:04:07.529583','2','Juan Carlos García Espinoza',2,'[{\"added\": {\"object\": \"EmployeeLoanDetail object\", \"name\": \"Pr\\u00e9stamo Detalle\"}}]',65,1),(266,'2017-12-04 17:10:33.563226','2','Juan Carlos García Espinoza',2,'[{\"added\": {\"object\": \"EmployeeLoanDetail object\", \"name\": \"Pr\\u00e9stamo Detalle\"}}]',65,1),(267,'2017-12-04 17:10:52.382662','2','Juan Carlos García Espinoza',2,'[{\"changed\": {\"fields\": [\"amount\"], \"object\": \"EmployeeLoanDetail object\", \"name\": \"Pr\\u00e9stamo Detalle\"}}]',65,1),(268,'2017-12-04 17:11:12.493075','2','Juan Carlos García Espinoza',2,'[]',65,1),(269,'2017-12-04 19:09:15.004665','2','Juan Carlos García Espinoza',2,'[{\"changed\": {\"fields\": [\"amount\"], \"object\": \"EmployeeLoanDetail object\", \"name\": \"Pr\\u00e9stamo Detalle\"}}]',65,1),(270,'2017-12-04 19:09:23.993429','2','Juan Carlos García Espinoza',2,'[{\"changed\": {\"fields\": [\"amount\"], \"object\": \"EmployeeLoanDetail object\", \"name\": \"Pr\\u00e9stamo Detalle\"}}]',65,1),(271,'2017-12-08 01:55:16.345515','1','Daniel Esparza Nieves',1,'[{\"added\": {}}]',61,1),(272,'2017-12-08 02:59:45.056336','1','familiar familioso familo',1,'[{\"added\": {}}]',60,1),(273,'2017-12-08 03:40:36.669609','1','IQ',1,'[{\"added\": {}}]',57,1),(274,'2017-12-08 03:40:51.290406','2','Cognositivo',1,'[{\"added\": {}}]',57,1),(275,'2017-12-08 03:41:00.819338','3','Psicosométrico',1,'[{\"added\": {}}]',57,1),(276,'2017-12-08 03:41:34.063147','1','Cognositivo: Rubén: Gómez: Esparza',1,'[{\"added\": {}}]',58,1),(277,'2017-12-08 03:42:09.946529','2','Psicosométrico: Juan Carlos: García: Espinoza',1,'[{\"added\": {}}]',58,1),(278,'2017-12-08 03:42:23.047833','3','IQ: Juan Carlos: García: Espinoza',1,'[{\"added\": {}}]',58,1),(279,'2017-12-08 03:48:13.807057','2','EmployeeEarningsDeductions object',1,'[{\"added\": {}}]',83,1),(280,'2017-12-13 01:56:37.302706','2','Admin',2,'[]',4,1),(281,'2017-12-13 05:12:28.676628','1','2017 Mayo',1,'[{\"added\": {}}]',98,1),(282,'2017-12-13 05:12:36.488205','2','2017 Enero',1,'[{\"added\": {}}]',98,1),(283,'2017-12-13 05:17:35.836403','1','Ingresos',1,'[{\"added\": {}}]',92,1),(284,'2017-12-13 05:17:41.212337','2','Egresos',1,'[{\"added\": {}}]',92,1),(285,'2017-12-13 05:17:46.346046','3','Diario',1,'[{\"added\": {}}]',92,1),(286,'2017-12-13 05:22:14.891030','1','5: Papelería',1,'[{\"added\": {}}]',97,1),(287,'2017-12-13 05:24:16.569776','3','Ingresos: 1',1,'[{\"added\": {}}, {\"added\": {\"object\": \"5: Papeler\\u00eda\", \"name\": \"Detalle de P\\u00f3liza\"}}]',94,1),(288,'2017-12-13 06:01:09.152614','1','nombre',1,'[{\"added\": {}}]',NULL,1),(289,'2017-12-13 06:02:34.507908','1','nombre',2,'[{\"changed\": {\"fields\": [\"register_date\", \"services\"]}}]',NULL,1),(290,'2017-12-13 06:03:16.262198','1','nombre',2,'[{\"changed\": {\"fields\": [\"rfc\", \"cellphone_number\", \"office_number\", \"register_date\", \"bank_account\"]}}]',NULL,1),(291,'2017-12-13 06:04:39.524498','1','nombre',2,'[{\"changed\": {\"fields\": [\"phone_number\", \"register_date\"]}}]',NULL,1),(292,'2017-12-13 22:24:49.884961','2','Admin',2,'[]',2,1),(293,'2017-12-13 22:28:04.506799','1','nombre',1,'[{\"added\": {}}]',105,1),(294,'2017-12-14 00:50:22.492082','2','Admin',2,'[]',2,1),(295,'2017-12-14 00:52:00.056168','1','Nombre',1,'[{\"added\": {}}]',106,1),(296,'2017-12-14 06:00:22.927088','3','Ingresos: 1',2,'[]',94,1),(297,'2017-12-14 06:13:19.247041','2','102: Equipo de Computo',1,'[{\"added\": {}}]',97,1),(298,'2017-12-14 06:19:07.142406','3','Ingresos: 1',2,'[{\"added\": {\"object\": \"102: Equipo de Computo\", \"name\": \"Detalle de P\\u00f3liza\"}}]',94,1),(299,'2017-12-14 06:19:14.172080','3','Ingresos: 1',2,'[]',94,1),(300,'2017-12-14 06:19:45.867344','3','Ingresos: 1',2,'[{\"changed\": {\"fields\": [\"description\", \"credit\"], \"object\": \"102: Equipo de Computo\", \"name\": \"Detalle de P\\u00f3liza\"}}]',94,1),(301,'2017-12-14 06:20:31.813406','3','Ingresos: 1',2,'[]',94,1),(302,'2017-12-14 06:21:25.314718','4','Ingresos: 2',1,'[{\"added\": {}}]',94,1),(303,'2017-12-14 06:22:17.181994','4','Ingresos: 2',2,'[{\"added\": {\"object\": \"5: Papeler\\u00eda\", \"name\": \"Detalle de P\\u00f3liza\"}}]',94,1),(304,'2017-12-14 06:22:43.292241','4','Ingresos: 2',2,'[{\"changed\": {\"fields\": [\"fiscal_period\"]}}]',94,1),(305,'2017-12-14 06:53:59.733960','2','Admin',2,'[]',2,1),(306,'2017-12-14 20:58:28.207547','3','10101: 101.01',1,'[{\"added\": {}}]',115,1),(307,'2017-12-14 20:58:58.886075','4','15101: 151.01',1,'[{\"added\": {}}]',115,1),(308,'2017-12-14 20:59:19.845837','5','201: 201.01',1,'[{\"added\": {}}]',115,1),(309,'2017-12-14 20:59:51.386077','6','251: 251.01',1,'[{\"added\": {}}]',115,1),(310,'2017-12-14 21:00:13.462609','7','30101: 301.01',1,'[{\"added\": {}}]',115,1),(311,'2017-12-14 21:03:59.849883','6','Ingresos: 1',1,'[{\"added\": {}}, {\"added\": {\"object\": \"10101: 101.01\", \"name\": \"Detalle de P\\u00f3liza\"}}, {\"added\": {\"object\": \"10101: 101.01\", \"name\": \"Detalle de P\\u00f3liza\"}}, {\"added\": {\"object\": \"15101: 151.01\", \"name\": \"Detalle de P\\u00f3liza\"}}, {\"added\": {\"object\": \"15101: 151.01\", \"name\": \"Detalle de P\\u00f3liza\"}}]',94,1),(312,'2017-12-14 21:08:14.093012','6','Ingresos: 1',2,'[{\"changed\": {\"fields\": [\"registry_date\"]}}]',94,1),(313,'2017-12-14 21:08:40.829827','3','10101: 101.01',2,'[{\"changed\": {\"fields\": [\"grouping_code\"]}}]',115,1),(314,'2017-12-14 21:09:43.367956','6','Ingresos: 1',2,'[{\"changed\": {\"fields\": [\"registry_date\"]}}, {\"added\": {\"object\": \"201: 201.01\", \"name\": \"Detalle de P\\u00f3liza\"}}, {\"added\": {\"object\": \"201: 201.01\", \"name\": \"Detalle de P\\u00f3liza\"}}, {\"added\": {\"object\": \"251: 251.01\", \"name\": \"Detalle de P\\u00f3liza\"}}, {\"added\": {\"object\": \"251: 251.01\", \"name\": \"Detalle de P\\u00f3liza\"}}]',94,1),(315,'2017-12-14 21:10:08.478875','5','201: 201.01',2,'[{\"changed\": {\"fields\": [\"grouping_code\"]}}]',115,1),(316,'2017-12-14 21:48:12.678066','6','Ingresos: 1',2,'[{\"changed\": {\"fields\": [\"registry_date\"]}}, {\"added\": {\"object\": \"30101: 301.01\", \"name\": \"Detalle de P\\u00f3liza\"}}, {\"added\": {\"object\": \"30101: 301.01\", \"name\": \"Detalle de P\\u00f3liza\"}}]',94,1),(317,'2017-12-14 23:32:27.532322','3','2017 Agosto',1,'[{\"added\": {}}]',98,1),(318,'2017-12-15 09:45:55.565197','7','Diario: 1 del periodo fiscal Enero 2017',1,'[{\"added\": {}}, {\"added\": {\"object\": \"1120001000: BANCOMER  # 0189596135\", \"name\": \"Detalle de P\\u00f3liza\"}}, {\"added\": {\"object\": \"1150002000: ALVARO MUNOZ DEL RAZO\", \"name\": \"Detalle de P\\u00f3liza\"}}]',94,1),(319,'2017-12-15 09:47:05.221917','8','Diario: 2 del periodo fiscal Enero 2017',1,'[{\"added\": {}}, {\"added\": {\"object\": \"1120002000: SCOTIABANK 20900069949\", \"name\": \"Detalle de P\\u00f3liza\"}}, {\"added\": {\"object\": \"1150003000: JOSELUIS ROMERO MOLINA\", \"name\": \"Detalle de P\\u00f3liza\"}}]',94,1),(320,'2017-12-15 09:47:56.258641','9','Ingresos: 3 del periodo fiscal Enero 2017',1,'[{\"added\": {}}, {\"added\": {\"object\": \"1120003000: SANTANDER 65505759508\", \"name\": \"Detalle de P\\u00f3liza\"}}]',94,1),(321,'2017-12-18 10:41:25.283849','9','Ingresos: 3 del periodo fiscal Enero 2017',2,'[{\"added\": {\"object\": \"1150009000: EDOMEX. INST. MEX. INF. FIS. EDU.\", \"name\": \"Detalle de P\\u00f3liza\"}}]',94,1),(322,'2018-02-13 05:16:52.421096','1','Bancomer',1,'[{\"added\": {}}]',113,1),(323,'2018-02-13 07:01:50.032280','13','Enero 2018',1,'[{\"added\": {}}]',98,1),(324,'2018-02-13 07:02:05.639587','14','Febrero 2018',1,'[{\"added\": {}}]',98,1),(325,'2018-02-13 07:02:16.196329','15','Enero 2018',1,'[{\"added\": {}}]',98,1),(326,'2018-02-13 07:02:41.118083','15','Enero 2018',3,'',98,1),(327,'2018-02-13 07:35:56.871593','2','Proveedor-0001',1,'[{\"added\": {}}]',105,1),(328,'2018-02-13 07:40:28.377886','1','Proveedor-0001',1,'[{\"added\": {}}]',105,1),(329,'2018-02-13 07:40:42.260584','1','Proveedor-0001',2,'[{\"changed\": {\"fields\": [\"extension_number\"]}}]',105,1),(330,'2018-02-13 07:42:51.115920','2','tercero 0001',1,'[{\"added\": {}}]',105,1),(331,'2018-02-13 07:45:38.660487','3','acreedor 0001',1,'[{\"added\": {}}]',105,1),(332,'2018-02-20 03:35:59.505059','1','excel',1,'[{\"added\": {}}]',84,1),(333,'2018-02-20 03:36:08.065075','2','PPT',1,'[{\"added\": {}}]',84,1),(334,'2018-02-20 03:36:16.414900','3','PDF',1,'[{\"added\": {}}]',84,1),(335,'2018-02-20 03:36:23.456165','4','word',1,'[{\"added\": {}}]',84,1),(336,'2018-02-20 03:36:49.314627','1','excel: Rubén Gómez Esparza',1,'[{\"added\": {}}]',80,1),(337,'2018-02-20 03:36:55.882217','2','PDF: Rubén Gómez Esparza',1,'[{\"added\": {}}]',80,1),(338,'2018-02-20 14:40:49.854694','None','Enero 2018',1,'[{\"added\": {}}]',98,1),(339,'2018-02-20 18:50:44.261419','2','Santander',1,'[{\"added\": {}}]',113,1);
/*!40000 ALTER TABLE `django_admin_log` ENABLE KEYS */;
UNLOCK TABLES;

--
-- Table structure for table `django_content_type`
--

DROP TABLE IF EXISTS `django_content_type`;
/*!40101 SET @saved_cs_client     = @@character_set_client */;
/*!40101 SET character_set_client = utf8 */;
CREATE TABLE `django_content_type` (
  `id` int(11) NOT NULL AUTO_INCREMENT,
  `app_label` varchar(100) NOT NULL,
  `model` varchar(100) NOT NULL,
  PRIMARY KEY (`id`),
  UNIQUE KEY `django_content_type_app_label_model_76bd3d3b_uniq` (`app_label`,`model`)
) ENGINE=InnoDB AUTO_INCREMENT=118 DEFAULT CHARSET=utf8;
/*!40101 SET character_set_client = @saved_cs_client */;

--
-- Dumping data for table `django_content_type`
--

LOCK TABLES `django_content_type` WRITE;
/*!40000 ALTER TABLE `django_content_type` DISABLE KEYS */;
INSERT INTO `django_content_type` VALUES (97,'Accounting','account'),(94,'Accounting','accountingpolicy'),(95,'Accounting','accountingpolicydetail'),(108,'Accounting','bank'),(105,'Accounting','commercialally'),(106,'Accounting','commercialallycontact'),(98,'Accounting','fiscalperiod'),(96,'Accounting','groupingcode'),(107,'Accounting','satbank'),(92,'Accounting','typepolicy'),(1,'admin','logentry'),(2,'auth','group'),(3,'auth','permission'),(4,'auth','user'),(5,'contenttypes','contenttype'),(48,'DataUpload','usuariofolio'),(47,'ERP','accesstoproject'),(36,'ERP','area'),(35,'ERP','bank'),(23,'ERP','blueprint'),(15,'ERP','concept_input'),(18,'ERP','contact'),(27,'ERP','contractconcepts'),(21,'ERP','contratista'),(42,'ERP','contratocontratista'),(25,'ERP','departamento'),(40,'ERP','documentofuente'),(32,'ERP','empleado'),(30,'ERP','empresa'),(24,'ERP','estado'),(34,'ERP','estimate'),(12,'ERP','estimateadvanceauthorization'),(43,'ERP','lineitem'),(19,'ERP','logfile'),(44,'ERP','modalidadcontrato'),(37,'ERP','municipio'),(39,'ERP','pais'),(45,'ERP','paymentschedule'),(16,'ERP','progressestimate'),(41,'ERP','progressestimateauthorization'),(17,'ERP','progressestimatelog'),(31,'ERP','project'),(46,'ERP','projectsections'),(13,'ERP','propietario'),(33,'ERP','puesto'),(104,'ERP','satbank'),(28,'ERP','section'),(26,'ERP','systemlogentry'),(22,'ERP','tipoconstruccion'),(29,'ERP','tipoproyectodetalle'),(38,'ERP','unit'),(14,'ERP','uploadedcatalogshistory'),(20,'ERP','uploadedinputexplotionshistory'),(71,'HumanResources','absenceproof'),(63,'HumanResources','area'),(73,'HumanResources','checkerdata'),(79,'HumanResources','currenteducation'),(53,'HumanResources','currenteducationdocument'),(69,'HumanResources','department'),(70,'HumanResources','direction'),(68,'HumanResources','documenttype'),(49,'HumanResources','earningdeductionperiod'),(89,'HumanResources','earningsdeductions'),(58,'HumanResources','education'),(83,'HumanResources','emergencycontact'),(82,'HumanResources','employee'),(88,'HumanResources','employeeassistance'),(50,'HumanResources','employeecontract'),(66,'HumanResources','employeedocument'),(51,'HumanResources','employeedropout'),(74,'HumanResources','employeeearningsdeductions'),(78,'HumanResources','employeeearningsdeductionsbyperiod'),(65,'HumanResources','employeefinancialdata'),(80,'HumanResources','employeehastag'),(75,'HumanResources','employeeloan'),(72,'HumanResources','employeeloandetail'),(76,'HumanResources','employeepositiondescription'),(61,'HumanResources','familymember'),(77,'HumanResources','infonavitdata'),(59,'HumanResources','isrtable'),(87,'HumanResources','jobinstance'),(86,'HumanResources','jobprofile'),(55,'HumanResources','payrollclassification'),(85,'HumanResources','payrollgroup'),(54,'HumanResources','payrollperiod'),(90,'HumanResources','payrollprocesseddetail'),(60,'HumanResources','payrollreceiptprocessed'),(52,'HumanResources','payrolltoprocess'),(56,'HumanResources','payrolltype'),(62,'HumanResources','subdirection'),(84,'HumanResources','tag'),(64,'HumanResources','taxregime'),(57,'HumanResources','test'),(81,'HumanResources','testapplication'),(91,'HumanResources','uploadedemployeeassistancehistory'),(67,'HumanResources','workreference'),(9,'oauth2_provider','accesstoken'),(10,'oauth2_provider','application'),(7,'oauth2_provider','grant'),(8,'oauth2_provider','refreshtoken'),(6,'sessions','session'),(115,'SharedCatalogs','account'),(113,'SharedCatalogs','bank'),(110,'SharedCatalogs','estado'),(114,'SharedCatalogs','groupingcode'),(116,'SharedCatalogs','internalcompany'),(117,'SharedCatalogs','itemaccount'),(111,'SharedCatalogs','municipio'),(109,'SharedCatalogs','pais'),(112,'SharedCatalogs','satbank'),(11,'users','erpuser');
/*!40000 ALTER TABLE `django_content_type` ENABLE KEYS */;
UNLOCK TABLES;

--
-- Table structure for table `django_migrations`
--

DROP TABLE IF EXISTS `django_migrations`;
/*!40101 SET @saved_cs_client     = @@character_set_client */;
/*!40101 SET character_set_client = utf8 */;
CREATE TABLE `django_migrations` (
  `id` int(11) NOT NULL AUTO_INCREMENT,
  `app` varchar(255) NOT NULL,
  `name` varchar(255) NOT NULL,
  `applied` datetime(6) NOT NULL,
  PRIMARY KEY (`id`)
) ENGINE=MyISAM AUTO_INCREMENT=27 DEFAULT CHARSET=utf8;
/*!40101 SET character_set_client = @saved_cs_client */;

--
-- Dumping data for table `django_migrations`
--

LOCK TABLES `django_migrations` WRITE;
/*!40000 ALTER TABLE `django_migrations` DISABLE KEYS */;
INSERT INTO `django_migrations` VALUES (1,'SharedCatalogs','0001_initial','2018-02-20 19:02:19.310000'),(2,'Accounting','0001_initial','2018-02-20 19:02:21.148000'),(3,'DataUpload','0001_initial','2018-02-20 19:02:21.176000'),(4,'contenttypes','0001_initial','2018-02-20 19:02:21.322000'),(5,'auth','0001_initial','2018-02-20 19:02:22.152000'),(6,'users','0001_initial','2018-02-20 19:02:22.230000'),(7,'ERP','0001_initial','2018-02-20 19:02:32.952000'),(8,'HumanResources','0001_initial','2018-02-20 19:02:45.051000'),(9,'admin','0001_initial','2018-02-20 19:02:45.315000'),(10,'admin','0002_logentry_remove_auto_add','2018-02-20 19:02:45.351000'),(11,'contenttypes','0002_remove_content_type_name','2018-02-20 19:02:45.666000'),(12,'auth','0002_alter_permission_name_max_length','2018-02-20 19:02:45.723000'),(13,'auth','0003_alter_user_email_max_length','2018-02-20 19:02:45.788000'),(14,'auth','0004_alter_user_username_opts','2018-02-20 19:02:45.820000'),(15,'auth','0005_alter_user_last_login_null','2018-02-20 19:02:45.905000'),(16,'auth','0006_require_contenttypes_0002','2018-02-20 19:02:45.913000'),(17,'auth','0007_alter_validators_add_error_messages','2018-02-20 19:02:45.948000'),(18,'auth','0008_alter_user_username_max_length','2018-02-20 19:02:46.024000'),(19,'oauth2_provider','0001_initial','2018-02-20 19:02:47.279000'),(20,'oauth2_provider','0002_08_updates','2018-02-20 19:02:47.663000'),(21,'oauth2_provider','0003_auto_20160316_1503','2018-02-20 19:02:47.785000'),(22,'oauth2_provider','0004_auto_20160525_1623','2018-02-20 19:02:48.155000'),(23,'oauth2_provider','0005_auto_20170514_1141','2018-02-20 19:02:49.929000'),(24,'sessions','0001_initial','2018-02-20 19:02:50.030000'),(25,'HumanResources','0002_auto_20180220_1306','2018-02-20 19:07:04.511000'),(26,'Accounting','0002_commercialally_phone_number_2','2018-02-20 19:13:10.611000');
/*!40000 ALTER TABLE `django_migrations` ENABLE KEYS */;
UNLOCK TABLES;

--
-- Table structure for table `django_session`
--

DROP TABLE IF EXISTS `django_session`;
/*!40101 SET @saved_cs_client     = @@character_set_client */;
/*!40101 SET character_set_client = utf8 */;
CREATE TABLE `django_session` (
  `session_key` varchar(40) NOT NULL,
  `session_data` longtext NOT NULL,
  `expire_date` datetime(6) NOT NULL,
  PRIMARY KEY (`session_key`),
  KEY `django_session_de54fa62` (`expire_date`)
) ENGINE=InnoDB DEFAULT CHARSET=latin1;
/*!40101 SET character_set_client = @saved_cs_client */;

--
-- Dumping data for table `django_session`
--

LOCK TABLES `django_session` WRITE;
/*!40000 ALTER TABLE `django_session` DISABLE KEYS */;
INSERT INTO `django_session` VALUES ('09qknnl66xezq8d3pk2ssjhjl5dqhqwx','MjIzZDQ0MmU0MGI2YzNlYmRhM2M1NTZiY2ZlOWFkY2IwY2JlMDBkNjp7Il9hdXRoX3VzZXJfaGFzaCI6IjYzYzM2MmQzNDlhYzIzOWI3NTMwNmViNjhiMWU2Y2Y2OTU3YTNlZDgiLCJfYXV0aF91c2VyX2JhY2tlbmQiOiJkamFuZ28uY29udHJpYi5hdXRoLmJhY2tlbmRzLk1vZGVsQmFja2VuZCIsIl9hdXRoX3VzZXJfaWQiOiIxIn0=','2018-02-25 14:58:05.081049'),('1bbylilbulw0m1btzkimg6xk06q9kp0s','ZTJjYmQ1ZTFjNDU0NTAwMWU3ZjUyMjk4ZTcxYTBiYTBiMThhOTgwMTp7Il9hdXRoX3VzZXJfaGFzaCI6IjZiOWVmZTI0NjEzMGUwZTliMmFjNWRlMTJjN2I5OTdkOGViZTIwMmYiLCJfYXV0aF91c2VyX2JhY2tlbmQiOiJkamFuZ28uY29udHJpYi5hdXRoLmJhY2tlbmRzLk1vZGVsQmFja2VuZCIsIl9hdXRoX3VzZXJfaWQiOiIxIn0=','2017-11-27 06:05:44.733339'),('1jtcv1llk421qu5j6s3guhi02ud28m4z','MGQ2MDg1ZDg2NTZlNTAxOGRmY2Y3MzhhYjFmNDlhOWI0YjNkNWY3OTp7Il9hdXRoX3VzZXJfaGFzaCI6IjE0NGEzNjY3MDU2NDgxMGI2ODkxOGRhNmEzMTEwZGJhZTJlMmNmMDAiLCJfYXV0aF91c2VyX2JhY2tlbmQiOiJkamFuZ28uY29udHJpYi5hdXRoLmJhY2tlbmRzLk1vZGVsQmFja2VuZCIsIl9hdXRoX3VzZXJfaWQiOiIyMSJ9','2017-10-31 19:57:03.521532'),('29wk6djhugh1xm6xe3jdj834f48thfbj','MjIzZDQ0MmU0MGI2YzNlYmRhM2M1NTZiY2ZlOWFkY2IwY2JlMDBkNjp7Il9hdXRoX3VzZXJfaGFzaCI6IjYzYzM2MmQzNDlhYzIzOWI3NTMwNmViNjhiMWU2Y2Y2OTU3YTNlZDgiLCJfYXV0aF91c2VyX2JhY2tlbmQiOiJkamFuZ28uY29udHJpYi5hdXRoLmJhY2tlbmRzLk1vZGVsQmFja2VuZCIsIl9hdXRoX3VzZXJfaWQiOiIxIn0=','2018-03-06 15:24:03.163439'),('2aqyomm1172vclmnf652pni2wur9pqsj','YTdjMWYyYWQzYWJlYzI1MDc0MTFlZmU2M2FhNmEwMTM2MzAyYzdkYzp7Il9hdXRoX3VzZXJfaGFzaCI6IjA3YzZlOGJjN2FkY2NkYjExYWU5ZjgxMDBmOWNiMWNiMmJmYzlhNTYiLCJfYXV0aF91c2VyX2JhY2tlbmQiOiJkamFuZ28uY29udHJpYi5hdXRoLmJhY2tlbmRzLk1vZGVsQmFja2VuZCIsIl9hdXRoX3VzZXJfaWQiOiIxIn0=','2017-11-27 07:30:23.599482'),('2btbl4h05ru3i7hnegb7qzhz64pmiahb','NzE3ZWUwYWMyMDIxNjlmZGUxNmU2MDdlMDRlYjhmZTg2YThkZDk1Yzp7Il9hdXRoX3VzZXJfaGFzaCI6ImEyODFkZmUxMDM1ZDBmNTlkOTkwZDlkY2I4MDk3YWM1ZTZjZGU3NDEiLCJfYXV0aF91c2VyX2JhY2tlbmQiOiJkamFuZ28uY29udHJpYi5hdXRoLmJhY2tlbmRzLk1vZGVsQmFja2VuZCIsIl9hdXRoX3VzZXJfaWQiOiIxIn0=','2017-12-27 02:00:18.233873'),('2ey1hjrpy6f5nf0g75koevwurcw79lqv','ZDAwMTViMDhiNGJjMGYwMDlmNDJlNzA2NzJkZDcwNTRhY2FlYjM1ZTp7Il9hdXRoX3VzZXJfaGFzaCI6ImQxNWE3YjFjMGRmNjIwMjdhZmU5OTllYzVjMmZjN2YyYWZlODNiODQiLCJfYXV0aF91c2VyX2JhY2tlbmQiOiJkamFuZ28uY29udHJpYi5hdXRoLmJhY2tlbmRzLk1vZGVsQmFja2VuZCIsIl9hdXRoX3VzZXJfaWQiOiIxIn0=','2017-12-18 07:44:24.172825'),('3cubxcwdiq3ihex9lcwz0djrifenb9bt','YTdjMWYyYWQzYWJlYzI1MDc0MTFlZmU2M2FhNmEwMTM2MzAyYzdkYzp7Il9hdXRoX3VzZXJfaGFzaCI6IjA3YzZlOGJjN2FkY2NkYjExYWU5ZjgxMDBmOWNiMWNiMmJmYzlhNTYiLCJfYXV0aF91c2VyX2JhY2tlbmQiOiJkamFuZ28uY29udHJpYi5hdXRoLmJhY2tlbmRzLk1vZGVsQmFja2VuZCIsIl9hdXRoX3VzZXJfaWQiOiIxIn0=','2017-12-17 20:38:06.426756'),('41xzlthybl53t0ooujdioxzpdv60nuno','YTdjMWYyYWQzYWJlYzI1MDc0MTFlZmU2M2FhNmEwMTM2MzAyYzdkYzp7Il9hdXRoX3VzZXJfaGFzaCI6IjA3YzZlOGJjN2FkY2NkYjExYWU5ZjgxMDBmOWNiMWNiMmJmYzlhNTYiLCJfYXV0aF91c2VyX2JhY2tlbmQiOiJkamFuZ28uY29udHJpYi5hdXRoLmJhY2tlbmRzLk1vZGVsQmFja2VuZCIsIl9hdXRoX3VzZXJfaWQiOiIxIn0=','2017-12-16 06:32:13.698651'),('5iirnpr45x007m6nrcgpa587r2kfg6m3','MWVlZmUyYTU4OGEwY2RhMTNiMDFhNGI4NmQzN2ZjOTkwZDg3MzEyMzp7Il9hdXRoX3VzZXJfaGFzaCI6ImIxMTNmZGU0OTZmOTliYWFhNjM5YmE2ZjhjZWVmZDA5YjU3MjAzZjIiLCJfYXV0aF91c2VyX2JhY2tlbmQiOiJkamFuZ28uY29udHJpYi5hdXRoLmJhY2tlbmRzLk1vZGVsQmFja2VuZCIsIl9hdXRoX3VzZXJfaWQiOiI0MSJ9','2017-11-27 06:00:40.830073'),('5nyar0ou5pco4phkwep8b3j1rontjih4','ZDAwMTViMDhiNGJjMGYwMDlmNDJlNzA2NzJkZDcwNTRhY2FlYjM1ZTp7Il9hdXRoX3VzZXJfaGFzaCI6ImQxNWE3YjFjMGRmNjIwMjdhZmU5OTllYzVjMmZjN2YyYWZlODNiODQiLCJfYXV0aF91c2VyX2JhY2tlbmQiOiJkamFuZ28uY29udHJpYi5hdXRoLmJhY2tlbmRzLk1vZGVsQmFja2VuZCIsIl9hdXRoX3VzZXJfaWQiOiIxIn0=','2017-12-20 06:42:45.589022'),('5sxic1f65xpw5iuvqls9rzmsrjkpytcs','YTdjMWYyYWQzYWJlYzI1MDc0MTFlZmU2M2FhNmEwMTM2MzAyYzdkYzp7Il9hdXRoX3VzZXJfaGFzaCI6IjA3YzZlOGJjN2FkY2NkYjExYWU5ZjgxMDBmOWNiMWNiMmJmYzlhNTYiLCJfYXV0aF91c2VyX2JhY2tlbmQiOiJkamFuZ28uY29udHJpYi5hdXRoLmJhY2tlbmRzLk1vZGVsQmFja2VuZCIsIl9hdXRoX3VzZXJfaWQiOiIxIn0=','2017-11-27 07:18:39.708634'),('7qtxxdtrpodr6ps2xrgaqa899z47zpnn','MjIzZDQ0MmU0MGI2YzNlYmRhM2M1NTZiY2ZlOWFkY2IwY2JlMDBkNjp7Il9hdXRoX3VzZXJfaGFzaCI6IjYzYzM2MmQzNDlhYzIzOWI3NTMwNmViNjhiMWU2Y2Y2OTU3YTNlZDgiLCJfYXV0aF91c2VyX2JhY2tlbmQiOiJkamFuZ28uY29udHJpYi5hdXRoLmJhY2tlbmRzLk1vZGVsQmFja2VuZCIsIl9hdXRoX3VzZXJfaWQiOiIxIn0=','2018-02-23 04:43:15.501458'),('9fafkuyd6nq15p1lpgyx4ko7qdphf0b8','ZTJjYmQ1ZTFjNDU0NTAwMWU3ZjUyMjk4ZTcxYTBiYTBiMThhOTgwMTp7Il9hdXRoX3VzZXJfaGFzaCI6IjZiOWVmZTI0NjEzMGUwZTliMmFjNWRlMTJjN2I5OTdkOGViZTIwMmYiLCJfYXV0aF91c2VyX2JhY2tlbmQiOiJkamFuZ28uY29udHJpYi5hdXRoLmJhY2tlbmRzLk1vZGVsQmFja2VuZCIsIl9hdXRoX3VzZXJfaWQiOiIxIn0=','2017-11-27 06:03:37.505674'),('aynyh15fncio8200den2wjwnpqejv2i8','OTg2MzUyNGFhZThmZGY3ZmQ1MzE2NzkzNmE4YTIxZDEwNGMyYjE5Nzp7Il9hdXRoX3VzZXJfaGFzaCI6IjVmYmM2Yjk1OGFlMDFjNzM5OTgyOWJhODQ4NjdhYzZjZDRlNWFmM2YiLCJfYXV0aF91c2VyX2JhY2tlbmQiOiJkamFuZ28uY29udHJpYi5hdXRoLmJhY2tlbmRzLk1vZGVsQmFja2VuZCIsIl9hdXRoX3VzZXJfaWQiOiIxIn0=','2017-11-22 19:17:37.780316'),('d18ia5vz8yn9hdx6ckxfddcbi0xday9w','MjIzZDQ0MmU0MGI2YzNlYmRhM2M1NTZiY2ZlOWFkY2IwY2JlMDBkNjp7Il9hdXRoX3VzZXJfaGFzaCI6IjYzYzM2MmQzNDlhYzIzOWI3NTMwNmViNjhiMWU2Y2Y2OTU3YTNlZDgiLCJfYXV0aF91c2VyX2JhY2tlbmQiOiJkamFuZ28uY29udHJpYi5hdXRoLmJhY2tlbmRzLk1vZGVsQmFja2VuZCIsIl9hdXRoX3VzZXJfaWQiOiIxIn0=','2018-03-06 18:56:50.477000'),('edtn63f2woinnxlhl6m2t7scxc7mm6on','MjIzZDQ0MmU0MGI2YzNlYmRhM2M1NTZiY2ZlOWFkY2IwY2JlMDBkNjp7Il9hdXRoX3VzZXJfaGFzaCI6IjYzYzM2MmQzNDlhYzIzOWI3NTMwNmViNjhiMWU2Y2Y2OTU3YTNlZDgiLCJfYXV0aF91c2VyX2JhY2tlbmQiOiJkamFuZ28uY29udHJpYi5hdXRoLmJhY2tlbmRzLk1vZGVsQmFja2VuZCIsIl9hdXRoX3VzZXJfaWQiOiIxIn0=','2018-03-06 03:24:32.266745'),('fdak5lcc9oiz25plzxha0szbj8w0zdje','ZDAwMTViMDhiNGJjMGYwMDlmNDJlNzA2NzJkZDcwNTRhY2FlYjM1ZTp7Il9hdXRoX3VzZXJfaGFzaCI6ImQxNWE3YjFjMGRmNjIwMjdhZmU5OTllYzVjMmZjN2YyYWZlODNiODQiLCJfYXV0aF91c2VyX2JhY2tlbmQiOiJkamFuZ28uY29udHJpYi5hdXRoLmJhY2tlbmRzLk1vZGVsQmFja2VuZCIsIl9hdXRoX3VzZXJfaWQiOiIxIn0=','2017-12-18 12:09:40.552971'),('fki2whu8bl6i80gluja7hplu590xvuno','ZDAwMTViMDhiNGJjMGYwMDlmNDJlNzA2NzJkZDcwNTRhY2FlYjM1ZTp7Il9hdXRoX3VzZXJfaGFzaCI6ImQxNWE3YjFjMGRmNjIwMjdhZmU5OTllYzVjMmZjN2YyYWZlODNiODQiLCJfYXV0aF91c2VyX2JhY2tlbmQiOiJkamFuZ28uY29udHJpYi5hdXRoLmJhY2tlbmRzLk1vZGVsQmFja2VuZCIsIl9hdXRoX3VzZXJfaWQiOiIxIn0=','2017-12-18 19:48:39.958322'),('fzi0mg9iderzurynrc9vge4csplaujke','ZDAwMTViMDhiNGJjMGYwMDlmNDJlNzA2NzJkZDcwNTRhY2FlYjM1ZTp7Il9hdXRoX3VzZXJfaGFzaCI6ImQxNWE3YjFjMGRmNjIwMjdhZmU5OTllYzVjMmZjN2YyYWZlODNiODQiLCJfYXV0aF91c2VyX2JhY2tlbmQiOiJkamFuZ28uY29udHJpYi5hdXRoLmJhY2tlbmRzLk1vZGVsQmFja2VuZCIsIl9hdXRoX3VzZXJfaWQiOiIxIn0=','2017-12-18 04:05:37.838073'),('h1puoy0694qdbo2tnkr5txzloi409l5j','MjIzZDQ0MmU0MGI2YzNlYmRhM2M1NTZiY2ZlOWFkY2IwY2JlMDBkNjp7Il9hdXRoX3VzZXJfaGFzaCI6IjYzYzM2MmQzNDlhYzIzOWI3NTMwNmViNjhiMWU2Y2Y2OTU3YTNlZDgiLCJfYXV0aF91c2VyX2JhY2tlbmQiOiJkamFuZ28uY29udHJpYi5hdXRoLmJhY2tlbmRzLk1vZGVsQmFja2VuZCIsIl9hdXRoX3VzZXJfaWQiOiIxIn0=','2018-01-01 11:17:01.683304'),('hrzmfmga4qyj19ins20i711tkpg7tbqn','MGI4YzkzMTA1NjM0NWU4OTI0NTg1MjRjMTAyMjEwODM2NzkyYWJmNDp7Il9hdXRoX3VzZXJfaGFzaCI6IjE3MjdiOTFkOWI2MWI3OTBjNTA0OWMwNzNhYzdmZDMzYjgxZDE5YTMiLCJfYXV0aF91c2VyX2JhY2tlbmQiOiJkamFuZ28uY29udHJpYi5hdXRoLmJhY2tlbmRzLk1vZGVsQmFja2VuZCIsIl9hdXRoX3VzZXJfaWQiOiIxIn0=','2017-12-28 01:43:20.936338'),('hw6gbijrcqj8xfymi5iabgb1vsblft4r','MjIzZDQ0MmU0MGI2YzNlYmRhM2M1NTZiY2ZlOWFkY2IwY2JlMDBkNjp7Il9hdXRoX3VzZXJfaGFzaCI6IjYzYzM2MmQzNDlhYzIzOWI3NTMwNmViNjhiMWU2Y2Y2OTU3YTNlZDgiLCJfYXV0aF91c2VyX2JhY2tlbmQiOiJkamFuZ28uY29udHJpYi5hdXRoLmJhY2tlbmRzLk1vZGVsQmFja2VuZCIsIl9hdXRoX3VzZXJfaWQiOiIxIn0=','2018-01-01 11:39:14.148256'),('ivzuz1nhbunq6jyazjx2qhv6wbj8hdb7','MzgyMDczZDRhN2VlZjM2MWJlNTQ1NjljYTAzY2NhNjZmYjczZGJkZjp7Il9hdXRoX3VzZXJfaGFzaCI6IjAxMzQ0MGI0ZWJjZWYxZTRmZTYyZDQ3ZmJhM2IwZWMyNDg3NDQ5MGQiLCJfYXV0aF91c2VyX2JhY2tlbmQiOiJkamFuZ28uY29udHJpYi5hdXRoLmJhY2tlbmRzLk1vZGVsQmFja2VuZCIsIl9hdXRoX3VzZXJfaWQiOiIxIn0=','2017-12-27 03:59:57.024371'),('j4xwln4w76pamuai0i5cfzlu6za01fi6','YTdjMWYyYWQzYWJlYzI1MDc0MTFlZmU2M2FhNmEwMTM2MzAyYzdkYzp7Il9hdXRoX3VzZXJfaGFzaCI6IjA3YzZlOGJjN2FkY2NkYjExYWU5ZjgxMDBmOWNiMWNiMmJmYzlhNTYiLCJfYXV0aF91c2VyX2JhY2tlbmQiOiJkamFuZ28uY29udHJpYi5hdXRoLmJhY2tlbmRzLk1vZGVsQmFja2VuZCIsIl9hdXRoX3VzZXJfaWQiOiIxIn0=','2017-12-05 07:32:13.464225'),('joh9z7suh4h378tdaagj1gxygf55zxmr','ZmE0YzNhOGQ3MTAwMDA5Yjc5MDdiYjZlMDRiZDFmNGQzY2M1OWM1NDp7Il9hdXRoX3VzZXJfaGFzaCI6ImIwMmY5YzA1NTkyMzIxOGViMmU3MGI2NGM4OTBlYmNhOTBkNGVmM2IiLCJfYXV0aF91c2VyX2JhY2tlbmQiOiJkamFuZ28uY29udHJpYi5hdXRoLmJhY2tlbmRzLk1vZGVsQmFja2VuZCIsIl9hdXRoX3VzZXJfaWQiOiIxIn0=','2017-12-28 07:29:31.540737'),('lb9m45rs9o28b6bjotgjmbhc1fkqkdfj','ZTJjYmQ1ZTFjNDU0NTAwMWU3ZjUyMjk4ZTcxYTBiYTBiMThhOTgwMTp7Il9hdXRoX3VzZXJfaGFzaCI6IjZiOWVmZTI0NjEzMGUwZTliMmFjNWRlMTJjN2I5OTdkOGViZTIwMmYiLCJfYXV0aF91c2VyX2JhY2tlbmQiOiJkamFuZ28uY29udHJpYi5hdXRoLmJhY2tlbmRzLk1vZGVsQmFja2VuZCIsIl9hdXRoX3VzZXJfaWQiOiIxIn0=','2017-11-27 06:16:21.019592'),('my7aub3qz71wk9eesskpu8l58c0uktox','YTdjMWYyYWQzYWJlYzI1MDc0MTFlZmU2M2FhNmEwMTM2MzAyYzdkYzp7Il9hdXRoX3VzZXJfaGFzaCI6IjA3YzZlOGJjN2FkY2NkYjExYWU5ZjgxMDBmOWNiMWNiMmJmYzlhNTYiLCJfYXV0aF91c2VyX2JhY2tlbmQiOiJkamFuZ28uY29udHJpYi5hdXRoLmJhY2tlbmRzLk1vZGVsQmFja2VuZCIsIl9hdXRoX3VzZXJfaWQiOiIxIn0=','2017-12-08 15:52:09.853002'),('ngl57y2dxgi5shcp96z3ck09pp61gr1z','NjhlNjliYmJmM2RlZGYzNjg1NTIyMjc0MDdkYzRkY2Q2M2ZmNmMwMDp7Il9hdXRoX3VzZXJfaGFzaCI6IjJiYTQ3NzEwYWFhMTBhMDllYmQ1MWFkZTQ0ZGRiOTYzYjllMzhmNDMiLCJfYXV0aF91c2VyX2JhY2tlbmQiOiJkamFuZ28uY29udHJpYi5hdXRoLmJhY2tlbmRzLk1vZGVsQmFja2VuZCIsIl9hdXRoX3VzZXJfaWQiOiIxNiJ9','2017-10-31 23:06:38.963908'),('p7rko21veimoifbooecqy749hmnetjhl','YjUxYjIxMGFhYzQ4NGNlNmVmYTE4YmJkZTIwNmQ1YTZlOTE1ZGIxNTp7Il9hdXRoX3VzZXJfaGFzaCI6IjQwY2I4OWMxY2Q2OGJmODgyMjAzYjAxMjUwZTIwZmU0ODQxNGEwMTciLCJfYXV0aF91c2VyX2JhY2tlbmQiOiJkamFuZ28uY29udHJpYi5hdXRoLmJhY2tlbmRzLk1vZGVsQmFja2VuZCIsIl9hdXRoX3VzZXJfaWQiOiIxIn0=','2017-12-18 03:53:50.417553'),('qaore73otg1utumd4yphr7oy3lwvkq1u','YTdjMWYyYWQzYWJlYzI1MDc0MTFlZmU2M2FhNmEwMTM2MzAyYzdkYzp7Il9hdXRoX3VzZXJfaGFzaCI6IjA3YzZlOGJjN2FkY2NkYjExYWU5ZjgxMDBmOWNiMWNiMmJmYzlhNTYiLCJfYXV0aF91c2VyX2JhY2tlbmQiOiJkamFuZ28uY29udHJpYi5hdXRoLmJhY2tlbmRzLk1vZGVsQmFja2VuZCIsIl9hdXRoX3VzZXJfaWQiOiIxIn0=','2017-11-27 08:47:55.203199'),('qhdx1m2ya62g17odezmkhyqwsgt1irl3','YTdjMWYyYWQzYWJlYzI1MDc0MTFlZmU2M2FhNmEwMTM2MzAyYzdkYzp7Il9hdXRoX3VzZXJfaGFzaCI6IjA3YzZlOGJjN2FkY2NkYjExYWU5ZjgxMDBmOWNiMWNiMmJmYzlhNTYiLCJfYXV0aF91c2VyX2JhY2tlbmQiOiJkamFuZ28uY29udHJpYi5hdXRoLmJhY2tlbmRzLk1vZGVsQmFja2VuZCIsIl9hdXRoX3VzZXJfaWQiOiIxIn0=','2017-11-27 08:44:22.064284'),('t8f4a9zrcc16y3ia98057ipi57jcthmm','YTdjMWYyYWQzYWJlYzI1MDc0MTFlZmU2M2FhNmEwMTM2MzAyYzdkYzp7Il9hdXRoX3VzZXJfaGFzaCI6IjA3YzZlOGJjN2FkY2NkYjExYWU5ZjgxMDBmOWNiMWNiMmJmYzlhNTYiLCJfYXV0aF91c2VyX2JhY2tlbmQiOiJkamFuZ28uY29udHJpYi5hdXRoLmJhY2tlbmRzLk1vZGVsQmFja2VuZCIsIl9hdXRoX3VzZXJfaWQiOiIxIn0=','2017-11-27 07:59:38.135474'),('v0c4us5c789r1r73d7aswngmltfqmsm6','ZTJjYmQ1ZTFjNDU0NTAwMWU3ZjUyMjk4ZTcxYTBiYTBiMThhOTgwMTp7Il9hdXRoX3VzZXJfaGFzaCI6IjZiOWVmZTI0NjEzMGUwZTliMmFjNWRlMTJjN2I5OTdkOGViZTIwMmYiLCJfYXV0aF91c2VyX2JhY2tlbmQiOiJkamFuZ28uY29udHJpYi5hdXRoLmJhY2tlbmRzLk1vZGVsQmFja2VuZCIsIl9hdXRoX3VzZXJfaWQiOiIxIn0=','2017-11-27 06:16:15.716110'),('vhoz4er7i50h8xsz9tkbp8excv9hw347','MjIzZDQ0MmU0MGI2YzNlYmRhM2M1NTZiY2ZlOWFkY2IwY2JlMDBkNjp7Il9hdXRoX3VzZXJfaGFzaCI6IjYzYzM2MmQzNDlhYzIzOWI3NTMwNmViNjhiMWU2Y2Y2OTU3YTNlZDgiLCJfYXV0aF91c2VyX2JhY2tlbmQiOiJkamFuZ28uY29udHJpYi5hdXRoLmJhY2tlbmRzLk1vZGVsQmFja2VuZCIsIl9hdXRoX3VzZXJfaWQiOiIxIn0=','2017-12-29 04:52:11.541673'),('wbn0lf44elok6hbmjdjmnh9fciqlp162','YWQ5YWUxOGNiNmU5ZjVkMTdlNTAzNzY0MTFkYjdmZDdlZjg4YWJhZjp7Il9hdXRoX3VzZXJfaGFzaCI6IjIyODE5ZTFmNGVkOTczNDE4N2JiZmRjMzNkMDc3MmFmNjdiNTE3OGUiLCJfYXV0aF91c2VyX2JhY2tlbmQiOiJkamFuZ28uY29udHJpYi5hdXRoLmJhY2tlbmRzLk1vZGVsQmFja2VuZCIsIl9hdXRoX3VzZXJfaWQiOiIyIn0=','2017-10-31 22:26:49.218574'),('wgzfq9y8cygjlxlxw1czkxeb6l6g0u8x','YTdjMWYyYWQzYWJlYzI1MDc0MTFlZmU2M2FhNmEwMTM2MzAyYzdkYzp7Il9hdXRoX3VzZXJfaGFzaCI6IjA3YzZlOGJjN2FkY2NkYjExYWU5ZjgxMDBmOWNiMWNiMmJmYzlhNTYiLCJfYXV0aF91c2VyX2JhY2tlbmQiOiJkamFuZ28uY29udHJpYi5hdXRoLmJhY2tlbmRzLk1vZGVsQmFja2VuZCIsIl9hdXRoX3VzZXJfaWQiOiIxIn0=','2017-11-28 03:05:08.570218'),('xqnaa4e83lm2ump1kbmv1xarhlpr0i3h','ZDAwMTViMDhiNGJjMGYwMDlmNDJlNzA2NzJkZDcwNTRhY2FlYjM1ZTp7Il9hdXRoX3VzZXJfaGFzaCI6ImQxNWE3YjFjMGRmNjIwMjdhZmU5OTllYzVjMmZjN2YyYWZlODNiODQiLCJfYXV0aF91c2VyX2JhY2tlbmQiOiJkamFuZ28uY29udHJpYi5hdXRoLmJhY2tlbmRzLk1vZGVsQmFja2VuZCIsIl9hdXRoX3VzZXJfaWQiOiIxIn0=','2017-12-18 07:44:37.747337'),('xr6jkt56alv61n71ohu4b72uvciugm69','MGI4YzkzMTA1NjM0NWU4OTI0NTg1MjRjMTAyMjEwODM2NzkyYWJmNDp7Il9hdXRoX3VzZXJfaGFzaCI6IjE3MjdiOTFkOWI2MWI3OTBjNTA0OWMwNzNhYzdmZDMzYjgxZDE5YTMiLCJfYXV0aF91c2VyX2JhY2tlbmQiOiJkamFuZ28uY29udHJpYi5hdXRoLmJhY2tlbmRzLk1vZGVsQmFja2VuZCIsIl9hdXRoX3VzZXJfaWQiOiIxIn0=','2017-12-28 05:58:52.826483'),('z50de1lfpnbtabpoaa8vd49x5l6ng2va','MjIzZDQ0MmU0MGI2YzNlYmRhM2M1NTZiY2ZlOWFkY2IwY2JlMDBkNjp7Il9hdXRoX3VzZXJfaGFzaCI6IjYzYzM2MmQzNDlhYzIzOWI3NTMwNmViNjhiMWU2Y2Y2OTU3YTNlZDgiLCJfYXV0aF91c2VyX2JhY2tlbmQiOiJkamFuZ28uY29udHJpYi5hdXRoLmJhY2tlbmRzLk1vZGVsQmFja2VuZCIsIl9hdXRoX3VzZXJfaWQiOiIxIn0=','2018-02-25 20:32:18.620772');
/*!40000 ALTER TABLE `django_session` ENABLE KEYS */;
UNLOCK TABLES;

--
-- Table structure for table `erp_accesstoproject`
--

DROP TABLE IF EXISTS `erp_accesstoproject`;
/*!40101 SET @saved_cs_client     = @@character_set_client */;
/*!40101 SET character_set_client = utf8 */;
CREATE TABLE `erp_accesstoproject` (
  `id` int(11) NOT NULL AUTO_INCREMENT,
  `project_id` int(11) NOT NULL,
  `user_id` int(11) NOT NULL,
  PRIMARY KEY (`id`),
  UNIQUE KEY `ERP_accesstoproject_user_id_fcf9f436_uniq` (`user_id`,`project_id`),
  KEY `ERP_accesstoproject_b098ad43` (`project_id`),
  KEY `ERP_accesstoproject_e8701ad4` (`user_id`),
  CONSTRAINT `ERP_accesstoproject_project_id_111ab380_fk_ERP_project_id` FOREIGN KEY (`project_id`) REFERENCES `erp_project` (`id`),
  CONSTRAINT `ERP_accesstoproject_user_id_be71b682_fk_auth_user_id` FOREIGN KEY (`user_id`) REFERENCES `auth_user` (`id`)
) ENGINE=InnoDB AUTO_INCREMENT=10 DEFAULT CHARSET=latin1;
/*!40101 SET character_set_client = @saved_cs_client */;

--
-- Dumping data for table `erp_accesstoproject`
--

LOCK TABLES `erp_accesstoproject` WRITE;
/*!40000 ALTER TABLE `erp_accesstoproject` DISABLE KEYS */;
INSERT INTO `erp_accesstoproject` VALUES (9,1,1),(1,1,2),(5,2,2),(4,1,16),(8,2,16),(3,1,18),(7,2,20),(2,1,21),(6,2,21);
/*!40000 ALTER TABLE `erp_accesstoproject` ENABLE KEYS */;
UNLOCK TABLES;

--
-- Table structure for table `erp_area`
--

DROP TABLE IF EXISTS `erp_area`;
/*!40101 SET @saved_cs_client     = @@character_set_client */;
/*!40101 SET character_set_client = utf8 */;
CREATE TABLE `erp_area` (
  `id` int(11) NOT NULL AUTO_INCREMENT,
  `version` bigint(20) NOT NULL,
  `nombreArea` longtext NOT NULL,
  `descripcion` longtext NOT NULL,
  `last_edit_date` datetime(6) NOT NULL,
  `departamento_id` int(11) NOT NULL,
  PRIMARY KEY (`id`),
  KEY `ERP_area_f5acfb16` (`departamento_id`),
  CONSTRAINT `ERP_area_departamento_id_41af560c_fk_ERP_departamento_id` FOREIGN KEY (`departamento_id`) REFERENCES `erp_departamento` (`id`)
) ENGINE=InnoDB DEFAULT CHARSET=latin1;
/*!40101 SET character_set_client = @saved_cs_client */;

--
-- Dumping data for table `erp_area`
--

LOCK TABLES `erp_area` WRITE;
/*!40000 ALTER TABLE `erp_area` DISABLE KEYS */;
/*!40000 ALTER TABLE `erp_area` ENABLE KEYS */;
UNLOCK TABLES;

--
-- Table structure for table `erp_blueprint`
--

DROP TABLE IF EXISTS `erp_blueprint`;
/*!40101 SET @saved_cs_client     = @@character_set_client */;
/*!40101 SET character_set_client = utf8 */;
CREATE TABLE `erp_blueprint` (
  `id` int(11) NOT NULL AUTO_INCREMENT,
  `file` varchar(100) NOT NULL,
  `description` varchar(512) NOT NULL,
  `upload_date` date NOT NULL,
  `project_id` int(11) NOT NULL,
  PRIMARY KEY (`id`),
  KEY `ERP_blueprint_project_id_b4a39d60_fk_ERP_project_id` (`project_id`),
  CONSTRAINT `ERP_blueprint_project_id_b4a39d60_fk_ERP_project_id` FOREIGN KEY (`project_id`) REFERENCES `erp_project` (`id`)
) ENGINE=InnoDB DEFAULT CHARSET=utf8;
/*!40101 SET character_set_client = @saved_cs_client */;

--
-- Dumping data for table `erp_blueprint`
--

LOCK TABLES `erp_blueprint` WRITE;
/*!40000 ALTER TABLE `erp_blueprint` DISABLE KEYS */;
/*!40000 ALTER TABLE `erp_blueprint` ENABLE KEYS */;
UNLOCK TABLES;

--
-- Table structure for table `erp_concept_input`
--

DROP TABLE IF EXISTS `erp_concept_input`;
/*!40101 SET @saved_cs_client     = @@character_set_client */;
/*!40101 SET character_set_client = utf8 */;
CREATE TABLE `erp_concept_input` (
  `id` int(11) NOT NULL AUTO_INCREMENT,
  `version` bigint(20) NOT NULL,
  `key` varchar(32) NOT NULL,
  `description` longtext NOT NULL,
  `status` varchar(2) NOT NULL,
  `quantity` decimal(20,2) NOT NULL,
  `unit_price` decimal(20,2) NOT NULL,
  `type` varchar(1) NOT NULL,
  `last_edit_date` datetime(6) NOT NULL,
  `line_item_id` int(11) NOT NULL,
  `unit_id` int(11) NOT NULL,
  PRIMARY KEY (`id`),
  UNIQUE KEY `ERP_concept_input_line_item_id_9d45b318_uniq` (`line_item_id`,`key`),
  KEY `ERP_concept_input_a469d365` (`line_item_id`),
  KEY `ERP_concept_input_e8175980` (`unit_id`),
  CONSTRAINT `ERP_concept_input_line_item_id_532040c0_fk_ERP_lineitem_id` FOREIGN KEY (`line_item_id`) REFERENCES `erp_lineitem` (`id`),
  CONSTRAINT `ERP_concept_input_unit_id_c6c61ed8_fk_ERP_unit_id` FOREIGN KEY (`unit_id`) REFERENCES `erp_unit` (`id`)
) ENGINE=InnoDB AUTO_INCREMENT=700 DEFAULT CHARSET=latin1;
/*!40101 SET character_set_client = @saved_cs_client */;

--
-- Dumping data for table `erp_concept_input`
--

LOCK TABLES `erp_concept_input` WRITE;
/*!40000 ALTER TABLE `erp_concept_input` DISABLE KEYS */;
INSERT INTO `erp_concept_input` VALUES (1,1508268342967162,'GCAISC-0042','EXCAVACIÓN Y NIVELACIÓN DE TERRENO, DE 0 A 2.10 M DE PROFUNDIDAD. INCLUYE AFINE DE FONDOS Y TALUDES Y TRASPALEO DE MATERIAL PRODUCTO DE EXCAVACIÓN, INCLUYE MATERIALES, MANO DE OBRA EQUIPO Y HERRAMIENTA, TODO LO NECESARIO PAR SU CORRECTA EJECUCIÓN P.U.O.T.','A',555.75,104.45,'C','2017-10-17 19:41:29.651832',2,1),(2,1508268342971637,'005-48','ACARREO DE MATERIALES SOBRANTES PRODUCTO DE EXCAVACIONES, DEMOLICIONES, LIMPIEZA DE OBRA (ESCOMBRO Y CASCAJO) A TIRO LIBRE PROPUESTO POR EL CONTRATISTA, INCLUYE:CARGA CON MAQUINA, MANO DE OBRA, EQUIPO Y HERRAMIENTA P.U.O.T.','A',632.54,99.41,'C','2017-10-17 19:41:29.656336',2,1),(3,1508268342975898,'3.1.B1','TRAZO Y NIVELACION  DE TERRENO CON EQUIPO TOPOGRAFICO ESTABLECIENDO EJES DE REFERENCIA Y BANCOS DE NIVEL, INCLUYE: MATERIALES, MANO DE OBRA, EQUIPO Y HERRAMIENTA P.U.O.T.','A',850.00,3.55,'C','2017-10-17 19:41:29.660613',2,2),(4,1508268342979910,'0936-09B','PEDRAPLEN A BASE DE PIEDRA BOLA PRODUCTO DE CRIBA ESPESOR DE 25 CM, COMPACTADO AL 90% DE SU P.V.S.M. INCLUYE: SUMINISTRO DEL MATERIAL, TENDIDO, ACOMODO Y ASENTADO DEL MISMO CON EQUIPO MECANICO, MANO DE OBRA Y HERRAMIENTA. P.U.O.T.','A',91.00,216.12,'C','2017-10-17 19:41:29.664626',3,1),(5,1508268342983752,'093-04','SUB BASE CON MATERIAL DE BANCO, CON UN ESPESOR DE 15 A 20 CMS, COMPACTADA AL 90% DE SU P.V.S.M., INCLUYE:SUMINISTRO Y ACARREO DEL MATERIAL PUESTO EN LA OBRA, ACAMELLONADO, INCORPORACION DE AGUA Y SU ACARREO, MEZCLADO, TENDIDO, AFINE Y COMPACTACION . P.U.O.T.','A',171.00,213.99,'C','2017-10-17 19:41:29.668465',3,1),(6,1508268342988432,'093-05B','BASE CON MATERIAL DE BANCO, CON UN ESPESOR DE 20 CMS. Y COMPACTADA AL 95% DE SU P.V.S.M., INCLUYE: SUMINISTRO Y ACARREO DEL MATERIAL PUESTO EN LA OBRA, ACAMELLONADO, INCORPORACIÓN DE AGUA Y SU ACARREO, MEZCLADO, TENDIDO, AFINE Y COMPACTACIÓN, MANO DE OBRA, EQUIPO Y HERRAMIENTA. P.U.O.T.','A',598.50,220.10,'C','2017-10-17 19:41:29.673133',3,1),(7,1508268342992373,'AB-VS-CIM01','SUMNISTRO Y COLOCACIÓN GEOTEXTIL TEJIDO DE POLIESTER DE 350 gr/m2 TIPO PAVITEX 350 DE 2 mm. DE ESPESOR.  INCLUYE: SUMINISTRO, COLOCACION,  FIJACION AL TERRENO NATURAL, COCIDO CON HILO DE POLIESTER EN EL SITIO MATERIALES, MANO DE OBRA, EQUIPO Y HERRAMIENTA','A',855.00,26.83,'C','2017-10-17 19:41:29.677085',3,2),(8,1508268342996190,'AB-VS-CIM02','SUMINISTRO Y COLOCACIÓN DE GEOMALLA BIAXIAL BX15P EN TALUDES DE TERRAPLENES Y CORTES, SE SUJETARA CON VARILLAS, AMARRADAS CON ALAMBRE.  INCLUYE: FIJACION AL TERRENO NATURAL, MANO DE OBRA, EQUIPO, HERRAMIENTA Y TODO LO NECESARIO PARA SU CORRECTA COLOCACIÓN. P.U.O.T.','A',810.95,42.49,'C','2017-10-17 19:41:29.680906',3,2),(9,1508268343000256,'ARLISC-003','EXCAVACIÓN A MANO EN CEPA HASTA 2.00 MTS DE PROF. EN CUALQUIER TIPO DE MATERIAL; INCLUYE: AFINE DE TALUDES  Y FONDO,  INCLUIR ACARREOS DE MATERIAL SOBRANTE FUERA DE LA OBRA, INCLUYE: MANO DE OBRA, EQUIPO, HERRAMIENTA.  P.U.O.T.','A',134.40,166.39,'C','2017-10-17 19:41:29.684971',3,1),(10,1508268343004482,'KC-CON01','PLANTILLA DE CONCRETO F\'C=100 KG/CM2 DE 6 CMS DE ESPESOR CON ACARREO HORIZONTAL A UNA DISTANCIA DE 25.00 MTS CON  BOTE INCLUYE: PREPARACIÓN DE LA SUPERFICIE,NIVELACIÓN, MAESTREADO Y COLADO.','A',850.00,98.61,'C','2017-10-17 19:41:29.689196',3,2),(11,1508268343008505,'BP-006-1','CADENA DE DESPLANTE DE SECCION 20 X 40 CM. DE CONCRETO HIDRAULICO HECHO EN OBRA F\'C=200 KG/CM2 RESINTENCIA NORMAL, TAMAÑO MAXIMO AGREGADO DE 3/4\", REFORZADO 6 VARILLAS DE ACERO DEL No.4 (1/2\") Y ESTRIBOS DEL No. 2 (1/4\") A CADA 20 CM. ACABADO COMUN, INCLUYE: VIBRADO, CURADO, CIMBRA Y DESCIMBRA, MATERIALES, HERRAMIENTAS, EQUIPO DE SEGURIDAD, MANO DE OBRA Y EQUIPO MENOR.','A',123.30,392.98,'C','2017-10-17 19:41:29.693220',3,3),(12,1508268343012992,'03002003','CONTRATRABE DE CIMENTACION SEC CION  .20 X .40  MTS. CONCRETO F\'C=200 KG/CM² ARMADO CON 6 VA RILLAS # 4 FY= 4200 Y ESTRIBOS DEL N.2 @ 20 CMS. F\'Y= 2400 KG /CM2. INCLUYE: MATERIALES MANO DE OBRA, CIMBRA COMUN, DESCIM- BRADO, COLADO, CURADO, VIBRADO \'DESPERDICIOS,  ACARREOS DENTRO Y  FUERA DE LA OBRA, ELEVACIÓN A CUALQUIER  ALTURA, ANDAMIOS, HERRAMIENTA, EQUIPO, RETIRO DE MATERIAL  SOBRANTE FUERA DE LA OBRA, LIMPIEZA Y TODO LO NECE- SARIO  PARA SU CORRECTA EJECU- CION P.U.O.T.                  ','A',342.75,411.19,'C','2017-10-17 19:41:29.697678',3,3),(13,1508268343017360,'CIM-006','ZAPATA AISLADA DE 1.00X1.00X0.20 MTS DE CONCRETO HECHO EN OBRA FC=250KG/CM2 ARMADO CON VAR N.3 A 20CM AMBOS SENTIDOS FRAGUADO NORMAL PARA CIMENTACION, ARRIOSTRES Y ESTRUCTURA, ASI COMO PARA RESANE DE PISO DEMOLIDO. INCLUYE: MATERIALES Y SU ELEVACION, PROTECCION DEL AREA DONDE SE FABRICARA,COLOCACION, VIBRADO,CURADO,ACARREO DE SOBRANTES A PIE DE CAMION, DESPERDICIOS, LIMPIEZA Y LO NECESARIO PARA SU CORRECTA EJECUCION.','A',16.00,820.15,'C','2017-10-17 19:41:29.702069',3,4),(14,1508268343021391,'AB-VS-CIM03','CABEZAL DE 0.90X0.90X0.30 MTS DE CONCRETO HECHO EN OBRA FC=200KG/CM2 ARMADO CON VAR #5 @18CM AMBOS SENTIDOS FRAGUADO NORMAL PARA CIMENTACION, ARRIOSTRES Y ESTRUCTURA. INCLUYE: MATERIALES Y SU ELEVACION, PROTECCION DEL AREA DONDE SE FABRICARA,COLOCACION, VIBRADO,CURADO,ACARREO DE SOBRANTES A PIE DE CAMION, DESPERDICIOS, LIMPIEZA Y LO NECESARIO PARA SU CORRECTA EJECUCION.','A',16.00,864.31,'C','2017-10-17 19:41:29.706086',3,4),(15,1508268343025233,'AB-VS-CIM04','CAISSON  K1 DE 70 CMS DE DIAMETRO, CON CONCRETO ARMADO CON 8 VARILLAS DE \"5 F\'Y= 4200 KG/CM2, ESPIRAL  DEL \"3 TRANSVERSAL A  CADA 15 CMS., CON CONCRETO DE F\'C= 200 KG/CM2, INCLUYE: HABILITADO, ARMADO, CIMBRA Y DESCIMBRA, COLADO, MATERIAL, MANO DE OBRA, HERRAMIENTA, EQUIPO Y TODO LO NECESARIO PARA SU CORRECTA EJECUCION.','A',32.00,1815.06,'C','2017-10-17 19:41:29.709946',3,3),(16,1508268343029186,'094-101C','LOSA DE CONCRETO ARMADO DE 10 CM DE ESPESOR, CONCRETO HECHO EN OBRA F\'C=200 KG/CM2 ARMADO CON MALLA ELECTROSOLDADA DE 6-6/10-10 ACABADO ESCOBILLADO. INCLUYE: MATERIAL, HERRAMIENTA Y MANO DE OBRA. P.U.O.T','A',850.00,275.01,'C','2017-10-17 19:41:29.713899',3,2),(17,1508268343033245,'AB-VS-EST01','SUMINISTRO Y COLOCACIÓN DE COLUMNAS DE MADERA TALLADA, DISEÑO DEFINIDO POR EL CLIENTE DIRECTAMENTE CON PROVEEDORES, INCLUYE: MATERIALES, EQUIPO, HERRAMIENTAS, HERRAMIENTA MENOR, SELLADO, TRATAMIENTO DE MADERA, ACABADO FINAL Y TODO LO NECESARIO PARA SU CORRECTA EJECUCIÓN, P.U.O.T.','A',1.00,720000.00,'C','2017-10-17 19:41:29.717960',4,5),(18,1508268343037331,'03002003','CONTRATRABE DE CIMENTACION SEC CION  .20 X .40  MTS. CONCRETO F\'C=200 KG/CM² ARMADO CON 6 VA RILLAS # 4 FY= 4200 Y ESTRIBOS DEL N.2 @ 20 CMS. F\'Y= 2400 KG /CM2. INCLUYE: MATERIALES MANO DE OBRA, CIMBRA COMUN, DESCIM- BRADO, COLADO, CURADO, VIBRADO \'DESPERDICIOS,  ACARREOS DENTRO Y  FUERA DE LA OBRA, ELEVACIÓN A CUALQUIER  ALTURA, ANDAMIOS, HERRAMIENTA, EQUIPO, RETIRO DE MATERIAL  SOBRANTE FUERA DE LA OBRA, LIMPIEZA Y TODO LO NECE- SARIO  PARA SU CORRECTA EJECU- CION P.U.O.T.                  ','A',102.40,411.19,'C','2017-10-17 19:41:29.722027',4,3),(19,1508268343041475,'SUSSISC-009C','CASTILLO DE SECCION 15X30 CMS COLADA CON CONCRETO F\'C = 200 KG/CM2 T.M.A. ¾\" RESISTENCIA NORMAL, HECHO EN OBRA, ARMADA CON 4 VARILLAS DEL # 3 Y ESTRIBOS DE ACERO DE REFUERZO DEL # 2 @ 20 CM , CONSIDERANDO CIMBRA, DESCIMBRADO. INCLUYE: MATERIAL, HERRAMIENTA, MANO DE OBRA, EQUIPO Y TODO LO NECESARIO PAA SU CORRECTA EJECUCIÓN. P.U.O.T.','A',400.07,193.09,'C','2017-10-17 19:41:29.726190',4,3),(20,1508268343045517,'013-14G1','TRABE T-1 DE CONCRETO F\'C= 250 KG/CM2, SECCION DE 20 X 40 CM ARMADO CON 5 VARILLAS DEL # 4  Y 2 BASTONES DEL # 4 FY= 4200 KG/CM2, ESTRIBOS DEL # 3 @ 15 CM. INCLUYE: MATERIALES, CIMBRA Y DESCIMBRA, FABRICACIÓN Y VACIADO DE CONCRETO, VIBRADO, HERRAMIENTA, MANO DE OBRA, ACARREOS DENTRO Y FUERA DE LA OBRA, EQUIPO, HABILITADO Y ARMADO DE ACERO, DESPERDICIOS, LIMPIEZA. U.C.T.T.','A',12.00,501.64,'C','2017-10-17 19:41:29.730232',4,3),(21,1508268343050068,'ARCISC-0090','MURO DE TABIQUE DE 15 CMS DE ESPESOR Y 35 DE ALTO DE BARRO ROJO RECOCIDO, ACABADO COMÚN, JUNTEADO CON MORTERO CEMENTO.ARENA PROP. 1:4, PARA FORMAR ESCALÓN, INCLUYE: MATERIALES, MANO DE OBRA, LIMPIEZA DEL ÁREA PARA DESPLANTAR, ACARREOS A 1RA ESTACIÓN, DESPERDICIOS, HERRAMIENTA, EQUIPO Y TODO LO NECESARIO PARA SU CORRECTA EJECUCIÓN. P.U.O.T.','A',711.57,95.71,'C','2017-10-17 19:41:29.734773',4,2),(22,1508268343053943,'AB-VS-EST02','SUMINISTRO Y COLOCACON DE VIGAS DE MADERA DE ÉBANO, CON DIMENSIONES DE 15 × 25 CMS. INCLUYE: TRATAMIENTO PARA MADERA A BASE DE PENTACLOROFENOL,  Y ACEITE DE LINAZA APLICADO CON BROCHA A DOS MANOS, MATERIAL, MANO DE OBRA, HERRAMIENTA, EQUIPO DE PROTECCIÓN CONTRA GASES TÓXICOS Y TODO LO NECESARIO PARA SU EJECUCIÓN. P.U.O.T.','A',1467.37,611.56,'C','2017-10-17 19:41:29.738654',4,3),(23,1508268343057899,'AB-VS-EST03','SUMINISTRO Y COLOCACON DE VIGAS DE MADERA DE PINO, PARA SOSTENER CUBIERTA, DE 25 X 35 CM. INCLUYE: TRATAMIENTO PARA MADERA A BASE DE PENTACLOROFENOL,  Y ACEITE DE LINAZA APLICADO CON BROCHA A DOS MANOS, MATERIAL, MANO DE OBRA, HERRAMIENTA, EQUIPO DE PROTECCIÓN CONTRA GASES TÓXICOS Y TODO LO NECESARIO PARA SU EJECUCIÓN. P.U.O.T.','A',176.32,1322.96,'C','2017-10-17 19:41:29.742610',4,3),(24,1508268343061673,'AB-VS-EST04','CUBIERTA INCLINADA A BASE DE DUROCK PARA RECIBIR TEJAS DE BARRO, SOBRE VIGAS DE MADERA: INCLUYE: IMPERMEABILIZANTE,  MANO DE OBRA, UTILIZACIÓN DE LA HERRAMIENTA Y/O EQUIPO NECESARIO, ANDAMIOS, TRASPALEOS Y TODO LO NECESARIO PARA SU CORRECTA EJECUCIÓN. P.U.O.T.','A',874.06,375.37,'C','2017-10-17 19:41:29.746387',4,2),(25,1508268343065650,'GCAISC-0045','SUMINISTRO Y COLOCACION DE TEJA DE BARRO ESMALTADA COLOR VERDE DE 30X15X1.4 CM EN CUBIERTA INCLINADA. INCLUYE: CARGO DIRECTO POR EL COSTO DE LOS MATERIALES Y MANO DE OBRA QUE INTERVENGAN, FLETE A OBRA, DESPERDICIO, ACARREO HASTA EL LUGAR DE SU UTILIZACION, COLOCACION, ELEMENTOS DE FIJACION,  DESPERDICIOS , ELEVACIONES, LIMPIEZA Y RETIRO DE SOBRANTES FUERA DE OBRA, EQUIPO DE SEGURIDAD, INSTALACIONES ESPECIFICAS, DEPRECIACION Y DEMAS CARGOS DERIVADOS DEL USO DE HERRAMIENTA Y EQUIPO, EN CUALQUIER NIVEL. P.U.O.T.','A',874.06,117.26,'C','2017-10-17 19:41:29.750350',4,2),(26,1508268343069702,'LAC-C20','LOSACERO CAL 20 A BASE DE LAMINA GALVANIZADA CAL 20 CON MALLA  ELECTROSOLDADA CAL 6X6X 10/10  CON CONECTOR PARA CORTANTE TIPO NELSON, INCLUYE: CONCRETO PREMEZCLADO F`C=250 KG/CM2 RN, AGREGADO 20 MM. Y 38 MM. REVENIMIENTO 12 +/-3.5 CMS. BOMBEABLE, GRADO DE CALIDAD \"B\", CONCRETO ESTRUCTURAL, CLASE 1, CURADOS, CIMBRA, DESCIMBRADO, FRONTERAS, Y TODO LO NECESARIO PARA SU CORRECTA COLOCACION.','A',317.26,506.17,'C','2017-10-17 19:41:29.754414',4,2),(27,1508268343074875,'ISC-0058','RAMPA DE ESCALERA DE 1.00 MTS DE ANCHO CONSIDERANDO CIMBRA Y DESCIMBRA, ACERO DE REFUERZO FY=´4000 KG/CM2, DEL NO. 4,  ( 1/2\" DE Ø ), LOSA DE CONCRETO DE F´C= 250 KG/CM2 38MM, CURADO CON AGUA, INCLUYE: MATERIAL Y MANO DE OBRA','A',13.02,820.37,'C','2017-10-17 19:41:29.759547',4,2),(28,1508268343080185,'076-07D','ESCALON DE CONCRETO DE 17CM DE PERALTE, HUELLA DE 30CM, INCLUYE NARIZ Y CHAFLAN, DE 10 CM DE ESPESOR, CONCRETO F\'C=200 KG/CM2 T.M.A. ¾\" RESISTENCIA NORMAL,  ELABORADO EN OBRA, REFORZADO CON MALLA ELECTROSOLDADA 6*6 10/10 CON ACABADO ESCOBILLADO, MATERIAL, MANO DE OBRA, EQUIPO Y HERRAMIENTA. U.C.T.T.','A',30.40,176.25,'C','2017-10-17 19:41:29.764873',4,3),(29,1508268343084382,'AB-VS-EST05','CUNETA TIPO \"U\" DE 10 CM DE ESPESOR CON CONCRETO SIMPLE HECHO EN OBRA F\'C=150 KG/CM2, CON MALLA ELECTROSOLDADA 6-6/10X10, CON REVESTIMEINTO DE PIEDRA BOLA COMO ACABADO FINAL ASENTADO CON MORTERO 1:4. INCLUYE: EXACAVACIÓN, NIVELACIÓN, RELLENO CON MATERIAL PRODUCTO DE LA EXACAVACIÓN, MATERIALES, MANO DE OBRA, HERRAMIENTA Y EQUIPO. P.U.O.T.','A',131.40,456.82,'C','2017-10-17 19:41:29.769092',4,3),(30,1508268343088250,'SUSSISC-0015','MURETE DE BLOCK DE CONCRETO RBH-60 ENTERO DE 12 X 20 X 40 CM., ASENTADO CON MORTERO CEMENTO - ARENA 1:5, CON REFUERZO HORIZONTAL TIPO ESCALERILLA A CADA 2 HILADAS, ACABADO COMUN, INCLUYE: MATERIALES, ACARREOS, MANO DE OBRA, EQUIPO Y HERRAMIENTA.','A',8.00,182.76,'C','2017-10-17 19:41:29.772964',4,2),(31,1508268343092109,'LAMB-001','LAMBRIN DE AZULEJO DE 20 X 30 MARCA VITROMEX, MODELO A ESCOGER, PARA RECUBRIMIENTO EN MURO, ASENTADO CON CEMENTO CREST, JUNTEADO CON CEMENTO BLANC, CONSIDERANDO ANDAMIO DE CABALLETE PARA ALTURAS DE 1.50 A 3.00 MTS, RECORTE, EMBOQUILLADO. INCLUYE: MATERIAL, HERRAMIENTA Y MANO DE OBRA. P.U.O.T.','A',94.23,174.56,'C','2017-10-17 19:41:29.776824',5,2),(32,1508268343096038,'068-07','LOSETA ANTIDERRAPANTE MARCA INTERCERAMIC, EN ÁREA DE PISO DE BAÑO, INCLUYE: SUMINISTRO, COLOCACIÓN, TRAZO, CORTE, LOSETA INTERCERAMIC ANTIDERRAPANTE, PEGA AZULEJO INTERCERAMIC, BOQUILLA INTERCERAMIC, MANO DE OBRA, EQUIPO Y HERRAMIENTA, DESPERDICIOS. U.C.T.T.','A',16.28,211.17,'C','2017-10-17 19:41:29.780754',5,2),(33,1508268343099922,'068-01','LOSETA VIDRIADA  DE 30 X 30 CM. MARCA INTERCERAMIC, ASENTADA CON CEMENTO CREST Y LECHADEADO CON CEMENTO BLANCO. CONSIDERANDO CORTES, DESPERDICIOS Y LIMPIEZA DE LA SUPERFICIE CON AGUA Y JABÓN. INCLUYE: MATERIAL, HERRAMIENTA Y MANO DE OBRA. P.U.O.T.','A',55.09,211.17,'C','2017-10-17 19:41:29.784638',5,2),(34,1508268343104273,'068-06','LOSETA MARCA INTERCERAMIC ANTIDERRAPANTE DE 30 X 30 CM, ASENTADA  CON CEMENTO CREST,  JUNTAS DE 3MM. CONSIDERANDO: RECORTE Y DESPERDICIO. INCLUYE: MATERIAL, HERRAMIENTA Y MANO DE OBRA. P.U.O.T.','A',190.53,184.83,'C','2017-10-17 19:41:29.788980',5,2),(35,1508268343108234,'ULSISC-0050B','PISO DE LOSETA ANTIDERRAPANTE MARCA INTERCERAMIC LINEA ISLAND MODELO BALI DE 40X40 CM EN AREAS DE PSIO DE BAÑOS ASENTADO CON PEGAZULEJO INTERCERAMIC DE BAJA ABSORCION, BOQUILLA MARCA INTERCERAMIC, INCLUYE: SUMINISTRO DE MATERIALES, MANO DE OBRA, CORTES, DESPERDICIOS, HERRAMIENTA, EQUIPO, ACARREOS Y TODO LO NECESARIO PARA SU CORRECTA EJECUCIÓN. P.U.O.T.','A',34.48,201.54,'C','2017-10-17 19:41:29.792944',5,2),(36,1508268343112025,'068-11','LOSETA MARCA INTERCERAMIC DE 30X 30 CM. ASENTADA CON MORTERO CEMENTO-AREN PROP: 1:4 Y LECHADEADO CON CEMENTO BLANCO, CONSIDERANDO RECORTE Y DESPERDICIO. INCLUYE: MATERIAL, HERRAMIENTA Y MANO DE OBRA. P.U.O.T.','A',298.24,211.17,'C','2017-10-17 19:41:29.796741',5,2),(37,1508268343115948,'AB-VS-ACA01','CENEFA CON LOSETA MARCA VITROMEX, DISEÑO DEFINIDO POR EL CLIENTE, JUENTEADO CON MORTERO CEMENTO-ARENA PRP. 1:4.  INCLUYE: MATERIAL, MANO DE OBRA, EQUIPO Y HERRAMIENTA P.U.O.T.','A',260.00,53.80,'C','2017-10-17 19:41:29.800659',5,3),(38,1508268343119944,'068-06B','LOSETA DE CERÁMICA MODELO DESERT PEI-IV DE 33X33 CM., INTERCERAMIC, ASENTADO CON PEGA AZULEJO Ó CEMENTO CREST, CON JUNTA DE 6 MM. DE ESPESOR, INCLUYE: SUMINISTRO DE MATERIALES, COLOCACIÓN, CORTES RECTOS, REMATES, EMBOQUILLADOS A 45°, ACARREOS, MANO DE OBRA, HERRAMIENTA, EQUIPO Y LIMPIEZA. (U.C.T.T.)','A',393.57,138.96,'C','2017-10-17 19:41:29.804659',5,2),(39,1508268343124162,'KA-CON08','PINTURA VINÍLICA MARCA COMEX EN PLAFONES Y/O TRABES A 2 MANOS CONSIDERANDO PREPARACIÓN DE LA SUPERFICIE , APLICACIÓN DE SELLADOR Y ANDAMIO DE CABALLETE PARA ALTURAS DE 1.50 A 3.00 MTS. INCLUYE: MATERIAL, USO DE ANDAMIOS, MANO DE OBRA Y HERRAMIENTA. P.U.O.T.','A',396.65,53.08,'C','2017-10-17 19:41:29.808873',5,2),(40,1508268343128272,'084-02B','PINTURA VINIL-ACRILICA PARA INTERIOR EN MUROS,  MARCA COMEX A DOS MANOS,O SIMILAR EN  CALIDAD  Y CARACTERISTICAS  TECNICAS, SEGUN PALETA DE COLORES INCLUYE: SEÑALIZACION, PROTECCION  DE  LA  SUPERFICIE ADYACENTE CON  MASQUINTAPE,  PAPEL  Y  PLASTICO,   LIMPIEZA Y PREPARACION  DE  LA  SUPERFICIE, RESANES, UNA BASE DE - LIJADO,  EMPLASTE SELLADOR VINILICO EN  PROPORCION    5 X 1 PARA SUPERFICIES LISAS Ó  3 X 1 PARA SUPERFICIES RUGOSAS DESPERDICIOS, ANDAMIOS,  MATERIALES,  MANO DE OBRA,  HERRA MIENTA, EQUIPO, ACARREOS  DENTRO Y FUERA DE  LA OBRA,  LIMPIEZA Y TODO LO NECESARIO PARA   SU CORRECTA EJECUCION.P.U.O.T. . P.U.O.T.','A',1535.36,45.28,'C','2017-10-17 19:41:29.812986',5,2),(41,1508268343132384,'DSCO-013','PINTURA VINIL-ACRILICA PARA EXTERIOR EN MUROS,  MARCA COMEX A DOS MANOS,O SIMILAR EN  CALIDAD  Y CARACTERISTICAS  TECNICAS, SEGUN PALETA DE COLORES INCLUYE: SEÑALIZACION, PROTECCION  DE  LA  SUPERFICIE ADYACENTE CON  MASQUINTAPE,  PAPEL  Y  PLASTICO,   LIMPIEZA Y PREPARACION  DE  LA  SUPERFICIE, RESANES, UNA BASE DE - LIJADO,  EMPLASTE SELLADOR VINILICO EN  PROPORCION    5 X 1 PARA SUPERFICIES LISAS Ó  3 X 1 PARA SUPERFICIES RUGOSAS DESPERDICIOS, ANDAMIOS,  MATERIALES,  MANO DE OBRA,  HERRA MIENTA, EQUIPO, ACARREOS  DENTRO Y FUERA DE  LA OBRA,  LIMPIEZA Y TODO LO NECESARIO PARA   SU CORRECTA EJECUCION.P.U.O.T. . P.U.O.T.','A',421.79,37.36,'C','2017-10-17 19:41:29.817100',5,2),(42,1508268343137032,'068-51','ZOCLO DE 10X20 CM  MARCA  INTERCERAMIC, MODELO A ESCOGER ASENTADO CON  MORTERO CEMENTO1:4, LECHADO CON MEZCLA DE CEMENTO BLANCO-AGUA. CONSIDERANDO. RECORTE Y DESPERDICIO. INCLUYE:MATERIAL, HERRAMIENTA Y MANO DE OBRA. P.U.O.T.','A',416.08,38.10,'C','2017-10-17 19:41:29.821739',5,3),(43,1508268343141136,'MDT-001','FALSO PLAFON MARCA DUROCK O SIMILAR CON BASTIDOR A BASE DE POSTE CAL. 20 Y CANAL SUPERIOR E INFERIOR CAL. 22, SELLADO DE JUNTAS CON CEMENTO FLEXIBLE MARCA DUROCK O SIMILAR; INCLUYE:MATERIAL, ANDAMIOS, MANO DE OBRA, HERRAMIENTA Y MANO DE OBRA.','A',396.65,349.83,'C','2017-10-17 19:41:29.825841',5,2),(44,1508268343144992,'ACA-005B','PUERTA DE TAMBOR DE 0.65 A 1.10 X 2.10 MTS. A BASE DE BASTIDOR DE MADERA, PEINAZOS DE 25 X 50 MM. A CADA 30 CM. EN AMBOS SENTIDOS, UNION ESPIGA CAJA CON PEGAMENTO, FORRO DE TRIPLAY DE 1ª DE 6 MM. DE ESPESOR, MARCO SENCILLO DE MADERA DE PINO CON CHAMBRANAS, RESANADOR PRIMER PIROXILINA-CEMENTO BLANCO, PINTURA COMEX LACA, A 2 MANOS, INCLUYE: ACARREOS CORTES, DESPERDICIOS, FIJACION, 3 BISAGRAS LATONADAS TIPO DE LIBRO MCA. FALIAL O SIMILAR DE 76 X 76 MM., AJUSTE, MATERIAL, MANO DE OBRA, HERRAMIENTA, EQUIPO.','A',7.00,2711.69,'C','2017-10-17 19:41:29.829709',6,4),(45,1508268343148905,'AB-VS-CAR01','PUERTA DE MADERA MACIZA DE ÉBANO DE 2.50 X 2.20 M., UNION ESPIGA CAJA CON PEGAMENTO, 2 FIJOS Y 1 SENCILLO, MARCO SENCILLO DE MADERA DE ÉBANO CON CHAMBRANAS, BARNÍZ  DE COLOR A ELECCIÓN DEL CLIENTE.  INCLUYE: ACARREOS, CORTES, DESPERDICIOS, FIJACIÓN, 6 BISAGRAS LATONADAS TIPO DE LIBRO MCA. FALIAL O SIMILAR DE 76 X 76 MM., AJUSTE, MATERIAL, MANO DE OBRA, HERRAMIENTA, EQUIPO.','A',2.00,40679.51,'C','2017-10-17 19:41:29.833621',6,4),(46,1508268343152989,'AB-VS-CAR02','PUERTA MADERA DE ÉBANO DE 1.92 X 2.20 M. CON VITRAL AL CENTRO A DISEÑO DEL CLIENTE,  SELLADO PERIMETRAL CON SILICÓN, MARCO SENCILLO DE MADERA DE ÉBANO CON CHAMBRANAS, BARNÍZ DE COLOR A ELECCIÓN DEL CLIENTE. INCLUYE: ACARREOS, CORTES, DESPERDICIOS, FIJACIÓN, 6 BISAGRAS LATONADAS TIPO DE LIBRO MCA. FALIAL O SIMILAR DE 76 X 76 MM., AJUSTE, MATERIAL, MANO DE OBRA, HERRAMIENTA, EQUIPO.','A',3.00,32482.93,'C','2017-10-17 19:41:29.837704',6,4),(47,1508268343157188,'AB-VS-CAR03','VENTANA DE MADERA, CON CRISTAL CLARO DE 6 MM DE ESPESOR Y MOLDURAS SEGÚN DISEÑO. CONSIDERANDO APLICACIÓN DE BARNIZ DE COLOR A ELECCIÓN DEL CLIENTE. INCLUYE: SELLADO PERIMETRAL CON SILICÓN, MATERIALES, MANO DE OBRA, HERRAMIENTA, EQUIPO Y TODO LO NECESARIO PARA SU CORRECTA EJECUCIÓN. P.U.O.T.','A',31.10,579.82,'C','2017-10-17 19:41:29.841890',6,2),(48,1508268343161774,'AB-VS-CAR04','CANCELERIA  DE MADERA PARA VENTANAS CON VIDRIO DE 6 MM, SEGÚN DISEÑO. INCLUYE: SUMINISTRO DE MATERIAL, MANO DE OBRA, HERRAMIENTA, EQUIPO, ACARREOS, DESPERDICIOS, ACCESORIOS DE FIJACION, LIMPIEZA  Y  TODO LO NECESARIO PARA SU CORRECTA EJECUCION. P.U.O.T.','A',118.95,579.82,'C','2017-10-17 19:41:29.846457',6,2),(49,1508268343166403,'CLOSET-01','CLOSET TIPO TAMBOR DE TRIPLAY PINO DE 1A DE 6 MM DE 2.20 X 0.75 X 2.40 MTS. DE ALTURA A BASE DE BASTIDOR DE MADERA, PEINAZOS DE 25 X 50 MM. A CADA 30 CM. EN AMBOS SENTIDOS, UNION ESPIGA, CON 4 ENTREPAÑOS TIPO TAMBOR CON TRIPLAY DE PINO DE 1A DE 6MM. Y BASTIDOR DE MADERA, PEINAZOS DE 25 X 50 MM. A CADA 30 CM. EN AMBOS SENTIDOS, UNION ESPIGA, 2 PUERTAS CORREDIZAS, 3 MANOS DE BARNIZ, INCLUYE: BARNIZ, HERRAJES, MATERIAL, MANO DE OBRA, HERRAMIENTA, EQUIPO Y TODO LO NECESARIO PARA SU CORRECTO FUNCIONAMIENTO','A',15.00,11464.39,'C','2017-10-17 19:41:29.851104',6,4),(50,1508268343170373,'AB-VS-CAR05','COCINA INTEGRAL CONSTRUIDA CON MADERA, TERMINADO EN PINTURA DE ESMALTE COLOR ELEGIDO POE EL CLIENTE, FIJADA. INCLUYE ALACENA, CON PUERTAS ABATIBLES, CONSTRUIDA CON MADERA, SUMINISTRO Y COLOCACION.','A',1.00,115000.00,'C','2017-10-17 19:41:29.855081',6,4),(51,1508268343174323,'BAR-SP01','BARANDAL METÁLICO DE 0.90 MTS. DE ALTURA A BASE HERRERÍA, CON DOS BARRAS SUPERIOR E INFERIOR DE PERFIL TUBULAR DE 2 1/2\" (64 MM) C-250 CAL 14 Y BARROTES VERTICALES DE PERFIL TUBULAR DE 1 1/4\" (32 MM) C-125 CAL 14, CON SEPARACION DE 13 CMS ENTRE CENTROS DE BARRA Y CORTE DE ACUERDO A DISEÑO A 45º CON UN DESARROLLO DE 1.0 MTS C/U; ANCLADO A LOSA CON REDONDO DE 5/8\", ACABADO CON UNA MANO DE PRIMER ANTICORROSIVO Y DOS MANOS DE PINTURA DE ESMALTE 100 (ALQUIDÁLICO) MARCA COMEX O SIMILAR; INCLUYE: SUMINISTRO Y COLOCACIÓN, MATERIAL, HERRAMIENTA, EQUIPO,  MANO DE OBRA, ACARREO Y TODO LO NECESARIO PARA SU CORRECTA EJECUCIÓN. P.U.O.T.','A',8.93,816.34,'C','2017-10-17 19:41:29.859036',7,3),(52,1508268343178385,'BAR-001','BARANDAL TIPO COLONIAL A BASE DE SOLERA DE 3/4\" X 3/16\" CON CUADRADO 1/2\" EN ARREGLOS ANGULARES, CON NUDO CENTRAL INGLES, PASAMANO CAL 18 PINT 160; INCLUYE: PRIMMER ANTICORROSIVO, ACABADO EN  PINTURA ESMALTE COLOR A ELEGIR A DOS MANOS, MATERIAL , MANO DE OBRA, EQUIPO, HERRAMIENTA, ACARREOS Y TODO LO NECESARIO PARA SU CORRECTA EJECUCION. P.U.O.T.','A',23.14,1246.07,'C','2017-10-17 19:41:29.863099',7,3),(53,1508268343182511,'ISC-0078',' ESCALERA DE CARACOL HECHA A BASE DE ANGULO, SOLERA Y TUBO DE 3\" ALTURA MAX DE 6M CON PASAMANOS, INCLUYE: SUMINISTRO, COLOCACION, HERRAMIENTA Y EQUIPO.','A',1.00,8732.98,'C','2017-10-17 19:41:29.867226',7,4),(54,1508268343186636,'092-04.5','ACOMETIDA ELECTRICA, CONEXION DE TRANSFORMADOR A  DELEGACION O CASA HABITACION A UNA ALTURA  DE 6 MTS. INCLUYE: INSTALACION DE CABLE DE ALUMINO No 8 DE ALUMINIO A 2 HILOS, MATERIAL, MANO DE OBRA, HERRAMIENTA, EQUIPO, ELEVACIONES Y TODO LO NECESARIO PARA SU CORRECTA EJECUCIÓN. P.U.O.T.','A',1.00,1520.85,'C','2017-10-17 19:41:29.871350',8,4),(55,1508268343190933,'049-02','INTERRUPTOR DE CUCHILLAS 2X30 AMPERS. CONSIDERANDO PRUEBAS , FUSIBLES, TAQUETES, PIJAS. INCLUYE: MATERIAL, HERRAMIENTA Y MANO DE OBRA. U.C.T.T.','A',1.00,252.68,'C','2017-10-17 19:41:29.875632',8,4),(56,1508268343195080,'048-01D','CENTRO DE CARGA QO8 O SIMILAR SQUARE\'D CON TAQUETES Y TORNILLOS. INCLUYE: MATERIAL, HERRAMIENTA Y MANO DE OBRA. P.U.O.T.','A',1.00,487.32,'C','2017-10-17 19:41:29.879794',8,4),(57,1508268343199631,'INS-005','INTERRUPTOR TERMOMAGNETICO DE 30 AMPS 2 PIEZAS, PARA PROTECCION DE INSTALACION ELECTRICA, INCLUYE GABINETE, MATERIAL MARCA SQUARE, DEMOLICIONES, RESANES, PRUEBAS, CABLEADO ( 6MTS. MAXIMO DE INTERCONEXION ) Y TODO LO NECESARIO PARA SU CORRECTO FUNCIONAMIENTO.','A',8.00,822.44,'C','2017-10-17 19:41:29.884336',8,4),(58,1508268343203580,'INS-002','SALIDA ELECTRICA PARA CONTACTOS, INCLUYE MATERIALES Y MANO DE OBRA. INCLUYE ACCESORIOS BTICINO LINEA MODUS EN COLOR BLANCO. ( CABLE IUSA CAL. 12 TAPA, CONTACTO DOBLE EN COLOR BLANCO ), EXCAVACIONES A INSTALACIONES EXISTENTES.','A',40.00,357.94,'C','2017-10-17 19:41:29.888289',8,6),(59,1508268343208218,'05000006','SALIDA PARA APAGADOR SENCILLO, INCLUYE: POLIDUCTO DE 13  MM., CABLEADO, CHALUPA, TAPA, PLACA ENTUBADO, CABLEADO,  CANALETA, APAGADOR, CONEXION,  MATERIAL, MANO DE OBRA, HERRAMIENTA,  E- QUIPO Y TODO LO NECESARIO PARA SU EJECUCION. P.U.O.T.         ','A',40.00,455.00,'C','2017-10-17 19:41:29.892931',8,7),(60,1508268343212154,'ISC-051','SALIDA ELÉCTRICA PARA CONTACTO Y/O LAMPARA CON UN DESARROLLO MÁXIMO DE 5.00 MTS. EL PRECIO INCLUYE: CABLE THW CAL. 12, CABLE DESNUDO CAL 14, TUBO CONDUIT PARED GRUESA 3/4\", CHALUPA,  MANO DE OBRA Y TODOS LOS MATERIALES PARA LA CORRECTA EJECUCIÓN DEL P.U.O.T.','A',128.00,401.75,'C','2017-10-17 19:41:29.896867',8,6),(61,1508268343216063,'AB-VS-IE01','SALIDA ELÉCTRICA PARA PISO CON UN DESARROLLO MÁXIMO DE 5.00 MTS. EL PRECIO INCLUYE: CABLE THW CAL. 12, CABLE DESNUDO CAL 14, TUBO CONDUIT PARED GRUESA 3/4\", CHALUPA,  MANO DE OBRA Y TODOS LOS MATERIALES PARA LA CORRECTA EJECUCIÓN DEL P.U.O.T.','A',84.00,449.39,'C','2017-10-17 19:41:29.900776',8,6),(62,1508268343219899,'AB-VS-IE02','SUMINISTRO Y COLOCACION DE LUMINARIA,  MARCA TECNOLITE, MODELO CTL-0003/OP BAMBERA, CON UN TERMINADO CRISTAL OPALINO. INCLUYE: SUMINISTRO DE MATERIALES, HERRAMIENTA EQUIPO, ANDAMIOS, ELEVACIONES, ACCESORIOS, MANO DE OBRA Y TODO LO NECESARIO PARA SU CORRECTA EJECUCIÓN. P.U.O.T.','A',3.00,1757.30,'C','2017-10-17 19:41:29.904615',8,4),(63,1508268343223902,'AB-VS-IE03','SUMINISTRO Y COLOCACION DE LUMINARIA,  MARCA TECNOLITE, MODELO CLT-6021 BASTIA, CON UN TERMINADO DE ALUMINIO. INCLUYE: SUMINISTRO DE MATERIALES, HERRAMIENTA EQUIPO, ANDAMIOS, ELEVACIONES, ACCESORIOS, MANO DE OBRA Y TODO LO NECESARIO PARA SU CORRECTA EJECUCIÓN. P.U.O.T.','A',9.00,1295.90,'C','2017-10-17 19:41:29.908612',8,4),(64,1508268343227798,'AB-VS-IE04','SUMINISTRO Y COLOCACION DE LUMINARIA,  MARCA TECNOLITE, MODELO CLT-8160/M LOSANNA, CON UN TERMINADO DE MADERA. INCLUYE: SUMINISTRO DE MATERIALES, HERRAMIENTA EQUIPO, ANDAMIOS, ELEVACIONES, ACCESORIOS, MANO DE OBRA Y TODO LO NECESARIO PARA SU CORRECTA EJECUCIÓN. P.U.O.T.','A',15.00,2360.50,'C','2017-10-17 19:41:29.912470',8,4),(65,1508268343232418,'AB-VS-IE05','SUMINISTRO Y COLOCACION DE LUMINARIA,  MARCA TECNOLITE, MODELO PTL-5025/M FORLI, CON UN TERMINADO DE MADERA OSCURA. INCLUYE: SUMINISTRO DE MATERIALES, HERRAMIENTA EQUIPO, ANDAMIOS, ELEVACIONES, ACCESORIOS, MANO DE OBRA Y TODO LO NECESARIO PARA SU CORRECTA EJECUCIÓN. P.U.O.T.','A',37.00,728.10,'C','2017-10-17 19:41:29.917120',8,4),(66,1508268343236370,'AB-VS-IE06','SUMINISTRO Y COLOCACION DE LUMINARIA,  MARCA TECNOLITE, MODELO FTL-7356 SIENA II, CON UN TERMINADO NEGRO. INCLUYE: SUMINISTRO DE MATERIALES, HERRAMIENTA EQUIPO, ANDAMIOS, ELEVACIONES, ACCESORIOS, MANO DE OBRA Y TODO LO NECESARIO PARA SU CORRECTA EJECUCIÓN. P.U.O.T.','A',28.00,461.90,'C','2017-10-17 19:41:29.921078',8,4),(67,1508268343240621,'AB-VS-IE07','SUMINISTRO Y COLOCACION DE LUMINARIA, MARCA TECNOLITE, MODELO FTL-7355 SIENA, CON UN TERMINADO NEGRO. INCLUYE: SUMINISTRO DE MATERIALES, HERRAMIENTA EQUIPO, ANDAMIOS, ELEVACIONES, ACCESORIOS, MANO DE OBRA Y TODO LO NECESARIO PARA SU CORRECTA EJECUCIÓN. P.U.O.T.','A',43.00,437.32,'C','2017-10-17 19:41:29.925324',8,4),(68,1508268343244591,'AB-VS-IE08','SUMINISTRO Y COLOCACION DE LUMINARIA,  MARCA TECNOLITE, MODELO HLED-651/30 ORBIX, CON UN TERMINADO SATINADO. INCLUYE: SUMINISTRO DE MATERIALES, HERRAMIENTA EQUIPO, ANDAMIOS, ELEVACIONES, ACCESORIOS, MANO DE OBRA Y TODO LO NECESARIO PARA SU CORRECTA EJECUCIÓN. P.U.O.T.','A',41.00,1473.30,'C','2017-10-17 19:41:29.929300',8,4),(69,1508268343248430,'AB-VS-IE09','SUMINISTRO Y COLOCACION DE LUMINARIA,  MARCA TECNOLITE, MODELO YSNLED-368, CON UN TERMINADO BLANCO. INCLUYE: SUMINISTRO DE MATERIALES, HERRAMIENTA EQUIPO, ANDAMIOS, ELEVACIONES, ACCESORIOS, MANO DE OBRA Y TODO LO NECESARIO PARA SU CORRECTA EJECUCIÓN. P.U.O.T.','A',12.00,479.70,'C','2017-10-17 19:41:29.933141',8,4),(70,1508268343252284,'AB-VS-IE10','SUMINISTRO Y COLOCACION DE LUMINARIA,   MARCA TECNOLITE, MODELO HLED-804 ANSHAN II, CON UN TERMINADO BLANCO. INCLUYE: SUMINISTRO DE MATERIALES, HERRAMIENTA EQUIPO, ANDAMIOS, ELEVACIONES, ACCESORIOS, MANO DE OBRA Y TODO LO NECESARIO PARA SU CORRECTA EJECUCIÓN. P.U.O.T.','A',8.00,586.10,'C','2017-10-17 19:41:29.936952',8,4),(71,1508268343256859,'AB-VS-IE11','SUMINISTRO Y COLOCACION DE LUMINARIA, MARCA TECNOLITE, MODELO CTL-8100/S LERIDA, CON UN TERMINADO CRISTAL OPALINO. INCLUYE: SUMINISTRO DE MATERIALES, HERRAMIENTA EQUIPO, ANDAMIOS, ELEVACIONES, ACCESORIOS, MANO DE OBRA Y TODO LO NECESARIO PARA SU CORRECTA EJECUCIÓN. P.U.O.T.','A',8.00,577.30,'C','2017-10-17 19:41:29.941562',8,4),(72,1508268343261144,'040-93','CISTERNA PREFABRICADA CON CAPACIDAD DE 10,000 LTS. INC: ACCESORIOS, TALES COMO VALVULAS, CONEXIONES, BOMBA ELECTRICA ETC. MANO DE OBRA Y HERRAMIENTA. P.U.O.T.','A',1.00,19450.24,'C','2017-10-17 19:41:29.945849',9,4),(73,1508268343265028,'TIN-001','TINACO DE POLIETILENO DE ALTA DENSIDAD DE CAPACIDAD 1100 LTS. ROTOPLAS O SIMILAR, INCLUYE  SUMINISTRO DE MATERIALES, COLOCACIÓN, CONEXIONES, ACARREOS, ELEVACIÓN, MANO DE OBRA, HERRAMIENTA, EQUIPO, PRUEBAS, LIMPIEZA. (U.C.T.T.)','A',2.00,2312.27,'C','2017-10-17 19:41:29.949740',9,4),(74,1508268343269125,'INS-003','SALIDA HIDRÁULICA A UNA DISTANCIA NO MAYOR A 6.0 M, INCLUYE TUBERÍA DE COBRE TIPO M EN 13 Y 19 MM (SEGÚN REQUIERA), CODOS, COPLES, TEES, YEES, MATERIAL DE CONSUMO, PRUEBAS, EXCAVACIONES, RELLENOS, INTERCONEXIONES, DERIVACIONES. DEMOLICIONES Y CONEXIONES A INSTALACIONES EXISTENTES, MANO DE OBRA, HERRAMIENTAS Y TODO LO NECESARIO PARA SU CORRECTA EJECUCIÓN.','A',35.00,822.89,'C','2017-10-17 19:41:29.953807',9,6),(75,1508268343273592,'INS-004','SALIDA SANITARIA, A UNA DISTANCIA PROMEDIO A 6.0 M, INCLUYE TUBERÍA DE 2,3 Y 4 SEGÚN REQUIERA, CODOS COPLES, TEES, MATERIAL DE CONSUMO, EXCAVACIONES, RELLENOS,INTERCONEXIONES,DERIVACIONES,DEMOLICIONES Y CONEXIONES A INSTALACIONES EXISTENTES, MATERIAL MANO DE OBRA, HERRAMIENTA Y TODO LO NECESARIO PARA SU CORRECTO FUNCIONAMIENTO INCLUYE PRUEBAS.','A',31.00,510.89,'C','2017-10-17 19:41:29.958292',9,6),(76,1508268343277428,'AB-VS-IHS01','SUMINISTRO Y COLOCACION DE W.C., MODELO: NIZA, COLOR BLANCO. PROOVEDOR; CORONA. CON MEZCLADORA. INCLUYE: MATERIAL, HERRAMIENTA Y MANO DE OBRA. P.U.O.T.','A',8.00,1843.59,'C','2017-10-17 19:41:29.962138',9,4),(77,1508268343281587,'ULS-113','SUMINISTRO Y COLOCACION DE LAVABO OVALIN RONDALIN DE SOBREPONER, COLOR BLANCO INCLUYE: ACCESORIOS. CESPOL PARA LAVABO. LLAVE ANGULAR, CONTRAREJILLA, MATERIAL, MANO DE OBRA Y HERRAMIENTA. P.U.O.T.','A',8.00,1988.84,'C','2017-10-17 19:41:29.966296',9,4),(78,1508268343286199,'AB-VS-IHS02','SUMINISTRO Y COLOCACION DE REGADERA MODELO: TANA CUADRADA ULTRA DELGADA, COLOR CROMO. CON MEZCLADOR MODELO: LENA CROMADO. PROOVEDOR: CORONA. INCLUYE: MANO DE OBRA CALIFICADA, MATERIALES, HERRAMIENTA, PRUEBAS Y LIMPIEZA. ','A',7.00,1764.13,'C','2017-10-17 19:41:29.970856',9,4),(79,1508268343291035,'AB-VS-IHS03','SUMINISTRO Y COLOCACION DE LAVADERO CON LLAVE DE NARIZ. INCLUYE: MANO DE OBRA CALIFICADA, MATERIALES, HERRAMIENTA, PRUEBAS Y LIMPIEZA. ','A',1.00,362.08,'C','2017-10-17 19:41:29.975736',9,4),(80,1508268343294830,'AB-VS-IHS04','SUMINISTRO Y COLOCACION DE TINA DE HIDROMASAJE. MODELO: TINA CHATUR, SPA, MARCA KLIPEN, ACABADO BRILLANTE, COLOR BLANCO, LÍNEA PREMIUM, ESTILO DOBLE ISLA. INCLUYE: MANO DE OBRA CALIFICADA, MATERIALES, HERRAMIENTA, PRUEBAS Y LIMPIEZA. ','A',1.00,27945.85,'C','2017-10-17 19:41:29.979546',9,4),(81,1508268343298587,'AB-VS-IHS05','SUMINISTRO Y COLOCACIÓN DE PORTAPAPEL CROMADO MARCA DELTA. INCLUYE: MATERIAL, HERRAMIENTA Y MANO DE OBRA. P.U.O.T.','A',8.00,1323.40,'C','2017-10-17 19:41:29.983303',9,4),(82,1508268343302874,'AB-VS-IHS06','SUMINISTRO Y COLOCACIÓN DE TOALLERO DE BARRA MCA. DELTA CROMADA. INCLUYE: MATERIAL, HERRAMIENTA Y MANO DE OBRA. P.U.O.T.','A',8.00,936.48,'C','2017-10-17 19:41:29.987495',9,4),(83,1508268343307149,'AB-VS-IHS07','SUMINISTRO Y COLOCACIÓN DE JABONERA MCA. DELTA CROMADA. INCLUYE: MATERIAL, HERRAMIENTA Y MANO DE OBRA. P.U.O.T.','A',8.00,855.09,'C','2017-10-17 19:41:29.991856',9,4),(84,1508268343310916,'AB-VS-IHS08','SUMINISTRO Y COLOCACION DE CANCEL  DE ALUMINIO ANODIZADO NATURAL PARA BAÑO CON ACRILICO DE 1.42 X 2.20 M. INCLUYE: CORTES, DESPERDICIOS Y ACARREO DE MATERIALES AL SITIO DE SU UTILIZACION A CUALQUIER NIVEL','A',7.00,2057.98,'C','2017-10-17 19:41:29.995632',9,4),(85,1508268343314790,'AB-VS-IHS09','SUMINISTRO Y COLOCACION DE COLADERA HELVEX MOD. UNA BOCA 282-35-CHLI. INCLUYE: MATERIALES MENORES, PRUEBAS Y ACARREOS.','A',8.00,3267.67,'C','2017-10-17 19:41:29.999474',9,4),(86,1508268343318700,'094-48B','REGISTRO DE 40X60 CM Y  DE 1.00 A 1.50 CMS DE PROFUNDIDAD, CON MUROS DE TABIQUE COMUN DE 12.5 CM DE ESPESOR ASENTADO CON MORTERO CEMENTO-ARENA PROP: 1:5, APLANADO PULIDO INTERIOR CON CEMENTO GRIS, CONSIDERANDO: TAPA DE CONCRETO DE 60 X 40 CM Y CONTRAMARCO DE ANGULO 1 1/4\",  EXCAVACION, RELLENO, CONEXION DE TUBO. INCLUYE: MATERIAL, HERRAMIENTA Y MANO DE OBRA.  P.U.O.T.','A',15.00,1235.72,'C','2017-10-17 19:41:30.003404',9,4),(87,1508268343323610,'DSCO-026','BAJADA DE AGUAS PLUVIALES  DE PVC  DE 4\" CON UN DESARROLLO DE 4.00 MTS. INCLUYE: MATERIAL, MANO DE OBRA, HERRAMIENTA P.U.O.T.','A',1.00,169.88,'C','2017-10-17 19:41:30.008311',9,4),(88,1508268343327718,'GCAISC-0043','CONEXIÓN A LINEA DE DRENAJE MUNICIPAL, CON TUBERÍA DE ALBAÑAL DE 6\", INCLUYE EXCAVACIONES RELLENOS, DEMOLICIÓN Y REPOSICIÓN DE CARPETA ASFÁLTICA, LONGITUD ESTIMADA 4.5M (A LA CALLE DE PLAZA ESPAÑA), INCLUYE MATERIALES, MANO DE OBRA EQUIPO HERRAMIENTA Y TODO LO NECESARIO PARA SU CORRECTA EJECUCIÓN. P.U.O.T.','A',1.00,1549.43,'C','2017-10-17 19:41:30.012418',9,6),(89,1508268343331531,'094-55','CAJA PARA OPERACION DE VALVULAS. INCLUYE: PLANTILLA DE CONCRETO F\'C=100 KG/CM2 DE 10 CM DE ESPESOR, MURO DE TABIQUE RECOCIDO JUNTEADO CON MORTERO CEMENTO ARENA 1:3, SUMINISTRO Y HABILITADO DE ACERO DE REFUERZO, CORTES, AMARRES, CIMBRA DE MADERA O DESCIMBRADO, ELABORACION DE CONCRETO, VACIADO, COLADO, CURADO, SUMINISTRO DE LOS MATERIALES EN EL LUGAR DE LOS TRABAJOS Y TODO LO NECESARIO PARA SU CORRECTA EJECUCION.','A',1.00,1328.36,'C','2017-10-17 19:41:30.016243',9,4),(90,1508268343335390,'AB-VS-IHS10','SUMINISTRO Y COLOCACIÓN DE CALENTADOR DE 16 LTS AUTOMATICO BOSCH SIMILAR EN CARACTERISTICAS Y CALIDAD, INCLUYE: SOPORTE DE TUBO GALVANIZADO EMPOTRADO A MURO, RESANES, PRUEBAS DE FUNCIONAMIENTO, TODOS LOS MATERIALES QUE INTERVENGAN, MANO DE OBRA, HERRAMIENTA, EQUIPO, ACARREOS Y TODO LO NECESARIO PARA SU CORRECTA COLOCACIÓN. ','A',2.00,8562.27,'C','2017-10-17 19:41:30.020103',9,4),(91,1508268343340068,'AB-VS-IHS11','EQUIPO HIDRONEUMATICO DUPLEX, Q=3.03 L/S H= 22/32 MCA, INCLUYE:2 BOMBAS CENTRIFUGAS HORIZONTALES MCA. AURORA - PICSA 1X1+X7 /341, MOTOR ELECTRICO 3 HP, 3500 RPM, 60 HZ, 3F, 220/440 VOLTS, 1 TABLERO MCA. TC MODELO TPI-2BA-3-LB-SG-M-220 VOLTS, 1 TANQUE DE DIAFRAGMA MCA. WELL-X-TROL O EQ. DE 400 LTS. 1 JUEGO DE ACCESORIOS CON VALVULA DE ALIVIO WATT\'S 19MM Y AMORTIGUADOR DE GOLPE DE ARIETE','A',1.00,81086.00,'C','2017-10-17 19:41:30.024770',9,4),(92,1508268343343926,'ISC-018','SUMINISTRO Y COLOCACION DE TANQUE ESTACIONARIO CYTSA CAP. 300 LTS., INCLUYE: REGULADOR','A',1.00,3207.79,'C','2017-10-17 19:41:30.028635',9,4),(93,1508268343347727,'AB-VS-IHS12','SUMINISTRO Y COLOCACIÓN DE TRAMPA DE GRASA MARCA SKINCO, MODELO 250 I O SIMILAR EN CALIDAD Y CARACTERISTICAS, INCLUYE: EXCAVACIÓN, ARENA O TAMIZADO DE RELLENO, TAPA, CODO DE 2\" PARA LA ENTRADA DE AGUA, TE DE 2\" PARA LA SALIDA, TUBO DE 0.35 M, TUBO DE 0.45M, MANO DE OBRA, HERRAMIENTAS Y TODO LO NECESARIO PARA SU CORRECTA EJECUCIÓN. ','A',1.00,6912.37,'C','2017-10-17 19:41:30.032431',9,4),(94,1508268343352079,'AB-VS-IHS13','SUMINISTRO Y COLOCACIÓN DE POZO SÉPTICO MARCA SKINCO O SIMILAR EN CARACTERISTICAS Y CALIDAD, A BASE DE POLIETILENO DE 1000 Lts; INCLUYE; EXCAVACIÓN, RELLENO CON MATERIAL BLANDO, TAPA, CODO DE 4\" PARA ENTREDA, TE DE 4\" PARA LA SALIDA, HERRRAMIENTAS, EQUIPO Y TODO LO NECESARIO PARA SU CORRECTA INSTALACIÓN.','A',1.00,9255.23,'C','2017-10-17 19:41:30.036789',9,4),(95,1508268343356853,'AB-VS-IHA14','SUMINISTRO Y COLOCACIÓN DE TANQUE SÉPTICO MARCA SKINCO O SIMILAR EN CARACTERISTICAS Y CALIDAD, A BASE DE POLIETILENO DE 1000 Lts; INCLUYE; EXCAVACIÓN, RELLENO CON MATERIAL BLANDO, TAPA, CODO DE 4\" PARA ENTREDA, TE DE 4\" PARA LA SALIDA, HERRRAMIENTAS, EQUIPO Y TODO LO NECESARIO PARA SU CORRECTA INSTALACIÓN.','A',1.00,9799.79,'C','2017-10-17 19:41:30.041555',9,4),(96,1508268343360771,'AB-VS-EQ01','PREPARACIÓN PARA MINISPLIT DE 2 TON AHOGADA EN MURO, CON BASE DE HERRERIA, INCLUYE: INSTAQLACIÓN DE TUBERIAS, INTERCONEXIONES, AISLANTE DETALLADO Y LIMPIEZA DEL AREA, MANIOBRAS Y TODO LO NECESARIO PARA SU CORRECTA INSTALACIÓN. ','A',1.00,7685.82,'C','2017-10-17 19:41:30.045480',10,8),(97,1508268343364625,'AB-VS-EQ02','SIMINISTRO E INSTALACIÓN DE MINISPLIT DE 2 TON AHOGADA EN MURO, CON BASE DE HERRERÍA, INCLUYE: INSTALACIÓN DE TUBERÍAS, INTERCONEXIONES, AISLANTE DETALLADO Y LIMPIEZA DEL AREA, MANIOBRAS TODO LO NECESARIO PARA SU CORRECTA INSTALACIÓN.','A',1.00,24353.22,'C','2017-10-17 19:41:30.049337',10,4),(98,1508268343368419,'AB-VS-EQ03','SUMINISTRO Y COLOCACIÓN DE AIRE ACONDICIONADO TECHO, CONDUCTO OCULTO, INVERTER (53,900 Btu/h) MODELO ABNQ54GRLA0, DE 950 X 1380 X 330 MM, INCLUYE: HERRAMIENTAS, EQUIPO, ANDAMIOS, CORTES, LIMPIEZA Y TODO LO NECESARIO PARA SU CORRECTA INSTALACIÓN.','A',1.00,44102.38,'C','2017-10-17 19:41:30.053133',10,4),(99,1508268343372739,'AB-VS-EQ04','INSTALACIÓN DE CONDUCTOS PARA AIRE ACONDICIONADO CENTRALIZADO CON REJILLAS EN CADA ESPACIO DETERMINADO POR DISEÑO, INCLUYE: CORTES, REJILLAS, LIMPIEZA Y TODO LO NECESARIO PARA SU CORRECTA INSTALACIÓN.','A',0.00,1385.99,'C','2017-10-17 19:41:30.057448',10,3),(100,1508268343376596,'LIMP-001','LIMPIEZA FINA DE LA OBRA PARA SU ENTREGA , INCLUYE , MATERIAL MANO DE OBRA, HERRAMIENTA, ACARREO DE MATERIAL PRODUCTO DE LA MISMA A PIE DE CAMION Y LO NECESARIO PARA SU CORRECTA EJECUCION. LIMPIEZA DE CANCELERIA Y VIDRIOS, PUERTAS,BAÑOS,LAVADO DE PISOS Y PULIDO EN CASO DE SER NECESARIO, DEJANDO AREAS LISTAS PARA SU USO INMEDIATO.','A',1131.82,11.94,'C','2017-10-17 19:41:30.061308',11,2),(101,1508268343381180,'005-48','ACARREO DE MATERIALES SOBRANTES PRODUCTO DE EXCAVACIONES, DEMOLICIONES, LIMPIEZA DE OBRA (ESCOMBRO Y CASCAJO) A TIRO LIBRE PROPUESTO POR EL CONTRATISTA, INCLUYE:CARGA CON MAQUINA, MANO DE OBRA, EQUIPO Y HERRAMIENTA P.U.O.T.','A',147.14,99.41,'C','2017-10-17 19:41:30.065874',11,1),(102,1508268343385519,'B-001-P01','LIMPIA DE TERRENO PARA TRAZO DE EDIFICIOS, INCLUYE DESPALME, ACARREO DE ESCOMBRO FUERA DE LA OBRA CON CARGA A MANO. (U.C.T.T.)','A',145.50,7.31,'C','2017-10-17 19:41:30.070225',14,2),(103,1508268343389865,'3.1.B1','TRAZO Y NIVELACION  DE TERRENO CON EQUIPO TOPOGRAFICO ESTABLECIENDO EJES DE REFERENCIA Y BANCOS DE NIVEL, INCLUYE: MATERIALES, MANO DE OBRA, EQUIPO Y HERRAMIENTA P.U.O.T.','A',145.50,3.55,'C','2017-10-17 19:41:30.074549',14,2),(104,1508268343393908,'001-23-P01','EXCAVACION A MANO EN CEPA HASTA 2.00 MTS. DE PROF. EN CUALQUIER TIPO DE MATERIAL; INCLUYE: AFINE DE TALUDES  Y FONDO,  INCLUIR ACARREOS DE MATERIAL SOBRANTE FUERA DE LA OBRA, INCLUYE: MANO DE OBRA, EQUIPO, HERRAMIENTA.  P.U.O.T.','A',96.75,194.96,'C','2017-10-17 19:41:30.078624',15,1),(105,1508268343397670,'093-05B-CE-01','BASE CON MATERIAL DE BANCO, CON UN ESPESOR DE 50 CMS. Y COMPACTADA AL 95% DE SU P.V.S.M., INCLUYE: SUMINISTRO Y ACARREO DEL MATERIAL PUESTO EN LA OBRA, ACAMELLONADO, INCORPORACIÓN DE AGUA Y SU ACARREO, MEZCLADO, TENDIDO, AFINE Y COMPACTACIÓN, MANO DE OBRA, EQUIPO Y HERRAMIENTA. P.U.O.T.','A',16.67,264.33,'C','2017-10-17 19:41:30.082386',15,1),(106,1508268343401905,'BP-003','PLANTILLA DE CONCRETO HIDRAULICO SIMPLE DE 5 CMS. DE ESPESOR HECHO EN OBRA F\'C=100 KG/CM2 RESINTENCIA NORMAL, TAMAÑO MAXIMO AGREGADO DE 3/4\", INCLUYE: MATERIALES, HERRAMIENTAS, EQUIPO DE SEGURIDAD, MANO DE OBRA Y EQUIPO MENOR.','A',27.50,89.15,'C','2017-10-17 19:41:30.086599',15,2),(107,1508268343406632,'BP-006-1','CADENA DE DESPLANTE DE SECCION 20 X 40 CM. DE CONCRETO HIDRAULICO HECHO EN OBRA F\'C=200 KG/CM2 RESINTENCIA NORMAL, TAMAÑO MAXIMO AGREGADO DE 3/4\", REFORZADO 6 VARILLAS DE ACERO DEL No.4 (1/2\") Y ESTRIBOS DEL No. 2 (1/4\") A CADA 20 CM. ACABADO COMUN, INCLUYE: VIBRADO, CURADO, CIMBRA Y DESCIMBRA, MATERIALES, HERRAMIENTAS, EQUIPO DE SEGURIDAD, MANO DE OBRA Y EQUIPO MENOR.','A',55.57,392.98,'C','2017-10-17 19:41:30.091319',15,3),(108,1508268343410731,'009-15-01','LOSA DE CIMENTACION (SEGÚN DISEÑO DE 18.80 X 5.00 X 0.10 MTS. COLADA CON CONCRETO HIDRAULICO F`C=200KG/CM2, ARMADA CON ACERO FY=4200 KG/CM2 DEL NO. 3 @20 CMS. EN AMBOS SENTIDOS, CON CUADRO CASTILLOS PERIMETRALES DE 20 X 20 S20 CMS. Y UNO CENTRAL DE 40 X 20 X 20 CMS, ARMADOS, CON VARILLA SEL NO. 3 Y ESTRIBOS DEL NO. 2 10 CMS, INCLUYE: TAQUETES EXPANSIVOS GALVANIZADO TIPO HILTI KBII 1/4, EXCAVACION RELLENO, MATERIAL, MANO DE OBRA, EQUIPO, HERRAMIENTA Y TODO LO NESESARIO PARA SU CORRECTA  EJECUCION, P.U.O.T.','A',96.75,1109.31,'C','2017-10-17 19:41:30.095444',15,2),(109,1508268343415201,'AB-CE-ES-CE01','BASAMENTO CON DIMENSIONES DE 40 X 40 X 40 CMS. A BASE DE CONCRETO F\'c=200 Kg/cm2, ARMADO CON 8 VARILLAS DE 3/8\'\' Y ESTRIBOS 1/4\'\' @ 20 CMS. EN ACERO FY=4200 KG/CM2. INCLUYE: RECUBRIMIENTO A BASE DE PIEDRA LAJA ASENTADA CON MORTERO CEMENTO-ARENA EN PROPORCION 1:4, VIBRADO, CURADO, CIMBRA Y DESCIMBRA, MATERIALES, MANO DE OBRA, HERRAMIENTA, EQUIPO DE SEGURIDAD Y TODO LO NESESARIO PARA SU CORRECTA  EJECUCION, P.U.O.T.','A',8.00,584.39,'C','2017-10-17 19:41:30.099903',16,4),(110,1508268343420181,'AB-CE-ES-CE02','SUMINISTRO Y COLOCACION DE COLUMNA DE MADERA DE PINO DE PRIMERA CALIDAD, DE SECCION 0.30 X 0.30 Y 2.85 MTS. DE ALTURA. INLCUYE: ANCLAJE A BASAMENTO CON PLACA DE ACERO DE 1/4\'\' DE ESPESOR, SEGUN DISEÑO ESTRUCTURAL,  TRATAMIENTO PARA MADERA A BASE DE PENTACLOROFENOL,  Y ACEITE DE LINAZA APLICADO CON BROCHA A DOS MANOS, MATERIAL, MANO DE OBRA, HERRAMIENTA, EQUIPO DE PROTECCIÓN CONTRA GASES TÓXICOS Y TODO LO NECESARIO PARA SU EJECUCIÓN. P.U.O.T.','A',4.00,6966.68,'C','2017-10-17 19:41:30.104877',16,4),(111,1508268343424771,'AB-CE-ES-CE03','SUMINISTRO Y COLOCACION DE COLUMNA DE MADERA DE PINO DE PRIMERA CALIDAD, DE SECCION 0.30 X 0.30 Y 4.05 MTS. DE ALTURA, CON ACABADO NATURAL Y TRATAMIENTO CONTRA LA INTEMPERIE. INLCUYE: ANCLAJE A BASAMENTO CON PLACA DE ACERO DE 1/4\'\' DE ESPESOR, SEGUN DISEÑO ESTRUCTURAL,  TRATAMIENTO PARA MADERA A BASE DE PENTACLOROFENOL,  Y ACEITE DE LINAZA APLICADO CON BROCHA A DOS MANOS, MATERIAL, MANO DE OBRA, HERRAMIENTA, EQUIPO DE PROTECCIÓN CONTRA GASES TÓXICOS Y TODO LO NECESARIO PARA SU EJECUCIÓN. P.U.O.T.','A',4.00,10696.56,'C','2017-10-17 19:41:30.109466',16,4),(112,1508268343429250,'AB-VIG-01','SUMINISTRO Y COLOCACION DE TRABE DE MADERA DE PINO DE PRIMERA CALIDAD, DE SECCION 0.20 X 0.30 MTS. INCLUYE: ANCLAJE A COLUMNA CON PLACA DE ACERO DE 1/4\'\' DE ESPESOR, SEGÚN DISEÑO ESTRUCTURAL, TRATAMIENTO PARA MADERA A BASE DE PENTACLOROFENOL,  Y ACEITE DE LINAZA APLICADO CON BROCHA A DOS MANOS, MATERIAL, MANO DE OBRA, HERRAMIENTA, EQUIPO DE PROTECCIÓN CONTRA GASES TÓXICOS Y TODO LO NECESARIO PARA SU EJECUCIÓN. P.U.O.T.','A',39.60,1459.89,'C','2017-10-17 19:41:30.113946',16,3),(113,1508268343433766,'AB-VIG-02','SUMINISTRO Y COLOCACION DE VIGA DE MADERA DE PINO DE PRIMERA CALIDAD, DE SECCION 0.10 X 0.20 X 6.00 MTS. @ 0.40 MTS. INCLUYE: ANCLAJE A TRABE CON CLAVO DE ACERO DE 4\'\', TRATAMIENTO PARA MADERA A BASE DE PENTACLOROFENOL,  Y ACEITE DE LINAZA APLICADO CON BROCHA A DOS MANOS, MATERIAL, MANO DE OBRA, HERRAMIENTA, EQUIPO DE PROTECCIÓN CONTRA GASES TÓXICOS Y TODO LO NECESARIO PARA SU EJECUCIÓN. P.U.O.T.','A',48.00,1776.52,'C','2017-10-17 19:41:30.118462',16,4),(114,1508268343439024,'AB-CE-C-01','TRIPLAY DE 21MM. DE ESPESOR INCLUYE: TRATAMIENTO PARA MADERA A BASE DE PENTACLOROFENOL,  Y ACEITE DE LINAZA APLICADO CON BROCHA A DOS MANOS, MATERIAL, MANO DE OBRA, HERRAMIENTA, EQUIPO DE PROTECCIÓN CONTRA GASES TÓXICOS Y TODO LO NECESARIO PARA SU EJECUCIÓN. P.U.O.T.','A',118.70,350.22,'C','2017-10-17 19:41:30.123708',17,2),(115,1508268343443602,'024-16B','IMPERMEABILIZANTE AL-KOAT TIPO PA-40T SBS  DE 4.0 MM DE ESPESOR, ACABADO FINAL CON GRAVILLA CERAMICA COLOR TERRACOTA, CON APLICACION PREVIA DE PRIMARIA AL-KOAT BASE AGUA, COLOCADA LA MEMBRANA CON SOPLETE DE GAS, TRASLAPES DE 10 CM INC: LIMPIEZA PREVIA DE LA SUPERFICIE Y POSTERIOR A LA APLICACION (BARRIDO), MATERIAL, HERRAMIENTA Y MANO DE OBRA ( 5 AÑOS DE GARANTIA) P.U.O.T.','A',118.70,193.16,'C','2017-10-17 19:41:30.128292',17,2),(116,1508268343448103,'GCAISC-0045-C01','SUMINISTRO Y COLOCACION DE TEJA DE BARRO COLOR NATURAL DE 30X15X1.4 CM EN CUBIERTA INCLINADA. INCLUYE: CARGO DIRECTO POR EL COSTO DE LOS MATERIALES Y MANO DE OBRA QUE INTERVENGAN, FLETE A OBRA, DESPERDICIO, ACARREO HASTA EL LUGAR DE SU UTILIZACION, COLOCACION, ELEMENTOS DE FIJACION,  DESPERDICIOS , ELEVACIONES, LIMPIEZA Y RETIRO DE SOBRANTES FUERA DE OBRA, EQUIPO DE SEGURIDAD, INSTALACIONES ESPECIFICAS, DEPRECIACION Y DEMAS CARGOS DERIVADOS DEL USO DE HERRAMIENTA Y EQUIPO, EN CUALQUIER NIVEL. P.U.O.T.','A',118.70,308.19,'C','2017-10-17 19:41:30.132798',17,2),(117,1508268343452790,'B-001-P01','LIMPIA DE TERRENO PARA TRAZO DE EDIFICIOS, INCLUYE DESPALME, ACARREO DE ESCOMBRO FUERA DE LA OBRA CON CARGA A MANO. (U.C.T.T.)','A',116.00,7.31,'C','2017-10-17 19:41:30.137492',19,2),(118,1508268343457539,'3.1.B1','TRAZO Y NIVELACION  DE TERRENO CON EQUIPO TOPOGRAFICO ESTABLECIENDO EJES DE REFERENCIA Y BANCOS DE NIVEL, INCLUYE: MATERIALES, MANO DE OBRA, EQUIPO Y HERRAMIENTA P.U.O.T.','A',116.00,3.55,'C','2017-10-17 19:41:30.142235',19,2),(119,1508268343462478,'001-23-P01','EXCAVACION A MANO EN CEPA HASTA 2.00 MTS. DE PROF. EN CUALQUIER TIPO DE MATERIAL; INCLUYE: AFINE DE TALUDES  Y FONDO,  INCLUIR ACARREOS DE MATERIAL SOBRANTE FUERA DE LA OBRA, INCLUYE: MANO DE OBRA, EQUIPO, HERRAMIENTA.  P.U.O.T.','A',1.30,194.96,'C','2017-10-17 19:41:30.147107',20,1),(120,1508268343467501,'BP-003','PLANTILLA DE CONCRETO HIDRAULICO SIMPLE DE 5 CMS. DE ESPESOR HECHO EN OBRA F\'C=100 KG/CM2 RESINTENCIA NORMAL, TAMAÑO MAXIMO AGREGADO DE 3/4\", INCLUYE: MATERIALES, HERRAMIENTAS, EQUIPO DE SEGURIDAD, MANO DE OBRA Y EQUIPO MENOR.','A',1.08,89.15,'C','2017-10-17 19:41:30.152194',20,2),(121,1508268343472046,'BP-005-P-C01','DADO DE CIMENTACION AISLADO DE SECCION 0.30 X 0.30 Y 0.30 MTS. DE ALTURA DE CONCRETO HIDRAULICO HECHO EN OBRA F\'C=250 KG/CM2 RESINTENCIA NORMAL, TAMAÑO MAXIMO AGREGADO DE 3/4\", REFORZADO 6 VARILLAS DE ACERO DEL No.3 (3/8\") Y ESTRIBOS DEL No. 2 (1/4\") A CADA 10 CMS. ACABADO COMUN, INCLUYE: VIBRADO, CURADO, CIMBRA Y DESCIMBRA, MATERIALES, HERRAMIENTAS, EQUIPO DE SEGURIDAD, MANO DE OBRA Y EQUIPO MENOR.','A',12.00,209.90,'C','2017-10-17 19:41:30.156736',20,4),(122,1508268343476557,'AB-PE-CI-01','CONTRATRABE DE CIMENTACION SEC CION  0.20 X 0.40  MTS. CONCRETO F\'C=200 KG/CM² ARMADO CON 6 VA RILLAS # 4 FY= 4200 Y ESTRIBOS DEL N.2 @ 20 CMS. F\'Y= 2400 KG /CM2. INCLUYE: MATERIALES MANO DE OBRA, CIMBRA COMUN, DESCIMBRADO, COLADO, CURADO, VIBRADO \'DESPERDICIOS,  ACARREOS DENTRO Y  FUERA DE LA OBRA, ELEVACIÓN A CUALQUIER  ALTURA, ANDAMIOS, HERRAMIENTA, EQUIPO, RETIRO DE MATERIAL  SOBRANTE FUERA DE LA OBRA, LIMPIEZA Y TODO LO NECESARIO  PARA SU CORRECTA EJECUCION P.U.O.T.','A',29.00,351.93,'C','2017-10-17 19:41:30.161257',20,3),(123,1508268343481101,'006-01B','RELLENO COMPACTADO CON PIZON DE MANO EN CAPAS DE 20 CM UTILIZANDO MATERIAL PRODUCTO DE LA EXCAVACION, CONSIDERANDO EL ACARREO DE MATERIAL EN CARRETILLA AL AREA DE TRABAJO. INCLUYE: AGUA, HERRAMIENTA, ACARREO Y MANO DE OBRA. P.U.O.T.','A',0.22,104.98,'C','2017-10-17 19:41:30.165803',20,1),(124,1508268343485983,'AB-PE-EST-01','SUMINISTRO Y COLOCACION DE COLUMNA DE MADERA DE PINO DE PRIMERA CALIDAD, DE SECCION 0.30 X 0.30 Y 3.40 MTS. DE ALTURA. INLCUYE: ANCLAJE A DADO DE CIMENTACION CON PLACA DE ACERO DE 1/4\'\' DE ESPESOR, SEGUN DISEÑO ESTRUCTURAL,  TRATAMIENTO PARA MADERA A BASE DE PENTACLOROFENOL,  Y ACEITE DE LINAZA APLICADO CON BROCHA A DOS MANOS, MATERIAL, MANO DE OBRA, HERRAMIENTA, EQUIPO DE PROTECCIÓN CONTRA GASES TÓXICOS Y TODO LO NECESARIO PARA SU EJECUCIÓN. P.U.O.T.','A',12.00,7418.90,'C','2017-10-17 19:41:30.170683',21,4),(125,1508268343490799,'AB-PE-VIG-01','SUMINISTRO Y COLOCACION DE TRABE DE MADERA DE PINO DE PRIMERA CALIDAD, DE SECCION 0.20 X 0.30 MTS. INCLUYE: ANCLAJE A COLUMNA CON PLACA DE ACERO DE 1/4\'\' DE ESPESOR, SEGÚN DISEÑO ESTRUCTURAL, TRATAMIENTO PARA MADERA A BASE DE PENTACLOROFENOL,  Y ACEITE DE LINAZA APLICADO CON BROCHA A DOS MANOS, MATERIAL, MANO DE OBRA, HERRAMIENTA, EQUIPO DE PROTECCIÓN CONTRA GASES TÓXICOS Y TODO LO NECESARIO PARA SU EJECUCIÓN. P.U.O.T.','A',36.00,1459.89,'C','2017-10-17 19:41:30.175493',21,3),(126,1508268343495567,'AB-PE-VIG-02','SUMINISTRO Y COLOCACION DE VIGA DE MADERA DE PINO DE PRIMERA CALIDAD, DE SECCION 0.10 X 0.20 X 3.80 MTS. @ 0.40 MTS. INCLUYE: ANCLAJE A TRABE CON CLAVO DE ACERO DE 4\'\', TRATAMIENTO PARA MADERA A BASE DE PENTACLOROFENOL,  Y ACEITE DE LINAZA APLICADO CON BROCHA A DOS MANOS, MATERIAL, MANO DE OBRA, HERRAMIENTA, EQUIPO DE PROTECCIÓN CONTRA GASES TÓXICOS Y TODO LO NECESARIO PARA SU EJECUCIÓN. P.U.O.T.','A',89.00,1165.69,'C','2017-10-17 19:41:30.180266',21,4),(127,1508268343500847,'B-001','LIMPIA DE TERRENO PARA TRAZO DE EDIFICIOS, INCLUYE DESPALME, ACARREO DE ESCOMBRO FUERA DE LA OBRA CON CARGA A MANO. (U.C.T.T.)','A',46.25,7.31,'C','2017-10-17 19:41:30.185515',23,2),(128,1508268343505433,'3.1.B1','TRAZO Y NIVELACION  DE TERRENO CON EQUIPO TOPOGRAFICO ESTABLECIENDO EJES DE REFERENCIA Y BANCOS DE NIVEL, INCLUYE: MATERIALES, MANO DE OBRA, EQUIPO Y HERRAMIENTA P.U.O.T.','A',46.25,3.55,'C','2017-10-17 19:41:30.190126',23,2),(129,1508268343509868,'001-23','EXCAVACION A MANO EN CEPA HASTA 2.00 MTS. DE PROF. EN CUALQUIER TIPO DE MATERIAL; INCLUYE: AFINE DE TALUDES  Y FONDO,  INCLUIR ACARREOS DE MATERIAL SOBRANTE FUERA DE LA OBRA, INCLUYE: MANO DE OBRA, EQUIPO, HERRAMIENTA.  P.U.O.T.','A',5.71,194.96,'C','2017-10-17 19:41:30.194569',24,1),(130,1508268343514460,'BP-003','PLANTILLA DE CONCRETO HIDRAULICO SIMPLE DE 5 CMS. DE ESPESOR HECHO EN OBRA F\'C=100 KG/CM2 RESINTENCIA NORMAL, TAMAÑO MAXIMO AGREGADO DE 3/4\", INCLUYE: MATERIALES, HERRAMIENTAS, EQUIPO DE SEGURIDAD, MANO DE OBRA Y EQUIPO MENOR.','A',5.44,89.15,'C','2017-10-17 19:41:30.199158',24,2),(131,1508268343519006,'CIM-006F','ZAPATA AISLADA DE 0.80X0.80X0.20 MTS DE CONCRETO F\'C= 250 KG/CM2, ARMADA CON VARILLA DE NO.4 @ 15 CMS EN AMBOS SENTIDOS DE 20 CM DE ESPESOR, INCLUYE: CIMBRA, DESCIMBRA, AGUA, MATERIAL, HERRAMIENTA Y TODO LO NECESARIO PARA SU CORRECTA EJECUCION P.U.O.T.','A',4.00,629.42,'C','2017-10-17 19:41:30.203659',24,4),(132,1508268343523656,'3002003','CONTRATRABE DE CIMENTACION SEC CION  0.20 X 0.40  MTS. CONCRETO F\'C=200 KG/CM² ARMADO CON 6 VA RILLAS # 4 FY= 4200 Y ESTRIBOS DEL N.2 @ 20 CMS. F\'Y= 2400 KG /CM2. INCLUYE: MATERIALES MANO DE OBRA, CIMBRA COMUN, DESCIMBRADO, COLADO, CURADO, VIBRADO \'DESPERDICIOS,  ACARREOS DENTRO Y  FUERA DE LA OBRA, ELEVACIÓN A CUALQUIER  ALTURA, ANDAMIOS, HERRAMIENTA, EQUIPO, RETIRO DE MATERIAL  SOBRANTE FUERA DE LA OBRA, LIMPIEZA Y TODO LO NECESARIO  PARA SU CORRECTA EJECU- CION P.U.O.T.','A',14.40,444.80,'C','2017-10-17 19:41:30.208355',24,3),(133,1508268343528188,'ISC-045-ML01','DADO DE CONCRETO DE 0.40 X 0.40 X 1.00 MTS.  ARMADO CON 8 VARILLAS DEL N.4 Y ESTRIBOS DEL N.3 A 15 CM, CONCRETO F\'C=250KG/CM2 FRAGUADO NORMAL PARA CIMENTACIÓN, ARRIOSTRES Y ESTRUCTURA, ASÍ COMO PARA RESANE DE PISO DEMOLIDO. INCLUYE: MATERIAL Y SU ELEVACIÓN, PROTECCIÓN DEL ÁREA DONDE SE FABRICARÁ, COLOCACIÓN,VIBRADO,CURADO,ACARREO DE SOBRANTES A PIE DE CAMIÓN,DESPERDICIOS, LIMPIEZA Y LO NECESARIO PARA SU CORRECTA EJECUCIÓN. P.U.O.T.','A',4.00,766.60,'C','2017-10-17 19:41:30.212872',24,4),(134,1508268343532776,'006-01B','RELLENO COMPACTADO CON PIZON DE MANO EN CAPAS DE 20 CM UTILIZANDO MATERIAL PRODUCTO DE LA EXCAVACION, CONSIDERANDO EL ACARREO DE MATERIAL EN CARRETILLA AL AREA DE TRABAJO. INCLUYE: AGUA, HERRAMIENTA, ACARREO Y MANO DE OBRA. P.U.O.T.','A',2.16,104.98,'C','2017-10-17 19:41:30.217478',24,1),(135,1508268343536831,'AB-ML-EST-01','BASAMENTO CON DIMENSIONES DE 40 X 40 X 40 CMS. A BASE DE CONCRETO F\'c=200 Kg/cm2, ARMADO CON 8 VARILLAS DE 3/8\'\' Y ESTRIBOS 1/4\'\' @ 20 CMS. EN ACERO FY=4200 KG/CM2. INCLUYE: RECUBRIMIENTO A BASE DE PIEDRA LAJA ASENTADA CON MORTERO CEMENTO-ARENA EN PROPORCION 1:4, VIBRADO, CURADO, CIMBRA Y DESCIMBRA, MATERIALES, MANO DE OBRA, HERRAMIENTA, EQUIPO DE SEGURIDAD Y TODO LO NESESARIO PARA SU CORRECTA  EJECUCION, P.U.O.T.','A',4.00,584.39,'C','2017-10-17 19:41:30.221538',25,4),(136,1508268343540864,'AB-ML-EST-02','SUMINISTRO Y COLOCACION DE COLUMNA DE MADERA DE PINO DE PRIMERA CALIDAD, DE SECCION 0.30 X 0.30 Y 2.85 MTS. DE ALTURA. INLCUYE: ANCLAJE A BASAMENTO CON PLACA DE ACERO DE 1/4\'\' DE ESPESOR, SEGUN DISEÑO ESTRUCTURAL,  TRATAMIENTO PARA MADERA A BASE DE PENTACLOROFENOL,  Y ACEITE DE LINAZA APLICADO CON BROCHA A DOS MANOS, MATERIAL, MANO DE OBRA, HERRAMIENTA, EQUIPO DE PROTECCIÓN CONTRA GASES TÓXICOS Y TODO LO NECESARIO PARA SU EJECUCIÓN. P.U.O.T.','A',4.00,6966.68,'C','2017-10-17 19:41:30.225573',25,4),(137,1508268343544758,'AB-ML-VIG-01','SUMINISTRO Y COLOCACION DE TRABE DE MADERA DE PINO DE PRIMERA CALIDAD, DE SECCION 0.20 X 0.30 MTS. INCLUYE: ANCLAJE A COLUMNA CON PLACA DE ACERO DE 1/4\'\' DE ESPESOR, SEGÚN DISEÑO ESTRUCTURAL, TRATAMIENTO PARA MADERA A BASE DE PENTACLOROFENOL,  Y ACEITE DE LINAZA APLICADO CON BROCHA A DOS MANOS, MATERIAL, MANO DE OBRA, HERRAMIENTA, EQUIPO DE PROTECCIÓN CONTRA GASES TÓXICOS Y TODO LO NECESARIO PARA SU EJECUCIÓN. P.U.O.T.','A',36.80,1459.89,'C','2017-10-17 19:41:30.229472',25,3),(138,1508268343548614,'AB-ML-VIG-02','SUMINISTRO Y COLOCACION DE VIGA DE MADERA DE PINO DE PRIMERA CALIDAD, DE SECCION 0.10 X 0.20  MTS Y LONGITUD VARIABLE. @ 0.40 MTS. INCLUYE: ANCLAJE A TRABE CON CLAVO DE ACERO DE 4\'\', TRATAMIENTO PARA MADERA A BASE DE PENTACLOROFENOL,  Y ACEITE DE LINAZA APLICADO CON BROCHA A DOS MANOS, MATERIAL, MANO DE OBRA, HERRAMIENTA, EQUIPO DE PROTECCIÓN CONTRA GASES TÓXICOS Y TODO LO NECESARIO PARA SU EJECUCIÓN. P.U.O.T.','A',20.00,1776.52,'C','2017-10-17 19:41:30.233330',25,4),(139,1508268343552486,'AB-ML-CU-01','TRIPLAY DE 21MM. DE ESPESOR INCLUYE: TRATAMIENTO PARA MADERA A BASE DE PENTACLOROFENOL,  Y ACEITE DE LINAZA APLICADO CON BROCHA A DOS MANOS, MATERIAL, MANO DE OBRA, HERRAMIENTA, EQUIPO DE PROTECCIÓN CONTRA GASES TÓXICOS Y TODO LO NECESARIO PARA SU EJECUCIÓN. P.U.O.T.','A',47.60,350.22,'C','2017-10-17 19:41:30.237199',26,2),(140,1508268343557033,'024-16B','IMPERMEABILIZANTE AL-KOAT TIPO PA-40T SBS  DE 4.0 MM DE ESPESOR, ACABADO FINAL CON GRAVILLA CERAMICA COLOR TERRACOTA, CON APLICACION PREVIA DE PRIMARIA AL-KOAT BASE AGUA, COLOCADA LA MEMBRANA CON SOPLETE DE GAS, TRASLAPES DE 10 CM INC: LIMPIEZA PREVIA DE LA SUPERFICIE Y POSTERIOR A LA APLICACION (BARRIDO), MATERIAL, HERRAMIENTA Y MANO DE OBRA ( 5 AÑOS DE GARANTIA) P.U.O.T.','A',47.60,193.16,'C','2017-10-17 19:41:30.241736',26,2),(141,1508268343560855,'GCAISC-0045-ML01','SUMINISTRO Y COLOCACION DE TEJA DE BARRO COLOR NATURAL DE 30X15X1.4 CM EN CUBIERTA INCLINADA. INCLUYE: CARGO DIRECTO POR EL COSTO DE LOS MATERIALES Y MANO DE OBRA QUE INTERVENGAN, FLETE A OBRA, DESPERDICIO, ACARREO HASTA EL LUGAR DE SU UTILIZACION, COLOCACION, ELEMENTOS DE FIJACION,  DESPERDICIOS , ELEVACIONES, LIMPIEZA Y RETIRO DE SOBRANTES FUERA DE OBRA, EQUIPO DE SEGURIDAD, INSTALACIONES ESPECIFICAS, DEPRECIACION Y DEMAS CARGOS DERIVADOS DEL USO DE HERRAMIENTA Y EQUIPO, EN CUALQUIER NIVEL. P.U.O.T.','A',47.60,308.19,'C','2017-10-17 19:41:30.245568',26,2),(142,1508268343564755,'B-001','LIMPIA DE TERRENO PARA TRAZO DE EDIFICIOS, INCLUYE DESPALME, ACARREO DE ESCOMBRO FUERA DE LA OBRA CON CARGA A MANO. (U.C.T.T.)','A',465.57,7.31,'C','2017-10-17 19:41:30.249467',28,2),(143,1508268343568664,'3.1.B1','TRAZO Y NIVELACION  DE TERRENO CON EQUIPO TOPOGRAFICO ESTABLECIENDO EJES DE REFERENCIA Y BANCOS DE NIVEL, INCLUYE: MATERIALES, MANO DE OBRA, EQUIPO Y HERRAMIENTA P.U.O.T.','A',465.57,3.55,'C','2017-10-17 19:41:30.253377',28,2),(144,1508268343572803,'001-23','EXCAVACION A MANO EN CEPA HASTA 2.00 MTS. DE PROF. EN CUALQUIER TIPO DE MATERIAL; INCLUYE: AFINE DE TALUDES  Y FONDO,  INCLUIR ACARREOS DE MATERIAL SOBRANTE FUERA DE LA OBRA, INCLUYE: MANO DE OBRA, EQUIPO, HERRAMIENTA.  P.U.O.T.','A',426.20,194.96,'C','2017-10-17 19:41:30.257517',29,1),(145,1508268343576861,'BP-003','PLANTILLA DE CONCRETO HIDRAULICO SIMPLE DE 5 CMS. DE ESPESOR HECHO EN OBRA F\'C=100 KG/CM2 RESINTENCIA NORMAL, TAMAÑO MAXIMO AGREGADO DE 3/4\", INCLUYE: MATERIALES, HERRAMIENTAS, EQUIPO DE SEGURIDAD, MANO DE OBRA Y EQUIPO MENOR.','A',355.17,89.15,'C','2017-10-17 19:41:30.261576',29,2),(146,1508268343580893,'009-15-AL-01','LOSA DE CIMENTACION DE 15 CMS. DE ESPESOR, COLADA CON CONCRETO HIDRAULICO F`C=200KG/CM2, ARMADA CON ACERO FY=4200 KG/CM2 DEL NO. 3 @20 CMS. EN AMBOS SENTIDOS.  INCLUYE: CIMBRA ACABADO APARENTE, VACIADO, VIBRADO Y CURADO DEL CONCRETO, ACARREOS, CORTES Y DESPERDICIOS. P.U.O.T.','A',335.68,621.96,'C','2017-10-17 19:41:30.265607',29,2),(147,1508268343584994,'ARLISC-008-AL-01','MURO DE CONCRETO ARMADO DE 15 CMS. DE ESPESOR, ARMADO CON DOBLE PARRILLA DE VARILLA DE 3/8\'\'  A CADA 20 CMS. Y CONCRETO F C= 200 KG/CM2, INCLUYE: CIMBRA ACABADO APARENTE, VACIADO, VIBRADO Y CURADO DEL CONCRETO, ACARREOS, CORTES Y DESPERDICIOS. P.U.O.T.','A',123.66,957.66,'C','2017-10-17 19:41:30.269709',29,2),(148,1508268343589675,'AB-AL-AC-01','SUMINISTRO Y COLOCACION A PLOMO, REGLA Y NIVEL DE AZULEJO EN PISO Y MUROS DE ALBERCA, MARCA Y MODELO POR ESPECIFICAR. ASENTADO CON PEGAZULEJO  DE BAJA ABSORCION. INCLUYE: SUMINISTRO DE MATERIALES, BOQUILLA, MANO DE OBRA, CORTES, DESPERDICIOS, HERRAMIENTA, EQUIPO, ACARREOS Y TODO LO NECESARIO PARA SU CORRECTA EJECUCIÓN. P.U.O.T.','A',459.34,351.41,'C','2017-10-17 19:41:30.274375',30,2),(149,1508268343593678,'AB-AL-IHS-02','SUMINISTRO Y COLOCACION DE FUENTE DECORATIVA SEGÚN DISEÑO. INCLUYE: INSTALACION, CONEXIONES, DERIVACIONES Y RAMALEO, SUMINISTRO Y COLOCACION DE LOS MATERIALES EN EL SITIO DE SU UTILIZACION, MANO DE OBRA, EQUIPO Y HERRAMIENTA P.U.O.T.','A',1.00,20664.70,'C','2017-10-17 19:41:30.278384',31,4),(150,1508268343597653,'B-001','LIMPIA DE TERRENO PARA TRAZO DE EDIFICIOS, INCLUYE DESPALME, ACARREO DE ESCOMBRO FUERA DE LA OBRA CON CARGA A MANO. (U.C.T.T.)','A',7.84,7.31,'C','2017-10-17 19:41:30.282369',33,2),(151,1508268343601695,'3.1.B1','TRAZO Y NIVELACION  DE TERRENO CON EQUIPO TOPOGRAFICO ESTABLECIENDO EJES DE REFERENCIA Y BANCOS DE NIVEL, INCLUYE: MATERIALES, MANO DE OBRA, EQUIPO Y HERRAMIENTA P.U.O.T.','A',7.84,3.55,'C','2017-10-17 19:41:30.286409',33,2),(152,1508268343605791,'001-23','EXCAVACION A MANO EN CEPA HASTA 2.00 MTS. DE PROF. EN CUALQUIER TIPO DE MATERIAL; INCLUYE: AFINE DE TALUDES  Y FONDO,  INCLUIR ACARREOS DE MATERIAL SOBRANTE FUERA DE LA OBRA, INCLUYE: MANO DE OBRA, EQUIPO, HERRAMIENTA.  P.U.O.T.','A',1.78,194.96,'C','2017-10-17 19:41:30.290505',34,1),(153,1508268343609866,'093-05B-CMA-01','BASE CON MATERIAL DE BANCO, CON UN ESPESOR DE 50 CMS. Y COMPACTADA AL 95% DE SU P.V.S.M., INCLUYE: SUMINISTRO Y ACARREO DEL MATERIAL PUESTO EN LA OBRA, ACAMELLONADO, INCORPORACIÓN DE AGUA Y SU ACARREO, MEZCLADO, TENDIDO, AFINE Y COMPACTACIÓN, MANO DE OBRA, EQUIPO Y HERRAMIENTA. P.U.O.T.','A',1.62,352.79,'C','2017-10-17 19:41:30.294581',34,1),(154,1508268343614457,'BP-003','PLANTILLA DE CONCRETO HIDRAULICO SIMPLE DE 5 CMS. DE ESPESOR HECHO EN OBRA F\'C=100 KG/CM2 RESINTENCIA NORMAL, TAMAÑO MAXIMO AGREGADO DE 3/4\", INCLUYE: MATERIALES, HERRAMIENTAS, EQUIPO DE SEGURIDAD, MANO DE OBRA Y EQUIPO MENOR.','A',1.28,89.15,'C','2017-10-17 19:41:30.299162',34,2),(155,1508268343618644,'ISC-046','CONTRATRABE DE 20X40 CMS. DE CONCRETO F´C= 200 KG/CM2 ARMADO CON 4 VARILLAS DEL No. 4 Y ESTRIBOS DEL No. 2 @ 20 CMS., CIMBRA COMÚN, INCLUYE: HABILITADO, ARMADO, CIMBRA Y DESCIMBRA, COLADO, MATERIAL, MANO DE OBRA, HERRAMIENTA, EQUIPO Y TODO LO NECESARIO PARA SU CORRECTA EJECUCIÓN. P.U.O.T.','A',6.40,381.64,'C','2017-10-17 19:41:30.303353',34,3),(156,1508268343622869,'009-15-CMA-01','LOSA DE CIMENTACION (SEGUN DISEÑO DE 1.80 X 1.80 X 0.10 M) COLADA CON CONCRETO HIDRAULICO F\'c=200KGS/CM2, ARMADA CON ACERO F\'y=4200 KGS/CM2 DEL No. 3 @ 20 CM EN AMBOS SENTIDOS, CON CUATRO CASTILLOS PERIMETRALES DE 20 X 20 X 20 CM Y UNO CENTRAL DE 40 X 20 X 20 CM ARMADOS CON VARILLA DEL #3 Y ESTRIBOS DEL #2 @ 10 CM, INCLUYE: TAQUETES EXPANSIVOS GALVANIZADOS TIPO HILTI KBII 1/4\", EXCAVACION , RELLENO, MATERIAL, MANO DE OBRA, EQUIPO, HERRAMIENTA Y TODO LO NECESARIO PARA SU CORRECTA EJECUCION. P.U.O.T.','A',3.24,1684.17,'C','2017-10-17 19:41:30.307576',34,2),(157,1508268343627427,'ALB-011','CONSTRUCCIÓN DE CASTILLOS Y/O CADENAS DE 15X25 CMS. DE CONCRETO F´C=200KG/CM2., ARMADO CON 4 VS. DE 3/8\" Y ESTRIBOS DEL NO. 2 A CADA 15 CMS EN BARDA PERIMETRAL. INCLUYE: MATERIALES, MANO DE OBRA, EQUIPO, HERRAMIENTA, CHAFLANES, DESPERDICIOS, ACARREO DE SOBRANTES A PIE DE CAMION, LIMPIEZAS Y TODO LO NECESARIO PARA SU CORRECTA FABRICACION. (ACABADO APARENTE DE SER NECESARIO).','A',16.40,233.02,'C','2017-10-17 19:41:30.312100',35,3),(158,1508268343632486,'012-01','MURO DE BLOCK 12 X 20 X 40 CMS. EN 12 CMS. DE ESPESOR, ASENTADO CON MORTERO CEMENTO-ARENA PROP: 1:4, JUNTEADO DE 1.5 CMS, ACABADO COMUN EN AMBAS CARAS CON ESCALERILLA @ 3 HILADAS, CONSIDERANDO ANDAMIO DE CABALLETE PARA ALTURAS DE 1.50 A 3.00 MTS. INCLUYE: MATERIAL, HERRAMIENTA Y MANO DE OBRA. P.U.O.T.','A',11.66,207.56,'C','2017-10-17 19:41:30.317182',35,2),(159,1508268343636745,'009-15B','LOSA DE CONCRETO ARMADO HECHO  EN OBRA  F\'C= 250 KG/CM2  R.N,  REV. DE 10 CMS DE ESPESOR, AGREGADO MÁX. 3/4\", ARMADO CON VARILLA DE 3/8\" A CADA 15 CMS EN AMBOS SENTIDOS, INCLUYE: CIMBRA APARENTE Y DESCIMBRA, BASTONES, BAYONETAS, GANCHOS, TRASLAPES, COLADO, GOTERO, VIBRADO, CURADO, MATERIALES, MANO DE  OBRA, HERRAMIENTA, EQUIPO, PERFILADA Y AFINADA.','A',3.24,541.20,'C','2017-10-17 19:41:30.321457',35,2),(160,1508268343641288,'3020056','APLANADO FINO CON MORTERO  CEMENTO:ARENA PROPORCION 1:4 CON UN  ESPESOR PROMEDIO DE 2 CMS. EN MUROS, PLAFONES TRABES, COLUMNAS, INCLUYE: MATERIAL, MANO DE OBRA, HERRAMIENTA, EQUI- PO,  ANDAMIOS, REMATES,  EMBOQUILLADOS, LIMPIEZA,  ACARREOS DENTRO Y FUERA DE LA OBRA ELEVACION  A  CUALQUIER   ALTURA, DESPERDICIOS,  PREPARACIÓN  DE LA SUPERFICIE, LIMPIEZA Y TODO LO NECESARIO PARA SU CORRECTA  EJECUCIÓN. P.U.O.T.','A',23.32,89.83,'C','2017-10-17 19:41:30.325996',36,2),(161,1508268343645103,'KA-CON05','REPELLADO EN MUROS A PLOMO Y REGLA CON MORTERO HIDRÁULICO- ARENA PROP: 1:3, ESPESOR PROMEDIO DE 2 CM, CONSIDERANDO ANDAMIO DE CABALLETE PARA ALTURAS DE 1.50 A 3.00 MTS. INCLUYE: MATERIAL, HERRAMIENTA, Y MANO DE OBRA. P.U.O.T.','A',23.32,87.28,'C','2017-10-17 19:41:30.329816',36,2),(162,1508268343649478,'084-02B','PINTURA VINIL-ACRILICA PARA INTERIOR EN MUROS,  MARCA COMEX A DOS MANOS,O SIMILAR EN  CALIDAD  Y CARACTERISTICAS  TECNICAS, SEGUN PALETA DE COLORES INCLUYE: SEÑALIZACION, PROTECCION  DE  LA  SUPERFICIE ADYACENTE CON  MASQUINTAPE,  PAPEL  Y  PLASTICO,   LIMPIEZA Y PREPARACION  DE  LA  SUPERFICIE, RESANES, UNA BASE DE - LIJADO,  EMPLASTE SELLADOR VINILICO EN  PROPORCION    5 X 1 PARA SUPERFICIES LISAS Ó  3 X 1 PARA SUPERFICIES RUGOSAS DESPERDICIOS, ANDAMIOS,  MATERIALES,  MANO DE OBRA,  HERRA MIENTA, EQUIPO, ACARREOS  DENTRO Y FUERA DE  LA OBRA,  LIMPIEZA Y TODO LO NECESARIO PARA   SU CORRECTA EJECUCION.P.U.O.T. . P.U.O.T.','A',11.66,45.28,'C','2017-10-17 19:41:30.334182',37,2),(163,1508268343653477,'084-02C','PINTURA VINIL-ACRILICA PARA EXTERIOR EN MUROS,  MARCA COMEX A DOS MANOS,O SIMILAR EN  CALIDAD  Y CARACTERISTICAS  TECNICAS, SEGUN PALETA DE COLORES INCLUYE: SEÑALIZACION, PROTECCION  DE  LA  SUPERFICIE ADYACENTE CON  MASQUINTAPE,  PAPEL  Y  PLASTICO,   LIMPIEZA Y PREPARACION  DE  LA  SUPERFICIE, RESANES, UNA BASE DE - LIJADO,  EMPLASTE SELLADOR VINILICO EN  PROPORCION    5 X 1 PARA SUPERFICIES LISAS Ó  3 X 1 PARA SUPERFICIES RUGOSAS DESPERDICIOS, ANDAMIOS,  MATERIALES,  MANO DE OBRA,  HERRA MIENTA, EQUIPO, ACARREOS  DENTRO Y FUERA DE  LA OBRA,  LIMPIEZA Y TODO LO NECESARIO PARA   SU CORRECTA EJECUCION.P.U.O.T. . P.U.O.T.','A',11.66,43.60,'C','2017-10-17 19:41:30.338171',37,2),(164,1508268343657394,'ACA-027D-CMA-01','PUERTA DE 1.00 M DE ANCHO Y 2.10 M DE ALTURA A BASE DE PERFIL RECTANGULAR DE 1\" Y 2\" Y TAPA DE LAMINA LISA CAL. 18 ANCLADO A MURO, CONSIDERANDO APLICACION DE PRIMMER, PINTURA ESMALTE HASTA CUBRIR ADECUADAMENTE  LA SUPERFICIE POR AMBOS LADOS, INCLUYE: SUMINISTRO DE MATERIAL, HERRAMIENTA, EQUIPO Y MANO DE OBRA. P.U.O.T.','A',1.00,2632.13,'C','2017-10-17 19:41:30.342106',38,4),(165,1508268343661411,'B-001','LIMPIA DE TERRENO PARA TRAZO DE EDIFICIOS, INCLUYE DESPALME, ACARREO DE ESCOMBRO FUERA DE LA OBRA CON CARGA A MANO. (U.C.T.T.)','A',33.18,7.31,'C','2017-10-17 19:41:30.346128',40,2),(166,1508268343665600,'3.1.B1','TRAZO Y NIVELACION  DE TERRENO CON EQUIPO TOPOGRAFICO ESTABLECIENDO EJES DE REFERENCIA Y BANCOS DE NIVEL, INCLUYE: MATERIALES, MANO DE OBRA, EQUIPO Y HERRAMIENTA P.U.O.T.','A',33.18,3.55,'C','2017-10-17 19:41:30.350313',40,2),(167,1508268343669678,'001-23','EXCAVACION A MANO EN CEPA HASTA 2.00 MTS. DE PROF. EN CUALQUIER TIPO DE MATERIAL; INCLUYE: AFINE DE TALUDES  Y FONDO,  INCLUIR ACARREOS DE MATERIAL SOBRANTE FUERA DE LA OBRA, INCLUYE: MANO DE OBRA, EQUIPO, HERRAMIENTA.  P.U.O.T.','A',18.10,194.96,'C','2017-10-17 19:41:30.354391',41,1),(168,1508268343673816,'BP-003','PLANTILLA DE CONCRETO HIDRAULICO SIMPLE DE 5 CMS. DE ESPESOR HECHO EN OBRA F\'C=100 KG/CM2 RESINTENCIA NORMAL, TAMAÑO MAXIMO AGREGADO DE 3/4\", INCLUYE: MATERIALES, HERRAMIENTAS, EQUIPO DE SEGURIDAD, MANO DE OBRA Y EQUIPO MENOR.','A',18.10,89.15,'C','2017-10-17 19:41:30.358530',41,2),(169,1508268343678354,'009-15-HM-01','LOSA DE CIMENTACION DE 15 CMS. DE ESPESOR, COLADA CON CONCRETO HIDRAULICO F`C=200KG/CM2, ARMADA CON ACERO FY=4200 KG/CM2 DEL NO. 3 @20 CMS. EN AMBOS SENTIDOS.  INCLUYE: CIMBRA ACABADO APARENTE, VACIADO, VIBRADO Y CURADO DEL CONCRETO, ACARREOS, CORTES Y DESPERDICIOS. P.U.O.T.','A',15.90,621.96,'C','2017-10-17 19:41:30.363064',41,2),(170,1508268343682863,'ARLISC-008-HM-01','MURO DE CONCRETO ARMADO DE 15 CMS. DE ESPESOR, ARMADO CON DOBLE PARRILLA DE VARILLA DE 3/8\'\'  A CADA 20 CMS. Y CONCRETO F C= 200 KG/CM2, INCLUYE: CIMBRA ACABADO APARENTE, VACIADO, VIBRADO Y CURADO DEL CONCRETO, ACARREOS, CORTES Y DESPERDICIOS. P.U.O.T.','A',14.20,957.66,'C','2017-10-17 19:41:30.367568',41,2),(171,1508268343687170,'AB-HM-IHS-01','SUMINISTRO Y COLOCACION DE TINA DE ACRILICO CON HIDROMASAJE DE 3.30 MTS. DE DIAMETRO, MARCA Y MODELO P0R ESPECIFICAR, ACABADO BLANCO MARFIL. INCLUYE:  MOTOBOMBA, SISTEMA DE DESAGUE Y NIVELACION,  TUBERIA, SALIDAS, CONEXIONES, DERIVACIONES Y RAMALEO, SUMINISTRO Y COLOCACION DE LOS MATERIALES EN EL SITIO DE SU UTILIZACION, MANO DE OBRA, EQUIPO Y HERRAMIENTA P.U.O.T.','A',1.00,200663.03,'C','2017-10-17 19:41:30.371882',42,5),(172,1508268343691066,'B-001','LIMPIA DE TERRENO PARA TRAZO DE EDIFICIOS, INCLUYE DESPALME, ACARREO DE ESCOMBRO FUERA DE LA OBRA CON CARGA A MANO. (U.C.T.T.)','A',302.60,7.31,'C','2017-10-17 19:41:30.375779',44,2),(173,1508268343695786,'3.1.B1','TRAZO Y NIVELACION  DE TERRENO CON EQUIPO TOPOGRAFICO ESTABLECIENDO EJES DE REFERENCIA Y BANCOS DE NIVEL, INCLUYE: MATERIALES, MANO DE OBRA, EQUIPO Y HERRAMIENTA P.U.O.T.','A',302.60,3.55,'C','2017-10-17 19:41:30.380463',44,2),(174,1508268343700063,'001-23','EXCAVACION A MANO EN CEPA HASTA 2.00 MTS. DE PROF. EN CUALQUIER TIPO DE MATERIAL; INCLUYE: AFINE DE TALUDES  Y FONDO,  INCLUIR ACARREOS DE MATERIAL SOBRANTE FUERA DE LA OBRA, INCLUYE: MANO DE OBRA, EQUIPO, HERRAMIENTA.  P.U.O.T.','A',130.72,194.96,'C','2017-10-17 19:41:30.384773',45,1),(175,1508268343704449,'093-05B-CA-01','BASE CON MATERIAL DE BANCO, CON UN ESPESOR DE 50 CMS. Y COMPACTADA AL 95% DE SU P.V.S.M., INCLUYE: SUMINISTRO Y ACARREO DEL MATERIAL PUESTO EN LA OBRA, ACAMELLONADO, INCORPORACIÓN DE AGUA Y SU ACARREO, MEZCLADO, TENDIDO, AFINE Y COMPACTACIÓN, MANO DE OBRA, EQUIPO Y HERRAMIENTA. P.U.O.T.','A',101.60,352.79,'C','2017-10-17 19:41:30.389154',45,1),(176,1508268343708907,'BP-003','PLANTILLA DE CONCRETO HIDRAULICO SIMPLE DE 5 CMS. DE ESPESOR HECHO EN OBRA F\'C=100 KG/CM2 RESINTENCIA NORMAL, TAMAÑO MAXIMO AGREGADO DE 3/4\", INCLUYE: MATERIALES, HERRAMIENTAS, EQUIPO DE SEGURIDAD, MANO DE OBRA Y EQUIPO MENOR.','A',101.92,89.15,'C','2017-10-17 19:41:30.393616',45,2),(177,1508268343712728,'CONISC-15-SP','ZAPATA CORRIDA DE 85X20 CMS. CON CONCRETO F\'C= 250 KG/CM2 AGREGADO DE 19 MM, HECHO EN OBRA, DE 0.85 MTS DE ANCHO,  PERALTE DE 0.20 MTS,  ARMADO CON ACERO DE REFUERZO # 3 @ 0.20 MTS. EN SENTIDO TRANSVERSAL Y 5 VAR No. 3 EN SENTIDO LONGITUDINAL, INCLUYE:  CIMBRA COMÚN, DESCIMBRADO, MANO DE OBRA, HERRAMIENTA, EQUIPO Y TODO LO NECESARIO PARA SU CORRECTA EJECUCIÓN. P.U.O.T.','A',137.16,653.24,'C','2017-10-17 19:41:30.397442',45,3),(178,1508268343716711,'ISC-046','CONTRATRABE DE 20X40 CMS. DE CONCRETO F´C= 200 KG/CM2 ARMADO CON 4 VARILLAS DEL No. 4 Y ESTRIBOS DEL No. 2 @ 20 CMS., CIMBRA COMÚN, INCLUYE: HABILITADO, ARMADO, CIMBRA Y DESCIMBRA, COLADO, MATERIAL, MANO DE OBRA, HERRAMIENTA, EQUIPO Y TODO LO NECESARIO PARA SU CORRECTA EJECUCIÓN. P.U.O.T.','A',137.16,381.64,'C','2017-10-17 19:41:30.401424',45,3),(179,1508268343720676,'DSCO-009-CA-01','TRABE DE LIGA DE CONCRETO DE 15X25 CMS. CON 6 VARILLAS DEL NO. 3 Y ESTRIBOS DEL NO. 2 @ 20 CMS, F\'C=200 KG/CM2; INCLUYE: CIMBRADO, DESCIMBRADO, MATERIAL, MANO DE OBRA, HERRAMIENTA, EQUIPO, ANDAMIOS, COLADO, CURADO, VIBRADO, ACARREOS, Y TODO LO NECESARIO PARA SU CORRECTA EJECUCION. P.U.O.T.','A',54.75,239.42,'C','2017-10-17 19:41:30.405391',45,3),(180,1508268343725514,'BP-005-CA-01','DADO DE CIMENTACION AISLADO DE SECCION 0.30 X 0.30 Y 0.50 MTS. DE ALTURA DE CONCRETO HIDRAULICO HECHO EN OBRA F\'C=250 KG/CM2 RESINTENCIA NORMAL, TAMAÑO MAXIMO AGREGADO DE 3/4\", REFORZADO 6 VARILLAS DE ACERO DEL No.3 (3/8\") Y ESTRIBOS DEL No. 2 (1/4\") A CADA 10 CMS. ACABADO COMUN, INCLUYE: VIBRADO, CURADO, CIMBRA Y DESCIMBRA, MATERIALES, HERRAMIENTAS, EQUIPO DE SEGURIDAD, MANO DE OBRA Y EQUIPO MENOR.','A',4.00,333.17,'C','2017-10-17 19:41:30.410216',45,4),(181,1508268343729571,'006-01B','RELLENO COMPACTADO CON PIZON DE MANO EN CAPAS DE 20 CM UTILIZANDO MATERIAL PRODUCTO DE LA EXCAVACION, CONSIDERANDO EL ACARREO DE MATERIAL EN CARRETILLA AL AREA DE TRABAJO. INCLUYE: AGUA, HERRAMIENTA, ACARREO Y MANO DE OBRA. P.U.O.T.','A',64.50,104.98,'C','2017-10-17 19:41:30.414287',45,1),(182,1508268343733454,'ALB-009','FIRME DE CONCRETO DE 8 CMS. DE ESPESOR ARMADO CON MALLA ELECTROSOLDADA 6-6/10-10 ACABADO ESCOBILLADO , FRAGUADO NORMAL PARA ESTRUCTURA, ARRIOSTRES Y ESTRUCTURA, ASI COMO PARA RESANE DE PISO DEMOLIDO. INCLUYE : MATERIALES Y SU ELEVACION,PROTECCION DEL AREA DONDE SE FABRICARA,COLOCACION VIBRADO, CURADO, ACARREO DE SOBRANTES A PIE DE CAMION, DESPERDICIOS, LIMPIEZA Y LO NECESARIO PARA SU CORRECTA EJECUCION. SI ES EN PIEDRAS INCLUYE VOLTEODOR DE 5 CM. PU.O.T. (CABALLERIZAS)','A',83.23,180.62,'C','2017-10-17 19:41:30.418168',46,2),(183,1508268343737938,'FIRM-100B-CA-01','FIRME DE CONCRETO  F\'C=100 KG/ CM2 DE 6 CMS  DE ESPESOR TEXTURA RUGOSA PARA RECIBIR ACABADO FINAL. REFORZADO CON MALLA ELECTROSOLDADA 6-6/10-10, INCLUYE: MATERIALES, MANO  DE  OBRA, COMPACTACIÓN, NIVELADO DE  LA SUPERFÍCIE,  CIMBRADO,   DESCIMBRADO, ACARREOS DENTRO  Y FUERA DE LA OBRA, HERRAMIENTA, EQUIPO, RETIRO DE MATERIAL SOBRANTE FUERA DE OBRA Y LIMPIEZA.  P.U.O.T. (BAÑADEROS)','A',118.52,143.66,'C','2017-10-17 19:41:30.422629',46,2),(184,1508268343741992,'ALB-011','CONSTRUCCIÓN DE CASTILLOS Y/O CADENAS DE 15X25 CMS. DE CONCRETO F´C=200KG/CM2., ARMADO CON 4 VS. DE 3/8\" Y ESTRIBOS DEL NO. 2 A CADA 15 CMS EN BARDA PERIMETRAL. INCLUYE: MATERIALES, MANO DE OBRA, EQUIPO, HERRAMIENTA, CHAFLANES, DESPERDICIOS, ACARREO DE SOBRANTES A PIE DE CAMION, LIMPIEZAS Y TODO LO NECESARIO PARA SU CORRECTA FABRICACION. (ACABADO APARENTE DE SER NECESARIO).','A',48.00,233.02,'C','2017-10-17 19:41:30.426702',46,3),(185,1508268343745831,'012-01','MURO DE BLOCK 12 X 20 X 40 CMS. EN 12 CMS. DE ESPESOR, ASENTADO CON MORTERO CEMENTO-ARENA PROP: 1:4, JUNTEADO DE 1.5 CMS, ACABADO COMUN EN AMBAS CARAS CON ESCALERILLA @ 3 HILADAS, CONSIDERANDO ANDAMIO DE CABALLETE PARA ALTURAS DE 1.50 A 3.00 MTS. INCLUYE: MATERIAL, HERRAMIENTA Y MANO DE OBRA. P.U.O.T.','A',150.00,207.56,'C','2017-10-17 19:41:30.430547',46,2),(186,1508268343749742,'AB-CA-EST-01','SUMINISTRO Y COLOCACION DE COLUMNA DE MADERA DE PINO DE PRIMERA CALIDAD, DE SECCION 0.30 X 0.30 Y 3.40 MTS. DE ALTURA. INLCUYE: ANCLAJE A DADO DE CIMENTACION CON PLACA DE ACERO DE 1/4\'\' DE ESPESOR, SEGUN DISEÑO ESTRUCTURAL,  TRATAMIENTO PARA MADERA A BASE DE PENTACLOROFENOL,  Y ACEITE DE LINAZA APLICADO CON BROCHA A DOS MANOS, MATERIAL, MANO DE OBRA, HERRAMIENTA, EQUIPO DE PROTECCIÓN CONTRA GASES TÓXICOS Y TODO LO NECESARIO PARA SU EJECUCIÓN. P.U.O.T.','A',4.00,7418.90,'C','2017-10-17 19:41:30.434458',46,4),(187,1508268343753953,'AB-CA-VIG-01','SUMINISTRO Y COLOCACION DE VIGA DE MADERA DE PINO DE PRIMERA CALIDAD, DE SECCION 0.10 X 0.20 X 6.00 MTS. @ 0.60 MTS. INCLUYE: ANCLAJE A TRABE CON CLAVO DE ACERO DE 4\'\', TRATAMIENTO PARA MADERA A BASE DE PENTACLOROFENOL,  Y ACEITE DE LINAZA APLICADO CON BROCHA A DOS MANOS, MATERIAL, MANO DE OBRA, HERRAMIENTA, EQUIPO DE PROTECCIÓN CONTRA GASES TÓXICOS Y TODO LO NECESARIO PARA SU EJECUCIÓN. P.U.O.T.','A',66.00,1776.52,'C','2017-10-17 19:41:30.438668',46,4),(188,1508268343758846,'PISO-PL01','PISO A BASE DE PIEDRA LAJA DE  1 A 4 CMS. DE ESPESOR  ASENTADO CON MORTERO DE CEMENTO ARENA CERNIDA 1:4 DE 3 CMS. DE ESPESOR PROMEDIO PARA NIVELAR, RELLENO EN JUNTAS DE 1 CMS.  COLOR ROJO ÓXIDO, INCLUYE: SUMINISTRO DE MATERIALES, CORTES, JUNTAS, ACARREOS, ELABORACIÓN DE MORTERO Y COLOCACIÓN. P.U.O.T. (BAÑADEROS)','A',106.00,393.40,'C','2017-10-17 19:41:30.443554',47,2),(189,1508268343763323,'ISC-0172','RECUBRIMIENTO DE PIEDRA LAJA EN MURO, ASENTADA CON MORTERO CEMENTO-ARENA 1:4, JUNTEADO COLOR SIMILAR A PIEDRA, CONSIDERANDO, CORTES, DESPERDICIOS Y LIMPIEZA DE LA SUPERFICIE. INCLUYE: SUMINISTRO DE MATERIAL, HERRAMIENTA Y MANO DE OBRA U.C.T.T.','A',40.00,285.19,'C','2017-10-17 19:41:30.447925',47,2),(190,1508268343767801,'068-51','ZOCLO DE 10X20 CM  MARCA  INTERCERAMIC, MODELO A ESCOGER ASENTADO CON  MORTERO CEMENTO1:4, LECHADO CON MEZCLA DE CEMENTO BLANCO-AGUA. CONSIDERANDO. RECORTE Y DESPERDICIO. INCLUYE:MATERIAL, HERRAMIENTA Y MANO DE OBRA. P.U.O.T.','A',38.00,38.10,'C','2017-10-17 19:41:30.452508',47,3),(191,1508268343771710,'AB-CA-CU-01','TRIPLAY DE 21MM. DE ESPESOR INCLUYE: TRATAMIENTO PARA MADERA A BASE DE PENTACLOROFENOL,  Y ACEITE DE LINAZA APLICADO CON BROCHA A DOS MANOS, MATERIAL, MANO DE OBRA, HERRAMIENTA, EQUIPO DE PROTECCIÓN CONTRA GASES TÓXICOS Y TODO LO NECESARIO PARA SU EJECUCIÓN. P.U.O.T.','A',300.00,350.22,'C','2017-10-17 19:41:30.456410',48,2),(192,1508268343775573,'024-16B','IMPERMEABILIZANTE AL-KOAT TIPO PA-40T SBS  DE 4.0 MM DE ESPESOR, ACABADO FINAL CON GRAVILLA CERAMICA COLOR TERRACOTA, CON APLICACION PREVIA DE PRIMARIA AL-KOAT BASE AGUA, COLOCADA LA MEMBRANA CON SOPLETE DE GAS, TRASLAPES DE 10 CM INC: LIMPIEZA PREVIA DE LA SUPERFICIE Y POSTERIOR A LA APLICACION (BARRIDO), MATERIAL, HERRAMIENTA Y MANO DE OBRA ( 5 AÑOS DE GARANTIA) P.U.O.T.','A',0.00,193.16,'C','2017-10-17 19:41:30.460285',48,2),(193,1508268343779426,'GCAISC-0045-CA-01','SUMINISTRO Y COLOCACION DE TEJA DE BARRO COLOR NATURAL DE 30X15X1.4 CM EN CUBIERTA INCLINADA. INCLUYE: CARGO DIRECTO POR EL COSTO DE LOS MATERIALES Y MANO DE OBRA QUE INTERVENGAN, FLETE A OBRA, DESPERDICIO, ACARREO HASTA EL LUGAR DE SU UTILIZACION, COLOCACION, ELEMENTOS DE FIJACION,  DESPERDICIOS , ELEVACIONES, LIMPIEZA Y RETIRO DE SOBRANTES FUERA DE OBRA, EQUIPO DE SEGURIDAD, INSTALACIONES ESPECIFICAS, DEPRECIACION Y DEMAS CARGOS DERIVADOS DEL USO DE HERRAMIENTA Y EQUIPO, EN CUALQUIER NIVEL. P.U.O.T.','A',300.00,308.19,'C','2017-10-17 19:41:30.464137',48,2),(194,1508268343783549,'AB-CA-CA-01','SUMINISTRO Y COLOCACION DE PUERTA DE MADERA DE PINO DE 3RA. TIPO CORREDIZA, DE DOS HOJAS CON VENTILA EXTERIOR PARA CABALLERIZA. CON DIMENSIONES DE 1.50 X 2.15 MTS. FABRICADA CON TABLA DE PINO DE 1\'\' A 1 1/2\'\' DE ESPESOR, Y HERRAJES SEGÚN DISEÑO. INCLUYE: COLOCACION, JUEGO DE BISAGRAS, RIELES Y CERROJOS, MATERIALES, MANO DE OBRA, HERRAMIENTA Y EQUIPO, P.U.O.T.','A',6.00,3550.28,'C','2017-10-17 19:41:30.468239',49,4),(195,1508268343787627,'INS-004','SALIDA SANITARIA, A UNA DISTANCIA PROMEDIO A 6.0 M, INCLUYE TUBERÍA DE 2,3 Y 4 SEGÚN REQUIERA, CODOS COPLES, TEES, MATERIAL DE CONSUMO, EXCAVACIONES, RELLENOS,INTERCONEXIONES,DERIVACIONES,DEMOLICIONES Y CONEXIONES A INSTALACIONES EXISTENTES, MATERIAL MANO DE OBRA, HERRAMIENTA Y TODO LO NECESARIO PARA SU CORRECTO FUNCIONAMIENTO INCLUYE PRUEBAS.','A',4.00,510.89,'C','2017-10-17 19:41:30.472342',50,6),(196,1508268343791977,'INS-003','SALIDA HIDRÁULICA A UNA DISTANCIA NO MAYOR A 6.0 M, INCLUYE TUBERÍA DE COBRE TIPO M EN 13 Y 19 MM (SEGÚN REQUIERA), CODOS, COPLES, TEES, YEES, MATERIAL DE CONSUMO, PRUEBAS, EXCAVACIONES, RELLENOS, INTERCONEXIONES, DERIVACIONES. DEMOLICIONES Y CONEXIONES A INSTALACIONES EXISTENTES, MANO DE OBRA, HERRAMIENTAS Y TODO LO NECESARIO PARA SU CORRECTA EJECUCIÓN.','A',2.00,822.89,'C','2017-10-17 19:41:30.476684',50,6),(197,1508268343796470,'094-067','TUBERIA DE CONCRETO SIMPLE DE 30 CM DE DIAMETRO,JUNTA HERMETICA PARA DRENAJE SANITARIO, INCLUYE: SUMINISTRO DE LA TUBERIA PUESTA EN EL LUGAR DE LOS TRABAJOS, MANIOBRAS Y BAJADO DE LOS TUBOS A LA ZANJA, COLOCACION,  JUNTEO Y NIVELADO, EQUIPO Y HERRAMIENTA, P.U.O.T.','A',30.00,155.48,'C','2017-10-17 19:41:30.481122',50,3),(198,1508268343800598,'IHE-CON23','REGISTRO DE 40X60X100 CMS (DESDE 0.80 HASTA 1.50 MTS DE PROFUNDIDAD) DE TABIQUE ROJO RECOCIDO 6 X 12 X 24 CMS., JUNTEADO CON MEZCLA CEMENTO ARENA 1:5 ACABADO PULIDO EN EL INTERIOR,SOBRE BASE DE PLANTILLA DE CONCRETO DE 5 CM Y CADENA DE SECCIÓN 10 X 12 CM  DE CONCRETO 100 KG/CM2 AGREGADO DE 20 MM, CEMENTO NORMAL, INCLUYE: MARCO Y CONTRAMARCO DE ANGULO DE FIERRO DE  1 1/4\" X  ESPESOR DE 1/8\",TAPA DE CONCRETO 100 KG/CM2 AGREGADO DE 20 MM, CEMENTO NORMAL ESPESOR DE LA TAPA 5 CM ,EXCAVACIÓN, MATERIALES, MANO DE OBRA, EQUIPO Y HERRAMIENTA.','A',3.00,1182.20,'C','2017-10-17 19:41:30.485278',50,4),(199,1508268343804398,'048-01','CENTRO DE CARGA QO2 O SIMILAR SQUARE\'D CON TAQUETES Y TORNILLOS. INCLUYE: MATERIAL, HERRAMIENTA Y MANO DE OBRA. P.U.O.T.','A',1.00,319.32,'C','2017-10-17 19:41:30.489113',51,4),(200,1508268343809452,'049-01','INTERRUPTOR TERMOMAGNETICO DE 1 POLO 15-50 AMP., INCLUYE: MATERIAL, MANO DE OBRA Y HERRAMIENTA U.C.T.T.','A',2.00,120.86,'C','2017-10-17 19:41:30.494159',51,4),(201,1508268343813265,'049-02','INTERRUPTOR DE CUCHILLAS 2X30 AMPERS. CONSIDERANDO PRUEBAS , FUSIBLES, TAQUETES, PIJAS. INCLUYE: MATERIAL, HERRAMIENTA Y MANO DE OBRA. U.C.T.T.','A',1.00,252.68,'C','2017-10-17 19:41:30.497980',51,4),(202,1508268343817140,'ISC-051','SALIDA ELÉCTRICA PARA CONTACTO Y/O LAMPARA CON UN DESARROLLO MÁXIMO DE 5.00 MTS. EL PRECIO INCLUYE: CABLE THW CAL. 12, CABLE DESNUDO CAL 14, TUBO CONDUIT PARED GRUESA 3/4\", CHALUPA,  MANO DE OBRA Y TODOS LOS MATERIALES PARA LA CORRECTA EJECUCIÓN DEL P.U.O.T.','A',15.00,401.75,'C','2017-10-17 19:41:30.501855',51,6),(203,1508268343821097,'5000006','SALIDA PARA APAGADOR SENCILLO, INCLUYE: POLIDUCTO DE 13  MM., CABLEADO, CHALUPA, TAPA, PLACA ENTUBADO, CABLEADO,  CANALETA, APAGADOR, CONEXION,  MATERIAL, MANO DE OBRA, HERRAMIENTA,  E- QUIPO Y TODO LO NECESARIO PARA SU EJECUCION. P.U.O.T.','A',3.00,455.00,'C','2017-10-17 19:41:30.505814',51,6),(204,1508268343825251,'3.1.B1','TRAZO Y NIVELACION  DE TERRENO CON EQUIPO TOPOGRAFICO ESTABLECIENDO EJES DE REFERENCIA Y BANCOS DE NIVEL, INCLUYE: MATERIALES, MANO DE OBRA, EQUIPO Y HERRAMIENTA P.U.O.T.','A',846.74,3.55,'C','2017-10-17 19:41:30.509965',53,2),(205,1508268343829684,'PRE-020B','DESPALME POR MEDIOS MECANICOS HASTA 10 CM EN MATERIAL I TODAS LAS ZONAS PARA QUITAR CAPA DE TIERRA VEGETAL, INCLUYE: DESENRAICE, MANO DE OBRA, HERRAMIENTA, EQUIPO, ACARREO DENTRO HASTA 20 MTS DE DISTANCIA.','A',846.74,1.84,'C','2017-10-17 19:41:30.514371',53,2),(206,1508268343833945,'093-39','EXCAVACION A MANO EN CEPA EN MATERIAL TIPO \"A\" Y/O \"B\" EN SECO PARA DESCARGAS PLUVIALES DE 0.00 A 2.00 M DE PROFUNDIDAD Y ANCHO DE 0.60 MTS, INCLUYE: AFINE DE FONDO, PLANTILLA DE ARENA DE 5 CMS. DE ESPESOR TUBO DE CONCRETO SIMPLE DE 20 CMS. DE DIAMETRO, JUNTEADO CON MORTERO CEMENTO-ARENA DE PROP 1:3, RELLENO CON MATERIAL PRODUCTO DE EXCAVACION, Y COMPACTACION EN CAPAS DE 20 CMS. DE ESPESOR CON PIZON DE MANO Y/O BAILARINA  MECANICA, MANO DE OBRA, MATERIALES, EQUIPO Y HERRAMIETA. P.U.O.T.','A',110.40,212.41,'C','2017-10-17 19:41:30.518656',54,3),(207,1508268343838079,'093-05B','BASE CON MATERIAL DE BANCO, CON UN ESPESOR DE 20 CMS. Y COMPACTADA AL 95% DE SU P.V.S.M., INCLUYE: SUMINISTRO Y ACARREO DEL MATERIAL PUESTO EN LA OBRA, ACAMELLONADO, INCORPORACIÓN DE AGUA Y SU ACARREO, MEZCLADO, TENDIDO, AFINE Y COMPACTACIÓN, MANO DE OBRA, EQUIPO Y HERRAMIENTA. P.U.O.T.','A',268.45,220.10,'C','2017-10-17 19:41:30.522793',54,1),(208,1508268343842010,'094-23','RIEGO DE IMPREGNACION A BASE DE EMULSION RL-2K, A RAZON DE 1.50 LTS/M2, INCLUYE: SUMINISTRO DE LA EMULSION, ACARREO Y APLICACION, MANO DE OBRA, EQUIPO Y HERRAMIENTA. P.U.O.T.','A',268.45,23.39,'C','2017-10-17 19:41:30.526723',54,2),(209,1508268343845806,'067-09C-CT-01','PISO O FIRME DE CONCRETO HECHO EN OBRA DE 15 CM DE ESPESOR, F`C= 150 KG/CM2  AGREGADO MAXIMO 19 MM. ARMADO CON MALLA ELECTROSOLDADA 6-6/10-10 ACABADO PULIDO. INCLUYE: MATERIAL, MANO DE OBRA, HERRAMIENTA Y TODO LO NECESARIO PARA SU CORRECTA REALIZACION.','A',680.75,315.55,'C','2017-10-17 19:41:30.530520',55,2),(210,1508268343849659,'QTZISC-002','CORTE DE ASFALTO DE 5 CM DE ESPESOR MEDIANTE CORTADORA DE DISCO DE DIAMANTE, INCLUYE: MANO DE OBRA, EQUIPO Y HERRAMIENTA. P.U.O.T.','A',387.60,4.31,'C','2017-10-17 19:41:30.534374',55,3),(211,1508268343854656,'084-30(CAMBIA)','PINTURA EPÓXICA APLICADA CON BROCHA EN CANCHA DE TENIS, CONSIDERANDO  PREPARACION DE LA SUPERFICIE, INCLUYE: MATERIAL, MANO DE OBRA, EQUIPO, HERRAMIENTA. P.U.O.T.','A',268.45,87.05,'C','2017-10-17 19:41:30.539342',56,2),(212,1508268343858914,'AB-CT-AC-01','RED DE TENIS DE NYLON  HAR TRU REVOLUTION NET INCLUYE: SUMINISTRO, COLOCACIÓN, MANO DE OBRA, HERRAMIENTA Y TODO LO NECESARIO PARA SU COLOCACIÓN P.U.O.T.','A',1.00,5563.90,'C','2017-10-17 19:41:30.543618',56,4),(213,1508268343862706,'AB-CT-AC-02','POSTES PARA TENIS MECÁNICOS INTERNOS COURTMAS ROYALE ','A',1.00,7842.30,'C','2017-10-17 19:41:30.547420',56,5),(214,1508268343866608,'AB-CT-AC-03','SUPERFICIE DE RECUBRIMIENTO ACRÍLICO PLEXIPAVE PARA CANCHA DE TENIS  INCLUYE: SUMINISTRO, COLOCACIÓN, MANO DE OBRA, HERRAMIENTA Y TODO LO NECESARIO PARA SU COLOCACIÓN P.U.O.T. ','A',268.45,580.33,'C','2017-10-17 19:41:30.551322',56,2),(215,1508268343870558,'094-83','REJILLA TRANSVERSAL CON MARCO Y CONTRAMARCO DE 3.80 X .80 M A BASE DE ANGULO DE 3\" X 3\" X 1/4\"  DE ESPESOR Y VIGAS IPS DE 3\" SOLDADAS AL MARCO A 45º @ 4 CMS. DE SEPARACION Y ANCLAS DE SOLERA DE 1\" X 1/4\" DE ESP. Y 7 CM DE LONGITUD EN ESQUINAS DE CONTRAMARCO. INCLUYE: CONSTRUCCION DE CAJA DE CAPTACION DE CONCRETO ARMADO DE F\'C=200 KG/CM2 DE 4 X 1 Y ALTURAS DE 4.5 M AL INICIO Y 1.15 M A LOS 3.10 M Y FINAL, CON MUROS Y LOSA DE FONDO DE 20 CM DE ESPESOR DOBLEMENTE ARMADO CON VARILLAS DEL #3 @ 20 CM EN AMBOS SENTIDOS, PLANTILLA DE CONCRETO SIMPLE DE F\'C=100 KG/CM2 DE 5 CM DE ESPESOR, CIMBRADO Y DESCIMBRADO Y TERMINADO DEL AREA COLADA, COLOCACION DE 3.0 M PROMEDIO DE TUBERIA DE CONCRETO SIMPLE DE 30 CM DE DIAMETRO JUNTEADO CON MORTERO CEMENTO-ARENA: ARENA PARA CONEXION DE POZO DE VISTA EXISTENTE, TRAZO, EXCAVACION A MANO CON RETIRO DEL MATERIAL PRODUCTO DE LA EXCAVACION A TIRO LIBRE, RELLENO COMPACTADO CON MATERIAL DE BANCO (TEPETATE) Y TODO LO NECESARIO PARA SU CORRECTA EJECUCCION P.U.O.T.','A',29.00,16825.42,'C','2017-10-17 19:41:30.555274',57,4),(216,1508268343875233,'ISC-035-IE-01','SUMINISTRO E INSTALACION DE LAMPARA SOBRE POSTE DE 6 MTS. DE ALTURA, PARA CANCHA, INCLUYE: POSTE ASTRIADO DE 6.00 MTS. DE ALTURA, BASE CAMISA DE 1.03 MTS. DE ALTURA Y LUMINARIO CON BALASTRO DE ADITIVOS METALICOS DE 250 W 220V. MARCA Y MODELO POR DEFINIR. INCLUYE:  INSTALACION COMPLETA, MATERIALES, MANO DE OBRA, HERRAMIENTA. (CANCHA).','A',12.00,4444.69,'C','2017-10-17 19:41:30.559934',59,4),(217,1508268343879414,'ISC-035-IE-02','SUMINISTRO E INSTALACION DE LAMPARA SOBRE POSTE DE 4 MTS. DE ALTURA, PARA CANCHA, INCLUYE: POSTE ASTRIADO DE 3.00 MTS. DE ALTURA, BASE CAMISA DE 1.03 MTS. DE ALTURA Y LUMINARIO CON BALASTRO DE ADITIVOS METALICOS DE 250 W 220V. MARCA Y MODELO POR DEFINIR. INCLUYE:  INSTALACION COMPLETA, MATERIALES, MANO DE OBRA, HERRAMIENTA. (CANCHA).','A',7.00,3552.19,'C','2017-10-17 19:41:30.564129',59,4),(218,1508268343883501,'ISC-0192-IE-01','REFLECTOR SUMERGIBLE PARA ALBERCA DE BAJO VOLTAJE, ACABADO INOXIDABLE, MARCA Y MODELO POR DEFINIR, INCLUYE, INSTALACION, MANO DE OBRA, EQUIPO Y HERRAMIENTA. (ALBERCA).','A',17.00,432.00,'C','2017-10-17 19:41:30.568216',59,4),(219,1508268343888136,'ARCISC-0080-IE-01','SUMINISTRO E INSTALACION DE REFLECTOR PARA INTEMPERIE CON FOCO ECONOMIZADOR DE 60 w TORNILLOS , ASI COMO ANDAMIO DE CABALLETE. MARCA Y MODELO POR DEFINIR. INCLUYE: MATERIAL, MANO DE OBRA Y HERRAMIENTA. P.U.O.T. (CASA).','A',7.00,387.06,'C','2017-10-17 19:41:30.572828',59,4),(220,1508268343892188,'ARB-001-IE-01','LAMPARA DE TIPO ARBOTANTE,  MARCA Y MODELO POR DEFINIR. INCLUYE: LAMPARA DE EXTERIOR, FOCO AHORRADOR DE ENERGIA, CABLE THW DEL NO. 12 MATERIALES PUESTOS EN EL SITIO DE LOS TRABAJOS, MANO DE OBRA, HERRAMIENTA, EQUIPO, PRUEBAS Y TODO LO NECESARIO PARA SU CORRECTA INSTALACION. (MUROS).','A',6.00,760.34,'C','2017-10-17 19:41:30.576895',59,4),(221,1508268343895992,'048-01F','CENTRO DE CARGA QO24 O SIMILAR SQUARE\'D CON TAQUETES Y TORNILLOS. INCLUYE: MATERIAL, HERRAMIENTA Y MANO DE OBRA. P.U.O.T.','A',1.00,4623.45,'C','2017-10-17 19:41:30.580703',59,4),(222,1508268343899990,'049-01','INTERRUPTOR TERMOMAGNETICO DE 1 POLO 15-50 AMP., INCLUYE: MATERIAL, MANO DE OBRA Y HERRAMIENTA U.C.T.T.','A',1.00,120.86,'C','2017-10-17 19:41:30.584628',59,4),(223,1508268343904443,'049-02','INTERRUPTOR DE CUCHILLAS 2X30 AMPERS. CONSIDERANDO PRUEBAS , FUSIBLES, TAQUETES, PIJAS. INCLUYE: MATERIAL, HERRAMIENTA Y MANO DE OBRA. U.C.T.T.','A',1.00,252.68,'C','2017-10-17 19:41:30.589153',59,4),(224,1508268343908954,'ARB-001-IE-02','LAMPARA DE TIPO ARBOTANTE,  MARCA Y MODELO POR DEFINIR. INCLUYE: LAMPARA DE EXTERIOR, FOCO AHORRADOR DE ENERGIA, CABLE THW DEL NO. 12 MATERIALES PUESTOS EN EL SITIO DE LOS TRABAJOS, MANO DE OBRA, HERRAMIENTA, EQUIPO, PRUEBAS Y TODO LO NECESARIO PARA SU CORRECTA INSTALACION. (GARAGE Y MOTOR LOBBY).','A',6.00,760.34,'C','2017-10-17 19:41:30.593659',59,4),(225,1508268343913460,'LUM-SL43-IE-01','LUMINARIO  DE EMPOTRAR EN PISO, MARCA Y MODELO POR DEFINIR. INCLUYE, REALIZACIÓN DE SALIDA ELÉCTRICA PARA ENERGIZAR LUMINARIA EMPOTRADA EN PISO, SUMINISTRO E INSTALACIÓN DE TUBO DE PVC SERVICIO PESADO EMPOTRANDO EN PISO ESCAVANDO RANURAS DE HASTA UNA PROFUNDIDAD DE 30 CMS, REALIZANDO RETIRO Y RECOLOCACIÓN O RESTITUCIÓN DE PISOS, CABLEADO ELÉCTRICO THW-LS DE BAJA EMISIÓN DE HUMOS, CONEXIONES ELÉCTRICAS, PRUEBAS DE CONTINUIDAD, INTERRUPTOR TERMOMÁGNETICO EN TABLERO DE DISTRIBUCIÓN ELÉCTRICA PROPORCIONAL AL CIRCUITO CORRESPONDIENTE, NIVELACIÓN, ACARREOS, LIMPIEZA, RETIRO DE MATERIAL SOBRANTE Y  TODO LO NECESARIO PARA SU CORRECTA INSTALACIÓN. (PERGOLA).','A',24.00,445.36,'C','2017-10-17 19:41:30.598129',59,4),(226,1508268343917648,'IE-CON03-IE-01','LUMINARIA COLGANTE DE ALUMINIO CON REFLECTOR INTERNO DE ALUMINIO CON PANTALLA INFERIOR REFRACTOR DE VIDRIO DE BOROSILICATO, DISPONIBLE EN CURVA III Y V ALTURA 30\" ANCHO 17\" MARCA Y MODELO POR DEFINIR, INCLUYE: COLOCACIÓN, SUMINISTRO, EQUIPO, HERRAMIENTA Y MANO DE OBRA. P.U.O.T. (CABALLERIZAS).','A',2.00,4908.75,'C','2017-10-17 19:41:30.602358',59,4),(227,1508268343921487,'ISC-0192-IE-02','REFLECTOR SUMERGIBLE PARA ALBERCA DE BAJO VOLTAJE, ACABADO INOXIDABLE, MARCA Y MODELO POR DEFINIR, INCLUYE, INSTALACION, MANO DE OBRA, EQUIPO Y HERRAMIENTA.  (CHORRO DE AGUA).','A',1.00,432.00,'C','2017-10-17 19:41:30.606201',59,4),(228,1508268343925797,'ISC-0194-IE-01','LAMPARA COLGANTE, MARCA Y MODELO POR DEFINIR. INCLUYE: LAMPARA DE EXTERIOR, FOCO AHORRADOR DE ENERGIA, CABLE THW DEL NO. 12 MATERIALES PUESTOS EN EL SITIO DE LOS TRABAJOS, MANO DE OBRA, HERRAMIENTA, EQUIPO, PRUEBAS Y TODO LO NECESARIO PARA SU CORRECTA INSTALACION. (ACCESO).','A',1.00,1691.59,'C','2017-10-17 19:41:30.610490',59,4),(229,1508268343929869,'059-03B','REGISTRO ELECTRICO DE 30 X 30 X 40 CMS. DE PROFUNDIDAD, CON MURO DE TABIQUE COMUN DE 5.5 X 12.5 X 25 CMS., ESPESOR DE MURO DE 12 CMS, JUNTEADO CON MORTERO CEMENTO-ARENA PROP: 1:4, APLANADO PULIDO INTERIOR Y TAPA DE CONCRETO  DE F`C=150 KG/CM2 T.M.A.3/4, TAPA DE 60X 60 CM Y MARCO DE 60 X 60 CMS. CON ANGULO 1/2\" CONSIDERANDO DREN CON TUBO DE PCV Y FONDO DE MATERIAL PETREO. INCLUYE:MATERIAL, HERRAMIENTA Y MANO DE OBRA. P.U.O.T.','A',1.00,891.03,'C','2017-10-17 19:41:30.614581',59,4),(230,1508268343933720,'ELE-003','CANALIZACIÓN SUBTERRÁNEA Y CABLEADO PARA INSTALACIÓN ELECTRICA CON POLIDUCTO ELÉCTRICO DE 2\" CABLE CALIBRE 6 THW, MARCA CONDUMEX ANTILLAMAS. INCLUYE: MATERIALES, HERRAMIENTA, EQUIPO, MANO DE OBRA Y TODO LO NECESARIO PARA SU CORRECTA EJECUCIÓN. P.U.O.T.','A',1.00,126.72,'C','2017-10-17 19:41:30.618435',59,3),(231,1508268343937543,'ISC-0192-IE-03','REFLECTOR SUMERGIBLE PARA ALBERCA DE BAJO VOLTAJE, ACABADO INOXIDABLE, MARCA Y MODELO POR DEFINIR, INCLUYE, INSTALACION, MANO DE OBRA, EQUIPO Y HERRAMIENTA.  (FUENTE DE PARED).','A',1.00,432.00,'C','2017-10-17 19:41:30.622259',59,4),(232,1508268343941895,'AB-IE-IE-01','LUMINARIO ORNAMENTAL EN ALUMINIO INYECTADO, MARCA CONSTRULITA, MODELO CUBIC. INCLUYE: LAMPARA TIPO LED DE 19W, DIFUSOR DE ACRILICO OPALINO,  CABLE THW DEL NO. 12, MATERIALES PUESTOS EN EL SITIO DE LOS TRABAJOS, MANO DE OBRA, HERRAMIENTA, EQUIPO, PRUEBAS Y TODO LO NECESARIO PARA SU CORRECTA INSTALACION. (GUARNICIONES).','A',15.00,9467.39,'C','2017-10-17 19:41:30.626599',59,4),(233,1508268343946598,'B-001','LIMPIA DE TERRENO PARA TRAZO DE EDIFICIOS, INCLUYE DESPALME, ACARREO DE ESCOMBRO FUERA DE LA OBRA CON CARGA A MANO. (U.C.T.T.)','A',75.12,7.31,'C','2017-10-17 19:41:30.631255',61,2),(234,1508268343951116,'3.1.B1','TRAZO Y NIVELACION  DE TERRENO CON EQUIPO TOPOGRAFICO ESTABLECIENDO EJES DE REFERENCIA Y BANCOS DE NIVEL, INCLUYE: MATERIALES, MANO DE OBRA, EQUIPO Y HERRAMIENTA P.U.O.T.','A',75.12,3.55,'C','2017-10-17 19:41:30.635817',61,2),(235,1508268343955032,'001-23','EXCAVACION A MANO EN CEPA HASTA 2.00 MTS. DE PROF. EN CUALQUIER TIPO DE MATERIAL; INCLUYE: AFINE DE TALUDES  Y FONDO,  INCLUIR ACARREOS DE MATERIAL SOBRANTE FUERA DE LA OBRA, INCLUYE: MANO DE OBRA, EQUIPO, HERRAMIENTA.  P.U.O.T.','A',11.05,194.96,'C','2017-10-17 19:41:30.639742',62,1),(236,1508268343959469,'BP-003','PLANTILLA DE CONCRETO HIDRAULICO SIMPLE DE 5 CMS. DE ESPESOR HECHO EN OBRA F\'C=100 KG/CM2 RESINTENCIA NORMAL, TAMAÑO MAXIMO AGREGADO DE 3/4\", INCLUYE: MATERIALES, HERRAMIENTAS, EQUIPO DE SEGURIDAD, MANO DE OBRA Y EQUIPO MENOR.','A',24.55,89.15,'C','2017-10-17 19:41:30.644169',62,2),(237,1508268343963364,'006-01B','RELLENO COMPACTADO CON PIZON DE MANO EN CAPAS DE 20 CM UTILIZANDO MATERIAL PRODUCTO DE LA EXCAVACION, CONSIDERANDO EL ACARREO DE MATERIAL EN CARRETILLA AL AREA DE TRABAJO. INCLUYE: AGUA, HERRAMIENTA, ACARREO Y MANO DE OBRA. P.U.O.T.','A',5.80,104.98,'C','2017-10-17 19:41:30.648075',62,1),(238,1508268343967649,'012-07','MURO DE PIEDRA BRAZA DE 30 A 40 CMS. DE ESPESOR ASENTADO CON MORTERO DE CEMENTO-ARENA 1:5 ACABADO COMUN. CONSIDERANDO ANDAMIO DE CABALLETE PARA ALTURAS DE 1.50 A 3.00 MTS. DE ALTURA. INCLUYE: MATERIAL, MANO DE OBRA, EQUIPO, ACARREOS Y  HERRAMIENTA. P.U.O.T.','A',9.14,1162.54,'C','2017-10-17 19:41:30.652355',62,1),(239,1508268343971478,'ALB-009','FIRME DE CONCRETO DE 8 CMS. DE ESPESOR ARMADO CON MALLA ELECTROSOLDADA 6-6/10-10 ACABADO ESCOBILLADO , FRAGUADO NORMAL PARA ESTRUCTURA, ARRIOSTRES Y ESTRUCTURA, ASI COMO PARA RESANE DE PISO DEMOLIDO. INCLUYE : MATERIALES Y SU ELEVACION,PROTECCION DEL AREA DONDE SE FABRICARA,COLOCACION VIBRADO, CURADO, ACARREO DE SOBRANTES A PIE DE CAMION, DESPERDICIOS, LIMPIEZA Y LO NECESARIO PARA SU CORRECTA EJECUCION. SI ES EN PIEDRAS INCLUYE VOLTEODOR DE 5 CM. PU.O.T. (CABALLERIZAS)','A',26.01,180.62,'C','2017-10-17 19:41:30.656194',63,2),(240,1508268343975854,'095-48','RAMPA DE CONCRETO F\'C= 150 KG/CM2 T.M.A. 3/4\" DE 8 CMS. DE ESPESOR, ARMADO CON MALLA ELECTROSOLDADA 6-6/10-10, INCLUYE: NIVELACIÓN DE LA SUPERFICIE, COMPACTACIÓN, MATERIALES, MANO DE OBRA, CIMBRADO Y DESCIMBRADO EN FRONTERAS, VIBRADO, CURADO Y TODO LO NECESARIO PARA SU CORRECTA EJECUCIÓN. U.C.T.T.','A',12.36,619.98,'C','2017-10-17 19:41:30.660558',63,2),(241,1508268343979802,'PISO-PL01','PISO A BASE DE PIEDRA LAJA DE  1 A 4 CMS. DE ESPESOR  ASENTADO CON MORTERO DE CEMENTO ARENA CERNIDA 1:4 DE 3 CMS. DE ESPESOR PROMEDIO PARA NIVELAR, RELLENO EN JUNTAS DE 1 CMS.  COLOR ROJO ÓXIDO, INCLUYE: SUMINISTRO DE MATERIALES, CORTES, JUNTAS, ACARREOS, ELABORACIÓN DE MORTERO Y COLOCACIÓN. P.U.O.T. (BAÑADEROS)','A',26.01,393.40,'C','2017-10-17 19:41:30.664443',64,2),(242,1508268343984476,'3.1.B1','TRAZO Y NIVELACION  DE TERRENO CON EQUIPO TOPOGRAFICO ESTABLECIENDO EJES DE REFERENCIA Y BANCOS DE NIVEL, INCLUYE: MATERIALES, MANO DE OBRA, EQUIPO Y HERRAMIENTA P.U.O.T.','A',1976.94,3.55,'C','2017-10-17 19:41:30.669180',66,2),(243,1508268343988707,'B-001','LIMPIA DE TERRENO PARA TRAZO DE EDIFICIOS, INCLUYE DESPALME, ACARREO DE ESCOMBRO FUERA DE LA OBRA CON CARGA A MANO. (U.C.T.T.)','A',1248.07,7.31,'C','2017-10-17 19:41:30.673386',66,2),(244,1508268343992977,'ARCISC-0106-JA-01','PLANTA DE ORNATO HIBISCUS @50CM CON UNA ALTURA DE 60CM. EN ZONAS JARDINERAS, INCLUYE: SUMINISTRO DE MATERIALES, TIERRA NEGRA, HERRAMIENTA, MANO DE OBRA, PLANTADO, EQUIPO Y TODO LO NECESARIO PARA SU CORRECTA EJECUCIÓN. COLOCACIÓN.P.U.O.T.','A',62.00,74.50,'C','2017-10-17 19:41:30.677681',68,4),(245,1508268343996993,'ARCISC-0106-JA-02','PLANTA DE ORNATO LLAMANDA ALLAMANDA CATHARTICA @65CM. CON UNA ALTURA DE 30 A50CM. EN ZONAS JARDINERAS, INCLUYE: SUMINISTRO DE MATERIALES, TIERRA NEGRA, HERRAMIENTA, MANO DE OBRA, PLANTADO, EQUIPO Y TODO LO NECESARIO PARA SU CORRECTA EJECUCIÓN. COLOCACIÓN.P.U.O.T','A',22.00,69.50,'C','2017-10-17 19:41:30.681695',68,4),(246,1508268344000982,'ARCISC-0106-JA-03','PLANTA DE ORNATO LLAMANDA DURANTA GOLDEN EN ZONAS JARDINERAS, INCLUYE: SUMINISTRO DE MATERIALES, TIERRA NEGRA, HERRAMIENTA, MANO DE OBRA, PLANTADO, EQUIPO Y TODO LO NECESARIO PARA SU CORRECTA EJECUCIÓN. COLOCACIÓN.P.U.O.T','A',180.00,39.50,'C','2017-10-17 19:41:30.685693',68,4),(247,1508268344005900,'ARCISC-0105-JA-01','SUMINISTRO Y PLANTADO DE  COCOS NUCIFERA CON UNA ALTURA DE 5M. INCLUYE: SUMINISTRO DE MATERIALES, MANO DE OBRA, EXCAVACIÓN DE CEPAS, RELLENO DE LA MISMA CON TIERRA VEGETAL, SIEMBRA, RIEGO DURANTE UN PERIODO MINIMO DE 20 DIAS PARA GARANTIZAR SU CORRECTO SEMBRADO, ABONO DE ARBOL, MATERIALES, MANO DE OBRA, HERRAMIENTA, EQUIPO Y TODO LO NECESARIO PARA SU CORRECTA EJECUCIÓN. P.U.O.T.','A',2.00,3548.67,'C','2017-10-17 19:41:30.690578',68,4),(248,1508268344010930,'ARCISC-0106-JA-04','PLANTA DE ORNATO LLAMANDA RAVENALA MADAGASCARIENSIS EN ZONAS JARDINERAS, INCLUYE: SUMINISTRO DE MATERIALES, TIERRA NEGRA, HERRAMIENTA, MANO DE OBRA, PLANTADO, EQUIPO Y TODO LO NECESARIO PARA SU CORRECTA EJECUCIÓN. COLOCACIÓN.P.U.O.T','A',2.00,1575.28,'C','2017-10-17 19:41:30.695624',68,4),(249,1508268344015120,'ARCISC-0106-JA-05','PLANTA DE ORNATO LLAMANDA TRANDESCANTIA PALLIDA EN ZONAS JARDINERAS, INCLUYE: SUMINISTRO DE MATERIALES, TIERRA NEGRA, HERRAMIENTA, MANO DE OBRA, PLANTADO, EQUIPO Y TODO LO NECESARIO PARA SU CORRECTA EJECUCIÓN. COLOCACIÓN.P.U.O.T','A',570.00,46.50,'C','2017-10-17 19:41:30.699824',68,4),(250,1508268344019434,'ARCISC-0106-JA-06','PLANTA DE ORNATO LLAMANDA CODIAEUM VARIEGATUM EN ZONAS JARDINERAS, INCLUYE: SUMINISTRO DE MATERIALES, TIERRA NEGRA, HERRAMIENTA, MANO DE OBRA, PLANTADO, EQUIPO Y TODO LO NECESARIO PARA SU CORRECTA EJECUCIÓN. COLOCACIÓN.P.U.O.T','A',21.00,174.50,'C','2017-10-17 19:41:30.704078',68,4),(251,1508268344024193,'ARCISC-0106-JA-07','PLANTA DE ORNATO LLAMANDA LANTANA CAMARA EN ZONAS JARDINERAS, INCLUYE: SUMINISTRO DE MATERIALES, TIERRA NEGRA, HERRAMIENTA, MANO DE OBRA, PLANTADO, EQUIPO Y TODO LO NECESARIO PARA SU CORRECTA EJECUCIÓN. COLOCACIÓN.P.U.O.T','A',18.00,54.50,'C','2017-10-17 19:41:30.708887',68,4),(252,1508268344028419,'ARCISC-0106-JA-08','PLANTA DE ORNATO LLAMANDA ALOCASIA MACRORRHIZA EN ZONAS JARDINERAS, INCLUYE: SUMINISTRO DE MATERIALES, TIERRA NEGRA, HERRAMIENTA, MANO DE OBRA, PLANTADO, EQUIPO Y TODO LO NECESARIO PARA SU CORRECTA EJECUCIÓN. COLOCACIÓN.P.U.O.T','A',20.00,99.50,'C','2017-10-17 19:41:30.713082',68,4),(253,1508268344032592,'087-06B','ARBOL DE JACARANDA MIMOSIFOLIA, DE ALTURA MINIMA DE 1.80 M, INCLUYE: TIERRA VEGETAL, SIEMBRA , ABONO, RIEGO DURANTE UN PERIODO MINIMO DE HASTA 20 DIAS PARA GARANTIZAR SU CORRECTO SEMBRADO, MATERIALES, MANO DE OBRA,EQUIPO, HERRAMIENTA,Y TODO LO NECESARIO PARA SU CORRECTA  EJECUCION, U.C.T.T.','A',1.00,174.50,'C','2017-10-17 19:41:30.717300',68,4),(254,1508268344037577,'ARCISC-0106-JA-09','PLANTA DE ORNATO LLAMANDA DURANTA REPENS. EN ZONAS JARDINERAS, INCLUYE: SUMINISTRO DE MATERIALES, TIERRA NEGRA, HERRAMIENTA, MANO DE OBRA, PLANTADO, EQUIPO Y TODO LO NECESARIO PARA SU CORRECTA EJECUCIÓN. COLOCACIÓN.P.U.O.T','A',57.00,39.50,'C','2017-10-17 19:41:30.722251',68,4),(255,1508268344041965,'ARCISC-0105-JA-02','SUMINISTRO Y PLANTADO DE BAMBUSA VULGARIS INCLUYE: SUMINISTRO DE MATERIALES, MANO DE OBRA, EXCAVACIÓN DE CEPAS DE .35X.35X.40 MTS, RELLENO DE LA MISMA CON TIERRA VEGETAL, SIEMBRA, RIEGO DURANTE UN PERIODO MINIMO DE 20 DIAS PARA GARANTIZAR SU CORRECTO SEMBRADO, ABONO DE ARBOL, MATERIALES, MANO DE OBRA, HERRAMIENTA, EQUIPO Y TODO LO NECESARIO PARA SU CORRECTA EJECUCIÓN. P.U.O.T.','A',57.00,254.50,'C','2017-10-17 19:41:30.726665',68,4),(256,1508268344046090,'ARCISC-0105-JA-03','SUMINISTRO Y PLANTADO DE CITRUS SINENSIS (NARANJO) DE 2MTS. DE ALTURA INCLUYE: SUMINISTRO DE MATERIALES, MANO DE OBRA, EXCAVACIÓN DE CEPAS, RELLENO DE LA MISMA CON TIERRA VEGETAL, SIEMBRA, RIEGO DURANTE UN PERIODO MINIMO DE 20 DIAS PARA GARANTIZAR SU CORRECTO SEMBRADO, ABONO DE ARBOL, MATERIALES, MANO DE OBRA, HERRAMIENTA, EQUIPO Y TODO LO NECESARIO PARA SU CORRECTA EJECUCIÓN. P.U.O.T.','A',2.00,335.24,'C','2017-10-17 19:41:30.730792',68,4),(257,1508268344050109,'ARCISC-0106-JA-10','PLANTA DE ORNATO LLAMANDA PLUMBAGO EN ZONAS JARDINERAS, INCLUYE: SUMINISTRO DE MATERIALES, TIERRA NEGRA, HERRAMIENTA, MANO DE OBRA, PLANTADO, EQUIPO Y TODO LO NECESARIO PARA SU CORRECTA EJECUCIÓN. COLOCACIÓN.P.U.O.T','A',4.00,64.50,'C','2017-10-17 19:41:30.734824',68,4),(258,1508268344054368,'ARCISC-0106-JA-11','PLANTA DE ORNATO LLAMANDA SANSEVIERIA TRIFASCIATA. EN ZONAS JARDINERAS, INCLUYE: SUMINISTRO DE MATERIALES, TIERRA NEGRA, HERRAMIENTA, MANO DE OBRA, PLANTADO, EQUIPO Y TODO LO NECESARIO PARA SU CORRECTA EJECUCIÓN. COLOCACIÓN.P.U.O.T','A',32.00,94.50,'C','2017-10-17 19:41:30.739075',68,4),(259,1508268344059771,'ARCISC-0031','PASTO EN ROLLO, CONSIDERANDO MEJORAMIENTO DE TERRENO A BASE DE TIERRA VEGETAL EN CAPAS DE 5 CMS, SUMINISTRO, ACARREOS LOCALES, EXTENDIDO, RIEGO CON AGUA DE PIPA Y MANO DE OBRA P.U.O.T.','A',132.00,48.60,'C','2017-10-17 19:41:30.744454',68,2),(260,1508268344065275,'ARCISC-0106-CA-01','PLANTA DE ORNATO HIBISCUS @60CM CON UNA ALTURA DE 60CM. EN ZONAS JARDINERAS, INCLUYE: SUMINISTRO DE MATERIALES, TIERRA NEGRA, HERRAMIENTA, MANO DE OBRA, PLANTADO, EQUIPO Y TODO LO NECESARIO PARA SU CORRECTA EJECUCIÓN. COLOCACIÓN.P.U.O.T.','A',133.00,74.50,'C','2017-10-17 19:41:30.749960',69,4),(261,1508268344069718,'ARCISC-0106-CA-02',' PLANTA DE ORNATO LLAMANDA ALLAMANDA CATHARTICA @50CM. CON UNA ALTURA DE 30 A50CM. EN ZONAS JARDINERAS, INCLUYE: SUMINISTRO DE MATERIALES, TIERRA NEGRA, HERRAMIENTA, MANO DE OBRA, PLANTADO, EQUIPO Y TODO LO NECESARIO PARA SU CORRECTA EJECUCIÓN. COLOCACIÓN.P.U.O.T','A',112.00,69.50,'C','2017-10-17 19:41:30.754420',69,4),(262,1508268344073864,'ARCISC-0105-CA-01','SUMINISTRO Y PLANTADO DE  COCOS NUCIFERA CON UNA ALTURA DE 5M. INCLUYE: SUMINISTRO DE MATERIALES, MANO DE OBRA, EXCAVACIÓN DE CEPAS, RELLENO DE LA MISMA CON TIERRA VEGETAL, SIEMBRA, RIEGO DURANTE UN PERIODO MINIMO DE 20 DIAS PARA GARANTIZAR SU CORRECTO SEMBRADO, ABONO DE ARBOL, MATERIALES, MANO DE OBRA, HERRAMIENTA, EQUIPO Y TODO LO NECESARIO PARA SU CORRECTA EJECUCIÓN. P.U.O.T.','A',5.00,3576.78,'C','2017-10-17 19:41:30.758570',69,4),(263,1508268344078165,'ARCISC-0105-CA-02','SUMINISTRO Y PLANTADO DE CITRUS SINENSIS (NARANJO) DE 2MTS. DE ALTURA INCLUYE: SUMINISTRO DE MATERIALES, MANO DE OBRA, EXCAVACIÓN DE CEPAS, RELLENO DE LA MISMA CON TIERRA VEGETAL, SIEMBRA, RIEGO DURANTE UN PERIODO MINIMO DE 20 DIAS PARA GARANTIZAR SU CORRECTO SEMBRADO, ABONO DE ARBOL, MATERIALES, MANO DE OBRA, HERRAMIENTA, EQUIPO Y TODO LO NECESARIO PARA SU CORRECTA EJECUCIÓN. P.U.O.T.','A',2.00,335.24,'C','2017-10-17 19:41:30.762857',69,4),(264,1508268344082194,'ARCISC-0106-CA-03','PLANTA DE ORNATO LLAMANDA RAVENALA MADAGASCARIENSIS EN ZONAS JARDINERAS, INCLUYE: SUMINISTRO DE MATERIALES, TIERRA NEGRA, HERRAMIENTA, MANO DE OBRA, PLANTADO, EQUIPO Y TODO LO NECESARIO PARA SU CORRECTA EJECUCIÓN. COLOCACIÓN.P.U.O.T.','A',3.00,1553.58,'C','2017-10-17 19:41:30.766904',69,4),(265,1508268344086901,'ARCISC-0106-CA-04','PLANTA DE ORNATO LLAMANDA TRANDESCANTIA PALLIDA EN ZONAS JARDINERAS, INCLUYE: SUMINISTRO DE MATERIALES, TIERRA NEGRA, HERRAMIENTA, MANO DE OBRA, PLANTADO, EQUIPO Y TODO LO NECESARIO PARA SU CORRECTA EJECUCIÓN. COLOCACIÓN.P.U.O.T.','A',386.00,46.50,'C','2017-10-17 19:41:30.771604',69,4),(266,1508268344090988,'ARCISC-0106-CA-05','PLANTA DE ORNATO LLAMANDA SANSEVIERIA TRIFASCIATA EN ZONAS JARDINERAS, INCLUYE: SUMINISTRO DE MATERIALES, TIERRA NEGRA, HERRAMIENTA, MANO DE OBRA, PLANTADO, EQUIPO Y TODO LO NECESARIO PARA SU CORRECTA EJECUCIÓN. COLOCACIÓN.P.U.O.T.','A',140.00,94.50,'C','2017-10-17 19:41:30.775695',69,4),(267,1508268344095366,'ARCISC-0106-CA-06','PLANTA DE ORNATO LLAMANDA DURANTA GOLDEN EN ZONAS JARDINERAS, INCLUYE: SUMINISTRO DE MATERIALES, TIERRA NEGRA, HERRAMIENTA, MANO DE OBRA, PLANTADO, EQUIPO Y TODO LO NECESARIO PARA SU CORRECTA EJECUCIÓN. COLOCACIÓN.P.U.O.T.','A',266.00,39.50,'C','2017-10-17 19:41:30.780070',69,4),(268,1508268344100038,'ARCISC-0106-CA-07','PLANTA DE ORNATOA LLAMANDA PYROSTEGIA IGNEA EN ZONAS JARDINERAS, INCLUYE: SUMINISTRO DE MATERIALES, TIERRA NEGRA, HERRAMIENTA, MANO DE OBRA, PLANTADO, EQUIPO Y TODO LO NECESARIO PARA SU CORRECTA EJECUCIÓN. COLOCACIÓN.P.U.O.T.','A',5.00,69.50,'C','2017-10-17 19:41:30.784716',69,4),(269,1508268344104322,'ARCISC-0106-CA-08','PLANTA DE ORNATO LLAMANDA CODIAEUM VARIEGATUM EN ZONAS JARDINERAS, INCLUYE: SUMINISTRO DE MATERIALES, TIERRA NEGRA, HERRAMIENTA, MANO DE OBRA, PLANTADO, EQUIPO Y TODO LO NECESARIO PARA SU CORRECTA EJECUCIÓN. COLOCACIÓN.P.U.O.T.','A',42.00,174.50,'C','2017-10-17 19:41:30.789026',69,4),(270,1508268344108551,'ARCISC-0106-CA-09','PLANTA DE ORNATO LLAMANDA GARDENIA JASMINOIDES EN ZONAS JARDINERAS, INCLUYE: SUMINISTRO DE MATERIALES, TIERRA NEGRA, HERRAMIENTA, MANO DE OBRA, PLANTADO, EQUIPO Y TODO LO NECESARIO PARA SU CORRECTA EJECUCIÓN. COLOCACIÓN.P.U.O.T.','A',30.00,69.50,'C','2017-10-17 19:41:30.793216',69,4),(271,1508268344112680,'ARCISC-0106-CA-10','PLANTA DE ORNATO LLAMANDA PLUMBAGO EN ZONAS JARDINERAS, INCLUYE: SUMINISTRO DE MATERIALES, TIERRA NEGRA, HERRAMIENTA, MANO DE OBRA, PLANTADO, EQUIPO Y TODO LO NECESARIO PARA SU CORRECTA EJECUCIÓN. COLOCACIÓN.P.U.O.T.','A',4.00,64.50,'C','2017-10-17 19:41:30.797390',69,4),(272,1508268344116697,'ARCISC-0105-CA-03','SUMINISTRO Y PLANTADO DE BAMBUSA VULGARIS INCLUYE: SUMINISTRO DE MATERIALES, MANO DE OBRA, EXCAVACIÓN DE CEPAS DE .35X.35X.40 MTS, RELLENO DE LA MISMA CON TIERRA VEGETAL, SIEMBRA, RIEGO DURANTE UN PERIODO MINIMO DE 20 DIAS PARA GARANTIZAR SU CORRECTO SEMBRADO, ABONO DE ARBOL, MATERIALES, MANO DE OBRA, HERRAMIENTA, EQUIPO Y TODO LO NECESARIO PARA SU CORRECTA EJECUCIÓN. P.U.O.T.','A',130.00,254.50,'C','2017-10-17 19:41:30.801399',69,4),(273,1508268344120711,'ARCISC-0106-CA-11','PLANTA DE ORNATO LLAMANDA ALOCASIA MACRORRHIZA. EN ZONAS JARDINERAS, INCLUYE: SUMINISTRO DE MATERIALES, TIERRA NEGRA, HERRAMIENTA, MANO DE OBRA, PLANTADO, EQUIPO Y TODO LO NECESARIO PARA SU CORRECTA EJECUCIÓN. COLOCACIÓN.P.U.O.T.','A',24.00,99.50,'C','2017-10-17 19:41:30.805421',69,4),(274,1508268344125041,'ARCISC-0031','PASTO EN ROLLO, CONSIDERANDO MEJORAMIENTO DE TERRENO A BASE DE TIERRA VEGETAL EN CAPAS DE 5 CMS, SUMINISTRO, ACARREOS LOCALES, EXTENDIDO, RIEGO CON AGUA DE PIPA Y MANO DE OBRA P.U.O.T.','A',362.00,48.60,'C','2017-10-17 19:41:30.809726',69,2),(275,1508268344129078,'ARCISC-0106-JT-01','PLANTA DE ORNATO HIBISCUS @50CM CON UNA ALTURA DE 60CM. EN ZONAS JARDINERAS, INCLUYE: SUMINISTRO DE MATERIALES, TIERRA NEGRA, HERRAMIENTA, MANO DE OBRA, PLANTADO, EQUIPO Y TODO LO NECESARIO PARA SU CORRECTA EJECUCIÓN. COLOCACIÓN.P.U.O.T.','A',12.00,74.50,'C','2017-10-17 19:41:30.813709',70,4),(276,1508268344134088,'ARCISC-0106-JT-02','PLANTA DE ORNATO LLAMANDA ALLAMANDA CATHARTICA @65CM. EN ZONAS JARDINERAS, INCLUYE: SUMINISTRO DE MATERIALES, TIERRA NEGRA, HERRAMIENTA, MANO DE OBRA, PLANTADO, EQUIPO Y TODO LO NECESARIO PARA SU CORRECTA EJECUCIÓN. COLOCACIÓN.P.U.O.T.','A',49.00,69.50,'C','2017-10-17 19:41:30.818786',70,4),(277,1508268344138073,'ARCISC-0106-JT-03','PLANTA DE ORNATO LLAMANDA TRANDESCANTIA PALLIDA EN ZONAS JARDINERAS, INCLUYE: SUMINISTRO DE MATERIALES, TIERRA NEGRA, HERRAMIENTA, MANO DE OBRA, PLANTADO, EQUIPO Y TODO LO NECESARIO PARA SU CORRECTA EJECUCIÓN. COLOCACIÓN.P.U.O.T.','A',363.00,46.50,'C','2017-10-17 19:41:30.822779',70,4),(278,1508268344142353,'ARCISC-0106-JT-04','PLANTA DE ORNATO LLAMANDA DURANTA REPENS EN ZONAS JARDINERAS, INCLUYE: SUMINISTRO DE MATERIALES, TIERRA NEGRA, HERRAMIENTA, MANO DE OBRA, PLANTADO, EQUIPO Y TODO LO NECESARIO PARA SU CORRECTA EJECUCIÓN. COLOCACIÓN.P.U.O.T.','A',6.00,39.50,'C','2017-10-17 19:41:30.827054',70,4),(279,1508268344146332,'ARCISC-0106-JT-05','PLANTA DE ORNATO LLAMANDA SANSEVIERIA TRIFASCIATA @40CM EN ZONAS JARDINERAS, INCLUYE: SUMINISTRO DE MATERIALES, TIERRA NEGRA, HERRAMIENTA, MANO DE OBRA, PLANTADO, EQUIPO Y TODO LO NECESARIO PARA SU CORRECTA EJECUCIÓN. COLOCACIÓN.P.U.O.T.','A',70.00,94.50,'C','2017-10-17 19:41:30.831046',70,4),(280,1508268344150401,'ARCISC-0106-JT-06','PLANTA DE ORNATO LLAMANDA DURANTA GOLDEN EN ZONAS JARDINERAS, INCLUYE: SUMINISTRO DE MATERIALES, TIERRA NEGRA, HERRAMIENTA, MANO DE OBRA, PLANTADO, EQUIPO Y TODO LO NECESARIO PARA SU CORRECTA EJECUCIÓN. COLOCACIÓN.P.U.O.T.','A',108.00,39.50,'C','2017-10-17 19:41:30.835106',70,4),(281,1508268344154969,'ARCISC-0106-JT-07','PLANTA DE ORNATO LLAMANDA LANTANA CAMARA EN ZONAS JARDINERAS, INCLUYE: SUMINISTRO DE MATERIALES, TIERRA NEGRA, HERRAMIENTA, MANO DE OBRA, PLANTADO, EQUIPO Y TODO LO NECESARIO PARA SU CORRECTA EJECUCIÓN. COLOCACIÓN.P.U.O.T.','A',11.00,54.50,'C','2017-10-17 19:41:30.839672',70,4),(282,1508268344159775,'ARCISC-0106-JT-08','PLANTA DE ORNATO LLAMANDA MUSA PARADISIACA EN ZONAS JARDINERAS, INCLUYE: SUMINISTRO DE MATERIALES, TIERRA NEGRA, HERRAMIENTA, MANO DE OBRA, PLANTADO, EQUIPO Y TODO LO NECESARIO PARA SU CORRECTA EJECUCIÓN. COLOCACIÓN.P.U.O.T.','A',7.00,174.50,'C','2017-10-17 19:41:30.844470',70,4),(283,1508268344163819,'ARCISC-0106-JT-09','PLANTA DE ORNATO LLAMANDA ABUTILON EN ZONAS JARDINERAS, INCLUYE: SUMINISTRO DE MATERIALES, TIERRA NEGRA, HERRAMIENTA, MANO DE OBRA, PLANTADO, EQUIPO Y TODO LO NECESARIO PARA SU CORRECTA EJECUCIÓN. COLOCACIÓN.P.U.O.T.','A',20.00,33.39,'C','2017-10-17 19:41:30.848523',70,4),(284,1508268344167956,'ARCISC-0106-JT-10','PLANTA DE ORNATO LLAMANDA CODIAEUM VARIEGATUM EN ZONAS JARDINERAS, INCLUYE: SUMINISTRO DE MATERIALES, TIERRA NEGRA, HERRAMIENTA, MANO DE OBRA, PLANTADO, EQUIPO Y TODO LO NECESARIO PARA SU CORRECTA EJECUCIÓN. COLOCACIÓN.P.U.O.T.','A',8.00,174.50,'C','2017-10-17 19:41:30.852658',70,4),(285,1508268344172043,'ARCISC-0106-JT-11','PLANTA DE ORNATO LLAMANDA CICADA EN ZONAS JARDINERAS, INCLUYE: SUMINISTRO DE MATERIALES, TIERRA NEGRA, HERRAMIENTA, MANO DE OBRA, PLANTADO, EQUIPO Y TODO LO NECESARIO PARA SU CORRECTA EJECUCIÓN. COLOCACIÓN.P.U.O.T.','A',5.00,1052.61,'C','2017-10-17 19:41:30.856694',70,4),(286,1508268344176442,'ARCISC-0106-JT-12','PLANTA DE ORNATO LLAMANDA GARDENIA JASMINOIDES EN ZONAS JARDINERAS, INCLUYE: SUMINISTRO DE MATERIALES, TIERRA NEGRA, HERRAMIENTA, MANO DE OBRA, PLANTADO, EQUIPO Y TODO LO NECESARIO PARA SU CORRECTA EJECUCIÓN. COLOCACIÓN.P.U.O.T.','A',27.00,69.50,'C','2017-10-17 19:41:30.861146',70,4),(287,1508268344180542,'ARCISC-0106-JT-13','PLANTA DE ORNATO LLAMANDA PITTOSPORUM TOBIRA EN ZONAS JARDINERAS, INCLUYE: SUMINISTRO DE MATERIALES, TIERRA NEGRA, HERRAMIENTA, MANO DE OBRA, PLANTADO, EQUIPO Y TODO LO NECESARIO PARA SU CORRECTA EJECUCIÓN. COLOCACIÓN.P.U.O.T.','A',8.00,69.50,'C','2017-10-17 19:41:30.865228',70,4),(288,1508268344184897,'ARCISC-0106-JT-14','PLANTA DE ORNATO LLAMANDA PLUMBAGO EN ZONAS JARDINERAS, INCLUYE: SUMINISTRO DE MATERIALES, TIERRA NEGRA, HERRAMIENTA, MANO DE OBRA, PLANTADO, EQUIPO Y TODO LO NECESARIO PARA SU CORRECTA EJECUCIÓN. COLOCACIÓN.P.U.O.T.','A',2.00,64.50,'C','2017-10-17 19:41:30.869601',70,4),(289,1508268344190238,'ARCISC-0106-JT-15','PLANTA DE ORNATO LLAMANDA TIBOUCHINA LEPIDOTA EN ZONAS JARDINERAS, INCLUYE: SUMINISTRO DE MATERIALES, TIERRA NEGRA, HERRAMIENTA, MANO DE OBRA, PLANTADO, EQUIPO Y TODO LO NECESARIO PARA SU CORRECTA EJECUCIÓN. COLOCACIÓN.P.U.O.T.','A',4.00,94.50,'C','2017-10-17 19:41:30.874911',70,4),(290,1508268344194807,'ARCISC-0105-JT-01','SUMINISTRO Y PLANTADO DE BAMBUSA VULGARIS INCLUYE: SUMINISTRO DE MATERIALES, MANO DE OBRA, EXCAVACIÓN DE CEPAS DE .35X.35X.40 MTS, RELLENO DE LA MISMA CON TIERRA VEGETAL, SIEMBRA, RIEGO DURANTE UN PERIODO MINIMO DE 20 DIAS PARA GARANTIZAR SU CORRECTO SEMBRADO, ABONO DE ARBOL, MATERIALES, MANO DE OBRA, HERRAMIENTA, EQUIPO Y TODO LO NECESARIO PARA SU CORRECTA EJECUCIÓN. P.U.O.T.','A',105.00,254.50,'C','2017-10-17 19:41:30.879504',70,4),(291,1508268344199125,'ARCISC-0106-JT-16','PLANTA DE ORNATO LLAMANDA BUGAMBILLLEA @60CM. EN ZONAS JARDINERAS, INCLUYE: SUMINISTRO DE MATERIALES, TIERRA NEGRA, HERRAMIENTA, MANO DE OBRA, PLANTADO, EQUIPO Y TODO LO NECESARIO PARA SU CORRECTA EJECUCIÓN. COLOCACIÓN.P.U.O.T.','A',56.00,94.50,'C','2017-10-17 19:41:30.883827',70,4),(292,1508268344203202,'AB-V-JT-01','SUMINISTRO Y COLOCACION DE GRAVA DE MARMOL BLANCO CON UN ESPESOR DE 4CM INCLUYE: MALLA ANIMALEZA, MATERIAL, MANO DE OBRA , ACARREOS Y TODO LO NECESARIO PARA SU CORRECTA EJECUCION.','A',5.35,70.48,'C','2017-10-17 19:41:30.887896',70,2),(293,1508268344208015,'001-10','EXCAVACION A MANO PARA DAR NIVELES DE PROYECTO EN CUALQUIER TIPO DE MATERIAL DE 0.00 A 2.00 MTS DE PROFUNDIDAD EN ZONAS URBANAS INCLUYE: EXTRACCION, AFINE DE TALUDES Y FONDO, APILE DE MATERIAL PRODUCTO DE EXCAVACION, CARGA CON MAQUINA Y ACARREO A TIRO LIBRE PROPUESTO POR EL CONTRATISTA, MANO DE OBRA, EQUIPO Y HERRAMIENTA. P.U.O.T.','A',332.00,194.87,'C','2017-10-17 19:41:30.892711',71,1),(294,1508268344212009,'006-02','RELLENO CON MATERIAL DE BANCO (TEPETATE) PARA DAR NIVELES DE PROYECTO INCLUYE: SUMINISTRO Y ACARREO DE MATERIAL PUESTO EN LA OBRA, COLOCACION, AFINE Y COMPACTACION CON PIZON DE MANO Y/O BAILARINA MECANICA, APLICACION DE AGUA Y SU ACARREO, MANO DE OBRA Y HERRAMIENTA. P.U.O.T.','A',99.60,272.67,'C','2017-10-17 19:41:30.896724',71,1),(295,1508268344216485,'AB-P-01','SUMINISTRO E INSTALACION DE FUENTE SOBRE MURO INCLUYE: MATERIALES, HERRAMIENTAS, INSTALACIONES, EQUIPO, MANO DE OBRA Y TODO LO NECESARIO PARA SU CORRECTA EJECUCION.','A',1.00,20664.70,'C','2017-10-17 19:41:30.901177',71,5),(296,1508268344221367,'001-23','EXCAVACION A MANO EN CEPA HASTA 2.00 MTS. DE PROF. EN CUALQUIER TIPO DE MATERIAL; INCLUYE: AFINE DE TALUDES  Y FONDO,  INCLUIR ACARREOS DE MATERIAL SOBRANTE FUERA DE LA OBRA, INCLUYE: MANO DE OBRA, EQUIPO, HERRAMIENTA.  P.U.O.T.','A',18.76,194.96,'C','2017-10-17 19:41:30.906069',72,1),(297,1508268344225900,'006-01B','RELLENO COMPACTADO CON PIZON DE MANO EN CAPAS DE 20 CM UTILIZANDO MATERIAL PRODUCTO DE LA EXCAVACION, CONSIDERANDO EL ACARREO DE MATERIAL EN CARRETILLA AL AREA DE TRABAJO. INCLUYE: AGUA, HERRAMIENTA, ACARREO Y MANO DE OBRA. P.U.O.T.','A',83.36,104.98,'C','2017-10-17 19:41:30.910597',72,1),(298,1508268344229912,'012-07','MURO DE PIEDRA BRAZA DE 30 A 40 CMS. DE ESPESOR ASENTADO CON MORTERO DE CEMENTO-ARENA 1:5 ACABADO COMUN. CONSIDERANDO ANDAMIO DE CABALLETE PARA ALTURAS DE 1.50 A 3.00 MTS. DE ALTURA. INCLUYE: MATERIAL, MANO DE OBRA, EQUIPO, ACARREOS Y  HERRAMIENTA. P.U.O.T.','A',27.74,1162.54,'C','2017-10-17 19:41:30.914625',72,1),(299,1508268344234074,'076-07E','ESCALON DE 18 CMS DE PERALTE X 30 CMS DE HUELLA Y NARIZ DE 3.0 CMS DE ANCHO X 7.0 CMS DE ESPESOR, DE CONCRETO HECHO EN OBRA DE F`C=250 KG/CM2, ARMADA CON ESCUADRAS DE VARILLAS DEL NO. 3 @ 20 CMS EN EL SENTIDO TRANSVERSAL ANCLADAS A RAMPA Y UNA VARILLA DEL NO. 3 EN SENTIDO LONGITUDINAL, ACABADO MARTELINADO. INCLUYE: MATERIALES, TRAZO, CORTES, TRASLAPES, DESPERDICIOS, HABILITADO, AMARRES,  VIBRADO, CHAFLAN PARA REMATE DE NARIZ, CIMBRA COMUN, DESCIMBRADO, HUMEDECIDO, MANO DE OBRA, EQUIPO, HERRAMIENTA, Y LIMPIEZA. (U.C.T.T.)','A',9.00,289.26,'C','2017-10-17 19:41:30.918780',72,3),(300,1508268344238072,'B-001','LIMPIA DE TERRENO PARA TRAZO DE EDIFICIOS, INCLUYE DESPALME, ACARREO DE ESCOMBRO FUERA DE LA OBRA CON CARGA A MANO. (U.C.T.T.)','A',728.87,7.31,'C','2017-10-17 19:41:30.922783',73,2),(301,1508268344242429,'001-10','EXCAVACION A MANO PARA DAR NIVELES DE PROYECTO EN CUALQUIER TIPO DE MATERIAL DE 0.00 A 2.00 MTS DE PROFUNDIDAD EN ZONAS URBANAS INCLUYE: EXTRACCION, AFINE DE TALUDES Y FONDO, APILE DE MATERIAL PRODUCTO DE EXCAVACION, CARGA CON MAQUINA Y ACARREO A TIRO LIBRE PROPUESTO POR EL CONTRATISTA, MANO DE OBRA, EQUIPO Y HERRAMIENTA. P.U.O.T.','A',145.77,194.87,'C','2017-10-17 19:41:30.927134',73,1),(302,1508268344246999,'006-02','RELLENO CON MATERIAL DE BANCO (TEPETATE) PARA DAR NIVELES DE PROYECTO INCLUYE: SUMINISTRO Y ACARREO DE MATERIAL PUESTO EN LA OBRA, COLOCACION, AFINE Y COMPACTACION CON PIZON DE MANO Y/O BAILARINA MECANICA, APLICACION DE AGUA Y SU ACARREO, MANO DE OBRA Y HERRAMIENTA. P.U.O.T.','A',157.10,272.67,'C','2017-10-17 19:41:30.931687',73,1),(303,1508268344251478,'AND-CON01','PISO DE CONCRETO HECHO EN OBRA DE 10 CMS DE ESPESOR F\'C= 150 KG/ CM2, CON  AGREGADO  DE GRANO DE MÁRMOL DEL NUMERO 3 COLOR  BLANCO, ACABADO LAVADO, INCLUYE: SUMINISTRO DE MATERIAL,  HERRAMIENTA,  EQUIPO, ACARREOS,  ELEVACIÓN  A  CUALQUIER ALTURA, NIVELACIÓN, CIMBRADO,   DESCIMBRADO,  COLADO, CURADO, LIMPIEZA, MANO DE OBRA Y TODO LO  NECESARIO  PARA  SU EJECUCIÓN.   P.U.O.T.','A',114.07,252.56,'C','2017-10-17 19:41:30.936177',73,2),(304,1508268344255488,'PIS-01C-B-01','ADOQUIN DE 20X10X5 CMS DE CANTOS LISOS.  ACABADO SEGUN DISEÑO. CON UNA TOLERANCIA MÁXIMA DE SUS MEDIDAS  DE   +/- 0.2 EN LARGO ANCHO Y +/- 0.3 CMS EN ESPESOR. INSTALADO SOBRE CAMA DE ARENA DE 5 CENTÍMETROS DE ESPESOR CON JUNTA DE 0.4 A 0.6 CENTÍMETROS RELLENADA SOBRE UN FILTRO DE DE 20 CM DE GRAVA DE 3/4 COMPACTADA CON BAILARINA.  INCLUYE: TRAZO, ALINEACIÓN, INSTALACIÓN, CORTES CON CORTADORA, VIBRADO CON MESA VIBRADORA, LIMPIEZA PARA  SELLADO Y SELLADO, LIMPIEZA FINAL, ACARREO DE MATERIAL, MATERIALES, HERRAMIENTA, EQUIPO Y MANO DE OBRA.','A',428.26,274.61,'C','2017-10-17 19:41:30.940202',73,2),(305,1508268344259872,'PISO-D01','PISO DE PIEDRA LAJA O PORFIDO SANGRE DE PICHON. DIFERENTES MEDIDAS IRREGULAR DE 1 A 4 CM: 5-7 CM, 7-9 CM, Y CORTADAS EN DISCO, CINCEL O GUILLOTINA. COLOR SEGÚN SUPERVISION CON FIRME DE 10 CMS DE ESPESOR CON CONCRETO DE 100 KG/CM2  INCLUYE HERRAMIENTA, EQUIPO Y MANO DE OBRA P.U.O.T','A',183.34,393.40,'C','2017-10-17 19:41:30.944564',73,2),(306,1508268344263794,'094-21-B-01','GUARNICION DE CONCRETO SIMPLE F\'C=200 KG/CM2 SECCION 10X20 CMS. INCLUYE:SUMINISTRO Y COLOCACION DEL CONCRETO, CIMBRA METALICA, ACABADO PULIDO DE LA CORONA Y VOLTEADOR EN LAS ARISTAS, DESCIMBRADO, MANO DE OBRA Y HERRAMIENTA P.U.O.T.','A',262.32,62.93,'C','2017-10-17 19:41:30.948499',73,3),(307,1508268344268158,'B-001','LIMPIA DE TERRENO PARA TRAZO DE EDIFICIOS, INCLUYE DESPALME, ACARREO DE ESCOMBRO FUERA DE LA OBRA CON CARGA A MANO. (U.C.T.T.)','A',58.71,7.31,'C','2017-10-17 19:41:30.952850',75,2),(308,1508268344272252,'3.1.B1','TRAZO Y NIVELACION  DE TERRENO CON EQUIPO TOPOGRAFICO ESTABLECIENDO EJES DE REFERENCIA Y BANCOS DE NIVEL, INCLUYE: MATERIALES, MANO DE OBRA, EQUIPO Y HERRAMIENTA P.U.O.T.','A',58.71,3.55,'C','2017-10-17 19:41:30.956918',75,2),(309,1508268344277037,'001-23','EXCAVACION A MANO EN CEPA HASTA 2.00 MTS. DE PROF. EN CUALQUIER TIPO DE MATERIAL; INCLUYE: AFINE DE TALUDES  Y FONDO,  INCLUIR ACARREOS DE MATERIAL SOBRANTE FUERA DE LA OBRA, INCLUYE: MANO DE OBRA, EQUIPO, HERRAMIENTA.  P.U.O.T.','A',8.59,194.96,'C','2017-10-17 19:41:30.961739',76,1),(310,1508268344282951,'093-05B-A-01','BASE CON MATERIAL DE BANCO, CON UN ESPESOR DE 50 CMS. Y COMPACTADA AL 95% DE SU P.V.S.M., INCLUYE: SUMINISTRO Y ACARREO DEL MATERIAL PUESTO EN LA OBRA, ACAMELLONADO, INCORPORACIÓN DE AGUA Y SU ACARREO, MEZCLADO, TENDIDO, AFINE Y COMPACTACIÓN, MANO DE OBRA, EQUIPO Y HERRAMIENTA. P.U.O.T.','A',4.90,264.33,'C','2017-10-17 19:41:30.967361',76,1),(311,1508268344288607,'BP-003','PLANTILLA DE CONCRETO HIDRAULICO SIMPLE DE 5 CMS. DE ESPESOR HECHO EN OBRA F\'C=100 KG/CM2 RESINTENCIA NORMAL, TAMAÑO MAXIMO AGREGADO DE 3/4\", INCLUYE: MATERIALES, HERRAMIENTAS, EQUIPO DE SEGURIDAD, MANO DE OBRA Y EQUIPO MENOR.','A',9.81,89.15,'C','2017-10-17 19:41:30.973267',76,2),(312,1508268344292996,'CIM-006G','ZAPATA AISLADA DE 0.80X0.80X0.20 MTS DE CONCRETO F\'C= 200 KG/CM2, ARMADA CON VARILLA DE NO.3 @ 20 CMS EN AMBOS SENTIDOS DE 20 CM DE ESPESOR, INCLUYE: EXCAVACION, CIMBRA, DESCIMBRA, AGUA, MATERIAL, HERRAMIENTA Y TODO LO NECESARIO PARA SU CORRECTA EJECUCION P.U.O.T.','A',6.00,629.42,'C','2017-10-17 19:41:30.977696',76,4),(313,1508268344297095,'BP-005-A-01','DADO DE CIMENTACION AISLADO DE SECCION 0.30 X 0.30 Y 0.50 MTS. DE ALTURA DE CONCRETO HIDRAULICO HECHO EN OBRA F\'C=250 KG/CM2 RESINTENCIA NORMAL, TAMAÑO MAXIMO AGREGADO DE 3/4\", REFORZADO 6 VARILLAS DE ACERO DEL No.3 (3/8\") Y ESTRIBOS DEL No. 2 (1/4\") A CADA 10 CMS. ACABADO COMUN, INCLUYE: VIBRADO, CURADO, CIMBRA Y DESCIMBRA, MATERIALES, HERRAMIENTAS, EQUIPO DE SEGURIDAD, MANO DE OBRA Y EQUIPO MENOR.','A',6.00,333.17,'C','2017-10-17 19:41:30.981796',76,4),(314,1508268344301252,'ISC-046','CONTRATRABE DE 20X40 CMS. DE CONCRETO F´C= 200 KG/CM2 ARMADO CON 4 VARILLAS DEL No. 4 Y ESTRIBOS DEL No. 2 @ 20 CMS., CIMBRA COMÚN, INCLUYE: HABILITADO, ARMADO, CIMBRA Y DESCIMBRA, COLADO, MATERIAL, MANO DE OBRA, HERRAMIENTA, EQUIPO Y TODO LO NECESARIO PARA SU CORRECTA EJECUCIÓN. P.U.O.T.','A',8.50,381.64,'C','2017-10-17 19:41:30.985956',76,3),(315,1508268344306289,'006-01B','RELLENO COMPACTADO CON PIZON DE MANO EN CAPAS DE 20 CM UTILIZANDO MATERIAL PRODUCTO DE LA EXCAVACION, CONSIDERANDO EL ACARREO DE MATERIAL EN CARRETILLA AL AREA DE TRABAJO. INCLUYE: AGUA, HERRAMIENTA, ACARREO Y MANO DE OBRA. P.U.O.T.','A',4.30,104.98,'C','2017-10-17 19:41:30.990981',76,1),(316,1508268344310395,'ALB-009-A-01','FIRME DE CONCRETO DE 10 CMS. DE ESPESOR ARMADO CON MALLA ELECTROSOLDADA 6-6/10-10 ACABADO DESLAVADO CON AGREGADO CERO GRUESO Y CEMENTO GRIS , FRAGUADO NORMAL PARA ESTRUCTURA Y ARRIOSTRES, ASI COMO PARA RESANE DE PISO DEMOLIDO. INCLUYE : MATERIALES Y SU ELEVACION,PROTECCION DEL AREA DONDE SE FABRICARA,COLOCACION VIBRADO, CURADO, ACARREO DE SOBRANTES A PIE DE CAMION, DESPERDICIOS, LIMPIEZA Y LO NECESARIO PARA SU CORRECTA EJECUCION. SI ES EN PIEDRAS INCLUYE VOLTEODOR DE 5 CM. PU.O.T. ','A',32.20,205.70,'C','2017-10-17 19:41:30.995097',77,2),(317,1508268344314658,'095-48-A-01','RAMPA DE CONCRETO F\'C= 150 KG/CM2 T.M.A. 3/4\" DE 10 CM. DE ESPESOR,  ARMADO CON MALLA ELECTROSOLDADA 6-6/10-10, ACABADO DESLAVADO CON AGREGADO CERO GRUESO Y CEMENTO GRIS INCLUYE: NIVELACIÓN DE LA SUPERFICIE, COMPACTACIÓN, MATERIALES, MANO DE OBRA, CIMBRADO Y DESCIMBRADO EN FRONTERAS, VIBRADO, CURADO Y TODO LO NECESARIO PARA SU CORRECTA EJECUCIÓN. U.C.T.T.','A',10.20,619.98,'C','2017-10-17 19:41:30.999356',77,2),(318,1508268344318801,'ALB-011','CONSTRUCCIÓN DE CASTILLOS Y/O CADENAS DE 15X25 CMS. DE CONCRETO F´C=200KG/CM2., ARMADO CON 4 VS. DE 3/8\" Y ESTRIBOS DEL NO. 2 A CADA 15 CMS EN BARDA PERIMETRAL. INCLUYE: MATERIALES, MANO DE OBRA, EQUIPO, HERRAMIENTA, CHAFLANES, DESPERDICIOS, ACARREO DE SOBRANTES A PIE DE CAMION, LIMPIEZAS Y TODO LO NECESARIO PARA SU CORRECTA FABRICACION. (ACABADO APARENTE DE SER NECESARIO).','A',41.00,233.02,'C','2017-10-17 19:41:31.003508',77,3),(319,1508268344323166,'012-01','MURO DE BLOCK 12 X 20 X 40 CMS. EN 12 CMS. DE ESPESOR, ASENTADO CON MORTERO CEMENTO-ARENA PROP: 1:4, JUNTEADO DE 1.5 CMS, ACABADO COMUN EN AMBAS CARAS CON ESCALERILLA @ 3 HILADAS, CONSIDERANDO ANDAMIO DE CABALLETE PARA ALTURAS DE 1.50 A 3.00 MTS. INCLUYE: MATERIAL, HERRAMIENTA Y MANO DE OBRA. P.U.O.T.','A',13.20,207.56,'C','2017-10-17 19:41:31.007864',77,2),(320,1508268344327311,'012-07','MURO DE PIEDRA BRAZA DE 30 A 40 CMS. DE ESPESOR ASENTADO CON MORTERO DE CEMENTO-ARENA 1:5 ACABADO COMUN. CONSIDERANDO ANDAMIO DE CABALLETE PARA ALTURAS DE 1.50 A 3.00 MTS. DE ALTURA. INCLUYE: MATERIAL, MANO DE OBRA, EQUIPO, ACARREOS Y  HERRAMIENTA. P.U.O.T.','A',5.04,1162.54,'C','2017-10-17 19:41:31.012014',77,1),(321,1508268344331761,'AB-ACC-ES-01','SUMINISTRO Y COLOCACION DE COLUMNA DE MADERA DE PINO DE PRIMERA CALIDAD, DE SECCION 0.30 X 0.30 MTS.Y ALTURA SEGUN PROYECTO. INLCUYE: ANCLAJE A DADO DE CIMENTACION CON PLACA DE ACERO DE 1/4\'\' DE ESPESOR, SEGUN DISEÑO ESTRUCTURAL,  TRATAMIENTO PARA MADERA A BASE DE PENTACLOROFENOL,  Y ACEITE DE LINAZA APLICADO CON BROCHA A DOS MANOS, MATERIAL, MANO DE OBRA, HERRAMIENTA, EQUIPO DE PROTECCIÓN CONTRA GASES TÓXICOS Y TODO LO NECESARIO PARA SU EJECUCIÓN. P.U.O.T.','A',6.00,7418.90,'C','2017-10-17 19:41:31.016466',77,4),(322,1508268344337037,'AB-ACC-VIG-01','SUMINISTRO Y COLOCACION DE TRABE DE MADERA DE PINO DE PRIMERA CALIDAD, DE SECCION 0.30 X 0.30 MTS. INCLUYE: ANCLAJE A COLUMNA CON PLACA DE ACERO DE 1/4\'\' DE ESPESOR, SEGÚN DISEÑO ESTRUCTURAL, TRATAMIENTO PARA MADERA A BASE DE PENTACLOROFENOL,  Y ACEITE DE LINAZA APLICADO CON BROCHA A DOS MANOS, MATERIAL, MANO DE OBRA, HERRAMIENTA, EQUIPO DE PROTECCIÓN CONTRA GASES TÓXICOS Y TODO LO NECESARIO PARA SU EJECUCIÓN. P.U.O.T.','A',16.29,7418.90,'C','2017-10-17 19:41:31.021627',77,3),(323,1508268344342443,'AB-ACC-VIG-02','SUMINISTRO Y COLOCACION DE VIGA DE MADERA DE PINO DE PRIMERA CALIDAD, DE SECCION 0.15 X 0.25 X 6.00 MTS. @ 0.40 MTS. INCLUYE: ANCLAJE A TRABE CON CLAVO DE ACERO DE 4\'\', TRATAMIENTO PARA MADERA A BASE DE PENTACLOROFENOL,  Y ACEITE DE LINAZA APLICADO CON BROCHA A DOS MANOS, MATERIAL, MANO DE OBRA, HERRAMIENTA, EQUIPO DE PROTECCIÓN CONTRA GASES TÓXICOS Y TODO LO NECESARIO PARA SU EJECUCIÓN. P.U.O.T.','A',14.40,3634.53,'C','2017-10-17 19:41:31.027124',77,4),(324,1508268344346678,'AB-ACC-C-01','TRIPLAY DE 21MM. DE ESPESOR INCLUYE: TRATAMIENTO PARA MADERA A BASE DE PENTACLOROFENOL,  Y ACEITE DE LINAZA APLICADO CON BROCHA A DOS MANOS, MATERIAL, MANO DE OBRA, HERRAMIENTA, EQUIPO DE PROTECCIÓN CONTRA GASES TÓXICOS Y TODO LO NECESARIO PARA SU EJECUCIÓN. P.U.O.T.','A',78.47,350.22,'C','2017-10-17 19:41:31.031377',78,2),(325,1508268344350683,'024-16B','IMPERMEABILIZANTE AL-KOAT TIPO PA-40T SBS  DE 4.0 MM DE ESPESOR, ACABADO FINAL CON GRAVILLA CERAMICA COLOR TERRACOTA, CON APLICACION PREVIA DE PRIMARIA AL-KOAT BASE AGUA, COLOCADA LA MEMBRANA CON SOPLETE DE GAS, TRASLAPES DE 10 CM INC: LIMPIEZA PREVIA DE LA SUPERFICIE Y POSTERIOR A LA APLICACION (BARRIDO), MATERIAL, HERRAMIENTA Y MANO DE OBRA ( 5 AÑOS DE GARANTIA) P.U.O.T.','A',78.47,193.16,'C','2017-10-17 19:41:31.035391',78,2),(326,1508268344355732,'GCAISC-0045-A-01','SUMINISTRO Y COLOCACION DE TEJA DE BARRO COLOR NATURAL DE 30X15X1.4 CM EN CUBIERTA INCLINADA. INCLUYE: CARGO DIRECTO POR EL COSTO DE LOS MATERIALES Y MANO DE OBRA QUE INTERVENGAN, FLETE A OBRA, DESPERDICIO, ACARREO HASTA EL LUGAR DE SU UTILIZACION, COLOCACION, ELEMENTOS DE FIJACION,  DESPERDICIOS , ELEVACIONES, LIMPIEZA Y RETIRO DE SOBRANTES FUERA DE OBRA, EQUIPO DE SEGURIDAD, INSTALACIONES ESPECIFICAS, DEPRECIACION Y DEMAS CARGOS DERIVADOS DEL USO DE HERRAMIENTA Y EQUIPO, EN CUALQUIER NIVEL. P.U.O.T.','A',78.47,308.19,'C','2017-10-17 19:41:31.040411',78,2),(327,1508268344360895,'ISC-030-A-01','PORTON PARA ACCESO EN DOS HOJAS  DE 5.00 X 2.40 MTS. A BASE DE MARCO DE PTR DE 2\" EN CALIBRE 18.INCLUYE: TEJUELOS CON BIVELES DE 1 1/2\" X 3/16\", BISAGRAS, PASADORES, CERROJO, CHAPA MCA. PHILLIPS MOD. 715, SOLDADURA, DISCOS DE CORTE, APLICACION DE UNA MANO DE PRIMMER Y DOS DE PINTURA ESMALTE, MANO DE OBRA, HERRAMIENTA, EQUIPO, ACARREOS, CORTES, DESPERDICIOS Y TODO LO NECESARIO PARA SU CORRECTA EJECUCIÓN. P.U.O.T.','A',1.00,10232.86,'C','2017-10-17 19:41:31.045570',79,4),(328,1508268344365163,'ACA-027D-A-01','PUERTA DE ACCESO DE 1.20 MTS.  DE ANCHO Y 2.10 MTS. DE ALTURA A BASE DE PERFIL RECTANGULAR DE 1\" Y 2\" Y TAPA DE LAMINA LISA CAL. 18 ANCLADO A MURO, CONSIDERNAOD APLICACIÓN DE PRIMMER PINTURA DE ESMALTE HASTA  CUBRIR ADECUADAMENTE LA SUPERFICIE POR AMBOS LADOS. INCLUYE: SUMINISTRO DE MATERIAL, HERRAMIENTA, EQUIPO Y MANO DE OBRA U.C.T.T.','A',1.00,2437.64,'C','2017-10-17 19:41:31.049872',79,4),(329,1508268344369553,'084-02C','PINTURA VINIL-ACRILICA PARA EXTERIOR EN MUROS,  MARCA COMEX A DOS MANOS,O SIMILAR EN  CALIDAD  Y CARACTERISTICAS  TECNICAS, SEGUN PALETA DE COLORES INCLUYE: SEÑALIZACION, PROTECCION  DE  LA  SUPERFICIE ADYACENTE CON  MASQUINTAPE,  PAPEL  Y  PLASTICO,   LIMPIEZA Y PREPARACION  DE  LA  SUPERFICIE, RESANES, UNA BASE DE - LIJADO,  EMPLASTE SELLADOR VINILICO EN  PROPORCION    5 X 1 PARA SUPERFICIES LISAS Ó  3 X 1 PARA SUPERFICIES RUGOSAS DESPERDICIOS, ANDAMIOS,  MATERIALES,  MANO DE OBRA,  HERRA MIENTA, EQUIPO, ACARREOS  DENTRO Y FUERA DE  LA OBRA,  LIMPIEZA Y TODO LO NECESARIO PARA   SU CORRECTA EJECUCION.P.U.O.T. . P.U.O.T.','A',26.40,43.60,'C','2017-10-17 19:41:31.054245',80,2),(330,1508268344374866,'AB-ACC-CO-01','SUMINISTRO Y COLOCACION DE NUMERO EXTERIOR, A BASE DE ALUMINIO ANODIZADO NATURAL,CON FIJACION OCULTA A MURO. INCLUYE: ELEMENTOS DE FIJACION, MATERIALES, MANO DE OBRA, HERRAMIENTA, EQUIPO Y TODO LO NECESARIO PARA SU CORRECTA EJECUCIÓN. P.U.O.T.','A',1.00,830.68,'C','2017-10-17 19:41:31.059565',81,4),(331,1508268344379259,'B-001','LIMPIA DE TERRENO PARA TRAZO DE EDIFICIOS, INCLUYE DESPALME, ACARREO DE ESCOMBRO FUERA DE LA OBRA CON CARGA A MANO. (U.C.T.T.)','A',17.93,7.31,'C','2017-10-17 19:41:31.063956',83,2),(332,1508268344383742,'3.1.B1','TRAZO Y NIVELACION  DE TERRENO CON EQUIPO TOPOGRAFICO ESTABLECIENDO EJES DE REFERENCIA Y BANCOS DE NIVEL, INCLUYE: MATERIALES, MANO DE OBRA, EQUIPO Y HERRAMIENTA P.U.O.T.','A',17.93,3.55,'C','2017-10-17 19:41:31.068447',83,2),(333,1508268344387706,'001-23','EXCAVACION A MANO EN CEPA HASTA 2.00 MTS. DE PROF. EN CUALQUIER TIPO DE MATERIAL; INCLUYE: AFINE DE TALUDES  Y FONDO,  INCLUIR ACARREOS DE MATERIAL SOBRANTE FUERA DE LA OBRA, INCLUYE: MANO DE OBRA, EQUIPO, HERRAMIENTA.  P.U.O.T.','A',18.82,194.96,'C','2017-10-17 19:41:31.072413',84,1),(334,1508268344392099,'093-05B-MPT-01','BASE CON MATERIAL DE BANCO, CON UN ESPESOR DE 50 CMS. Y COMPACTADA AL 95% DE SU P.V.S.M., INCLUYE: SUMINISTRO Y ACARREO DEL MATERIAL PUESTO EN LA OBRA, ACAMELLONADO, INCORPORACIÓN DE AGUA Y SU ACARREO, MEZCLADO, TENDIDO, AFINE Y COMPACTACIÓN, MANO DE OBRA, EQUIPO Y HERRAMIENTA. P.U.O.T.','A',8.97,264.33,'C','2017-10-17 19:41:31.076807',84,1),(335,1508268344396806,'BP-003','PLANTILLA DE CONCRETO HIDRAULICO SIMPLE DE 5 CMS. DE ESPESOR HECHO EN OBRA F\'C=100 KG/CM2 RESINTENCIA NORMAL, TAMAÑO MAXIMO AGREGADO DE 3/4\", INCLUYE: MATERIALES, HERRAMIENTAS, EQUIPO DE SEGURIDAD, MANO DE OBRA Y EQUIPO MENOR.','A',17.66,89.15,'C','2017-10-17 19:41:31.081411',84,2),(336,1508268344401368,'CONISC-15-SP','ZAPATA CORRIDA DE 85X20 CMS. CON CONCRETO F\'C= 250 KG/CM2 AGREGADO DE 19 MM, HECHO EN OBRA, DE 0.85 MTS DE ANCHO,  PERALTE DE 0.20 MTS,  ARMADO CON ACERO DE REFUERZO # 3 @ 0.20 MTS. EN SENTIDO TRANSVERSAL Y 5 VAR No. 3 EN SENTIDO LONGITUDINAL, INCLUYE:  CIMBRA COMÚN, DESCIMBRADO, MANO DE OBRA, HERRAMIENTA, EQUIPO Y TODO LO NECESARIO PARA SU CORRECTA EJECUCIÓN. P.U.O.T.','A',16.05,653.24,'C','2017-10-17 19:41:31.086073',84,3),(337,1508268344405209,'ISC-046-MPT-01','CONTRATRABE DE 30X40 CMS. DE CONCRETO F´C= 200 KG/CM2 ARMADO CON 4 VARILLAS DEL No. 4 Y ESTRIBOS DEL No. 2 @ 20 CMS., CIMBRA COMÚN, INCLUYE: HABILITADO, ARMADO, CIMBRA Y DESCIMBRA, COLADO, MATERIAL, MANO DE OBRA, HERRAMIENTA, EQUIPO Y TODO LO NECESARIO PARA SU CORRECTA EJECUCIÓN. P.U.O.T.','A',16.05,432.92,'C','2017-10-17 19:41:31.089925',84,3),(338,1508268344410483,'006-01B','RELLENO COMPACTADO CON PIZON DE MANO EN CAPAS DE 20 CM UTILIZANDO MATERIAL PRODUCTO DE LA EXCAVACION, CONSIDERANDO EL ACARREO DE MATERIAL EN CARRETILLA AL AREA DE TRABAJO. INCLUYE: AGUA, HERRAMIENTA, ACARREO Y MANO DE OBRA. P.U.O.T.','A',3.42,104.98,'C','2017-10-17 19:41:31.095175',84,1),(339,1508268344414681,'ALB-011','CONSTRUCCIÓN DE CASTILLOS Y/O CADENAS DE 15X25 CMS. DE CONCRETO F´C=200KG/CM2., ARMADO CON 4 VS. DE 3/8\" Y ESTRIBOS DEL NO. 2 A CADA 15 CMS EN BARDA PERIMETRAL. INCLUYE: MATERIALES, MANO DE OBRA, EQUIPO, HERRAMIENTA, CHAFLANES, DESPERDICIOS, ACARREO DE SOBRANTES A PIE DE CAMION, LIMPIEZAS Y TODO LO NECESARIO PARA SU CORRECTA FABRICACION. (ACABADO APARENTE DE SER NECESARIO).','A',40.00,233.02,'C','2017-10-17 19:41:31.099397',85,3),(340,1508268344418560,'012-01-MPT-01','MURO DE BLOCK 12 X 20 X 40 CMS. EN 40 CMS. DE ESPESOR, ASENTADO CON MORTERO CEMENTO-ARENA PROP: 1:4, JUNTEADO DE 1.5 CMS, ACABADO COMUN EN AMBAS CARAS CON ESCALERILLA @ 3 HILADAS, CONSIDERANDO ANDAMIO DE CABALLETE PARA ALTURAS DE 1.50 A 3.00 MTS. INCLUYE: MATERIAL, HERRAMIENTA Y MANO DE OBRA. P.U.O.T.','A',42.21,504.86,'C','2017-10-17 19:41:31.103276',85,2),(341,1508268344423099,'ARLISC-008-MPT-01','MURO DE CONCRETO ARMADO DE 40 CMS. DE ESPESOR, ARMADO CON DOBLE PARRILLA DE VARILLA DE 3/8\'\'  A CADA 20 CMS. Y CONCRETO F C= 200 KG/CM2, INCLUYE: CIMBRA ACABADO APARENTE, VACIADO, VIBRADO Y CURADO DEL CONCRETO, ACARREOS, CORTES Y DESPERDICIOS. P.U.O.T.','A',2.07,1356.30,'C','2017-10-17 19:41:31.107757',85,2),(342,1508268344428372,'3020186-MPT-01','REPELLADO  EN MUROS  A BASE DE MORTERO CEMENTO-ARENA PROP.1:3 2 CMS. DE  ESPESOR, PARA RECIBIR  ACABADO EN CANTERA.  INCLUYE:  SUMINISTRO  DE  MATERIAL,  MANO DE OBRA, HERRAMIENTA, EQUIPO, BO- QUILLAS,  ACARREOS,  DESPERDICIOS,   ANDAMIOS,  LIMPIEZA, Y TODO LO   NECESARIO  PARA  SU EJECUCION. P.U.O.T.','A',123.18,90.28,'C','2017-10-17 19:41:31.113051',85,2),(343,1508268344433201,'ACA-020B','RECUBRIMIENTO DE CANTERA EN MURO, ASENTADA CON MORTERO CEMENTO-ARENA 1:4, JUNTEADO COLOR SIMILAR A PIEDRA, COLOR GRIS AMERICA, CONSIDERANDO, CORTES, DESPERDICIOS Y LIMPIEZA DE LA SUPERFICIE. INCLUYE: SUMINISTRO DE MATERIAL, HERRAMIENTA Y MANO DE OBRA U.C.T.T.','A',123.18,297.79,'C','2017-10-17 19:41:31.117905',86,2),(344,1508268344437132,'ACA-020B-E','RECUBRIMIENTO DE CANTERA EN BASAMENTO, ASENTADA CON MORTERO CEMENTO-ARENA 1:4, JUNTEADO COLOR SIMILAR A PIEDRA, COLOR GRIS AMERICA, CONSIDERANDO, CORTES, DESPERDICIOS Y LIMPIEZA DE LA SUPERFICIE. INCLUYE: SUMINISTRO DE MATERIAL, HERRAMIENTA Y MANO DE OBRA P.U.O.T.','A',5.50,297.79,'C','2017-10-17 19:41:31.121847',87,2),(345,1508268344441795,'AB-FP-01','SUMINISTRO Y COLOCACION DE FUENTE DECORATIVA DE PARED, SEGUN DISEÑO, INCLUYE: INSTALACION, CONEXIONES, DERIVACIONES Y RAMALEO, SUMINISTRO Y COLOCACION DE MATERIALES EN EL SITIO DE SU UTILIZACION, MANO DE OBRA, EQUIPO, HERRAMIENTA. P.U.O.T.','A',1.00,20664.70,'C','2017-10-17 19:41:31.126479',88,4),(349,1508268344445463,'K1','LIMPIEZA GRUESA DURANTE LA OBRA, INCLUYE: MATERIAL, MANO DE OBRA, EQUIPO','A',3705.30,10.62,'C','2017-10-17 19:41:31.130497',91,2),(350,1508268344448629,'LIMP-001','LIMPIEZA FINA DE LA OBRA PARA SU ENTREGA , INCLUYE , MATERIAL MANO DE OBRA, HERRAMIENTA, ACARREO DE MATERIAL PRODUCTO DE LA MISMA A PIE DE CAMION Y LO NECESARIO PARA SU CORRECTA EJECUCION. LIMPIEZA DE CANCELERIA Y VIDRIOS, PUERTAS,BAÑOS,LAVADO DE PISOS Y PULIDO EN CASO DE SER NECESARIO, DEJANDO AREAS LISTAS PARA SU USO INMEDIATO.','A',3705.30,11.94,'C','2017-10-17 19:41:31.133658',91,2),(351,1508268344451412,'005-48','ACARREO DE MATERIALES SOBRANTES PRODUCTO DE EXCAVACIONES, DEMOLICIONES, LIMPIEZA DE OBRA (ESCOMBRO Y CASCAJO) A TIRO LIBRE PROPUESTO POR EL CONTRATISTA, INCLUYE:CARGA CON MAQUINA, MANO DE OBRA, EQUIPO Y HERRAMIENTA P.U.O.T.','A',0.00,99.41,'C','2017-10-17 19:41:31.136421',91,1),(352,1508279186767548,'GCAISC-0042','EXCAVACIÓN Y NIVELACIÓN DE TERRENO, DE 0 A 2.10 M DE PROFUNDIDAD. INCLUYE AFINE DE FONDOS Y TALUDES Y TRASPALEO DE MATERIAL PRODUCTO DE EXCAVACIÓN, INCLUYE MATERIALES, MANO DE OBRA EQUIPO Y HERRAMIENTA, TODO LO NECESARIO PAR SU CORRECTA EJECUCIÓN P.U.O.T.','A',555.75,104.45,'C','2017-10-17 22:42:13.452648',93,1),(353,1508279186770939,'005-48','ACARREO DE MATERIALES SOBRANTES PRODUCTO DE EXCAVACIONES, DEMOLICIONES, LIMPIEZA DE OBRA (ESCOMBRO Y CASCAJO) A TIRO LIBRE PROPUESTO POR EL CONTRATISTA, INCLUYE:CARGA CON MAQUINA, MANO DE OBRA, EQUIPO Y HERRAMIENTA P.U.O.T.','A',632.54,99.41,'C','2017-10-17 22:42:13.456003',93,1),(354,1508279186774116,'3.1.B1','TRAZO Y NIVELACION  DE TERRENO CON EQUIPO TOPOGRAFICO ESTABLECIENDO EJES DE REFERENCIA Y BANCOS DE NIVEL, INCLUYE: MATERIALES, MANO DE OBRA, EQUIPO Y HERRAMIENTA P.U.O.T.','A',850.00,3.55,'C','2017-10-17 22:42:13.459163',93,2),(355,1508279186777341,'0936-09B','PEDRAPLEN A BASE DE PIEDRA BOLA PRODUCTO DE CRIBA ESPESOR DE 25 CM, COMPACTADO AL 90% DE SU P.V.S.M. INCLUYE: SUMINISTRO DEL MATERIAL, TENDIDO, ACOMODO Y ASENTADO DEL MISMO CON EQUIPO MECANICO, MANO DE OBRA Y HERRAMIENTA. P.U.O.T.','A',91.00,216.12,'C','2017-10-17 22:42:13.462376',94,1),(356,1508279186780998,'093-04','SUB BASE CON MATERIAL DE BANCO, CON UN ESPESOR DE 15 A 20 CMS, COMPACTADA AL 90% DE SU P.V.S.M., INCLUYE:SUMINISTRO Y ACARREO DEL MATERIAL PUESTO EN LA OBRA, ACAMELLONADO, INCORPORACION DE AGUA Y SU ACARREO, MEZCLADO, TENDIDO, AFINE Y COMPACTACION . P.U.O.T.','A',171.00,213.99,'C','2017-10-17 22:42:13.466295',94,1),(357,1508279186784581,'093-05B','BASE CON MATERIAL DE BANCO, CON UN ESPESOR DE 20 CMS. Y COMPACTADA AL 95% DE SU P.V.S.M., INCLUYE: SUMINISTRO Y ACARREO DEL MATERIAL PUESTO EN LA OBRA, ACAMELLONADO, INCORPORACIÓN DE AGUA Y SU ACARREO, MEZCLADO, TENDIDO, AFINE Y COMPACTACIÓN, MANO DE OBRA, EQUIPO Y HERRAMIENTA. P.U.O.T.','A',598.50,220.10,'C','2017-10-17 22:42:13.469631',94,1),(358,1508279186787710,'AB-VS-CIM01','SUMNISTRO Y COLOCACIÓN GEOTEXTIL TEJIDO DE POLIESTER DE 350 gr/m2 TIPO PAVITEX 350 DE 2 mm. DE ESPESOR.  INCLUYE: SUMINISTRO, COLOCACION,  FIJACION AL TERRENO NATURAL, COCIDO CON HILO DE POLIESTER EN EL SITIO MATERIALES, MANO DE OBRA, EQUIPO Y HERRAMIENTA','A',855.00,26.83,'C','2017-10-17 22:42:13.472761',94,2),(359,1508279186790736,'AB-VS-CIM02','SUMINISTRO Y COLOCACIÓN DE GEOMALLA BIAXIAL BX15P EN TALUDES DE TERRAPLENES Y CORTES, SE SUJETARA CON VARILLAS, AMARRADAS CON ALAMBRE.  INCLUYE: FIJACION AL TERRENO NATURAL, MANO DE OBRA, EQUIPO, HERRAMIENTA Y TODO LO NECESARIO PARA SU CORRECTA COLOCACIÓN. P.U.O.T.','A',810.95,42.49,'C','2017-10-17 22:42:13.475797',94,2),(360,1508279186793717,'ARLISC-003','EXCAVACIÓN A MANO EN CEPA HASTA 2.00 MTS DE PROF. EN CUALQUIER TIPO DE MATERIAL; INCLUYE: AFINE DE TALUDES  Y FONDO,  INCLUIR ACARREOS DE MATERIAL SOBRANTE FUERA DE LA OBRA, INCLUYE: MANO DE OBRA, EQUIPO, HERRAMIENTA.  P.U.O.T.','A',134.40,166.39,'C','2017-10-17 22:42:13.478833',94,1),(361,1508279186796852,'KC-CON01','PLANTILLA DE CONCRETO F\'C=100 KG/CM2 DE 6 CMS DE ESPESOR CON ACARREO HORIZONTAL A UNA DISTANCIA DE 25.00 MTS CON  BOTE INCLUYE: PREPARACIÓN DE LA SUPERFICIE,NIVELACIÓN, MAESTREADO Y COLADO.','A',850.00,98.61,'C','2017-10-17 22:42:13.481901',94,2),(362,1508279186799943,'BP-006-1','CADENA DE DESPLANTE DE SECCION 20 X 40 CM. DE CONCRETO HIDRAULICO HECHO EN OBRA F\'C=200 KG/CM2 RESINTENCIA NORMAL, TAMAÑO MAXIMO AGREGADO DE 3/4\", REFORZADO 6 VARILLAS DE ACERO DEL No.4 (1/2\") Y ESTRIBOS DEL No. 2 (1/4\") A CADA 20 CM. ACABADO COMUN, INCLUYE: VIBRADO, CURADO, CIMBRA Y DESCIMBRA, MATERIALES, HERRAMIENTAS, EQUIPO DE SEGURIDAD, MANO DE OBRA Y EQUIPO MENOR.','A',123.30,392.98,'C','2017-10-17 22:42:13.484981',94,3),(363,1508279186803456,'03002003','CONTRATRABE DE CIMENTACION SEC CION  .20 X .40  MTS. CONCRETO F\'C=200 KG/CM² ARMADO CON 6 VA RILLAS # 4 FY= 4200 Y ESTRIBOS DEL N.2 @ 20 CMS. F\'Y= 2400 KG /CM2. INCLUYE: MATERIALES MANO DE OBRA, CIMBRA COMUN, DESCIM- BRADO, COLADO, CURADO, VIBRADO \'DESPERDICIOS,  ACARREOS DENTRO Y  FUERA DE LA OBRA, ELEVACIÓN A CUALQUIER  ALTURA, ANDAMIOS, HERRAMIENTA, EQUIPO, RETIRO DE MATERIAL  SOBRANTE FUERA DE LA OBRA, LIMPIEZA Y TODO LO NECE- SARIO  PARA SU CORRECTA EJECU- CION P.U.O.T.                  ','A',342.75,411.19,'C','2017-10-17 22:42:13.488518',94,3),(364,1508279186806653,'CIM-006','ZAPATA AISLADA DE 1.00X1.00X0.20 MTS DE CONCRETO HECHO EN OBRA FC=250KG/CM2 ARMADO CON VAR N.3 A 20CM AMBOS SENTIDOS FRAGUADO NORMAL PARA CIMENTACION, ARRIOSTRES Y ESTRUCTURA, ASI COMO PARA RESANE DE PISO DEMOLIDO. INCLUYE: MATERIALES Y SU ELEVACION, PROTECCION DEL AREA DONDE SE FABRICARA,COLOCACION, VIBRADO,CURADO,ACARREO DE SOBRANTES A PIE DE CAMION, DESPERDICIOS, LIMPIEZA Y LO NECESARIO PARA SU CORRECTA EJECUCION.','A',16.00,820.15,'C','2017-10-17 22:42:13.491697',94,4),(365,1508279186809793,'AB-VS-CIM03','CABEZAL DE 0.90X0.90X0.30 MTS DE CONCRETO HECHO EN OBRA FC=200KG/CM2 ARMADO CON VAR #5 @18CM AMBOS SENTIDOS FRAGUADO NORMAL PARA CIMENTACION, ARRIOSTRES Y ESTRUCTURA. INCLUYE: MATERIALES Y SU ELEVACION, PROTECCION DEL AREA DONDE SE FABRICARA,COLOCACION, VIBRADO,CURADO,ACARREO DE SOBRANTES A PIE DE CAMION, DESPERDICIOS, LIMPIEZA Y LO NECESARIO PARA SU CORRECTA EJECUCION.','A',16.00,864.31,'C','2017-10-17 22:42:13.494924',94,4),(366,1508279186813174,'AB-VS-CIM04','CAISSON  K1 DE 70 CMS DE DIAMETRO, CON CONCRETO ARMADO CON 8 VARILLAS DE \"5 F\'Y= 4200 KG/CM2, ESPIRAL  DEL \"3 TRANSVERSAL A  CADA 15 CMS., CON CONCRETO DE F\'C= 200 KG/CM2, INCLUYE: HABILITADO, ARMADO, CIMBRA Y DESCIMBRA, COLADO, MATERIAL, MANO DE OBRA, HERRAMIENTA, EQUIPO Y TODO LO NECESARIO PARA SU CORRECTA EJECUCION.','A',32.00,1815.06,'C','2017-10-17 22:42:13.498218',94,3),(367,1508279186816748,'094-101C','LOSA DE CONCRETO ARMADO DE 10 CM DE ESPESOR, CONCRETO HECHO EN OBRA F\'C=200 KG/CM2 ARMADO CON MALLA ELECTROSOLDADA DE 6-6/10-10 ACABADO ESCOBILLADO. INCLUYE: MATERIAL, HERRAMIENTA Y MANO DE OBRA. P.U.O.T','A',850.00,275.01,'C','2017-10-17 22:42:13.501813',94,2),(368,1508279186819911,'AB-VS-EST01','SUMINISTRO Y COLOCACIÓN DE COLUMNAS DE MADERA TALLADA, DISEÑO DEFINIDO POR EL CLIENTE DIRECTAMENTE CON PROVEEDORES, INCLUYE: MATERIALES, EQUIPO, HERRAMIENTAS, HERRAMIENTA MENOR, SELLADO, TRATAMIENTO DE MADERA, ACABADO FINAL Y TODO LO NECESARIO PARA SU CORRECTA EJECUCIÓN, P.U.O.T.','A',1.00,720000.00,'C','2017-10-17 22:42:13.504970',95,5),(369,1508279186823143,'03002003','CONTRATRABE DE CIMENTACION SEC CION  .20 X .40  MTS. CONCRETO F\'C=200 KG/CM² ARMADO CON 6 VA RILLAS # 4 FY= 4200 Y ESTRIBOS DEL N.2 @ 20 CMS. F\'Y= 2400 KG /CM2. INCLUYE: MATERIALES MANO DE OBRA, CIMBRA COMUN, DESCIM- BRADO, COLADO, CURADO, VIBRADO \'DESPERDICIOS,  ACARREOS DENTRO Y  FUERA DE LA OBRA, ELEVACIÓN A CUALQUIER  ALTURA, ANDAMIOS, HERRAMIENTA, EQUIPO, RETIRO DE MATERIAL  SOBRANTE FUERA DE LA OBRA, LIMPIEZA Y TODO LO NECE- SARIO  PARA SU CORRECTA EJECU- CION P.U.O.T.                  ','A',102.40,411.19,'C','2017-10-17 22:42:13.508293',95,3),(370,1508279186826347,'SUSSISC-009C','CASTILLO DE SECCION 15X30 CMS COLADA CON CONCRETO F\'C = 200 KG/CM2 T.M.A. ¾\" RESISTENCIA NORMAL, HECHO EN OBRA, ARMADA CON 4 VARILLAS DEL # 3 Y ESTRIBOS DE ACERO DE REFUERZO DEL # 2 @ 20 CM , CONSIDERANDO CIMBRA, DESCIMBRADO. INCLUYE: MATERIAL, HERRAMIENTA, MANO DE OBRA, EQUIPO Y TODO LO NECESARIO PAA SU CORRECTA EJECUCIÓN. P.U.O.T.','A',400.07,193.09,'C','2017-10-17 22:42:13.511388',95,3),(371,1508279186829368,'013-14G1','TRABE T-1 DE CONCRETO F\'C= 250 KG/CM2, SECCION DE 20 X 40 CM ARMADO CON 5 VARILLAS DEL # 4  Y 2 BASTONES DEL # 4 FY= 4200 KG/CM2, ESTRIBOS DEL # 3 @ 15 CM. INCLUYE: MATERIALES, CIMBRA Y DESCIMBRA, FABRICACIÓN Y VACIADO DE CONCRETO, VIBRADO, HERRAMIENTA, MANO DE OBRA, ACARREOS DENTRO Y FUERA DE LA OBRA, EQUIPO, HABILITADO Y ARMADO DE ACERO, DESPERDICIOS, LIMPIEZA. U.C.T.T.','A',12.00,501.64,'C','2017-10-17 22:42:13.514417',95,3),(372,1508279186832374,'ARCISC-0090','MURO DE TABIQUE DE 15 CMS DE ESPESOR Y 35 DE ALTO DE BARRO ROJO RECOCIDO, ACABADO COMÚN, JUNTEADO CON MORTERO CEMENTO.ARENA PROP. 1:4, PARA FORMAR ESCALÓN, INCLUYE: MATERIALES, MANO DE OBRA, LIMPIEZA DEL ÁREA PARA DESPLANTAR, ACARREOS A 1RA ESTACIÓN, DESPERDICIOS, HERRAMIENTA, EQUIPO Y TODO LO NECESARIO PARA SU CORRECTA EJECUCIÓN. P.U.O.T.','A',711.57,95.71,'C','2017-10-17 22:42:13.517418',95,2),(373,1508279186835558,'AB-VS-EST02','SUMINISTRO Y COLOCACON DE VIGAS DE MADERA DE ÉBANO, CON DIMENSIONES DE 15 × 25 CMS. INCLUYE: TRATAMIENTO PARA MADERA A BASE DE PENTACLOROFENOL,  Y ACEITE DE LINAZA APLICADO CON BROCHA A DOS MANOS, MATERIAL, MANO DE OBRA, HERRAMIENTA, EQUIPO DE PROTECCIÓN CONTRA GASES TÓXICOS Y TODO LO NECESARIO PARA SU EJECUCIÓN. P.U.O.T.','A',1467.37,611.56,'C','2017-10-17 22:42:13.520608',95,3),(374,1508279186838656,'AB-VS-EST03','SUMINISTRO Y COLOCACON DE VIGAS DE MADERA DE PINO, PARA SOSTENER CUBIERTA, DE 25 X 35 CM. INCLUYE: TRATAMIENTO PARA MADERA A BASE DE PENTACLOROFENOL,  Y ACEITE DE LINAZA APLICADO CON BROCHA A DOS MANOS, MATERIAL, MANO DE OBRA, HERRAMIENTA, EQUIPO DE PROTECCIÓN CONTRA GASES TÓXICOS Y TODO LO NECESARIO PARA SU EJECUCIÓN. P.U.O.T.','A',176.32,1322.96,'C','2017-10-17 22:42:13.523702',95,3),(375,1508279186841910,'AB-VS-EST04','CUBIERTA INCLINADA A BASE DE DUROCK PARA RECIBIR TEJAS DE BARRO, SOBRE VIGAS DE MADERA: INCLUYE: IMPERMEABILIZANTE,  MANO DE OBRA, UTILIZACIÓN DE LA HERRAMIENTA Y/O EQUIPO NECESARIO, ANDAMIOS, TRASPALEOS Y TODO LO NECESARIO PARA SU CORRECTA EJECUCIÓN. P.U.O.T.','A',874.06,375.37,'C','2017-10-17 22:42:13.527091',95,2),(376,1508279186845285,'GCAISC-0045','SUMINISTRO Y COLOCACION DE TEJA DE BARRO ESMALTADA COLOR VERDE DE 30X15X1.4 CM EN CUBIERTA INCLINADA. INCLUYE: CARGO DIRECTO POR EL COSTO DE LOS MATERIALES Y MANO DE OBRA QUE INTERVENGAN, FLETE A OBRA, DESPERDICIO, ACARREO HASTA EL LUGAR DE SU UTILIZACION, COLOCACION, ELEMENTOS DE FIJACION,  DESPERDICIOS , ELEVACIONES, LIMPIEZA Y RETIRO DE SOBRANTES FUERA DE OBRA, EQUIPO DE SEGURIDAD, INSTALACIONES ESPECIFICAS, DEPRECIACION Y DEMAS CARGOS DERIVADOS DEL USO DE HERRAMIENTA Y EQUIPO, EN CUALQUIER NIVEL. P.U.O.T.','A',874.06,117.26,'C','2017-10-17 22:42:13.530331',95,2),(377,1508279186848851,'LAC-C20','LOSACERO CAL 20 A BASE DE LAMINA GALVANIZADA CAL 20 CON MALLA  ELECTROSOLDADA CAL 6X6X 10/10  CON CONECTOR PARA CORTANTE TIPO NELSON, INCLUYE: CONCRETO PREMEZCLADO F`C=250 KG/CM2 RN, AGREGADO 20 MM. Y 38 MM. REVENIMIENTO 12 +/-3.5 CMS. BOMBEABLE, GRADO DE CALIDAD \"B\", CONCRETO ESTRUCTURAL, CLASE 1, CURADOS, CIMBRA, DESCIMBRADO, FRONTERAS, Y TODO LO NECESARIO PARA SU CORRECTA COLOCACION.','A',317.26,506.17,'C','2017-10-17 22:42:13.533913',95,2),(378,1508279186851876,'ISC-0058','RAMPA DE ESCALERA DE 1.00 MTS DE ANCHO CONSIDERANDO CIMBRA Y DESCIMBRA, ACERO DE REFUERZO FY=´4000 KG/CM2, DEL NO. 4,  ( 1/2\" DE Ø ), LOSA DE CONCRETO DE F´C= 250 KG/CM2 38MM, CURADO CON AGUA, INCLUYE: MATERIAL Y MANO DE OBRA','A',13.02,820.37,'C','2017-10-17 22:42:13.536926',95,2),(379,1508279186854966,'076-07D','ESCALON DE CONCRETO DE 17CM DE PERALTE, HUELLA DE 30CM, INCLUYE NARIZ Y CHAFLAN, DE 10 CM DE ESPESOR, CONCRETO F\'C=200 KG/CM2 T.M.A. ¾\" RESISTENCIA NORMAL,  ELABORADO EN OBRA, REFORZADO CON MALLA ELECTROSOLDADA 6*6 10/10 CON ACABADO ESCOBILLADO, MATERIAL, MANO DE OBRA, EQUIPO Y HERRAMIENTA. U.C.T.T.','A',30.40,176.25,'C','2017-10-17 22:42:13.540015',95,3),(380,1508279186858000,'AB-VS-EST05','CUNETA TIPO \"U\" DE 10 CM DE ESPESOR CON CONCRETO SIMPLE HECHO EN OBRA F\'C=150 KG/CM2, CON MALLA ELECTROSOLDADA 6-6/10X10, CON REVESTIMEINTO DE PIEDRA BOLA COMO ACABADO FINAL ASENTADO CON MORTERO 1:4. INCLUYE: EXACAVACIÓN, NIVELACIÓN, RELLENO CON MATERIAL PRODUCTO DE LA EXACAVACIÓN, MATERIALES, MANO DE OBRA, HERRAMIENTA Y EQUIPO. P.U.O.T.','A',131.40,456.82,'C','2017-10-17 22:42:13.543100',95,3),(381,1508279186860988,'SUSSISC-0015','MURETE DE BLOCK DE CONCRETO RBH-60 ENTERO DE 12 X 20 X 40 CM., ASENTADO CON MORTERO CEMENTO - ARENA 1:5, CON REFUERZO HORIZONTAL TIPO ESCALERILLA A CADA 2 HILADAS, ACABADO COMUN, INCLUYE: MATERIALES, ACARREOS, MANO DE OBRA, EQUIPO Y HERRAMIENTA.','A',8.00,182.76,'C','2017-10-17 22:42:13.546032',95,2),(382,1508279186864104,'LAMB-001','LAMBRIN DE AZULEJO DE 20 X 30 MARCA VITROMEX, MODELO A ESCOGER, PARA RECUBRIMIENTO EN MURO, ASENTADO CON CEMENTO CREST, JUNTEADO CON CEMENTO BLANC, CONSIDERANDO ANDAMIO DE CABALLETE PARA ALTURAS DE 1.50 A 3.00 MTS, RECORTE, EMBOQUILLADO. INCLUYE: MATERIAL, HERRAMIENTA Y MANO DE OBRA. P.U.O.T.','A',94.23,174.56,'C','2017-10-17 22:42:13.549146',96,2),(383,1508279186867136,'068-07','LOSETA ANTIDERRAPANTE MARCA INTERCERAMIC, EN ÁREA DE PISO DE BAÑO, INCLUYE: SUMINISTRO, COLOCACIÓN, TRAZO, CORTE, LOSETA INTERCERAMIC ANTIDERRAPANTE, PEGA AZULEJO INTERCERAMIC, BOQUILLA INTERCERAMIC, MANO DE OBRA, EQUIPO Y HERRAMIENTA, DESPERDICIOS. U.C.T.T.','A',16.28,211.17,'C','2017-10-17 22:42:13.552170',96,2),(384,1508279186870237,'068-01','LOSETA VIDRIADA  DE 30 X 30 CM. MARCA INTERCERAMIC, ASENTADA CON CEMENTO CREST Y LECHADEADO CON CEMENTO BLANCO. CONSIDERANDO CORTES, DESPERDICIOS Y LIMPIEZA DE LA SUPERFICIE CON AGUA Y JABÓN. INCLUYE: MATERIAL, HERRAMIENTA Y MANO DE OBRA. P.U.O.T.','A',55.09,211.17,'C','2017-10-17 22:42:13.555286',96,2),(385,1508279186873248,'068-06','LOSETA MARCA INTERCERAMIC ANTIDERRAPANTE DE 30 X 30 CM, ASENTADA  CON CEMENTO CREST,  JUNTAS DE 3MM. CONSIDERANDO: RECORTE Y DESPERDICIO. INCLUYE: MATERIAL, HERRAMIENTA Y MANO DE OBRA. P.U.O.T.','A',190.53,184.83,'C','2017-10-17 22:42:13.558286',96,2),(386,1508279186876562,'ULSISC-0050B','PISO DE LOSETA ANTIDERRAPANTE MARCA INTERCERAMIC LINEA ISLAND MODELO BALI DE 40X40 CM EN AREAS DE PSIO DE BAÑOS ASENTADO CON PEGAZULEJO INTERCERAMIC DE BAJA ABSORCION, BOQUILLA MARCA INTERCERAMIC, INCLUYE: SUMINISTRO DE MATERIALES, MANO DE OBRA, CORTES, DESPERDICIOS, HERRAMIENTA, EQUIPO, ACARREOS Y TODO LO NECESARIO PARA SU CORRECTA EJECUCIÓN. P.U.O.T.','A',34.48,201.54,'C','2017-10-17 22:42:13.561620',96,2),(387,1508279186879633,'068-11','LOSETA MARCA INTERCERAMIC DE 30X 30 CM. ASENTADA CON MORTERO CEMENTO-AREN PROP: 1:4 Y LECHADEADO CON CEMENTO BLANCO, CONSIDERANDO RECORTE Y DESPERDICIO. INCLUYE: MATERIAL, HERRAMIENTA Y MANO DE OBRA. P.U.O.T.','A',298.24,211.17,'C','2017-10-17 22:42:13.564678',96,2),(388,1508279186883250,'AB-VS-ACA01','CENEFA CON LOSETA MARCA VITROMEX, DISEÑO DEFINIDO POR EL CLIENTE, JUENTEADO CON MORTERO CEMENTO-ARENA PRP. 1:4.  INCLUYE: MATERIAL, MANO DE OBRA, EQUIPO Y HERRAMIENTA P.U.O.T.','A',260.00,53.80,'C','2017-10-17 22:42:13.568281',96,3),(389,1508279186886039,'068-06B','LOSETA DE CERÁMICA MODELO DESERT PEI-IV DE 33X33 CM., INTERCERAMIC, ASENTADO CON PEGA AZULEJO Ó CEMENTO CREST, CON JUNTA DE 6 MM. DE ESPESOR, INCLUYE: SUMINISTRO DE MATERIALES, COLOCACIÓN, CORTES RECTOS, REMATES, EMBOQUILLADOS A 45°, ACARREOS, MANO DE OBRA, HERRAMIENTA, EQUIPO Y LIMPIEZA. (U.C.T.T.)','A',393.57,138.96,'C','2017-10-17 22:42:13.571207',96,2),(390,1508279186889793,'KA-CON08','PINTURA VINÍLICA MARCA COMEX EN PLAFONES Y/O TRABES A 2 MANOS CONSIDERANDO PREPARACIÓN DE LA SUPERFICIE , APLICACIÓN DE SELLADOR Y ANDAMIO DE CABALLETE PARA ALTURAS DE 1.50 A 3.00 MTS. INCLUYE: MATERIAL, USO DE ANDAMIOS, MANO DE OBRA Y HERRAMIENTA. P.U.O.T.','A',396.65,53.08,'C','2017-10-17 22:42:13.574885',96,2),(391,1508279186894493,'084-02B','PINTURA VINIL-ACRILICA PARA INTERIOR EN MUROS,  MARCA COMEX A DOS MANOS,O SIMILAR EN  CALIDAD  Y CARACTERISTICAS  TECNICAS, SEGUN PALETA DE COLORES INCLUYE: SEÑALIZACION, PROTECCION  DE  LA  SUPERFICIE ADYACENTE CON  MASQUINTAPE,  PAPEL  Y  PLASTICO,   LIMPIEZA Y PREPARACION  DE  LA  SUPERFICIE, RESANES, UNA BASE DE - LIJADO,  EMPLASTE SELLADOR VINILICO EN  PROPORCION    5 X 1 PARA SUPERFICIES LISAS Ó  3 X 1 PARA SUPERFICIES RUGOSAS DESPERDICIOS, ANDAMIOS,  MATERIALES,  MANO DE OBRA,  HERRA MIENTA, EQUIPO, ACARREOS  DENTRO Y FUERA DE  LA OBRA,  LIMPIEZA Y TODO LO NECESARIO PARA   SU CORRECTA EJECUCION.P.U.O.T. . P.U.O.T.','A',1535.36,45.28,'C','2017-10-17 22:42:13.579563',96,2),(392,1508279186897613,'DSCO-013','PINTURA VINIL-ACRILICA PARA EXTERIOR EN MUROS,  MARCA COMEX A DOS MANOS,O SIMILAR EN  CALIDAD  Y CARACTERISTICAS  TECNICAS, SEGUN PALETA DE COLORES INCLUYE: SEÑALIZACION, PROTECCION  DE  LA  SUPERFICIE ADYACENTE CON  MASQUINTAPE,  PAPEL  Y  PLASTICO,   LIMPIEZA Y PREPARACION  DE  LA  SUPERFICIE, RESANES, UNA BASE DE - LIJADO,  EMPLASTE SELLADOR VINILICO EN  PROPORCION    5 X 1 PARA SUPERFICIES LISAS Ó  3 X 1 PARA SUPERFICIES RUGOSAS DESPERDICIOS, ANDAMIOS,  MATERIALES,  MANO DE OBRA,  HERRA MIENTA, EQUIPO, ACARREOS  DENTRO Y FUERA DE  LA OBRA,  LIMPIEZA Y TODO LO NECESARIO PARA   SU CORRECTA EJECUCION.P.U.O.T. . P.U.O.T.','A',421.79,37.36,'C','2017-10-17 22:42:13.582705',96,2),(393,1508279186901299,'068-51','ZOCLO DE 10X20 CM  MARCA  INTERCERAMIC, MODELO A ESCOGER ASENTADO CON  MORTERO CEMENTO1:4, LECHADO CON MEZCLA DE CEMENTO BLANCO-AGUA. CONSIDERANDO. RECORTE Y DESPERDICIO. INCLUYE:MATERIAL, HERRAMIENTA Y MANO DE OBRA. P.U.O.T.','A',416.08,38.10,'C','2017-10-17 22:42:13.586358',96,3),(394,1508279186905248,'MDT-001','FALSO PLAFON MARCA DUROCK O SIMILAR CON BASTIDOR A BASE DE POSTE CAL. 20 Y CANAL SUPERIOR E INFERIOR CAL. 22, SELLADO DE JUNTAS CON CEMENTO FLEXIBLE MARCA DUROCK O SIMILAR; INCLUYE:MATERIAL, ANDAMIOS, MANO DE OBRA, HERRAMIENTA Y MANO DE OBRA.','A',396.65,349.83,'C','2017-10-17 22:42:13.590304',96,2),(395,1508279186908328,'ACA-005B','PUERTA DE TAMBOR DE 0.65 A 1.10 X 2.10 MTS. A BASE DE BASTIDOR DE MADERA, PEINAZOS DE 25 X 50 MM. A CADA 30 CM. EN AMBOS SENTIDOS, UNION ESPIGA CAJA CON PEGAMENTO, FORRO DE TRIPLAY DE 1ª DE 6 MM. DE ESPESOR, MARCO SENCILLO DE MADERA DE PINO CON CHAMBRANAS, RESANADOR PRIMER PIROXILINA-CEMENTO BLANCO, PINTURA COMEX LACA, A 2 MANOS, INCLUYE: ACARREOS CORTES, DESPERDICIOS, FIJACION, 3 BISAGRAS LATONADAS TIPO DE LIBRO MCA. FALIAL O SIMILAR DE 76 X 76 MM., AJUSTE, MATERIAL, MANO DE OBRA, HERRAMIENTA, EQUIPO.','A',7.00,2711.69,'C','2017-10-17 22:42:13.593401',97,4),(396,1508279186912032,'AB-VS-CAR01','PUERTA DE MADERA MACIZA DE ÉBANO DE 2.50 X 2.20 M., UNION ESPIGA CAJA CON PEGAMENTO, 2 FIJOS Y 1 SENCILLO, MARCO SENCILLO DE MADERA DE ÉBANO CON CHAMBRANAS, BARNÍZ  DE COLOR A ELECCIÓN DEL CLIENTE.  INCLUYE: ACARREOS, CORTES, DESPERDICIOS, FIJACIÓN, 6 BISAGRAS LATONADAS TIPO DE LIBRO MCA. FALIAL O SIMILAR DE 76 X 76 MM., AJUSTE, MATERIAL, MANO DE OBRA, HERRAMIENTA, EQUIPO.','A',2.00,40679.51,'C','2017-10-17 22:42:13.597119',97,4),(397,1508279186915530,'AB-VS-CAR02','PUERTA MADERA DE ÉBANO DE 1.92 X 2.20 M. CON VITRAL AL CENTRO A DISEÑO DEL CLIENTE,  SELLADO PERIMETRAL CON SILICÓN, MARCO SENCILLO DE MADERA DE ÉBANO CON CHAMBRANAS, BARNÍZ DE COLOR A ELECCIÓN DEL CLIENTE. INCLUYE: ACARREOS, CORTES, DESPERDICIOS, FIJACIÓN, 6 BISAGRAS LATONADAS TIPO DE LIBRO MCA. FALIAL O SIMILAR DE 76 X 76 MM., AJUSTE, MATERIAL, MANO DE OBRA, HERRAMIENTA, EQUIPO.','A',3.00,32482.93,'C','2017-10-17 22:42:13.600590',97,4),(398,1508279186918489,'AB-VS-CAR03','VENTANA DE MADERA, CON CRISTAL CLARO DE 6 MM DE ESPESOR Y MOLDURAS SEGÚN DISEÑO. CONSIDERANDO APLICACIÓN DE BARNIZ DE COLOR A ELECCIÓN DEL CLIENTE. INCLUYE: SELLADO PERIMETRAL CON SILICÓN, MATERIALES, MANO DE OBRA, HERRAMIENTA, EQUIPO Y TODO LO NECESARIO PARA SU CORRECTA EJECUCIÓN. P.U.O.T.','A',31.10,579.82,'C','2017-10-17 22:42:13.603509',97,2),(399,1508279186922229,'AB-VS-CAR04','CANCELERIA  DE MADERA PARA VENTANAS CON VIDRIO DE 6 MM, SEGÚN DISEÑO. INCLUYE: SUMINISTRO DE MATERIAL, MANO DE OBRA, HERRAMIENTA, EQUIPO, ACARREOS, DESPERDICIOS, ACCESORIOS DE FIJACION, LIMPIEZA  Y  TODO LO NECESARIO PARA SU CORRECTA EJECUCION. P.U.O.T.','A',118.95,579.82,'C','2017-10-17 22:42:13.607509',97,2),(400,1508279186926146,'CLOSET-01','CLOSET TIPO TAMBOR DE TRIPLAY PINO DE 1A DE 6 MM DE 2.20 X 0.75 X 2.40 MTS. DE ALTURA A BASE DE BASTIDOR DE MADERA, PEINAZOS DE 25 X 50 MM. A CADA 30 CM. EN AMBOS SENTIDOS, UNION ESPIGA, CON 4 ENTREPAÑOS TIPO TAMBOR CON TRIPLAY DE PINO DE 1A DE 6MM. Y BASTIDOR DE MADERA, PEINAZOS DE 25 X 50 MM. A CADA 30 CM. EN AMBOS SENTIDOS, UNION ESPIGA, 2 PUERTAS CORREDIZAS, 3 MANOS DE BARNIZ, INCLUYE: BARNIZ, HERRAJES, MATERIAL, MANO DE OBRA, HERRAMIENTA, EQUIPO Y TODO LO NECESARIO PARA SU CORRECTO FUNCIONAMIENTO','A',15.00,11464.39,'C','2017-10-17 22:42:13.611200',97,4),(401,1508279186929064,'AB-VS-CAR05','COCINA INTEGRAL CONSTRUIDA CON MADERA, TERMINADO EN PINTURA DE ESMALTE COLOR ELEGIDO POE EL CLIENTE, FIJADA. INCLUYE ALACENA, CON PUERTAS ABATIBLES, CONSTRUIDA CON MADERA, SUMINISTRO Y COLOCACION.','A',1.00,115000.00,'C','2017-10-17 22:42:13.614087',97,4),(402,1508279186933136,'BAR-SP01','BARANDAL METÁLICO DE 0.90 MTS. DE ALTURA A BASE HERRERÍA, CON DOS BARRAS SUPERIOR E INFERIOR DE PERFIL TUBULAR DE 2 1/2\" (64 MM) C-250 CAL 14 Y BARROTES VERTICALES DE PERFIL TUBULAR DE 1 1/4\" (32 MM) C-125 CAL 14, CON SEPARACION DE 13 CMS ENTRE CENTROS DE BARRA Y CORTE DE ACUERDO A DISEÑO A 45º CON UN DESARROLLO DE 1.0 MTS C/U; ANCLADO A LOSA CON REDONDO DE 5/8\", ACABADO CON UNA MANO DE PRIMER ANTICORROSIVO Y DOS MANOS DE PINTURA DE ESMALTE 100 (ALQUIDÁLICO) MARCA COMEX O SIMILAR; INCLUYE: SUMINISTRO Y COLOCACIÓN, MATERIAL, HERRAMIENTA, EQUIPO,  MANO DE OBRA, ACARREO Y TODO LO NECESARIO PARA SU CORRECTA EJECUCIÓN. P.U.O.T.','A',8.93,816.34,'C','2017-10-17 22:42:13.618200',98,3),(403,1508279186936257,'BAR-001','BARANDAL TIPO COLONIAL A BASE DE SOLERA DE 3/4\" X 3/16\" CON CUADRADO 1/2\" EN ARREGLOS ANGULARES, CON NUDO CENTRAL INGLES, PASAMANO CAL 18 PINT 160; INCLUYE: PRIMMER ANTICORROSIVO, ACABADO EN  PINTURA ESMALTE COLOR A ELEGIR A DOS MANOS, MATERIAL , MANO DE OBRA, EQUIPO, HERRAMIENTA, ACARREOS Y TODO LO NECESARIO PARA SU CORRECTA EJECUCION. P.U.O.T.','A',23.14,1246.07,'C','2017-10-17 22:42:13.621299',98,3),(404,1508279186939581,'ISC-0078',' ESCALERA DE CARACOL HECHA A BASE DE ANGULO, SOLERA Y TUBO DE 3\" ALTURA MAX DE 6M CON PASAMANOS, INCLUYE: SUMINISTRO, COLOCACION, HERRAMIENTA Y EQUIPO.','A',1.00,8732.98,'C','2017-10-17 22:42:13.624635',98,4),(405,1508279186942493,'092-04.5','ACOMETIDA ELECTRICA, CONEXION DE TRANSFORMADOR A  DELEGACION O CASA HABITACION A UNA ALTURA  DE 6 MTS. INCLUYE: INSTALACION DE CABLE DE ALUMINO No 8 DE ALUMINIO A 2 HILOS, MATERIAL, MANO DE OBRA, HERRAMIENTA, EQUIPO, ELEVACIONES Y TODO LO NECESARIO PARA SU CORRECTA EJECUCIÓN. P.U.O.T.','A',1.00,1520.85,'C','2017-10-17 22:42:13.627513',99,4),(406,1508279186945191,'049-02','INTERRUPTOR DE CUCHILLAS 2X30 AMPERS. CONSIDERANDO PRUEBAS , FUSIBLES, TAQUETES, PIJAS. INCLUYE: MATERIAL, HERRAMIENTA Y MANO DE OBRA. U.C.T.T.','A',1.00,252.68,'C','2017-10-17 22:42:13.630196',99,4),(407,1508279186948224,'048-01D','CENTRO DE CARGA QO8 O SIMILAR SQUARE\'D CON TAQUETES Y TORNILLOS. INCLUYE: MATERIAL, HERRAMIENTA Y MANO DE OBRA. P.U.O.T.','A',1.00,487.32,'C','2017-10-17 22:42:13.633291',99,4),(408,1508279186950928,'INS-005','INTERRUPTOR TERMOMAGNETICO DE 30 AMPS 2 PIEZAS, PARA PROTECCION DE INSTALACION ELECTRICA, INCLUYE GABINETE, MATERIAL MARCA SQUARE, DEMOLICIONES, RESANES, PRUEBAS, CABLEADO ( 6MTS. MAXIMO DE INTERCONEXION ) Y TODO LO NECESARIO PARA SU CORRECTO FUNCIONAMIENTO.','A',8.00,822.44,'C','2017-10-17 22:42:13.635938',99,4),(409,1508279186953817,'INS-002','SALIDA ELECTRICA PARA CONTACTOS, INCLUYE MATERIALES Y MANO DE OBRA. INCLUYE ACCESORIOS BTICINO LINEA MODUS EN COLOR BLANCO. ( CABLE IUSA CAL. 12 TAPA, CONTACTO DOBLE EN COLOR BLANCO ), EXCAVACIONES A INSTALACIONES EXISTENTES.','A',40.00,357.94,'C','2017-10-17 22:42:13.638954',99,6),(410,1508279186957063,'05000006','SALIDA PARA APAGADOR SENCILLO, INCLUYE: POLIDUCTO DE 13  MM., CABLEADO, CHALUPA, TAPA, PLACA ENTUBADO, CABLEADO,  CANALETA, APAGADOR, CONEXION,  MATERIAL, MANO DE OBRA, HERRAMIENTA,  E- QUIPO Y TODO LO NECESARIO PARA SU EJECUCION. P.U.O.T.         ','A',40.00,455.00,'C','2017-10-17 22:42:13.642090',99,7),(411,1508279186959985,'ISC-051','SALIDA ELÉCTRICA PARA CONTACTO Y/O LAMPARA CON UN DESARROLLO MÁXIMO DE 5.00 MTS. EL PRECIO INCLUYE: CABLE THW CAL. 12, CABLE DESNUDO CAL 14, TUBO CONDUIT PARED GRUESA 3/4\", CHALUPA,  MANO DE OBRA Y TODOS LOS MATERIALES PARA LA CORRECTA EJECUCIÓN DEL P.U.O.T.','A',128.00,401.75,'C','2017-10-17 22:42:13.645008',99,6),(412,1508279186962767,'AB-VS-IE01','SALIDA ELÉCTRICA PARA PISO CON UN DESARROLLO MÁXIMO DE 5.00 MTS. EL PRECIO INCLUYE: CABLE THW CAL. 12, CABLE DESNUDO CAL 14, TUBO CONDUIT PARED GRUESA 3/4\", CHALUPA,  MANO DE OBRA Y TODOS LOS MATERIALES PARA LA CORRECTA EJECUCIÓN DEL P.U.O.T.','A',84.00,449.39,'C','2017-10-17 22:42:13.647810',99,6),(413,1508279186966135,'AB-VS-IE02','SUMINISTRO Y COLOCACION DE LUMINARIA,  MARCA TECNOLITE, MODELO CTL-0003/OP BAMBERA, CON UN TERMINADO CRISTAL OPALINO. INCLUYE: SUMINISTRO DE MATERIALES, HERRAMIENTA EQUIPO, ANDAMIOS, ELEVACIONES, ACCESORIOS, MANO DE OBRA Y TODO LO NECESARIO PARA SU CORRECTA EJECUCIÓN. P.U.O.T.','A',3.00,1757.30,'C','2017-10-17 22:42:13.651166',99,4),(414,1508279186968936,'AB-VS-IE03','SUMINISTRO Y COLOCACION DE LUMINARIA,  MARCA TECNOLITE, MODELO CLT-6021 BASTIA, CON UN TERMINADO DE ALUMINIO. INCLUYE: SUMINISTRO DE MATERIALES, HERRAMIENTA EQUIPO, ANDAMIOS, ELEVACIONES, ACCESORIOS, MANO DE OBRA Y TODO LO NECESARIO PARA SU CORRECTA EJECUCIÓN. P.U.O.T.','A',9.00,1295.90,'C','2017-10-17 22:42:13.653958',99,4),(415,1508279186973026,'AB-VS-IE04','SUMINISTRO Y COLOCACION DE LUMINARIA,  MARCA TECNOLITE, MODELO CLT-8160/M LOSANNA, CON UN TERMINADO DE MADERA. INCLUYE: SUMINISTRO DE MATERIALES, HERRAMIENTA EQUIPO, ANDAMIOS, ELEVACIONES, ACCESORIOS, MANO DE OBRA Y TODO LO NECESARIO PARA SU CORRECTA EJECUCIÓN. P.U.O.T.','A',15.00,2360.50,'C','2017-10-17 22:42:13.658115',99,4),(416,1508279186976035,'AB-VS-IE05','SUMINISTRO Y COLOCACION DE LUMINARIA,  MARCA TECNOLITE, MODELO PTL-5025/M FORLI, CON UN TERMINADO DE MADERA OSCURA. INCLUYE: SUMINISTRO DE MATERIALES, HERRAMIENTA EQUIPO, ANDAMIOS, ELEVACIONES, ACCESORIOS, MANO DE OBRA Y TODO LO NECESARIO PARA SU CORRECTA EJECUCIÓN. P.U.O.T.','A',37.00,728.10,'C','2017-10-17 22:42:13.661052',99,4),(417,1508279186978775,'AB-VS-IE06','SUMINISTRO Y COLOCACION DE LUMINARIA,  MARCA TECNOLITE, MODELO FTL-7356 SIENA II, CON UN TERMINADO NEGRO. INCLUYE: SUMINISTRO DE MATERIALES, HERRAMIENTA EQUIPO, ANDAMIOS, ELEVACIONES, ACCESORIOS, MANO DE OBRA Y TODO LO NECESARIO PARA SU CORRECTA EJECUCIÓN. P.U.O.T.','A',28.00,461.90,'C','2017-10-17 22:42:13.663832',99,4),(418,1508279186981972,'AB-VS-IE07','SUMINISTRO Y COLOCACION DE LUMINARIA, MARCA TECNOLITE, MODELO FTL-7355 SIENA, CON UN TERMINADO NEGRO. INCLUYE: SUMINISTRO DE MATERIALES, HERRAMIENTA EQUIPO, ANDAMIOS, ELEVACIONES, ACCESORIOS, MANO DE OBRA Y TODO LO NECESARIO PARA SU CORRECTA EJECUCIÓN. P.U.O.T.','A',43.00,437.32,'C','2017-10-17 22:42:13.666992',99,4),(419,1508279186984661,'AB-VS-IE08','SUMINISTRO Y COLOCACION DE LUMINARIA,  MARCA TECNOLITE, MODELO HLED-651/30 ORBIX, CON UN TERMINADO SATINADO. INCLUYE: SUMINISTRO DE MATERIALES, HERRAMIENTA EQUIPO, ANDAMIOS, ELEVACIONES, ACCESORIOS, MANO DE OBRA Y TODO LO NECESARIO PARA SU CORRECTA EJECUCIÓN. P.U.O.T.','A',41.00,1473.30,'C','2017-10-17 22:42:13.669675',99,4),(420,1508279186987674,'AB-VS-IE09','SUMINISTRO Y COLOCACION DE LUMINARIA,  MARCA TECNOLITE, MODELO YSNLED-368, CON UN TERMINADO BLANCO. INCLUYE: SUMINISTRO DE MATERIALES, HERRAMIENTA EQUIPO, ANDAMIOS, ELEVACIONES, ACCESORIOS, MANO DE OBRA Y TODO LO NECESARIO PARA SU CORRECTA EJECUCIÓN. P.U.O.T.','A',12.00,479.70,'C','2017-10-17 22:42:13.672696',99,4),(421,1508279186990407,'AB-VS-IE10','SUMINISTRO Y COLOCACION DE LUMINARIA,   MARCA TECNOLITE, MODELO HLED-804 ANSHAN II, CON UN TERMINADO BLANCO. INCLUYE: SUMINISTRO DE MATERIALES, HERRAMIENTA EQUIPO, ANDAMIOS, ELEVACIONES, ACCESORIOS, MANO DE OBRA Y TODO LO NECESARIO PARA SU CORRECTA EJECUCIÓN. P.U.O.T.','A',8.00,586.10,'C','2017-10-17 22:42:13.675426',99,4),(422,1508279186993102,'AB-VS-IE11','SUMINISTRO Y COLOCACION DE LUMINARIA, MARCA TECNOLITE, MODELO CTL-8100/S LERIDA, CON UN TERMINADO CRISTAL OPALINO. INCLUYE: SUMINISTRO DE MATERIALES, HERRAMIENTA EQUIPO, ANDAMIOS, ELEVACIONES, ACCESORIOS, MANO DE OBRA Y TODO LO NECESARIO PARA SU CORRECTA EJECUCIÓN. P.U.O.T.','A',8.00,577.30,'C','2017-10-17 22:42:13.678113',99,4),(423,1508279186996123,'040-93','CISTERNA PREFABRICADA CON CAPACIDAD DE 10,000 LTS. INC: ACCESORIOS, TALES COMO VALVULAS, CONEXIONES, BOMBA ELECTRICA ETC. MANO DE OBRA Y HERRAMIENTA. P.U.O.T.','A',1.00,19450.24,'C','2017-10-17 22:42:13.681153',100,4),(424,1508279186999788,'TIN-001','TINACO DE POLIETILENO DE ALTA DENSIDAD DE CAPACIDAD 1100 LTS. ROTOPLAS O SIMILAR, INCLUYE  SUMINISTRO DE MATERIALES, COLOCACIÓN, CONEXIONES, ACARREOS, ELEVACIÓN, MANO DE OBRA, HERRAMIENTA, EQUIPO, PRUEBAS, LIMPIEZA. (U.C.T.T.)','A',2.00,2312.27,'C','2017-10-17 22:42:13.684825',100,4),(425,1508279187002951,'INS-003','SALIDA HIDRÁULICA A UNA DISTANCIA NO MAYOR A 6.0 M, INCLUYE TUBERÍA DE COBRE TIPO M EN 13 Y 19 MM (SEGÚN REQUIERA), CODOS, COPLES, TEES, YEES, MATERIAL DE CONSUMO, PRUEBAS, EXCAVACIONES, RELLENOS, INTERCONEXIONES, DERIVACIONES. DEMOLICIONES Y CONEXIONES A INSTALACIONES EXISTENTES, MANO DE OBRA, HERRAMIENTAS Y TODO LO NECESARIO PARA SU CORRECTA EJECUCIÓN.','A',35.00,822.89,'C','2017-10-17 22:42:13.688018',100,6),(426,1508279187005929,'INS-004','SALIDA SANITARIA, A UNA DISTANCIA PROMEDIO A 6.0 M, INCLUYE TUBERÍA DE 2,3 Y 4 SEGÚN REQUIERA, CODOS COPLES, TEES, MATERIAL DE CONSUMO, EXCAVACIONES, RELLENOS,INTERCONEXIONES,DERIVACIONES,DEMOLICIONES Y CONEXIONES A INSTALACIONES EXISTENTES, MATERIAL MANO DE OBRA, HERRAMIENTA Y TODO LO NECESARIO PARA SU CORRECTO FUNCIONAMIENTO INCLUYE PRUEBAS.','A',31.00,510.89,'C','2017-10-17 22:42:13.690945',100,6),(427,1508279187008576,'AB-VS-IHS01','SUMINISTRO Y COLOCACION DE W.C., MODELO: NIZA, COLOR BLANCO. PROOVEDOR; CORONA. CON MEZCLADORA. INCLUYE: MATERIAL, HERRAMIENTA Y MANO DE OBRA. P.U.O.T.','A',8.00,1843.59,'C','2017-10-17 22:42:13.693587',100,4),(428,1508279187011505,'ULS-113','SUMINISTRO Y COLOCACION DE LAVABO OVALIN RONDALIN DE SOBREPONER, COLOR BLANCO INCLUYE: ACCESORIOS. CESPOL PARA LAVABO. LLAVE ANGULAR, CONTRAREJILLA, MATERIAL, MANO DE OBRA Y HERRAMIENTA. P.U.O.T.','A',8.00,1988.84,'C','2017-10-17 22:42:13.696540',100,4),(429,1508279187014339,'AB-VS-IHS02','SUMINISTRO Y COLOCACION DE REGADERA MODELO: TANA CUADRADA ULTRA DELGADA, COLOR CROMO. CON MEZCLADOR MODELO: LENA CROMADO. PROOVEDOR: CORONA. INCLUYE: MANO DE OBRA CALIFICADA, MATERIALES, HERRAMIENTA, PRUEBAS Y LIMPIEZA. ','A',7.00,1764.13,'C','2017-10-17 22:42:13.699421',100,4),(430,1508279187017436,'AB-VS-IHS03','SUMINISTRO Y COLOCACION DE LAVADERO CON LLAVE DE NARIZ. INCLUYE: MANO DE OBRA CALIFICADA, MATERIALES, HERRAMIENTA, PRUEBAS Y LIMPIEZA. ','A',1.00,362.08,'C','2017-10-17 22:42:13.702453',100,4),(431,1508279187020586,'AB-VS-IHS04','SUMINISTRO Y COLOCACION DE TINA DE HIDROMASAJE. MODELO: TINA CHATUR, SPA, MARCA KLIPEN, ACABADO BRILLANTE, COLOR BLANCO, LÍNEA PREMIUM, ESTILO DOBLE ISLA. INCLUYE: MANO DE OBRA CALIFICADA, MATERIALES, HERRAMIENTA, PRUEBAS Y LIMPIEZA. ','A',1.00,27945.85,'C','2017-10-17 22:42:13.705625',100,4),(432,1508279187023703,'AB-VS-IHS05','SUMINISTRO Y COLOCACIÓN DE PORTAPAPEL CROMADO MARCA DELTA. INCLUYE: MATERIAL, HERRAMIENTA Y MANO DE OBRA. P.U.O.T.','A',8.00,1323.40,'C','2017-10-17 22:42:13.708753',100,4),(433,1508279187027789,'AB-VS-IHS06','SUMINISTRO Y COLOCACIÓN DE TOALLERO DE BARRA MCA. DELTA CROMADA. INCLUYE: MATERIAL, HERRAMIENTA Y MANO DE OBRA. P.U.O.T.','A',8.00,936.48,'C','2017-10-17 22:42:13.712832',100,4),(434,1508279187031022,'AB-VS-IHS07','SUMINISTRO Y COLOCACIÓN DE JABONERA MCA. DELTA CROMADA. INCLUYE: MATERIAL, HERRAMIENTA Y MANO DE OBRA. P.U.O.T.','A',8.00,855.09,'C','2017-10-17 22:42:13.716195',100,4),(435,1508279187034409,'AB-VS-IHS08','SUMINISTRO Y COLOCACION DE CANCEL  DE ALUMINIO ANODIZADO NATURAL PARA BAÑO CON ACRILICO DE 1.42 X 2.20 M. INCLUYE: CORTES, DESPERDICIOS Y ACARREO DE MATERIALES AL SITIO DE SU UTILIZACION A CUALQUIER NIVEL','A',7.00,2057.98,'C','2017-10-17 22:42:13.719469',100,4),(436,1508279187037411,'AB-VS-IHS09','SUMINISTRO Y COLOCACION DE COLADERA HELVEX MOD. UNA BOCA 282-35-CHLI. INCLUYE: MATERIALES MENORES, PRUEBAS Y ACARREOS.','A',8.00,3267.67,'C','2017-10-17 22:42:13.722444',100,4),(437,1508279187040158,'094-48B','REGISTRO DE 40X60 CM Y  DE 1.00 A 1.50 CMS DE PROFUNDIDAD, CON MUROS DE TABIQUE COMUN DE 12.5 CM DE ESPESOR ASENTADO CON MORTERO CEMENTO-ARENA PROP: 1:5, APLANADO PULIDO INTERIOR CON CEMENTO GRIS, CONSIDERANDO: TAPA DE CONCRETO DE 60 X 40 CM Y CONTRAMARCO DE ANGULO 1 1/4\",  EXCAVACION, RELLENO, CONEXION DE TUBO. INCLUYE: MATERIAL, HERRAMIENTA Y MANO DE OBRA.  P.U.O.T.','A',15.00,1235.72,'C','2017-10-17 22:42:13.725175',100,4),(438,1508279187042888,'DSCO-026','BAJADA DE AGUAS PLUVIALES  DE PVC  DE 4\" CON UN DESARROLLO DE 4.00 MTS. INCLUYE: MATERIAL, MANO DE OBRA, HERRAMIENTA P.U.O.T.','A',1.00,169.88,'C','2017-10-17 22:42:13.727917',100,4),(439,1508279187045791,'GCAISC-0043','CONEXIÓN A LINEA DE DRENAJE MUNICIPAL, CON TUBERÍA DE ALBAÑAL DE 6\", INCLUYE EXCAVACIONES RELLENOS, DEMOLICIÓN Y REPOSICIÓN DE CARPETA ASFÁLTICA, LONGITUD ESTIMADA 4.5M (A LA CALLE DE PLAZA ESPAÑA), INCLUYE MATERIALES, MANO DE OBRA EQUIPO HERRAMIENTA Y TODO LO NECESARIO PARA SU CORRECTA EJECUCIÓN. P.U.O.T.','A',1.00,1549.43,'C','2017-10-17 22:42:13.730808',100,6),(440,1508279187048988,'094-55','CAJA PARA OPERACION DE VALVULAS. INCLUYE: PLANTILLA DE CONCRETO F\'C=100 KG/CM2 DE 10 CM DE ESPESOR, MURO DE TABIQUE RECOCIDO JUNTEADO CON MORTERO CEMENTO ARENA 1:3, SUMINISTRO Y HABILITADO DE ACERO DE REFUERZO, CORTES, AMARRES, CIMBRA DE MADERA O DESCIMBRADO, ELABORACION DE CONCRETO, VACIADO, COLADO, CURADO, SUMINISTRO DE LOS MATERIALES EN EL LUGAR DE LOS TRABAJOS Y TODO LO NECESARIO PARA SU CORRECTA EJECUCION.','A',1.00,1328.36,'C','2017-10-17 22:42:13.734021',100,4),(441,1508279187052022,'AB-VS-IHS10','SUMINISTRO Y COLOCACIÓN DE CALENTADOR DE 16 LTS AUTOMATICO BOSCH SIMILAR EN CARACTERISTICAS Y CALIDAD, INCLUYE: SOPORTE DE TUBO GALVANIZADO EMPOTRADO A MURO, RESANES, PRUEBAS DE FUNCIONAMIENTO, TODOS LOS MATERIALES QUE INTERVENGAN, MANO DE OBRA, HERRAMIENTA, EQUIPO, ACARREOS Y TODO LO NECESARIO PARA SU CORRECTA COLOCACIÓN. ','A',2.00,8562.27,'C','2017-10-17 22:42:13.737055',100,4),(442,1508279187054942,'AB-VS-IHS11','EQUIPO HIDRONEUMATICO DUPLEX, Q=3.03 L/S H= 22/32 MCA, INCLUYE:2 BOMBAS CENTRIFUGAS HORIZONTALES MCA. AURORA - PICSA 1X1+X7 /341, MOTOR ELECTRICO 3 HP, 3500 RPM, 60 HZ, 3F, 220/440 VOLTS, 1 TABLERO MCA. TC MODELO TPI-2BA-3-LB-SG-M-220 VOLTS, 1 TANQUE DE DIAFRAGMA MCA. WELL-X-TROL O EQ. DE 400 LTS. 1 JUEGO DE ACCESORIOS CON VALVULA DE ALIVIO WATT\'S 19MM Y AMORTIGUADOR DE GOLPE DE ARIETE','A',1.00,81086.00,'C','2017-10-17 22:42:13.739969',100,4),(443,1508279187057857,'ISC-018','SUMINISTRO Y COLOCACION DE TANQUE ESTACIONARIO CYTSA CAP. 300 LTS., INCLUYE: REGULADOR','A',1.00,3207.79,'C','2017-10-17 22:42:13.742970',100,4),(444,1508279187060902,'AB-VS-IHS12','SUMINISTRO Y COLOCACIÓN DE TRAMPA DE GRASA MARCA SKINCO, MODELO 250 I O SIMILAR EN CALIDAD Y CARACTERISTICAS, INCLUYE: EXCAVACIÓN, ARENA O TAMIZADO DE RELLENO, TAPA, CODO DE 2\" PARA LA ENTRADA DE AGUA, TE DE 2\" PARA LA SALIDA, TUBO DE 0.35 M, TUBO DE 0.45M, MANO DE OBRA, HERRAMIENTAS Y TODO LO NECESARIO PARA SU CORRECTA EJECUCIÓN. ','A',1.00,6912.37,'C','2017-10-17 22:42:13.745934',100,4),(445,1508279187063679,'AB-VS-IHS13','SUMINISTRO Y COLOCACIÓN DE POZO SÉPTICO MARCA SKINCO O SIMILAR EN CARACTERISTICAS Y CALIDAD, A BASE DE POLIETILENO DE 1000 Lts; INCLUYE; EXCAVACIÓN, RELLENO CON MATERIAL BLANDO, TAPA, CODO DE 4\" PARA ENTREDA, TE DE 4\" PARA LA SALIDA, HERRRAMIENTAS, EQUIPO Y TODO LO NECESARIO PARA SU CORRECTA INSTALACIÓN.','A',1.00,9255.23,'C','2017-10-17 22:42:13.748694',100,4),(446,1508279187067370,'AB-VS-IHA14','SUMINISTRO Y COLOCACIÓN DE TANQUE SÉPTICO MARCA SKINCO O SIMILAR EN CARACTERISTICAS Y CALIDAD, A BASE DE POLIETILENO DE 1000 Lts; INCLUYE; EXCAVACIÓN, RELLENO CON MATERIAL BLANDO, TAPA, CODO DE 4\" PARA ENTREDA, TE DE 4\" PARA LA SALIDA, HERRRAMIENTAS, EQUIPO Y TODO LO NECESARIO PARA SU CORRECTA INSTALACIÓN.','A',1.00,9799.79,'C','2017-10-17 22:42:13.752431',100,4),(447,1508279187070392,'AB-VS-EQ01','PREPARACIÓN PARA MINISPLIT DE 2 TON AHOGADA EN MURO, CON BASE DE HERRERIA, INCLUYE: INSTAQLACIÓN DE TUBERIAS, INTERCONEXIONES, AISLANTE DETALLADO Y LIMPIEZA DEL AREA, MANIOBRAS Y TODO LO NECESARIO PARA SU CORRECTA INSTALACIÓN. ','A',1.00,7685.82,'C','2017-10-17 22:42:13.755422',101,8),(448,1508279187073214,'AB-VS-EQ02','SIMINISTRO E INSTALACIÓN DE MINISPLIT DE 2 TON AHOGADA EN MURO, CON BASE DE HERRERÍA, INCLUYE: INSTALACIÓN DE TUBERÍAS, INTERCONEXIONES, AISLANTE DETALLADO Y LIMPIEZA DEL AREA, MANIOBRAS TODO LO NECESARIO PARA SU CORRECTA INSTALACIÓN.','A',1.00,24353.22,'C','2017-10-17 22:42:13.758256',101,4),(449,1508279187076366,'AB-VS-EQ03','SUMINISTRO Y COLOCACIÓN DE AIRE ACONDICIONADO TECHO, CONDUCTO OCULTO, INVERTER (53,900 Btu/h) MODELO ABNQ54GRLA0, DE 950 X 1380 X 330 MM, INCLUYE: HERRAMIENTAS, EQUIPO, ANDAMIOS, CORTES, LIMPIEZA Y TODO LO NECESARIO PARA SU CORRECTA INSTALACIÓN.','A',1.00,44102.38,'C','2017-10-17 22:42:13.761404',101,4),(450,1508279187079169,'AB-VS-EQ04','INSTALACIÓN DE CONDUCTOS PARA AIRE ACONDICIONADO CENTRALIZADO CON REJILLAS EN CADA ESPACIO DETERMINADO POR DISEÑO, INCLUYE: CORTES, REJILLAS, LIMPIEZA Y TODO LO NECESARIO PARA SU CORRECTA INSTALACIÓN.','A',0.00,1385.99,'C','2017-10-17 22:42:13.764223',101,3),(451,1508279187082849,'LIMP-001','LIMPIEZA FINA DE LA OBRA PARA SU ENTREGA , INCLUYE , MATERIAL MANO DE OBRA, HERRAMIENTA, ACARREO DE MATERIAL PRODUCTO DE LA MISMA A PIE DE CAMION Y LO NECESARIO PARA SU CORRECTA EJECUCION. LIMPIEZA DE CANCELERIA Y VIDRIOS, PUERTAS,BAÑOS,LAVADO DE PISOS Y PULIDO EN CASO DE SER NECESARIO, DEJANDO AREAS LISTAS PARA SU USO INMEDIATO.','A',1131.82,11.94,'C','2017-10-17 22:42:13.767994',102,2),(452,1508279187085916,'005-48','ACARREO DE MATERIALES SOBRANTES PRODUCTO DE EXCAVACIONES, DEMOLICIONES, LIMPIEZA DE OBRA (ESCOMBRO Y CASCAJO) A TIRO LIBRE PROPUESTO POR EL CONTRATISTA, INCLUYE:CARGA CON MAQUINA, MANO DE OBRA, EQUIPO Y HERRAMIENTA P.U.O.T.','A',147.14,99.41,'C','2017-10-17 22:42:13.770997',102,1),(453,1508279187088850,'B-001-P01','LIMPIA DE TERRENO PARA TRAZO DE EDIFICIOS, INCLUYE DESPALME, ACARREO DE ESCOMBRO FUERA DE LA OBRA CON CARGA A MANO. (U.C.T.T.)','A',145.50,7.31,'C','2017-10-17 22:42:13.773873',105,2),(454,1508279187092240,'3.1.B1','TRAZO Y NIVELACION  DE TERRENO CON EQUIPO TOPOGRAFICO ESTABLECIENDO EJES DE REFERENCIA Y BANCOS DE NIVEL, INCLUYE: MATERIALES, MANO DE OBRA, EQUIPO Y HERRAMIENTA P.U.O.T.','A',145.50,3.55,'C','2017-10-17 22:42:13.777302',105,2),(455,1508279187095757,'001-23-P01','EXCAVACION A MANO EN CEPA HASTA 2.00 MTS. DE PROF. EN CUALQUIER TIPO DE MATERIAL; INCLUYE: AFINE DE TALUDES  Y FONDO,  INCLUIR ACARREOS DE MATERIAL SOBRANTE FUERA DE LA OBRA, INCLUYE: MANO DE OBRA, EQUIPO, HERRAMIENTA.  P.U.O.T.','A',96.75,194.96,'C','2017-10-17 22:42:13.780814',106,1),(456,1508279187098716,'093-05B-CE-01','BASE CON MATERIAL DE BANCO, CON UN ESPESOR DE 50 CMS. Y COMPACTADA AL 95% DE SU P.V.S.M., INCLUYE: SUMINISTRO Y ACARREO DEL MATERIAL PUESTO EN LA OBRA, ACAMELLONADO, INCORPORACIÓN DE AGUA Y SU ACARREO, MEZCLADO, TENDIDO, AFINE Y COMPACTACIÓN, MANO DE OBRA, EQUIPO Y HERRAMIENTA. P.U.O.T.','A',16.67,264.33,'C','2017-10-17 22:42:13.783744',106,1),(457,1508279187101544,'BP-003','PLANTILLA DE CONCRETO HIDRAULICO SIMPLE DE 5 CMS. DE ESPESOR HECHO EN OBRA F\'C=100 KG/CM2 RESINTENCIA NORMAL, TAMAÑO MAXIMO AGREGADO DE 3/4\", INCLUYE: MATERIALES, HERRAMIENTAS, EQUIPO DE SEGURIDAD, MANO DE OBRA Y EQUIPO MENOR.','A',27.50,89.15,'C','2017-10-17 22:42:13.786562',106,2),(458,1508279187104232,'BP-006-1','CADENA DE DESPLANTE DE SECCION 20 X 40 CM. DE CONCRETO HIDRAULICO HECHO EN OBRA F\'C=200 KG/CM2 RESINTENCIA NORMAL, TAMAÑO MAXIMO AGREGADO DE 3/4\", REFORZADO 6 VARILLAS DE ACERO DEL No.4 (1/2\") Y ESTRIBOS DEL No. 2 (1/4\") A CADA 20 CM. ACABADO COMUN, INCLUYE: VIBRADO, CURADO, CIMBRA Y DESCIMBRA, MATERIALES, HERRAMIENTAS, EQUIPO DE SEGURIDAD, MANO DE OBRA Y EQUIPO MENOR.','A',55.57,392.98,'C','2017-10-17 22:42:13.789246',106,3),(459,1508279187107222,'009-15-01','LOSA DE CIMENTACION (SEGÚN DISEÑO DE 18.80 X 5.00 X 0.10 MTS. COLADA CON CONCRETO HIDRAULICO F`C=200KG/CM2, ARMADA CON ACERO FY=4200 KG/CM2 DEL NO. 3 @20 CMS. EN AMBOS SENTIDOS, CON CUADRO CASTILLOS PERIMETRALES DE 20 X 20 S20 CMS. Y UNO CENTRAL DE 40 X 20 X 20 CMS, ARMADOS, CON VARILLA SEL NO. 3 Y ESTRIBOS DEL NO. 2 10 CMS, INCLUYE: TAQUETES EXPANSIVOS GALVANIZADO TIPO HILTI KBII 1/4, EXCAVACION RELLENO, MATERIAL, MANO DE OBRA, EQUIPO, HERRAMIENTA Y TODO LO NESESARIO PARA SU CORRECTA  EJECUCION, P.U.O.T.','A',96.75,1109.31,'C','2017-10-17 22:42:13.792257',106,2),(460,1508279187110150,'AB-CE-ES-CE01','BASAMENTO CON DIMENSIONES DE 40 X 40 X 40 CMS. A BASE DE CONCRETO F\'c=200 Kg/cm2, ARMADO CON 8 VARILLAS DE 3/8\'\' Y ESTRIBOS 1/4\'\' @ 20 CMS. EN ACERO FY=4200 KG/CM2. INCLUYE: RECUBRIMIENTO A BASE DE PIEDRA LAJA ASENTADA CON MORTERO CEMENTO-ARENA EN PROPORCION 1:4, VIBRADO, CURADO, CIMBRA Y DESCIMBRA, MATERIALES, MANO DE OBRA, HERRAMIENTA, EQUIPO DE SEGURIDAD Y TODO LO NESESARIO PARA SU CORRECTA  EJECUCION, P.U.O.T.','A',8.00,584.39,'C','2017-10-17 22:42:13.795169',107,4),(461,1508279187112920,'AB-CE-ES-CE02','SUMINISTRO Y COLOCACION DE COLUMNA DE MADERA DE PINO DE PRIMERA CALIDAD, DE SECCION 0.30 X 0.30 Y 2.85 MTS. DE ALTURA. INLCUYE: ANCLAJE A BASAMENTO CON PLACA DE ACERO DE 1/4\'\' DE ESPESOR, SEGUN DISEÑO ESTRUCTURAL,  TRATAMIENTO PARA MADERA A BASE DE PENTACLOROFENOL,  Y ACEITE DE LINAZA APLICADO CON BROCHA A DOS MANOS, MATERIAL, MANO DE OBRA, HERRAMIENTA, EQUIPO DE PROTECCIÓN CONTRA GASES TÓXICOS Y TODO LO NECESARIO PARA SU EJECUCIÓN. P.U.O.T.','A',4.00,6966.68,'C','2017-10-17 22:42:13.797936',107,4),(462,1508279187116465,'AB-CE-ES-CE03','SUMINISTRO Y COLOCACION DE COLUMNA DE MADERA DE PINO DE PRIMERA CALIDAD, DE SECCION 0.30 X 0.30 Y 4.05 MTS. DE ALTURA, CON ACABADO NATURAL Y TRATAMIENTO CONTRA LA INTEMPERIE. INLCUYE: ANCLAJE A BASAMENTO CON PLACA DE ACERO DE 1/4\'\' DE ESPESOR, SEGUN DISEÑO ESTRUCTURAL,  TRATAMIENTO PARA MADERA A BASE DE PENTACLOROFENOL,  Y ACEITE DE LINAZA APLICADO CON BROCHA A DOS MANOS, MATERIAL, MANO DE OBRA, HERRAMIENTA, EQUIPO DE PROTECCIÓN CONTRA GASES TÓXICOS Y TODO LO NECESARIO PARA SU EJECUCIÓN. P.U.O.T.','A',4.00,10696.56,'C','2017-10-17 22:42:13.801492',107,4),(463,1508279187119187,'AB-VIG-01','SUMINISTRO Y COLOCACION DE TRABE DE MADERA DE PINO DE PRIMERA CALIDAD, DE SECCION 0.20 X 0.30 MTS. INCLUYE: ANCLAJE A COLUMNA CON PLACA DE ACERO DE 1/4\'\' DE ESPESOR, SEGÚN DISEÑO ESTRUCTURAL, TRATAMIENTO PARA MADERA A BASE DE PENTACLOROFENOL,  Y ACEITE DE LINAZA APLICADO CON BROCHA A DOS MANOS, MATERIAL, MANO DE OBRA, HERRAMIENTA, EQUIPO DE PROTECCIÓN CONTRA GASES TÓXICOS Y TODO LO NECESARIO PARA SU EJECUCIÓN. P.U.O.T.','A',39.60,1459.89,'C','2017-10-17 22:42:13.804198',107,3),(464,1508279187122106,'AB-VIG-02','SUMINISTRO Y COLOCACION DE VIGA DE MADERA DE PINO DE PRIMERA CALIDAD, DE SECCION 0.10 X 0.20 X 6.00 MTS. @ 0.40 MTS. INCLUYE: ANCLAJE A TRABE CON CLAVO DE ACERO DE 4\'\', TRATAMIENTO PARA MADERA A BASE DE PENTACLOROFENOL,  Y ACEITE DE LINAZA APLICADO CON BROCHA A DOS MANOS, MATERIAL, MANO DE OBRA, HERRAMIENTA, EQUIPO DE PROTECCIÓN CONTRA GASES TÓXICOS Y TODO LO NECESARIO PARA SU EJECUCIÓN. P.U.O.T.','A',48.00,1776.52,'C','2017-10-17 22:42:13.807144',107,4),(465,1508279187125066,'AB-CE-C-01','TRIPLAY DE 21MM. DE ESPESOR INCLUYE: TRATAMIENTO PARA MADERA A BASE DE PENTACLOROFENOL,  Y ACEITE DE LINAZA APLICADO CON BROCHA A DOS MANOS, MATERIAL, MANO DE OBRA, HERRAMIENTA, EQUIPO DE PROTECCIÓN CONTRA GASES TÓXICOS Y TODO LO NECESARIO PARA SU EJECUCIÓN. P.U.O.T.','A',118.70,350.22,'C','2017-10-17 22:42:13.810108',108,2),(466,1508279187127951,'024-16B','IMPERMEABILIZANTE AL-KOAT TIPO PA-40T SBS  DE 4.0 MM DE ESPESOR, ACABADO FINAL CON GRAVILLA CERAMICA COLOR TERRACOTA, CON APLICACION PREVIA DE PRIMARIA AL-KOAT BASE AGUA, COLOCADA LA MEMBRANA CON SOPLETE DE GAS, TRASLAPES DE 10 CM INC: LIMPIEZA PREVIA DE LA SUPERFICIE Y POSTERIOR A LA APLICACION (BARRIDO), MATERIAL, HERRAMIENTA Y MANO DE OBRA ( 5 AÑOS DE GARANTIA) P.U.O.T.','A',118.70,193.16,'C','2017-10-17 22:42:13.812962',108,2),(467,1508279187130612,'GCAISC-0045-C01','SUMINISTRO Y COLOCACION DE TEJA DE BARRO COLOR NATURAL DE 30X15X1.4 CM EN CUBIERTA INCLINADA. INCLUYE: CARGO DIRECTO POR EL COSTO DE LOS MATERIALES Y MANO DE OBRA QUE INTERVENGAN, FLETE A OBRA, DESPERDICIO, ACARREO HASTA EL LUGAR DE SU UTILIZACION, COLOCACION, ELEMENTOS DE FIJACION,  DESPERDICIOS , ELEVACIONES, LIMPIEZA Y RETIRO DE SOBRANTES FUERA DE OBRA, EQUIPO DE SEGURIDAD, INSTALACIONES ESPECIFICAS, DEPRECIACION Y DEMAS CARGOS DERIVADOS DEL USO DE HERRAMIENTA Y EQUIPO, EN CUALQUIER NIVEL. P.U.O.T.','A',118.70,308.19,'C','2017-10-17 22:42:13.815621',108,2),(468,1508279187133716,'B-001-P01','LIMPIA DE TERRENO PARA TRAZO DE EDIFICIOS, INCLUYE DESPALME, ACARREO DE ESCOMBRO FUERA DE LA OBRA CON CARGA A MANO. (U.C.T.T.)','A',116.00,7.31,'C','2017-10-17 22:42:13.818747',110,2),(469,1508279187136511,'3.1.B1','TRAZO Y NIVELACION  DE TERRENO CON EQUIPO TOPOGRAFICO ESTABLECIENDO EJES DE REFERENCIA Y BANCOS DE NIVEL, INCLUYE: MATERIALES, MANO DE OBRA, EQUIPO Y HERRAMIENTA P.U.O.T.','A',116.00,3.55,'C','2017-10-17 22:42:13.821600',110,2),(470,1508279187139811,'001-23-P01','EXCAVACION A MANO EN CEPA HASTA 2.00 MTS. DE PROF. EN CUALQUIER TIPO DE MATERIAL; INCLUYE: AFINE DE TALUDES  Y FONDO,  INCLUIR ACARREOS DE MATERIAL SOBRANTE FUERA DE LA OBRA, INCLUYE: MANO DE OBRA, EQUIPO, HERRAMIENTA.  P.U.O.T.','A',1.30,194.96,'C','2017-10-17 22:42:13.824826',111,1),(471,1508279187142432,'BP-003','PLANTILLA DE CONCRETO HIDRAULICO SIMPLE DE 5 CMS. DE ESPESOR HECHO EN OBRA F\'C=100 KG/CM2 RESINTENCIA NORMAL, TAMAÑO MAXIMO AGREGADO DE 3/4\", INCLUYE: MATERIALES, HERRAMIENTAS, EQUIPO DE SEGURIDAD, MANO DE OBRA Y EQUIPO MENOR.','A',1.08,89.15,'C','2017-10-17 22:42:13.827441',111,2),(472,1508279187145030,'BP-005-P-C01','DADO DE CIMENTACION AISLADO DE SECCION 0.30 X 0.30 Y 0.30 MTS. DE ALTURA DE CONCRETO HIDRAULICO HECHO EN OBRA F\'C=250 KG/CM2 RESINTENCIA NORMAL, TAMAÑO MAXIMO AGREGADO DE 3/4\", REFORZADO 6 VARILLAS DE ACERO DEL No.3 (3/8\") Y ESTRIBOS DEL No. 2 (1/4\") A CADA 10 CMS. ACABADO COMUN, INCLUYE: VIBRADO, CURADO, CIMBRA Y DESCIMBRA, MATERIALES, HERRAMIENTAS, EQUIPO DE SEGURIDAD, MANO DE OBRA Y EQUIPO MENOR.','A',12.00,209.90,'C','2017-10-17 22:42:13.830041',111,4),(473,1508279187148474,'AB-PE-CI-01','CONTRATRABE DE CIMENTACION SEC CION  0.20 X 0.40  MTS. CONCRETO F\'C=200 KG/CM² ARMADO CON 6 VA RILLAS # 4 FY= 4200 Y ESTRIBOS DEL N.2 @ 20 CMS. F\'Y= 2400 KG /CM2. INCLUYE: MATERIALES MANO DE OBRA, CIMBRA COMUN, DESCIMBRADO, COLADO, CURADO, VIBRADO \'DESPERDICIOS,  ACARREOS DENTRO Y  FUERA DE LA OBRA, ELEVACIÓN A CUALQUIER  ALTURA, ANDAMIOS, HERRAMIENTA, EQUIPO, RETIRO DE MATERIAL  SOBRANTE FUERA DE LA OBRA, LIMPIEZA Y TODO LO NECESARIO  PARA SU CORRECTA EJECUCION P.U.O.T.','A',29.00,351.93,'C','2017-10-17 22:42:13.833608',111,3),(474,1508279187152426,'006-01B','RELLENO COMPACTADO CON PIZON DE MANO EN CAPAS DE 20 CM UTILIZANDO MATERIAL PRODUCTO DE LA EXCAVACION, CONSIDERANDO EL ACARREO DE MATERIAL EN CARRETILLA AL AREA DE TRABAJO. INCLUYE: AGUA, HERRAMIENTA, ACARREO Y MANO DE OBRA. P.U.O.T.','A',0.22,104.98,'C','2017-10-17 22:42:13.837459',111,1),(475,1508279187155458,'AB-PE-EST-01','SUMINISTRO Y COLOCACION DE COLUMNA DE MADERA DE PINO DE PRIMERA CALIDAD, DE SECCION 0.30 X 0.30 Y 3.40 MTS. DE ALTURA. INLCUYE: ANCLAJE A DADO DE CIMENTACION CON PLACA DE ACERO DE 1/4\'\' DE ESPESOR, SEGUN DISEÑO ESTRUCTURAL,  TRATAMIENTO PARA MADERA A BASE DE PENTACLOROFENOL,  Y ACEITE DE LINAZA APLICADO CON BROCHA A DOS MANOS, MATERIAL, MANO DE OBRA, HERRAMIENTA, EQUIPO DE PROTECCIÓN CONTRA GASES TÓXICOS Y TODO LO NECESARIO PARA SU EJECUCIÓN. P.U.O.T.','A',12.00,7418.90,'C','2017-10-17 22:42:13.840481',112,4),(476,1508279187158139,'AB-PE-VIG-01','SUMINISTRO Y COLOCACION DE TRABE DE MADERA DE PINO DE PRIMERA CALIDAD, DE SECCION 0.20 X 0.30 MTS. INCLUYE: ANCLAJE A COLUMNA CON PLACA DE ACERO DE 1/4\'\' DE ESPESOR, SEGÚN DISEÑO ESTRUCTURAL, TRATAMIENTO PARA MADERA A BASE DE PENTACLOROFENOL,  Y ACEITE DE LINAZA APLICADO CON BROCHA A DOS MANOS, MATERIAL, MANO DE OBRA, HERRAMIENTA, EQUIPO DE PROTECCIÓN CONTRA GASES TÓXICOS Y TODO LO NECESARIO PARA SU EJECUCIÓN. P.U.O.T.','A',36.00,1459.89,'C','2017-10-17 22:42:13.843152',112,3),(477,1508279187160983,'AB-PE-VIG-02','SUMINISTRO Y COLOCACION DE VIGA DE MADERA DE PINO DE PRIMERA CALIDAD, DE SECCION 0.10 X 0.20 X 3.80 MTS. @ 0.40 MTS. INCLUYE: ANCLAJE A TRABE CON CLAVO DE ACERO DE 4\'\', TRATAMIENTO PARA MADERA A BASE DE PENTACLOROFENOL,  Y ACEITE DE LINAZA APLICADO CON BROCHA A DOS MANOS, MATERIAL, MANO DE OBRA, HERRAMIENTA, EQUIPO DE PROTECCIÓN CONTRA GASES TÓXICOS Y TODO LO NECESARIO PARA SU EJECUCIÓN. P.U.O.T.','A',89.00,1165.69,'C','2017-10-17 22:42:13.846001',112,4),(478,1508279187163809,'B-001','LIMPIA DE TERRENO PARA TRAZO DE EDIFICIOS, INCLUYE DESPALME, ACARREO DE ESCOMBRO FUERA DE LA OBRA CON CARGA A MANO. (U.C.T.T.)','A',46.25,7.31,'C','2017-10-17 22:42:13.848875',114,2),(479,1508279187166541,'3.1.B1','TRAZO Y NIVELACION  DE TERRENO CON EQUIPO TOPOGRAFICO ESTABLECIENDO EJES DE REFERENCIA Y BANCOS DE NIVEL, INCLUYE: MATERIALES, MANO DE OBRA, EQUIPO Y HERRAMIENTA P.U.O.T.','A',46.25,3.55,'C','2017-10-17 22:42:13.851550',114,2),(480,1508279187169147,'001-23','EXCAVACION A MANO EN CEPA HASTA 2.00 MTS. DE PROF. EN CUALQUIER TIPO DE MATERIAL; INCLUYE: AFINE DE TALUDES  Y FONDO,  INCLUIR ACARREOS DE MATERIAL SOBRANTE FUERA DE LA OBRA, INCLUYE: MANO DE OBRA, EQUIPO, HERRAMIENTA.  P.U.O.T.','A',5.71,194.96,'C','2017-10-17 22:42:13.854157',115,1),(481,1508279187171882,'BP-003','PLANTILLA DE CONCRETO HIDRAULICO SIMPLE DE 5 CMS. DE ESPESOR HECHO EN OBRA F\'C=100 KG/CM2 RESINTENCIA NORMAL, TAMAÑO MAXIMO AGREGADO DE 3/4\", INCLUYE: MATERIALES, HERRAMIENTAS, EQUIPO DE SEGURIDAD, MANO DE OBRA Y EQUIPO MENOR.','A',5.44,89.15,'C','2017-10-17 22:42:13.857139',115,2),(482,1508279187175121,'CIM-006F','ZAPATA AISLADA DE 0.80X0.80X0.20 MTS DE CONCRETO F\'C= 250 KG/CM2, ARMADA CON VARILLA DE NO.4 @ 15 CMS EN AMBOS SENTIDOS DE 20 CM DE ESPESOR, INCLUYE: CIMBRA, DESCIMBRA, AGUA, MATERIAL, HERRAMIENTA Y TODO LO NECESARIO PARA SU CORRECTA EJECUCION P.U.O.T.','A',4.00,629.42,'C','2017-10-17 22:42:13.860143',115,4),(483,1508279187177817,'3002003','CONTRATRABE DE CIMENTACION SEC CION  0.20 X 0.40  MTS. CONCRETO F\'C=200 KG/CM² ARMADO CON 6 VA RILLAS # 4 FY= 4200 Y ESTRIBOS DEL N.2 @ 20 CMS. F\'Y= 2400 KG /CM2. INCLUYE: MATERIALES MANO DE OBRA, CIMBRA COMUN, DESCIMBRADO, COLADO, CURADO, VIBRADO \'DESPERDICIOS,  ACARREOS DENTRO Y  FUERA DE LA OBRA, ELEVACIÓN A CUALQUIER  ALTURA, ANDAMIOS, HERRAMIENTA, EQUIPO, RETIRO DE MATERIAL  SOBRANTE FUERA DE LA OBRA, LIMPIEZA Y TODO LO NECESARIO  PARA SU CORRECTA EJECU- CION P.U.O.T.','A',14.40,444.80,'C','2017-10-17 22:42:13.862831',115,3),(484,1508279187180655,'ISC-045-ML01','DADO DE CONCRETO DE 0.40 X 0.40 X 1.00 MTS.  ARMADO CON 8 VARILLAS DEL N.4 Y ESTRIBOS DEL N.3 A 15 CM, CONCRETO F\'C=250KG/CM2 FRAGUADO NORMAL PARA CIMENTACIÓN, ARRIOSTRES Y ESTRUCTURA, ASÍ COMO PARA RESANE DE PISO DEMOLIDO. INCLUYE: MATERIAL Y SU ELEVACIÓN, PROTECCIÓN DEL ÁREA DONDE SE FABRICARÁ, COLOCACIÓN,VIBRADO,CURADO,ACARREO DE SOBRANTES A PIE DE CAMIÓN,DESPERDICIOS, LIMPIEZA Y LO NECESARIO PARA SU CORRECTA EJECUCIÓN. P.U.O.T.','A',4.00,766.60,'C','2017-10-17 22:42:13.865958',115,4),(485,1508279187183960,'006-01B','RELLENO COMPACTADO CON PIZON DE MANO EN CAPAS DE 20 CM UTILIZANDO MATERIAL PRODUCTO DE LA EXCAVACION, CONSIDERANDO EL ACARREO DE MATERIAL EN CARRETILLA AL AREA DE TRABAJO. INCLUYE: AGUA, HERRAMIENTA, ACARREO Y MANO DE OBRA. P.U.O.T.','A',2.16,104.98,'C','2017-10-17 22:42:13.868987',115,1),(486,1508279187186703,'AB-ML-EST-01','BASAMENTO CON DIMENSIONES DE 40 X 40 X 40 CMS. A BASE DE CONCRETO F\'c=200 Kg/cm2, ARMADO CON 8 VARILLAS DE 3/8\'\' Y ESTRIBOS 1/4\'\' @ 20 CMS. EN ACERO FY=4200 KG/CM2. INCLUYE: RECUBRIMIENTO A BASE DE PIEDRA LAJA ASENTADA CON MORTERO CEMENTO-ARENA EN PROPORCION 1:4, VIBRADO, CURADO, CIMBRA Y DESCIMBRA, MATERIALES, MANO DE OBRA, HERRAMIENTA, EQUIPO DE SEGURIDAD Y TODO LO NESESARIO PARA SU CORRECTA  EJECUCION, P.U.O.T.','A',4.00,584.39,'C','2017-10-17 22:42:13.871772',116,4),(487,1508279187189766,'AB-ML-EST-02','SUMINISTRO Y COLOCACION DE COLUMNA DE MADERA DE PINO DE PRIMERA CALIDAD, DE SECCION 0.30 X 0.30 Y 2.85 MTS. DE ALTURA. INLCUYE: ANCLAJE A BASAMENTO CON PLACA DE ACERO DE 1/4\'\' DE ESPESOR, SEGUN DISEÑO ESTRUCTURAL,  TRATAMIENTO PARA MADERA A BASE DE PENTACLOROFENOL,  Y ACEITE DE LINAZA APLICADO CON BROCHA A DOS MANOS, MATERIAL, MANO DE OBRA, HERRAMIENTA, EQUIPO DE PROTECCIÓN CONTRA GASES TÓXICOS Y TODO LO NECESARIO PARA SU EJECUCIÓN. P.U.O.T.','A',4.00,6966.68,'C','2017-10-17 22:42:13.874786',116,4),(488,1508279187192632,'AB-ML-VIG-01','SUMINISTRO Y COLOCACION DE TRABE DE MADERA DE PINO DE PRIMERA CALIDAD, DE SECCION 0.20 X 0.30 MTS. INCLUYE: ANCLAJE A COLUMNA CON PLACA DE ACERO DE 1/4\'\' DE ESPESOR, SEGÚN DISEÑO ESTRUCTURAL, TRATAMIENTO PARA MADERA A BASE DE PENTACLOROFENOL,  Y ACEITE DE LINAZA APLICADO CON BROCHA A DOS MANOS, MATERIAL, MANO DE OBRA, HERRAMIENTA, EQUIPO DE PROTECCIÓN CONTRA GASES TÓXICOS Y TODO LO NECESARIO PARA SU EJECUCIÓN. P.U.O.T.','A',36.80,1459.89,'C','2017-10-17 22:42:13.877733',116,3),(489,1508279187195654,'AB-ML-VIG-02','SUMINISTRO Y COLOCACION DE VIGA DE MADERA DE PINO DE PRIMERA CALIDAD, DE SECCION 0.10 X 0.20  MTS Y LONGITUD VARIABLE. @ 0.40 MTS. INCLUYE: ANCLAJE A TRABE CON CLAVO DE ACERO DE 4\'\', TRATAMIENTO PARA MADERA A BASE DE PENTACLOROFENOL,  Y ACEITE DE LINAZA APLICADO CON BROCHA A DOS MANOS, MATERIAL, MANO DE OBRA, HERRAMIENTA, EQUIPO DE PROTECCIÓN CONTRA GASES TÓXICOS Y TODO LO NECESARIO PARA SU EJECUCIÓN. P.U.O.T.','A',20.00,1776.52,'C','2017-10-17 22:42:13.880676',116,4),(490,1508279187198324,'AB-ML-CU-01','TRIPLAY DE 21MM. DE ESPESOR INCLUYE: TRATAMIENTO PARA MADERA A BASE DE PENTACLOROFENOL,  Y ACEITE DE LINAZA APLICADO CON BROCHA A DOS MANOS, MATERIAL, MANO DE OBRA, HERRAMIENTA, EQUIPO DE PROTECCIÓN CONTRA GASES TÓXICOS Y TODO LO NECESARIO PARA SU EJECUCIÓN. P.U.O.T.','A',47.60,350.22,'C','2017-10-17 22:42:13.883355',117,2),(491,1508279187200980,'024-16B','IMPERMEABILIZANTE AL-KOAT TIPO PA-40T SBS  DE 4.0 MM DE ESPESOR, ACABADO FINAL CON GRAVILLA CERAMICA COLOR TERRACOTA, CON APLICACION PREVIA DE PRIMARIA AL-KOAT BASE AGUA, COLOCADA LA MEMBRANA CON SOPLETE DE GAS, TRASLAPES DE 10 CM INC: LIMPIEZA PREVIA DE LA SUPERFICIE Y POSTERIOR A LA APLICACION (BARRIDO), MATERIAL, HERRAMIENTA Y MANO DE OBRA ( 5 AÑOS DE GARANTIA) P.U.O.T.','A',47.60,193.16,'C','2017-10-17 22:42:13.885989',117,2),(492,1508279187204518,'GCAISC-0045-ML01','SUMINISTRO Y COLOCACION DE TEJA DE BARRO COLOR NATURAL DE 30X15X1.4 CM EN CUBIERTA INCLINADA. INCLUYE: CARGO DIRECTO POR EL COSTO DE LOS MATERIALES Y MANO DE OBRA QUE INTERVENGAN, FLETE A OBRA, DESPERDICIO, ACARREO HASTA EL LUGAR DE SU UTILIZACION, COLOCACION, ELEMENTOS DE FIJACION,  DESPERDICIOS , ELEVACIONES, LIMPIEZA Y RETIRO DE SOBRANTES FUERA DE OBRA, EQUIPO DE SEGURIDAD, INSTALACIONES ESPECIFICAS, DEPRECIACION Y DEMAS CARGOS DERIVADOS DEL USO DE HERRAMIENTA Y EQUIPO, EN CUALQUIER NIVEL. P.U.O.T.','A',47.60,308.19,'C','2017-10-17 22:42:13.889548',117,2),(493,1508279187207284,'B-001','LIMPIA DE TERRENO PARA TRAZO DE EDIFICIOS, INCLUYE DESPALME, ACARREO DE ESCOMBRO FUERA DE LA OBRA CON CARGA A MANO. (U.C.T.T.)','A',465.57,7.31,'C','2017-10-17 22:42:13.892295',119,2),(494,1508279187210006,'3.1.B1','TRAZO Y NIVELACION  DE TERRENO CON EQUIPO TOPOGRAFICO ESTABLECIENDO EJES DE REFERENCIA Y BANCOS DE NIVEL, INCLUYE: MATERIALES, MANO DE OBRA, EQUIPO Y HERRAMIENTA P.U.O.T.','A',465.57,3.55,'C','2017-10-17 22:42:13.895018',119,2),(495,1508279187212873,'001-23','EXCAVACION A MANO EN CEPA HASTA 2.00 MTS. DE PROF. EN CUALQUIER TIPO DE MATERIAL; INCLUYE: AFINE DE TALUDES  Y FONDO,  INCLUIR ACARREOS DE MATERIAL SOBRANTE FUERA DE LA OBRA, INCLUYE: MANO DE OBRA, EQUIPO, HERRAMIENTA.  P.U.O.T.','A',426.20,194.96,'C','2017-10-17 22:42:13.897905',120,1),(496,1508279187215633,'BP-003','PLANTILLA DE CONCRETO HIDRAULICO SIMPLE DE 5 CMS. DE ESPESOR HECHO EN OBRA F\'C=100 KG/CM2 RESINTENCIA NORMAL, TAMAÑO MAXIMO AGREGADO DE 3/4\", INCLUYE: MATERIALES, HERRAMIENTAS, EQUIPO DE SEGURIDAD, MANO DE OBRA Y EQUIPO MENOR.','A',355.17,89.15,'C','2017-10-17 22:42:13.900642',120,2),(497,1508279187218245,'009-15-AL-01','LOSA DE CIMENTACION DE 15 CMS. DE ESPESOR, COLADA CON CONCRETO HIDRAULICO F`C=200KG/CM2, ARMADA CON ACERO FY=4200 KG/CM2 DEL NO. 3 @20 CMS. EN AMBOS SENTIDOS.  INCLUYE: CIMBRA ACABADO APARENTE, VACIADO, VIBRADO Y CURADO DEL CONCRETO, ACARREOS, CORTES Y DESPERDICIOS. P.U.O.T.','A',335.68,621.96,'C','2017-10-17 22:42:13.903247',120,2),(498,1508279187221427,'ARLISC-008-AL-01','MURO DE CONCRETO ARMADO DE 15 CMS. DE ESPESOR, ARMADO CON DOBLE PARRILLA DE VARILLA DE 3/8\'\'  A CADA 20 CMS. Y CONCRETO F C= 200 KG/CM2, INCLUYE: CIMBRA ACABADO APARENTE, VACIADO, VIBRADO Y CURADO DEL CONCRETO, ACARREOS, CORTES Y DESPERDICIOS. P.U.O.T.','A',123.66,957.66,'C','2017-10-17 22:42:13.906463',120,2),(499,1508279187224201,'AB-AL-AC-01','SUMINISTRO Y COLOCACION A PLOMO, REGLA Y NIVEL DE AZULEJO EN PISO Y MUROS DE ALBERCA, MARCA Y MODELO POR ESPECIFICAR. ASENTADO CON PEGAZULEJO  DE BAJA ABSORCION. INCLUYE: SUMINISTRO DE MATERIALES, BOQUILLA, MANO DE OBRA, CORTES, DESPERDICIOS, HERRAMIENTA, EQUIPO, ACARREOS Y TODO LO NECESARIO PARA SU CORRECTA EJECUCIÓN. P.U.O.T.','A',459.34,351.41,'C','2017-10-17 22:42:13.909204',121,2),(500,1508279187226817,'AB-AL-IHS-02','SUMINISTRO Y COLOCACION DE FUENTE DECORATIVA SEGÚN DISEÑO. INCLUYE: INSTALACION, CONEXIONES, DERIVACIONES Y RAMALEO, SUMINISTRO Y COLOCACION DE LOS MATERIALES EN EL SITIO DE SU UTILIZACION, MANO DE OBRA, EQUIPO Y HERRAMIENTA P.U.O.T.','A',1.00,20664.70,'C','2017-10-17 22:42:13.911823',122,4),(501,1508279187229799,'B-001','LIMPIA DE TERRENO PARA TRAZO DE EDIFICIOS, INCLUYE DESPALME, ACARREO DE ESCOMBRO FUERA DE LA OBRA CON CARGA A MANO. (U.C.T.T.)','A',7.84,7.31,'C','2017-10-17 22:42:13.914822',124,2),(502,1508279187233228,'3.1.B1','TRAZO Y NIVELACION  DE TERRENO CON EQUIPO TOPOGRAFICO ESTABLECIENDO EJES DE REFERENCIA Y BANCOS DE NIVEL, INCLUYE: MATERIALES, MANO DE OBRA, EQUIPO Y HERRAMIENTA P.U.O.T.','A',7.84,3.55,'C','2017-10-17 22:42:13.918250',124,2),(503,1508279187235949,'001-23','EXCAVACION A MANO EN CEPA HASTA 2.00 MTS. DE PROF. EN CUALQUIER TIPO DE MATERIAL; INCLUYE: AFINE DE TALUDES  Y FONDO,  INCLUIR ACARREOS DE MATERIAL SOBRANTE FUERA DE LA OBRA, INCLUYE: MANO DE OBRA, EQUIPO, HERRAMIENTA.  P.U.O.T.','A',1.78,194.96,'C','2017-10-17 22:42:13.921131',125,1),(504,1508279187239186,'093-05B-CMA-01','BASE CON MATERIAL DE BANCO, CON UN ESPESOR DE 50 CMS. Y COMPACTADA AL 95% DE SU P.V.S.M., INCLUYE: SUMINISTRO Y ACARREO DEL MATERIAL PUESTO EN LA OBRA, ACAMELLONADO, INCORPORACIÓN DE AGUA Y SU ACARREO, MEZCLADO, TENDIDO, AFINE Y COMPACTACIÓN, MANO DE OBRA, EQUIPO Y HERRAMIENTA. P.U.O.T.','A',1.62,352.79,'C','2017-10-17 22:42:13.924215',125,1),(505,1508279187241977,'BP-003','PLANTILLA DE CONCRETO HIDRAULICO SIMPLE DE 5 CMS. DE ESPESOR HECHO EN OBRA F\'C=100 KG/CM2 RESINTENCIA NORMAL, TAMAÑO MAXIMO AGREGADO DE 3/4\", INCLUYE: MATERIALES, HERRAMIENTAS, EQUIPO DE SEGURIDAD, MANO DE OBRA Y EQUIPO MENOR.','A',1.28,89.15,'C','2017-10-17 22:42:13.926994',125,2),(506,1508279187244837,'ISC-046','CONTRATRABE DE 20X40 CMS. DE CONCRETO F´C= 200 KG/CM2 ARMADO CON 4 VARILLAS DEL No. 4 Y ESTRIBOS DEL No. 2 @ 20 CMS., CIMBRA COMÚN, INCLUYE: HABILITADO, ARMADO, CIMBRA Y DESCIMBRA, COLADO, MATERIAL, MANO DE OBRA, HERRAMIENTA, EQUIPO Y TODO LO NECESARIO PARA SU CORRECTA EJECUCIÓN. P.U.O.T.','A',6.40,381.64,'C','2017-10-17 22:42:13.929869',125,3),(507,1508279187247774,'009-15-CMA-01','LOSA DE CIMENTACION (SEGUN DISEÑO DE 1.80 X 1.80 X 0.10 M) COLADA CON CONCRETO HIDRAULICO F\'c=200KGS/CM2, ARMADA CON ACERO F\'y=4200 KGS/CM2 DEL No. 3 @ 20 CM EN AMBOS SENTIDOS, CON CUATRO CASTILLOS PERIMETRALES DE 20 X 20 X 20 CM Y UNO CENTRAL DE 40 X 20 X 20 CM ARMADOS CON VARILLA DEL #3 Y ESTRIBOS DEL #2 @ 10 CM, INCLUYE: TAQUETES EXPANSIVOS GALVANIZADOS TIPO HILTI KBII 1/4\", EXCAVACION , RELLENO, MATERIAL, MANO DE OBRA, EQUIPO, HERRAMIENTA Y TODO LO NECESARIO PARA SU CORRECTA EJECUCION. P.U.O.T.','A',3.24,1684.17,'C','2017-10-17 22:42:13.932808',125,2),(508,1508279187250555,'ALB-011','CONSTRUCCIÓN DE CASTILLOS Y/O CADENAS DE 15X25 CMS. DE CONCRETO F´C=200KG/CM2., ARMADO CON 4 VS. DE 3/8\" Y ESTRIBOS DEL NO. 2 A CADA 15 CMS EN BARDA PERIMETRAL. INCLUYE: MATERIALES, MANO DE OBRA, EQUIPO, HERRAMIENTA, CHAFLANES, DESPERDICIOS, ACARREO DE SOBRANTES A PIE DE CAMION, LIMPIEZAS Y TODO LO NECESARIO PARA SU CORRECTA FABRICACION. (ACABADO APARENTE DE SER NECESARIO).','A',16.40,233.02,'C','2017-10-17 22:42:13.935567',126,3),(509,1508279187253596,'012-01','MURO DE BLOCK 12 X 20 X 40 CMS. EN 12 CMS. DE ESPESOR, ASENTADO CON MORTERO CEMENTO-ARENA PROP: 1:4, JUNTEADO DE 1.5 CMS, ACABADO COMUN EN AMBAS CARAS CON ESCALERILLA @ 3 HILADAS, CONSIDERANDO ANDAMIO DE CABALLETE PARA ALTURAS DE 1.50 A 3.00 MTS. INCLUYE: MATERIAL, HERRAMIENTA Y MANO DE OBRA. P.U.O.T.','A',11.66,207.56,'C','2017-10-17 22:42:13.938637',126,2),(510,1508279187256407,'009-15B','LOSA DE CONCRETO ARMADO HECHO  EN OBRA  F\'C= 250 KG/CM2  R.N,  REV. DE 10 CMS DE ESPESOR, AGREGADO MÁX. 3/4\", ARMADO CON VARILLA DE 3/8\" A CADA 15 CMS EN AMBOS SENTIDOS, INCLUYE: CIMBRA APARENTE Y DESCIMBRA, BASTONES, BAYONETAS, GANCHOS, TRASLAPES, COLADO, GOTERO, VIBRADO, CURADO, MATERIALES, MANO DE  OBRA, HERRAMIENTA, EQUIPO, PERFILADA Y AFINADA.','A',3.24,541.20,'C','2017-10-17 22:42:13.941416',126,2),(511,1508279187259167,'3020056','APLANADO FINO CON MORTERO  CEMENTO:ARENA PROPORCION 1:4 CON UN  ESPESOR PROMEDIO DE 2 CMS. EN MUROS, PLAFONES TRABES, COLUMNAS, INCLUYE: MATERIAL, MANO DE OBRA, HERRAMIENTA, EQUI- PO,  ANDAMIOS, REMATES,  EMBOQUILLADOS, LIMPIEZA,  ACARREOS DENTRO Y FUERA DE LA OBRA ELEVACION  A  CUALQUIER   ALTURA, DESPERDICIOS,  PREPARACIÓN  DE LA SUPERFICIE, LIMPIEZA Y TODO LO NECESARIO PARA SU CORRECTA  EJECUCIÓN. P.U.O.T.','A',23.32,89.83,'C','2017-10-17 22:42:13.944172',127,2),(512,1508279187262140,'KA-CON05','REPELLADO EN MUROS A PLOMO Y REGLA CON MORTERO HIDRÁULICO- ARENA PROP: 1:3, ESPESOR PROMEDIO DE 2 CM, CONSIDERANDO ANDAMIO DE CABALLETE PARA ALTURAS DE 1.50 A 3.00 MTS. INCLUYE: MATERIAL, HERRAMIENTA, Y MANO DE OBRA. P.U.O.T.','A',23.32,87.28,'C','2017-10-17 22:42:13.947166',127,2),(513,1508279187265833,'084-02B','PINTURA VINIL-ACRILICA PARA INTERIOR EN MUROS,  MARCA COMEX A DOS MANOS,O SIMILAR EN  CALIDAD  Y CARACTERISTICAS  TECNICAS, SEGUN PALETA DE COLORES INCLUYE: SEÑALIZACION, PROTECCION  DE  LA  SUPERFICIE ADYACENTE CON  MASQUINTAPE,  PAPEL  Y  PLASTICO,   LIMPIEZA Y PREPARACION  DE  LA  SUPERFICIE, RESANES, UNA BASE DE - LIJADO,  EMPLASTE SELLADOR VINILICO EN  PROPORCION    5 X 1 PARA SUPERFICIES LISAS Ó  3 X 1 PARA SUPERFICIES RUGOSAS DESPERDICIOS, ANDAMIOS,  MATERIALES,  MANO DE OBRA,  HERRA MIENTA, EQUIPO, ACARREOS  DENTRO Y FUERA DE  LA OBRA,  LIMPIEZA Y TODO LO NECESARIO PARA   SU CORRECTA EJECUCION.P.U.O.T. . P.U.O.T.','A',11.66,45.28,'C','2017-10-17 22:42:13.950888',128,2),(514,1508279187268771,'084-02C','PINTURA VINIL-ACRILICA PARA EXTERIOR EN MUROS,  MARCA COMEX A DOS MANOS,O SIMILAR EN  CALIDAD  Y CARACTERISTICAS  TECNICAS, SEGUN PALETA DE COLORES INCLUYE: SEÑALIZACION, PROTECCION  DE  LA  SUPERFICIE ADYACENTE CON  MASQUINTAPE,  PAPEL  Y  PLASTICO,   LIMPIEZA Y PREPARACION  DE  LA  SUPERFICIE, RESANES, UNA BASE DE - LIJADO,  EMPLASTE SELLADOR VINILICO EN  PROPORCION    5 X 1 PARA SUPERFICIES LISAS Ó  3 X 1 PARA SUPERFICIES RUGOSAS DESPERDICIOS, ANDAMIOS,  MATERIALES,  MANO DE OBRA,  HERRA MIENTA, EQUIPO, ACARREOS  DENTRO Y FUERA DE  LA OBRA,  LIMPIEZA Y TODO LO NECESARIO PARA   SU CORRECTA EJECUCION.P.U.O.T. . P.U.O.T.','A',11.66,43.60,'C','2017-10-17 22:42:13.953805',128,2),(515,1508279187271690,'ACA-027D-CMA-01','PUERTA DE 1.00 M DE ANCHO Y 2.10 M DE ALTURA A BASE DE PERFIL RECTANGULAR DE 1\" Y 2\" Y TAPA DE LAMINA LISA CAL. 18 ANCLADO A MURO, CONSIDERANDO APLICACION DE PRIMMER, PINTURA ESMALTE HASTA CUBRIR ADECUADAMENTE  LA SUPERFICIE POR AMBOS LADOS, INCLUYE: SUMINISTRO DE MATERIAL, HERRAMIENTA, EQUIPO Y MANO DE OBRA. P.U.O.T.','A',1.00,2632.13,'C','2017-10-17 22:42:13.956709',129,4),(516,1508279187274363,'B-001','LIMPIA DE TERRENO PARA TRAZO DE EDIFICIOS, INCLUYE DESPALME, ACARREO DE ESCOMBRO FUERA DE LA OBRA CON CARGA A MANO. (U.C.T.T.)','A',33.18,7.31,'C','2017-10-17 22:42:13.959375',131,2),(517,1508279187277286,'3.1.B1','TRAZO Y NIVELACION  DE TERRENO CON EQUIPO TOPOGRAFICO ESTABLECIENDO EJES DE REFERENCIA Y BANCOS DE NIVEL, INCLUYE: MATERIALES, MANO DE OBRA, EQUIPO Y HERRAMIENTA P.U.O.T.','A',33.18,3.55,'C','2017-10-17 22:42:13.962315',131,2),(518,1508279187280030,'001-23','EXCAVACION A MANO EN CEPA HASTA 2.00 MTS. DE PROF. EN CUALQUIER TIPO DE MATERIAL; INCLUYE: AFINE DE TALUDES  Y FONDO,  INCLUIR ACARREOS DE MATERIAL SOBRANTE FUERA DE LA OBRA, INCLUYE: MANO DE OBRA, EQUIPO, HERRAMIENTA.  P.U.O.T.','A',18.10,194.96,'C','2017-10-17 22:42:13.965042',132,1),(519,1508279187282697,'BP-003','PLANTILLA DE CONCRETO HIDRAULICO SIMPLE DE 5 CMS. DE ESPESOR HECHO EN OBRA F\'C=100 KG/CM2 RESINTENCIA NORMAL, TAMAÑO MAXIMO AGREGADO DE 3/4\", INCLUYE: MATERIALES, HERRAMIENTAS, EQUIPO DE SEGURIDAD, MANO DE OBRA Y EQUIPO MENOR.','A',18.10,89.15,'C','2017-10-17 22:42:13.967707',132,2),(520,1508279187285513,'009-15-HM-01','LOSA DE CIMENTACION DE 15 CMS. DE ESPESOR, COLADA CON CONCRETO HIDRAULICO F`C=200KG/CM2, ARMADA CON ACERO FY=4200 KG/CM2 DEL NO. 3 @20 CMS. EN AMBOS SENTIDOS.  INCLUYE: CIMBRA ACABADO APARENTE, VACIADO, VIBRADO Y CURADO DEL CONCRETO, ACARREOS, CORTES Y DESPERDICIOS. P.U.O.T.','A',15.90,621.96,'C','2017-10-17 22:42:13.970543',132,2),(521,1508279187288265,'ARLISC-008-HM-01','MURO DE CONCRETO ARMADO DE 15 CMS. DE ESPESOR, ARMADO CON DOBLE PARRILLA DE VARILLA DE 3/8\'\'  A CADA 20 CMS. Y CONCRETO F C= 200 KG/CM2, INCLUYE: CIMBRA ACABADO APARENTE, VACIADO, VIBRADO Y CURADO DEL CONCRETO, ACARREOS, CORTES Y DESPERDICIOS. P.U.O.T.','A',14.20,957.66,'C','2017-10-17 22:42:13.973287',132,2),(522,1508279187290939,'AB-HM-IHS-01','SUMINISTRO Y COLOCACION DE TINA DE ACRILICO CON HIDROMASAJE DE 3.30 MTS. DE DIAMETRO, MARCA Y MODELO P0R ESPECIFICAR, ACABADO BLANCO MARFIL. INCLUYE:  MOTOBOMBA, SISTEMA DE DESAGUE Y NIVELACION,  TUBERIA, SALIDAS, CONEXIONES, DERIVACIONES Y RAMALEO, SUMINISTRO Y COLOCACION DE LOS MATERIALES EN EL SITIO DE SU UTILIZACION, MANO DE OBRA, EQUIPO Y HERRAMIENTA P.U.O.T.','A',1.00,200663.03,'C','2017-10-17 22:42:13.975952',133,5),(523,1508279187293814,'B-001','LIMPIA DE TERRENO PARA TRAZO DE EDIFICIOS, INCLUYE DESPALME, ACARREO DE ESCOMBRO FUERA DE LA OBRA CON CARGA A MANO. (U.C.T.T.)','A',302.60,7.31,'C','2017-10-17 22:42:13.978843',135,2),(524,1508279187296538,'3.1.B1','TRAZO Y NIVELACION  DE TERRENO CON EQUIPO TOPOGRAFICO ESTABLECIENDO EJES DE REFERENCIA Y BANCOS DE NIVEL, INCLUYE: MATERIALES, MANO DE OBRA, EQUIPO Y HERRAMIENTA P.U.O.T.','A',302.60,3.55,'C','2017-10-17 22:42:13.981559',135,2),(525,1508279187300012,'001-23','EXCAVACION A MANO EN CEPA HASTA 2.00 MTS. DE PROF. EN CUALQUIER TIPO DE MATERIAL; INCLUYE: AFINE DE TALUDES  Y FONDO,  INCLUIR ACARREOS DE MATERIAL SOBRANTE FUERA DE LA OBRA, INCLUYE: MANO DE OBRA, EQUIPO, HERRAMIENTA.  P.U.O.T.','A',130.72,194.96,'C','2017-10-17 22:42:13.985053',136,1),(526,1508279187303258,'093-05B-CA-01','BASE CON MATERIAL DE BANCO, CON UN ESPESOR DE 50 CMS. Y COMPACTADA AL 95% DE SU P.V.S.M., INCLUYE: SUMINISTRO Y ACARREO DEL MATERIAL PUESTO EN LA OBRA, ACAMELLONADO, INCORPORACIÓN DE AGUA Y SU ACARREO, MEZCLADO, TENDIDO, AFINE Y COMPACTACIÓN, MANO DE OBRA, EQUIPO Y HERRAMIENTA. P.U.O.T.','A',101.60,352.79,'C','2017-10-17 22:42:13.988323',136,1),(527,1508279187306126,'BP-003','PLANTILLA DE CONCRETO HIDRAULICO SIMPLE DE 5 CMS. DE ESPESOR HECHO EN OBRA F\'C=100 KG/CM2 RESINTENCIA NORMAL, TAMAÑO MAXIMO AGREGADO DE 3/4\", INCLUYE: MATERIALES, HERRAMIENTAS, EQUIPO DE SEGURIDAD, MANO DE OBRA Y EQUIPO MENOR.','A',101.92,89.15,'C','2017-10-17 22:42:13.991144',136,2),(528,1508279187308863,'CONISC-15-SP','ZAPATA CORRIDA DE 85X20 CMS. CON CONCRETO F\'C= 250 KG/CM2 AGREGADO DE 19 MM, HECHO EN OBRA, DE 0.85 MTS DE ANCHO,  PERALTE DE 0.20 MTS,  ARMADO CON ACERO DE REFUERZO # 3 @ 0.20 MTS. EN SENTIDO TRANSVERSAL Y 5 VAR No. 3 EN SENTIDO LONGITUDINAL, INCLUYE:  CIMBRA COMÚN, DESCIMBRADO, MANO DE OBRA, HERRAMIENTA, EQUIPO Y TODO LO NECESARIO PARA SU CORRECTA EJECUCIÓN. P.U.O.T.','A',137.16,653.24,'C','2017-10-17 22:42:13.993894',136,3),(529,1508279187311620,'ISC-046','CONTRATRABE DE 20X40 CMS. DE CONCRETO F´C= 200 KG/CM2 ARMADO CON 4 VARILLAS DEL No. 4 Y ESTRIBOS DEL No. 2 @ 20 CMS., CIMBRA COMÚN, INCLUYE: HABILITADO, ARMADO, CIMBRA Y DESCIMBRA, COLADO, MATERIAL, MANO DE OBRA, HERRAMIENTA, EQUIPO Y TODO LO NECESARIO PARA SU CORRECTA EJECUCIÓN. P.U.O.T.','A',137.16,381.64,'C','2017-10-17 22:42:13.996633',136,3),(530,1508279187314256,'DSCO-009-CA-01','TRABE DE LIGA DE CONCRETO DE 15X25 CMS. CON 6 VARILLAS DEL NO. 3 Y ESTRIBOS DEL NO. 2 @ 20 CMS, F\'C=200 KG/CM2; INCLUYE: CIMBRADO, DESCIMBRADO, MATERIAL, MANO DE OBRA, HERRAMIENTA, EQUIPO, ANDAMIOS, COLADO, CURADO, VIBRADO, ACARREOS, Y TODO LO NECESARIO PARA SU CORRECTA EJECUCION. P.U.O.T.','A',54.75,239.42,'C','2017-10-17 22:42:13.999292',136,3),(531,1508279187317214,'BP-005-CA-01','DADO DE CIMENTACION AISLADO DE SECCION 0.30 X 0.30 Y 0.50 MTS. DE ALTURA DE CONCRETO HIDRAULICO HECHO EN OBRA F\'C=250 KG/CM2 RESINTENCIA NORMAL, TAMAÑO MAXIMO AGREGADO DE 3/4\", REFORZADO 6 VARILLAS DE ACERO DEL No.3 (3/8\") Y ESTRIBOS DEL No. 2 (1/4\") A CADA 10 CMS. ACABADO COMUN, INCLUYE: VIBRADO, CURADO, CIMBRA Y DESCIMBRA, MATERIALES, HERRAMIENTAS, EQUIPO DE SEGURIDAD, MANO DE OBRA Y EQUIPO MENOR.','A',4.00,333.17,'C','2017-10-17 22:42:14.002236',136,4),(532,1508279187320012,'006-01B','RELLENO COMPACTADO CON PIZON DE MANO EN CAPAS DE 20 CM UTILIZANDO MATERIAL PRODUCTO DE LA EXCAVACION, CONSIDERANDO EL ACARREO DE MATERIAL EN CARRETILLA AL AREA DE TRABAJO. INCLUYE: AGUA, HERRAMIENTA, ACARREO Y MANO DE OBRA. P.U.O.T.','A',64.50,104.98,'C','2017-10-17 22:42:14.005158',136,1),(533,1508279187322895,'ALB-009','FIRME DE CONCRETO DE 8 CMS. DE ESPESOR ARMADO CON MALLA ELECTROSOLDADA 6-6/10-10 ACABADO ESCOBILLADO , FRAGUADO NORMAL PARA ESTRUCTURA, ARRIOSTRES Y ESTRUCTURA, ASI COMO PARA RESANE DE PISO DEMOLIDO. INCLUYE : MATERIALES Y SU ELEVACION,PROTECCION DEL AREA DONDE SE FABRICARA,COLOCACION VIBRADO, CURADO, ACARREO DE SOBRANTES A PIE DE CAMION, DESPERDICIOS, LIMPIEZA Y LO NECESARIO PARA SU CORRECTA EJECUCION. SI ES EN PIEDRAS INCLUYE VOLTEODOR DE 5 CM. PU.O.T. (CABALLERIZAS)','A',83.23,180.62,'C','2017-10-17 22:42:14.007901',137,2),(534,1508279187325921,'FIRM-100B-CA-01','FIRME DE CONCRETO  F\'C=100 KG/ CM2 DE 6 CMS  DE ESPESOR TEXTURA RUGOSA PARA RECIBIR ACABADO FINAL. REFORZADO CON MALLA ELECTROSOLDADA 6-6/10-10, INCLUYE: MATERIALES, MANO  DE  OBRA, COMPACTACIÓN, NIVELADO DE  LA SUPERFÍCIE,  CIMBRADO,   DESCIMBRADO, ACARREOS DENTRO  Y FUERA DE LA OBRA, HERRAMIENTA, EQUIPO, RETIRO DE MATERIAL SOBRANTE FUERA DE OBRA Y LIMPIEZA.  P.U.O.T. (BAÑADEROS)','A',118.52,143.66,'C','2017-10-17 22:42:14.010953',137,2),(535,1508279187328709,'ALB-011','CONSTRUCCIÓN DE CASTILLOS Y/O CADENAS DE 15X25 CMS. DE CONCRETO F´C=200KG/CM2., ARMADO CON 4 VS. DE 3/8\" Y ESTRIBOS DEL NO. 2 A CADA 15 CMS EN BARDA PERIMETRAL. INCLUYE: MATERIALES, MANO DE OBRA, EQUIPO, HERRAMIENTA, CHAFLANES, DESPERDICIOS, ACARREO DE SOBRANTES A PIE DE CAMION, LIMPIEZAS Y TODO LO NECESARIO PARA SU CORRECTA FABRICACION. (ACABADO APARENTE DE SER NECESARIO).','A',48.00,233.02,'C','2017-10-17 22:42:14.013723',137,3),(536,1508279187332419,'012-01','MURO DE BLOCK 12 X 20 X 40 CMS. EN 12 CMS. DE ESPESOR, ASENTADO CON MORTERO CEMENTO-ARENA PROP: 1:4, JUNTEADO DE 1.5 CMS, ACABADO COMUN EN AMBAS CARAS CON ESCALERILLA @ 3 HILADAS, CONSIDERANDO ANDAMIO DE CABALLETE PARA ALTURAS DE 1.50 A 3.00 MTS. INCLUYE: MATERIAL, HERRAMIENTA Y MANO DE OBRA. P.U.O.T.','A',150.00,207.56,'C','2017-10-17 22:42:14.017517',137,2),(537,1508279187335450,'AB-CA-EST-01','SUMINISTRO Y COLOCACION DE COLUMNA DE MADERA DE PINO DE PRIMERA CALIDAD, DE SECCION 0.30 X 0.30 Y 3.40 MTS. DE ALTURA. INLCUYE: ANCLAJE A DADO DE CIMENTACION CON PLACA DE ACERO DE 1/4\'\' DE ESPESOR, SEGUN DISEÑO ESTRUCTURAL,  TRATAMIENTO PARA MADERA A BASE DE PENTACLOROFENOL,  Y ACEITE DE LINAZA APLICADO CON BROCHA A DOS MANOS, MATERIAL, MANO DE OBRA, HERRAMIENTA, EQUIPO DE PROTECCIÓN CONTRA GASES TÓXICOS Y TODO LO NECESARIO PARA SU EJECUCIÓN. P.U.O.T.','A',4.00,7418.90,'C','2017-10-17 22:42:14.020475',137,4),(538,1508279187338323,'AB-CA-VIG-01','SUMINISTRO Y COLOCACION DE VIGA DE MADERA DE PINO DE PRIMERA CALIDAD, DE SECCION 0.10 X 0.20 X 6.00 MTS. @ 0.60 MTS. INCLUYE: ANCLAJE A TRABE CON CLAVO DE ACERO DE 4\'\', TRATAMIENTO PARA MADERA A BASE DE PENTACLOROFENOL,  Y ACEITE DE LINAZA APLICADO CON BROCHA A DOS MANOS, MATERIAL, MANO DE OBRA, HERRAMIENTA, EQUIPO DE PROTECCIÓN CONTRA GASES TÓXICOS Y TODO LO NECESARIO PARA SU EJECUCIÓN. P.U.O.T.','A',66.00,1776.52,'C','2017-10-17 22:42:14.023347',137,4),(539,1508279187341380,'PISO-PL01','PISO A BASE DE PIEDRA LAJA DE  1 A 4 CMS. DE ESPESOR  ASENTADO CON MORTERO DE CEMENTO ARENA CERNIDA 1:4 DE 3 CMS. DE ESPESOR PROMEDIO PARA NIVELAR, RELLENO EN JUNTAS DE 1 CMS.  COLOR ROJO ÓXIDO, INCLUYE: SUMINISTRO DE MATERIALES, CORTES, JUNTAS, ACARREOS, ELABORACIÓN DE MORTERO Y COLOCACIÓN. P.U.O.T. (BAÑADEROS)','A',106.00,393.40,'C','2017-10-17 22:42:14.026415',138,2),(540,1508279187344230,'ISC-0172','RECUBRIMIENTO DE PIEDRA LAJA EN MURO, ASENTADA CON MORTERO CEMENTO-ARENA 1:4, JUNTEADO COLOR SIMILAR A PIEDRA, CONSIDERANDO, CORTES, DESPERDICIOS Y LIMPIEZA DE LA SUPERFICIE. INCLUYE: SUMINISTRO DE MATERIAL, HERRAMIENTA Y MANO DE OBRA U.C.T.T.','A',40.00,285.19,'C','2017-10-17 22:42:14.029245',138,2),(541,1508279187347063,'068-51','ZOCLO DE 10X20 CM  MARCA  INTERCERAMIC, MODELO A ESCOGER ASENTADO CON  MORTERO CEMENTO1:4, LECHADO CON MEZCLA DE CEMENTO BLANCO-AGUA. CONSIDERANDO. RECORTE Y DESPERDICIO. INCLUYE:MATERIAL, HERRAMIENTA Y MANO DE OBRA. P.U.O.T.','A',38.00,38.10,'C','2017-10-17 22:42:14.032099',138,3),(542,1508279187350385,'AB-CA-CU-01','TRIPLAY DE 21MM. DE ESPESOR INCLUYE: TRATAMIENTO PARA MADERA A BASE DE PENTACLOROFENOL,  Y ACEITE DE LINAZA APLICADO CON BROCHA A DOS MANOS, MATERIAL, MANO DE OBRA, HERRAMIENTA, EQUIPO DE PROTECCIÓN CONTRA GASES TÓXICOS Y TODO LO NECESARIO PARA SU EJECUCIÓN. P.U.O.T.','A',300.00,350.22,'C','2017-10-17 22:42:14.035422',139,2),(543,1508279187353781,'024-16B','IMPERMEABILIZANTE AL-KOAT TIPO PA-40T SBS  DE 4.0 MM DE ESPESOR, ACABADO FINAL CON GRAVILLA CERAMICA COLOR TERRACOTA, CON APLICACION PREVIA DE PRIMARIA AL-KOAT BASE AGUA, COLOCADA LA MEMBRANA CON SOPLETE DE GAS, TRASLAPES DE 10 CM INC: LIMPIEZA PREVIA DE LA SUPERFICIE Y POSTERIOR A LA APLICACION (BARRIDO), MATERIAL, HERRAMIENTA Y MANO DE OBRA ( 5 AÑOS DE GARANTIA) P.U.O.T.','A',0.00,193.16,'C','2017-10-17 22:42:14.038841',139,2),(544,1508279187356937,'GCAISC-0045-CA-01','SUMINISTRO Y COLOCACION DE TEJA DE BARRO COLOR NATURAL DE 30X15X1.4 CM EN CUBIERTA INCLINADA. INCLUYE: CARGO DIRECTO POR EL COSTO DE LOS MATERIALES Y MANO DE OBRA QUE INTERVENGAN, FLETE A OBRA, DESPERDICIO, ACARREO HASTA EL LUGAR DE SU UTILIZACION, COLOCACION, ELEMENTOS DE FIJACION,  DESPERDICIOS , ELEVACIONES, LIMPIEZA Y RETIRO DE SOBRANTES FUERA DE OBRA, EQUIPO DE SEGURIDAD, INSTALACIONES ESPECIFICAS, DEPRECIACION Y DEMAS CARGOS DERIVADOS DEL USO DE HERRAMIENTA Y EQUIPO, EN CUALQUIER NIVEL. P.U.O.T.','A',300.00,308.19,'C','2017-10-17 22:42:14.041978',139,2),(545,1508279187359784,'AB-CA-CA-01','SUMINISTRO Y COLOCACION DE PUERTA DE MADERA DE PINO DE 3RA. TIPO CORREDIZA, DE DOS HOJAS CON VENTILA EXTERIOR PARA CABALLERIZA. CON DIMENSIONES DE 1.50 X 2.15 MTS. FABRICADA CON TABLA DE PINO DE 1\'\' A 1 1/2\'\' DE ESPESOR, Y HERRAJES SEGÚN DISEÑO. INCLUYE: COLOCACION, JUEGO DE BISAGRAS, RIELES Y CERROJOS, MATERIALES, MANO DE OBRA, HERRAMIENTA Y EQUIPO, P.U.O.T.','A',6.00,3550.28,'C','2017-10-17 22:42:14.044807',140,4),(546,1508279187362583,'INS-004','SALIDA SANITARIA, A UNA DISTANCIA PROMEDIO A 6.0 M, INCLUYE TUBERÍA DE 2,3 Y 4 SEGÚN REQUIERA, CODOS COPLES, TEES, MATERIAL DE CONSUMO, EXCAVACIONES, RELLENOS,INTERCONEXIONES,DERIVACIONES,DEMOLICIONES Y CONEXIONES A INSTALACIONES EXISTENTES, MATERIAL MANO DE OBRA, HERRAMIENTA Y TODO LO NECESARIO PARA SU CORRECTO FUNCIONAMIENTO INCLUYE PRUEBAS.','A',4.00,510.89,'C','2017-10-17 22:42:14.047738',141,6),(547,1508279187365939,'INS-003','SALIDA HIDRÁULICA A UNA DISTANCIA NO MAYOR A 6.0 M, INCLUYE TUBERÍA DE COBRE TIPO M EN 13 Y 19 MM (SEGÚN REQUIERA), CODOS, COPLES, TEES, YEES, MATERIAL DE CONSUMO, PRUEBAS, EXCAVACIONES, RELLENOS, INTERCONEXIONES, DERIVACIONES. DEMOLICIONES Y CONEXIONES A INSTALACIONES EXISTENTES, MANO DE OBRA, HERRAMIENTAS Y TODO LO NECESARIO PARA SU CORRECTA EJECUCIÓN.','A',2.00,822.89,'C','2017-10-17 22:42:14.050984',141,6),(548,1508279187368699,'094-067','TUBERIA DE CONCRETO SIMPLE DE 30 CM DE DIAMETRO,JUNTA HERMETICA PARA DRENAJE SANITARIO, INCLUYE: SUMINISTRO DE LA TUBERIA PUESTA EN EL LUGAR DE LOS TRABAJOS, MANIOBRAS Y BAJADO DE LOS TUBOS A LA ZANJA, COLOCACION,  JUNTEO Y NIVELADO, EQUIPO Y HERRAMIENTA, P.U.O.T.','A',30.00,155.48,'C','2017-10-17 22:42:14.053713',141,3),(549,1508279187371487,'IHE-CON23','REGISTRO DE 40X60X100 CMS (DESDE 0.80 HASTA 1.50 MTS DE PROFUNDIDAD) DE TABIQUE ROJO RECOCIDO 6 X 12 X 24 CMS., JUNTEADO CON MEZCLA CEMENTO ARENA 1:5 ACABADO PULIDO EN EL INTERIOR,SOBRE BASE DE PLANTILLA DE CONCRETO DE 5 CM Y CADENA DE SECCIÓN 10 X 12 CM  DE CONCRETO 100 KG/CM2 AGREGADO DE 20 MM, CEMENTO NORMAL, INCLUYE: MARCO Y CONTRAMARCO DE ANGULO DE FIERRO DE  1 1/4\" X  ESPESOR DE 1/8\",TAPA DE CONCRETO 100 KG/CM2 AGREGADO DE 20 MM, CEMENTO NORMAL ESPESOR DE LA TAPA 5 CM ,EXCAVACIÓN, MATERIALES, MANO DE OBRA, EQUIPO Y HERRAMIENTA.','A',3.00,1182.20,'C','2017-10-17 22:42:14.056510',141,4),(550,1508279187375279,'048-01','CENTRO DE CARGA QO2 O SIMILAR SQUARE\'D CON TAQUETES Y TORNILLOS. INCLUYE: MATERIAL, HERRAMIENTA Y MANO DE OBRA. P.U.O.T.','A',1.00,319.32,'C','2017-10-17 22:42:14.060309',142,4),(551,1508279187377936,'049-01','INTERRUPTOR TERMOMAGNETICO DE 1 POLO 15-50 AMP., INCLUYE: MATERIAL, MANO DE OBRA Y HERRAMIENTA U.C.T.T.','A',2.00,120.86,'C','2017-10-17 22:42:14.062965',142,4),(552,1508279187382000,'049-02','INTERRUPTOR DE CUCHILLAS 2X30 AMPERS. CONSIDERANDO PRUEBAS , FUSIBLES, TAQUETES, PIJAS. INCLUYE: MATERIAL, HERRAMIENTA Y MANO DE OBRA. U.C.T.T.','A',1.00,252.68,'C','2017-10-17 22:42:14.067184',142,4),(553,1508279187385344,'ISC-051','SALIDA ELÉCTRICA PARA CONTACTO Y/O LAMPARA CON UN DESARROLLO MÁXIMO DE 5.00 MTS. EL PRECIO INCLUYE: CABLE THW CAL. 12, CABLE DESNUDO CAL 14, TUBO CONDUIT PARED GRUESA 3/4\", CHALUPA,  MANO DE OBRA Y TODOS LOS MATERIALES PARA LA CORRECTA EJECUCIÓN DEL P.U.O.T.','A',15.00,401.75,'C','2017-10-17 22:42:14.070361',142,6),(554,1508279187388681,'5000006','SALIDA PARA APAGADOR SENCILLO, INCLUYE: POLIDUCTO DE 13  MM., CABLEADO, CHALUPA, TAPA, PLACA ENTUBADO, CABLEADO,  CANALETA, APAGADOR, CONEXION,  MATERIAL, MANO DE OBRA, HERRAMIENTA,  E- QUIPO Y TODO LO NECESARIO PARA SU EJECUCION. P.U.O.T.','A',3.00,455.00,'C','2017-10-17 22:42:14.073760',142,6),(555,1508279187391730,'3.1.B1','TRAZO Y NIVELACION  DE TERRENO CON EQUIPO TOPOGRAFICO ESTABLECIENDO EJES DE REFERENCIA Y BANCOS DE NIVEL, INCLUYE: MATERIALES, MANO DE OBRA, EQUIPO Y HERRAMIENTA P.U.O.T.','A',846.74,3.55,'C','2017-10-17 22:42:14.076763',144,2),(556,1508279187394353,'PRE-020B','DESPALME POR MEDIOS MECANICOS HASTA 10 CM EN MATERIAL I TODAS LAS ZONAS PARA QUITAR CAPA DE TIERRA VEGETAL, INCLUYE: DESENRAICE, MANO DE OBRA, HERRAMIENTA, EQUIPO, ACARREO DENTRO HASTA 20 MTS DE DISTANCIA.','A',846.74,1.84,'C','2017-10-17 22:42:14.079357',144,2),(557,1508279187397300,'093-39','EXCAVACION A MANO EN CEPA EN MATERIAL TIPO \"A\" Y/O \"B\" EN SECO PARA DESCARGAS PLUVIALES DE 0.00 A 2.00 M DE PROFUNDIDAD Y ANCHO DE 0.60 MTS, INCLUYE: AFINE DE FONDO, PLANTILLA DE ARENA DE 5 CMS. DE ESPESOR TUBO DE CONCRETO SIMPLE DE 20 CMS. DE DIAMETRO, JUNTEADO CON MORTERO CEMENTO-ARENA DE PROP 1:3, RELLENO CON MATERIAL PRODUCTO DE EXCAVACION, Y COMPACTACION EN CAPAS DE 20 CMS. DE ESPESOR CON PIZON DE MANO Y/O BAILARINA  MECANICA, MANO DE OBRA, MATERIALES, EQUIPO Y HERRAMIETA. P.U.O.T.','A',110.40,212.41,'C','2017-10-17 22:42:14.082324',145,3),(558,1508279187400088,'093-05B','BASE CON MATERIAL DE BANCO, CON UN ESPESOR DE 20 CMS. Y COMPACTADA AL 95% DE SU P.V.S.M., INCLUYE: SUMINISTRO Y ACARREO DEL MATERIAL PUESTO EN LA OBRA, ACAMELLONADO, INCORPORACIÓN DE AGUA Y SU ACARREO, MEZCLADO, TENDIDO, AFINE Y COMPACTACIÓN, MANO DE OBRA, EQUIPO Y HERRAMIENTA. P.U.O.T.','A',268.45,220.10,'C','2017-10-17 22:42:14.085099',145,1),(559,1508279187402714,'094-23','RIEGO DE IMPREGNACION A BASE DE EMULSION RL-2K, A RAZON DE 1.50 LTS/M2, INCLUYE: SUMINISTRO DE LA EMULSION, ACARREO Y APLICACION, MANO DE OBRA, EQUIPO Y HERRAMIENTA. P.U.O.T.','A',268.45,23.39,'C','2017-10-17 22:42:14.087720',145,2),(560,1508279187405972,'067-09C-CT-01','PISO O FIRME DE CONCRETO HECHO EN OBRA DE 15 CM DE ESPESOR, F`C= 150 KG/CM2  AGREGADO MAXIMO 19 MM. ARMADO CON MALLA ELECTROSOLDADA 6-6/10-10 ACABADO PULIDO. INCLUYE: MATERIAL, MANO DE OBRA, HERRAMIENTA Y TODO LO NECESARIO PARA SU CORRECTA REALIZACION.','A',680.75,315.55,'C','2017-10-17 22:42:14.091010',146,2),(561,1508279187408764,'QTZISC-002','CORTE DE ASFALTO DE 5 CM DE ESPESOR MEDIANTE CORTADORA DE DISCO DE DIAMANTE, INCLUYE: MANO DE OBRA, EQUIPO Y HERRAMIENTA. P.U.O.T.','A',387.60,4.31,'C','2017-10-17 22:42:14.093799',146,3),(562,1508279187411446,'084-30(CAMBIA)','PINTURA EPÓXICA APLICADA CON BROCHA EN CANCHA DE TENIS, CONSIDERANDO  PREPARACION DE LA SUPERFICIE, INCLUYE: MATERIAL, MANO DE OBRA, EQUIPO, HERRAMIENTA. P.U.O.T.','A',268.45,87.05,'C','2017-10-17 22:42:14.096457',147,2),(563,1508279187415021,'AB-CT-AC-01','RED DE TENIS DE NYLON  HAR TRU REVOLUTION NET INCLUYE: SUMINISTRO, COLOCACIÓN, MANO DE OBRA, HERRAMIENTA Y TODO LO NECESARIO PARA SU COLOCACIÓN P.U.O.T.','A',1.00,5563.90,'C','2017-10-17 22:42:14.100120',147,4),(564,1508279187418035,'AB-CT-AC-02','POSTES PARA TENIS MECÁNICOS INTERNOS COURTMAS ROYALE ','A',1.00,7842.30,'C','2017-10-17 22:42:14.103048',147,5),(565,1508279187421377,'AB-CT-AC-03','SUPERFICIE DE RECUBRIMIENTO ACRÍLICO PLEXIPAVE PARA CANCHA DE TENIS  INCLUYE: SUMINISTRO, COLOCACIÓN, MANO DE OBRA, HERRAMIENTA Y TODO LO NECESARIO PARA SU COLOCACIÓN P.U.O.T. ','A',268.45,580.33,'C','2017-10-17 22:42:14.106428',147,2),(566,1508279187424207,'094-83','REJILLA TRANSVERSAL CON MARCO Y CONTRAMARCO DE 3.80 X .80 M A BASE DE ANGULO DE 3\" X 3\" X 1/4\"  DE ESPESOR Y VIGAS IPS DE 3\" SOLDADAS AL MARCO A 45º @ 4 CMS. DE SEPARACION Y ANCLAS DE SOLERA DE 1\" X 1/4\" DE ESP. Y 7 CM DE LONGITUD EN ESQUINAS DE CONTRAMARCO. INCLUYE: CONSTRUCCION DE CAJA DE CAPTACION DE CONCRETO ARMADO DE F\'C=200 KG/CM2 DE 4 X 1 Y ALTURAS DE 4.5 M AL INICIO Y 1.15 M A LOS 3.10 M Y FINAL, CON MUROS Y LOSA DE FONDO DE 20 CM DE ESPESOR DOBLEMENTE ARMADO CON VARILLAS DEL #3 @ 20 CM EN AMBOS SENTIDOS, PLANTILLA DE CONCRETO SIMPLE DE F\'C=100 KG/CM2 DE 5 CM DE ESPESOR, CIMBRADO Y DESCIMBRADO Y TERMINADO DEL AREA COLADA, COLOCACION DE 3.0 M PROMEDIO DE TUBERIA DE CONCRETO SIMPLE DE 30 CM DE DIAMETRO JUNTEADO CON MORTERO CEMENTO-ARENA: ARENA PARA CONEXION DE POZO DE VISTA EXISTENTE, TRAZO, EXCAVACION A MANO CON RETIRO DEL MATERIAL PRODUCTO DE LA EXCAVACION A TIRO LIBRE, RELLENO COMPACTADO CON MATERIAL DE BANCO (TEPETATE) Y TODO LO NECESARIO PARA SU CORRECTA EJECUCCION P.U.O.T.','A',29.00,16825.42,'C','2017-10-17 22:42:14.109225',148,4),(567,1508279187426851,'ISC-035-IE-01','SUMINISTRO E INSTALACION DE LAMPARA SOBRE POSTE DE 6 MTS. DE ALTURA, PARA CANCHA, INCLUYE: POSTE ASTRIADO DE 6.00 MTS. DE ALTURA, BASE CAMISA DE 1.03 MTS. DE ALTURA Y LUMINARIO CON BALASTRO DE ADITIVOS METALICOS DE 250 W 220V. MARCA Y MODELO POR DEFINIR. INCLUYE:  INSTALACION COMPLETA, MATERIALES, MANO DE OBRA, HERRAMIENTA. (CANCHA).','A',12.00,4444.69,'C','2017-10-17 22:42:14.111856',150,4),(568,1508279187429888,'ISC-035-IE-02','SUMINISTRO E INSTALACION DE LAMPARA SOBRE POSTE DE 4 MTS. DE ALTURA, PARA CANCHA, INCLUYE: POSTE ASTRIADO DE 3.00 MTS. DE ALTURA, BASE CAMISA DE 1.03 MTS. DE ALTURA Y LUMINARIO CON BALASTRO DE ADITIVOS METALICOS DE 250 W 220V. MARCA Y MODELO POR DEFINIR. INCLUYE:  INSTALACION COMPLETA, MATERIALES, MANO DE OBRA, HERRAMIENTA. (CANCHA).','A',7.00,3552.19,'C','2017-10-17 22:42:14.114912',150,4),(569,1508279187432698,'ISC-0192-IE-01','REFLECTOR SUMERGIBLE PARA ALBERCA DE BAJO VOLTAJE, ACABADO INOXIDABLE, MARCA Y MODELO POR DEFINIR, INCLUYE, INSTALACION, MANO DE OBRA, EQUIPO Y HERRAMIENTA. (ALBERCA).','A',17.00,432.00,'C','2017-10-17 22:42:14.117772',150,4),(570,1508279187435419,'ARCISC-0080-IE-01','SUMINISTRO E INSTALACION DE REFLECTOR PARA INTEMPERIE CON FOCO ECONOMIZADOR DE 60 w TORNILLOS , ASI COMO ANDAMIO DE CABALLETE. MARCA Y MODELO POR DEFINIR. INCLUYE: MATERIAL, MANO DE OBRA Y HERRAMIENTA. P.U.O.T. (CASA).','A',7.00,387.06,'C','2017-10-17 22:42:14.120424',150,4),(571,1508279187438603,'ARB-001-IE-01','LAMPARA DE TIPO ARBOTANTE,  MARCA Y MODELO POR DEFINIR. INCLUYE: LAMPARA DE EXTERIOR, FOCO AHORRADOR DE ENERGIA, CABLE THW DEL NO. 12 MATERIALES PUESTOS EN EL SITIO DE LOS TRABAJOS, MANO DE OBRA, HERRAMIENTA, EQUIPO, PRUEBAS Y TODO LO NECESARIO PARA SU CORRECTA INSTALACION. (MUROS).','A',6.00,760.34,'C','2017-10-17 22:42:14.123628',150,4),(572,1508279187441246,'048-01F','CENTRO DE CARGA QO24 O SIMILAR SQUARE\'D CON TAQUETES Y TORNILLOS. INCLUYE: MATERIAL, HERRAMIENTA Y MANO DE OBRA. P.U.O.T.','A',1.00,4623.45,'C','2017-10-17 22:42:14.126251',150,4),(573,1508279187444063,'049-01','INTERRUPTOR TERMOMAGNETICO DE 1 POLO 15-50 AMP., INCLUYE: MATERIAL, MANO DE OBRA Y HERRAMIENTA U.C.T.T.','A',1.00,120.86,'C','2017-10-17 22:42:14.129258',150,4),(574,1508279187447470,'049-02','INTERRUPTOR DE CUCHILLAS 2X30 AMPERS. CONSIDERANDO PRUEBAS , FUSIBLES, TAQUETES, PIJAS. INCLUYE: MATERIAL, HERRAMIENTA Y MANO DE OBRA. U.C.T.T.','A',1.00,252.68,'C','2017-10-17 22:42:14.132741',150,4),(575,1508279187450957,'ARB-001-IE-02','LAMPARA DE TIPO ARBOTANTE,  MARCA Y MODELO POR DEFINIR. INCLUYE: LAMPARA DE EXTERIOR, FOCO AHORRADOR DE ENERGIA, CABLE THW DEL NO. 12 MATERIALES PUESTOS EN EL SITIO DE LOS TRABAJOS, MANO DE OBRA, HERRAMIENTA, EQUIPO, PRUEBAS Y TODO LO NECESARIO PARA SU CORRECTA INSTALACION. (GARAGE Y MOTOR LOBBY).','A',6.00,760.34,'C','2017-10-17 22:42:14.135973',150,4),(576,1508279187454552,'LUM-SL43-IE-01','LUMINARIO  DE EMPOTRAR EN PISO, MARCA Y MODELO POR DEFINIR. INCLUYE, REALIZACIÓN DE SALIDA ELÉCTRICA PARA ENERGIZAR LUMINARIA EMPOTRADA EN PISO, SUMINISTRO E INSTALACIÓN DE TUBO DE PVC SERVICIO PESADO EMPOTRANDO EN PISO ESCAVANDO RANURAS DE HASTA UNA PROFUNDIDAD DE 30 CMS, REALIZANDO RETIRO Y RECOLOCACIÓN O RESTITUCIÓN DE PISOS, CABLEADO ELÉCTRICO THW-LS DE BAJA EMISIÓN DE HUMOS, CONEXIONES ELÉCTRICAS, PRUEBAS DE CONTINUIDAD, INTERRUPTOR TERMOMÁGNETICO EN TABLERO DE DISTRIBUCIÓN ELÉCTRICA PROPORCIONAL AL CIRCUITO CORRESPONDIENTE, NIVELACIÓN, ACARREOS, LIMPIEZA, RETIRO DE MATERIAL SOBRANTE Y  TODO LO NECESARIO PARA SU CORRECTA INSTALACIÓN. (PERGOLA).','A',24.00,445.36,'C','2017-10-17 22:42:14.139604',150,4),(577,1508279187457406,'IE-CON03-IE-01','LUMINARIA COLGANTE DE ALUMINIO CON REFLECTOR INTERNO DE ALUMINIO CON PANTALLA INFERIOR REFRACTOR DE VIDRIO DE BOROSILICATO, DISPONIBLE EN CURVA III Y V ALTURA 30\" ANCHO 17\" MARCA Y MODELO POR DEFINIR, INCLUYE: COLOCACIÓN, SUMINISTRO, EQUIPO, HERRAMIENTA Y MANO DE OBRA. P.U.O.T. (CABALLERIZAS).','A',2.00,4908.75,'C','2017-10-17 22:42:14.142448',150,4),(578,1508279187460906,'ISC-0192-IE-02','REFLECTOR SUMERGIBLE PARA ALBERCA DE BAJO VOLTAJE, ACABADO INOXIDABLE, MARCA Y MODELO POR DEFINIR, INCLUYE, INSTALACION, MANO DE OBRA, EQUIPO Y HERRAMIENTA.  (CHORRO DE AGUA).','A',1.00,432.00,'C','2017-10-17 22:42:14.146053',150,4),(579,1508279187464068,'ISC-0194-IE-01','LAMPARA COLGANTE, MARCA Y MODELO POR DEFINIR. INCLUYE: LAMPARA DE EXTERIOR, FOCO AHORRADOR DE ENERGIA, CABLE THW DEL NO. 12 MATERIALES PUESTOS EN EL SITIO DE LOS TRABAJOS, MANO DE OBRA, HERRAMIENTA, EQUIPO, PRUEBAS Y TODO LO NECESARIO PARA SU CORRECTA INSTALACION. (ACCESO).','A',1.00,1691.59,'C','2017-10-17 22:42:14.149091',150,4),(580,1508279187466694,'059-03B','REGISTRO ELECTRICO DE 30 X 30 X 40 CMS. DE PROFUNDIDAD, CON MURO DE TABIQUE COMUN DE 5.5 X 12.5 X 25 CMS., ESPESOR DE MURO DE 12 CMS, JUNTEADO CON MORTERO CEMENTO-ARENA PROP: 1:4, APLANADO PULIDO INTERIOR Y TAPA DE CONCRETO  DE F`C=150 KG/CM2 T.M.A.3/4, TAPA DE 60X 60 CM Y MARCO DE 60 X 60 CMS. CON ANGULO 1/2\" CONSIDERANDO DREN CON TUBO DE PCV Y FONDO DE MATERIAL PETREO. INCLUYE:MATERIAL, HERRAMIENTA Y MANO DE OBRA. P.U.O.T.','A',1.00,891.03,'C','2017-10-17 22:42:14.151697',150,4),(581,1508279187470084,'ELE-003','CANALIZACIÓN SUBTERRÁNEA Y CABLEADO PARA INSTALACIÓN ELECTRICA CON POLIDUCTO ELÉCTRICO DE 2\" CABLE CALIBRE 6 THW, MARCA CONDUMEX ANTILLAMAS. INCLUYE: MATERIALES, HERRAMIENTA, EQUIPO, MANO DE OBRA Y TODO LO NECESARIO PARA SU CORRECTA EJECUCIÓN. P.U.O.T.','A',1.00,126.72,'C','2017-10-17 22:42:14.155161',150,3),(582,1508279187473321,'ISC-0192-IE-03','REFLECTOR SUMERGIBLE PARA ALBERCA DE BAJO VOLTAJE, ACABADO INOXIDABLE, MARCA Y MODELO POR DEFINIR, INCLUYE, INSTALACION, MANO DE OBRA, EQUIPO Y HERRAMIENTA.  (FUENTE DE PARED).','A',1.00,432.00,'C','2017-10-17 22:42:14.158346',150,4),(583,1508279187476059,'AB-IE-IE-01','LUMINARIO ORNAMENTAL EN ALUMINIO INYECTADO, MARCA CONSTRULITA, MODELO CUBIC. INCLUYE: LAMPARA TIPO LED DE 19W, DIFUSOR DE ACRILICO OPALINO,  CABLE THW DEL NO. 12, MATERIALES PUESTOS EN EL SITIO DE LOS TRABAJOS, MANO DE OBRA, HERRAMIENTA, EQUIPO, PRUEBAS Y TODO LO NECESARIO PARA SU CORRECTA INSTALACION. (GUARNICIONES).','A',15.00,9467.39,'C','2017-10-17 22:42:14.161077',150,4),(584,1508279187478746,'B-001','LIMPIA DE TERRENO PARA TRAZO DE EDIFICIOS, INCLUYE DESPALME, ACARREO DE ESCOMBRO FUERA DE LA OBRA CON CARGA A MANO. (U.C.T.T.)','A',75.12,7.31,'C','2017-10-17 22:42:14.163757',152,2),(585,1508279187481654,'3.1.B1','TRAZO Y NIVELACION  DE TERRENO CON EQUIPO TOPOGRAFICO ESTABLECIENDO EJES DE REFERENCIA Y BANCOS DE NIVEL, INCLUYE: MATERIALES, MANO DE OBRA, EQUIPO Y HERRAMIENTA P.U.O.T.','A',75.12,3.55,'C','2017-10-17 22:42:14.166950',152,2),(586,1508279187484835,'001-23','EXCAVACION A MANO EN CEPA HASTA 2.00 MTS. DE PROF. EN CUALQUIER TIPO DE MATERIAL; INCLUYE: AFINE DE TALUDES  Y FONDO,  INCLUIR ACARREOS DE MATERIAL SOBRANTE FUERA DE LA OBRA, INCLUYE: MANO DE OBRA, EQUIPO, HERRAMIENTA.  P.U.O.T.','A',11.05,194.96,'C','2017-10-17 22:42:14.169849',153,1),(587,1508279187487737,'BP-003','PLANTILLA DE CONCRETO HIDRAULICO SIMPLE DE 5 CMS. DE ESPESOR HECHO EN OBRA F\'C=100 KG/CM2 RESINTENCIA NORMAL, TAMAÑO MAXIMO AGREGADO DE 3/4\", INCLUYE: MATERIALES, HERRAMIENTAS, EQUIPO DE SEGURIDAD, MANO DE OBRA Y EQUIPO MENOR.','A',24.55,89.15,'C','2017-10-17 22:42:14.172746',153,2),(588,1508279187490331,'006-01B','RELLENO COMPACTADO CON PIZON DE MANO EN CAPAS DE 20 CM UTILIZANDO MATERIAL PRODUCTO DE LA EXCAVACION, CONSIDERANDO EL ACARREO DE MATERIAL EN CARRETILLA AL AREA DE TRABAJO. INCLUYE: AGUA, HERRAMIENTA, ACARREO Y MANO DE OBRA. P.U.O.T.','A',5.80,104.98,'C','2017-10-17 22:42:14.175335',153,1),(589,1508279187492936,'012-07','MURO DE PIEDRA BRAZA DE 30 A 40 CMS. DE ESPESOR ASENTADO CON MORTERO DE CEMENTO-ARENA 1:5 ACABADO COMUN. CONSIDERANDO ANDAMIO DE CABALLETE PARA ALTURAS DE 1.50 A 3.00 MTS. DE ALTURA. INCLUYE: MATERIAL, MANO DE OBRA, EQUIPO, ACARREOS Y  HERRAMIENTA. P.U.O.T.','A',9.14,1162.54,'C','2017-10-17 22:42:14.177994',153,1),(590,1508279187495690,'ALB-009','FIRME DE CONCRETO DE 8 CMS. DE ESPESOR ARMADO CON MALLA ELECTROSOLDADA 6-6/10-10 ACABADO ESCOBILLADO , FRAGUADO NORMAL PARA ESTRUCTURA, ARRIOSTRES Y ESTRUCTURA, ASI COMO PARA RESANE DE PISO DEMOLIDO. INCLUYE : MATERIALES Y SU ELEVACION,PROTECCION DEL AREA DONDE SE FABRICARA,COLOCACION VIBRADO, CURADO, ACARREO DE SOBRANTES A PIE DE CAMION, DESPERDICIOS, LIMPIEZA Y LO NECESARIO PARA SU CORRECTA EJECUCION. SI ES EN PIEDRAS INCLUYE VOLTEODOR DE 5 CM. PU.O.T. (CABALLERIZAS)','A',26.01,180.62,'C','2017-10-17 22:42:14.180697',154,2),(591,1508279187498438,'095-48','RAMPA DE CONCRETO F\'C= 150 KG/CM2 T.M.A. 3/4\" DE 8 CMS. DE ESPESOR, ARMADO CON MALLA ELECTROSOLDADA 6-6/10-10, INCLUYE: NIVELACIÓN DE LA SUPERFICIE, COMPACTACIÓN, MATERIALES, MANO DE OBRA, CIMBRADO Y DESCIMBRADO EN FRONTERAS, VIBRADO, CURADO Y TODO LO NECESARIO PARA SU CORRECTA EJECUCIÓN. U.C.T.T.','A',12.36,619.98,'C','2017-10-17 22:42:14.183441',154,2),(592,1508279187501051,'PISO-PL01','PISO A BASE DE PIEDRA LAJA DE  1 A 4 CMS. DE ESPESOR  ASENTADO CON MORTERO DE CEMENTO ARENA CERNIDA 1:4 DE 3 CMS. DE ESPESOR PROMEDIO PARA NIVELAR, RELLENO EN JUNTAS DE 1 CMS.  COLOR ROJO ÓXIDO, INCLUYE: SUMINISTRO DE MATERIALES, CORTES, JUNTAS, ACARREOS, ELABORACIÓN DE MORTERO Y COLOCACIÓN. P.U.O.T. (BAÑADEROS)','A',26.01,393.40,'C','2017-10-17 22:42:14.186055',155,2),(593,1508279187504680,'3.1.B1','TRAZO Y NIVELACION  DE TERRENO CON EQUIPO TOPOGRAFICO ESTABLECIENDO EJES DE REFERENCIA Y BANCOS DE NIVEL, INCLUYE: MATERIALES, MANO DE OBRA, EQUIPO Y HERRAMIENTA P.U.O.T.','A',1976.94,3.55,'C','2017-10-17 22:42:14.189732',157,2),(594,1508279187509145,'B-001','LIMPIA DE TERRENO PARA TRAZO DE EDIFICIOS, INCLUYE DESPALME, ACARREO DE ESCOMBRO FUERA DE LA OBRA CON CARGA A MANO. (U.C.T.T.)','A',1248.07,7.31,'C','2017-10-17 22:42:14.194183',157,2),(595,1508279187511824,'ARCISC-0106-JA-01','PLANTA DE ORNATO HIBISCUS @50CM CON UNA ALTURA DE 60CM. EN ZONAS JARDINERAS, INCLUYE: SUMINISTRO DE MATERIALES, TIERRA NEGRA, HERRAMIENTA, MANO DE OBRA, PLANTADO, EQUIPO Y TODO LO NECESARIO PARA SU CORRECTA EJECUCIÓN. COLOCACIÓN.P.U.O.T.','A',62.00,74.50,'C','2017-10-17 22:42:14.196828',159,4),(596,1508279187514749,'ARCISC-0106-JA-02','PLANTA DE ORNATO LLAMANDA ALLAMANDA CATHARTICA @65CM. CON UNA ALTURA DE 30 A50CM. EN ZONAS JARDINERAS, INCLUYE: SUMINISTRO DE MATERIALES, TIERRA NEGRA, HERRAMIENTA, MANO DE OBRA, PLANTADO, EQUIPO Y TODO LO NECESARIO PARA SU CORRECTA EJECUCIÓN. COLOCACIÓN.P.U.O.T','A',22.00,69.50,'C','2017-10-17 22:42:14.199788',159,4),(597,1508279187517361,'ARCISC-0106-JA-03','PLANTA DE ORNATO LLAMANDA DURANTA GOLDEN EN ZONAS JARDINERAS, INCLUYE: SUMINISTRO DE MATERIALES, TIERRA NEGRA, HERRAMIENTA, MANO DE OBRA, PLANTADO, EQUIPO Y TODO LO NECESARIO PARA SU CORRECTA EJECUCIÓN. COLOCACIÓN.P.U.O.T','A',180.00,39.50,'C','2017-10-17 22:42:14.202398',159,4),(598,1508279187520184,'ARCISC-0105-JA-01','SUMINISTRO Y PLANTADO DE  COCOS NUCIFERA CON UNA ALTURA DE 5M. INCLUYE: SUMINISTRO DE MATERIALES, MANO DE OBRA, EXCAVACIÓN DE CEPAS, RELLENO DE LA MISMA CON TIERRA VEGETAL, SIEMBRA, RIEGO DURANTE UN PERIODO MINIMO DE 20 DIAS PARA GARANTIZAR SU CORRECTO SEMBRADO, ABONO DE ARBOL, MATERIALES, MANO DE OBRA, HERRAMIENTA, EQUIPO Y TODO LO NECESARIO PARA SU CORRECTA EJECUCIÓN. P.U.O.T.','A',2.00,3548.67,'C','2017-10-17 22:42:14.205200',159,4),(599,1508279187522897,'ARCISC-0106-JA-04','PLANTA DE ORNATO LLAMANDA RAVENALA MADAGASCARIENSIS EN ZONAS JARDINERAS, INCLUYE: SUMINISTRO DE MATERIALES, TIERRA NEGRA, HERRAMIENTA, MANO DE OBRA, PLANTADO, EQUIPO Y TODO LO NECESARIO PARA SU CORRECTA EJECUCIÓN. COLOCACIÓN.P.U.O.T','A',2.00,1575.28,'C','2017-10-17 22:42:14.207904',159,4),(600,1508279187526974,'ARCISC-0106-JA-05','PLANTA DE ORNATO LLAMANDA TRANDESCANTIA PALLIDA EN ZONAS JARDINERAS, INCLUYE: SUMINISTRO DE MATERIALES, TIERRA NEGRA, HERRAMIENTA, MANO DE OBRA, PLANTADO, EQUIPO Y TODO LO NECESARIO PARA SU CORRECTA EJECUCIÓN. COLOCACIÓN.P.U.O.T','A',570.00,46.50,'C','2017-10-17 22:42:14.212068',159,4),(601,1508279187530673,'ARCISC-0106-JA-06','PLANTA DE ORNATO LLAMANDA CODIAEUM VARIEGATUM EN ZONAS JARDINERAS, INCLUYE: SUMINISTRO DE MATERIALES, TIERRA NEGRA, HERRAMIENTA, MANO DE OBRA, PLANTADO, EQUIPO Y TODO LO NECESARIO PARA SU CORRECTA EJECUCIÓN. COLOCACIÓN.P.U.O.T','A',21.00,174.50,'C','2017-10-17 22:42:14.215902',159,4),(602,1508279187534354,'ARCISC-0106-JA-07','PLANTA DE ORNATO LLAMANDA LANTANA CAMARA EN ZONAS JARDINERAS, INCLUYE: SUMINISTRO DE MATERIALES, TIERRA NEGRA, HERRAMIENTA, MANO DE OBRA, PLANTADO, EQUIPO Y TODO LO NECESARIO PARA SU CORRECTA EJECUCIÓN. COLOCACIÓN.P.U.O.T','A',18.00,54.50,'C','2017-10-17 22:42:14.219396',159,4),(603,1508279187537159,'ARCISC-0106-JA-08','PLANTA DE ORNATO LLAMANDA ALOCASIA MACRORRHIZA EN ZONAS JARDINERAS, INCLUYE: SUMINISTRO DE MATERIALES, TIERRA NEGRA, HERRAMIENTA, MANO DE OBRA, PLANTADO, EQUIPO Y TODO LO NECESARIO PARA SU CORRECTA EJECUCIÓN. COLOCACIÓN.P.U.O.T','A',20.00,99.50,'C','2017-10-17 22:42:14.222177',159,4),(604,1508279187539831,'087-06B','ARBOL DE JACARANDA MIMOSIFOLIA, DE ALTURA MINIMA DE 1.80 M, INCLUYE: TIERRA VEGETAL, SIEMBRA , ABONO, RIEGO DURANTE UN PERIODO MINIMO DE HASTA 20 DIAS PARA GARANTIZAR SU CORRECTO SEMBRADO, MATERIALES, MANO DE OBRA,EQUIPO, HERRAMIENTA,Y TODO LO NECESARIO PARA SU CORRECTA  EJECUCION, U.C.T.T.','A',1.00,174.50,'C','2017-10-17 22:42:14.224833',159,4),(605,1508279187542380,'ARCISC-0106-JA-09','PLANTA DE ORNATO LLAMANDA DURANTA REPENS. EN ZONAS JARDINERAS, INCLUYE: SUMINISTRO DE MATERIALES, TIERRA NEGRA, HERRAMIENTA, MANO DE OBRA, PLANTADO, EQUIPO Y TODO LO NECESARIO PARA SU CORRECTA EJECUCIÓN. COLOCACIÓN.P.U.O.T','A',57.00,39.50,'C','2017-10-17 22:42:14.227382',159,4),(606,1508279187544949,'ARCISC-0105-JA-02','SUMINISTRO Y PLANTADO DE BAMBUSA VULGARIS INCLUYE: SUMINISTRO DE MATERIALES, MANO DE OBRA, EXCAVACIÓN DE CEPAS DE .35X.35X.40 MTS, RELLENO DE LA MISMA CON TIERRA VEGETAL, SIEMBRA, RIEGO DURANTE UN PERIODO MINIMO DE 20 DIAS PARA GARANTIZAR SU CORRECTO SEMBRADO, ABONO DE ARBOL, MATERIALES, MANO DE OBRA, HERRAMIENTA, EQUIPO Y TODO LO NECESARIO PARA SU CORRECTA EJECUCIÓN. P.U.O.T.','A',57.00,254.50,'C','2017-10-17 22:42:14.229951',159,4),(607,1508279187547504,'ARCISC-0105-JA-03','SUMINISTRO Y PLANTADO DE CITRUS SINENSIS (NARANJO) DE 2MTS. DE ALTURA INCLUYE: SUMINISTRO DE MATERIALES, MANO DE OBRA, EXCAVACIÓN DE CEPAS, RELLENO DE LA MISMA CON TIERRA VEGETAL, SIEMBRA, RIEGO DURANTE UN PERIODO MINIMO DE 20 DIAS PARA GARANTIZAR SU CORRECTO SEMBRADO, ABONO DE ARBOL, MATERIALES, MANO DE OBRA, HERRAMIENTA, EQUIPO Y TODO LO NECESARIO PARA SU CORRECTA EJECUCIÓN. P.U.O.T.','A',2.00,335.24,'C','2017-10-17 22:42:14.232591',159,4),(608,1508279187550180,'ARCISC-0106-JA-10','PLANTA DE ORNATO LLAMANDA PLUMBAGO EN ZONAS JARDINERAS, INCLUYE: SUMINISTRO DE MATERIALES, TIERRA NEGRA, HERRAMIENTA, MANO DE OBRA, PLANTADO, EQUIPO Y TODO LO NECESARIO PARA SU CORRECTA EJECUCIÓN. COLOCACIÓN.P.U.O.T','A',4.00,64.50,'C','2017-10-17 22:42:14.235184',159,4),(609,1508279187553327,'ARCISC-0106-JA-11','PLANTA DE ORNATO LLAMANDA SANSEVIERIA TRIFASCIATA. EN ZONAS JARDINERAS, INCLUYE: SUMINISTRO DE MATERIALES, TIERRA NEGRA, HERRAMIENTA, MANO DE OBRA, PLANTADO, EQUIPO Y TODO LO NECESARIO PARA SU CORRECTA EJECUCIÓN. COLOCACIÓN.P.U.O.T','A',32.00,94.50,'C','2017-10-17 22:42:14.238388',159,4),(610,1508279187556326,'ARCISC-0031','PASTO EN ROLLO, CONSIDERANDO MEJORAMIENTO DE TERRENO A BASE DE TIERRA VEGETAL EN CAPAS DE 5 CMS, SUMINISTRO, ACARREOS LOCALES, EXTENDIDO, RIEGO CON AGUA DE PIPA Y MANO DE OBRA P.U.O.T.','A',132.00,48.60,'C','2017-10-17 22:42:14.241341',159,2),(611,1508279187558996,'ARCISC-0106-CA-01','PLANTA DE ORNATO HIBISCUS @60CM CON UNA ALTURA DE 60CM. EN ZONAS JARDINERAS, INCLUYE: SUMINISTRO DE MATERIALES, TIERRA NEGRA, HERRAMIENTA, MANO DE OBRA, PLANTADO, EQUIPO Y TODO LO NECESARIO PARA SU CORRECTA EJECUCIÓN. COLOCACIÓN.P.U.O.T.','A',133.00,74.50,'C','2017-10-17 22:42:14.244030',160,4),(612,1508279187561565,'ARCISC-0106-CA-02',' PLANTA DE ORNATO LLAMANDA ALLAMANDA CATHARTICA @50CM. CON UNA ALTURA DE 30 A50CM. EN ZONAS JARDINERAS, INCLUYE: SUMINISTRO DE MATERIALES, TIERRA NEGRA, HERRAMIENTA, MANO DE OBRA, PLANTADO, EQUIPO Y TODO LO NECESARIO PARA SU CORRECTA EJECUCIÓN. COLOCACIÓN.P.U.O.T','A',112.00,69.50,'C','2017-10-17 22:42:14.246565',160,4),(613,1508279187564866,'ARCISC-0105-CA-01','SUMINISTRO Y PLANTADO DE  COCOS NUCIFERA CON UNA ALTURA DE 5M. INCLUYE: SUMINISTRO DE MATERIALES, MANO DE OBRA, EXCAVACIÓN DE CEPAS, RELLENO DE LA MISMA CON TIERRA VEGETAL, SIEMBRA, RIEGO DURANTE UN PERIODO MINIMO DE 20 DIAS PARA GARANTIZAR SU CORRECTO SEMBRADO, ABONO DE ARBOL, MATERIALES, MANO DE OBRA, HERRAMIENTA, EQUIPO Y TODO LO NECESARIO PARA SU CORRECTA EJECUCIÓN. P.U.O.T.','A',5.00,3576.78,'C','2017-10-17 22:42:14.249923',160,4),(614,1508279187567689,'ARCISC-0105-CA-02','SUMINISTRO Y PLANTADO DE CITRUS SINENSIS (NARANJO) DE 2MTS. DE ALTURA INCLUYE: SUMINISTRO DE MATERIALES, MANO DE OBRA, EXCAVACIÓN DE CEPAS, RELLENO DE LA MISMA CON TIERRA VEGETAL, SIEMBRA, RIEGO DURANTE UN PERIODO MINIMO DE 20 DIAS PARA GARANTIZAR SU CORRECTO SEMBRADO, ABONO DE ARBOL, MATERIALES, MANO DE OBRA, HERRAMIENTA, EQUIPO Y TODO LO NECESARIO PARA SU CORRECTA EJECUCIÓN. P.U.O.T.','A',2.00,335.24,'C','2017-10-17 22:42:14.252694',160,4),(615,1508279187570386,'ARCISC-0106-CA-03','PLANTA DE ORNATO LLAMANDA RAVENALA MADAGASCARIENSIS EN ZONAS JARDINERAS, INCLUYE: SUMINISTRO DE MATERIALES, TIERRA NEGRA, HERRAMIENTA, MANO DE OBRA, PLANTADO, EQUIPO Y TODO LO NECESARIO PARA SU CORRECTA EJECUCIÓN. COLOCACIÓN.P.U.O.T.','A',3.00,1553.58,'C','2017-10-17 22:42:14.255433',160,4),(616,1508279187573295,'ARCISC-0106-CA-04','PLANTA DE ORNATO LLAMANDA TRANDESCANTIA PALLIDA EN ZONAS JARDINERAS, INCLUYE: SUMINISTRO DE MATERIALES, TIERRA NEGRA, HERRAMIENTA, MANO DE OBRA, PLANTADO, EQUIPO Y TODO LO NECESARIO PARA SU CORRECTA EJECUCIÓN. COLOCACIÓN.P.U.O.T.','A',386.00,46.50,'C','2017-10-17 22:42:14.258310',160,4),(617,1508279187575908,'ARCISC-0106-CA-05','PLANTA DE ORNATO LLAMANDA SANSEVIERIA TRIFASCIATA EN ZONAS JARDINERAS, INCLUYE: SUMINISTRO DE MATERIALES, TIERRA NEGRA, HERRAMIENTA, MANO DE OBRA, PLANTADO, EQUIPO Y TODO LO NECESARIO PARA SU CORRECTA EJECUCIÓN. COLOCACIÓN.P.U.O.T.','A',140.00,94.50,'C','2017-10-17 22:42:14.261122',160,4),(618,1508279187579537,'ARCISC-0106-CA-06','PLANTA DE ORNATO LLAMANDA DURANTA GOLDEN EN ZONAS JARDINERAS, INCLUYE: SUMINISTRO DE MATERIALES, TIERRA NEGRA, HERRAMIENTA, MANO DE OBRA, PLANTADO, EQUIPO Y TODO LO NECESARIO PARA SU CORRECTA EJECUCIÓN. COLOCACIÓN.P.U.O.T.','A',266.00,39.50,'C','2017-10-17 22:42:14.264642',160,4),(619,1508279187583032,'ARCISC-0106-CA-07','PLANTA DE ORNATOA LLAMANDA PYROSTEGIA IGNEA EN ZONAS JARDINERAS, INCLUYE: SUMINISTRO DE MATERIALES, TIERRA NEGRA, HERRAMIENTA, MANO DE OBRA, PLANTADO, EQUIPO Y TODO LO NECESARIO PARA SU CORRECTA EJECUCIÓN. COLOCACIÓN.P.U.O.T.','A',5.00,69.50,'C','2017-10-17 22:42:14.268099',160,4),(620,1508279187586113,'ARCISC-0106-CA-08','PLANTA DE ORNATO LLAMANDA CODIAEUM VARIEGATUM EN ZONAS JARDINERAS, INCLUYE: SUMINISTRO DE MATERIALES, TIERRA NEGRA, HERRAMIENTA, MANO DE OBRA, PLANTADO, EQUIPO Y TODO LO NECESARIO PARA SU CORRECTA EJECUCIÓN. COLOCACIÓN.P.U.O.T.','A',42.00,174.50,'C','2017-10-17 22:42:14.271147',160,4),(621,1508279187588968,'ARCISC-0106-CA-09','PLANTA DE ORNATO LLAMANDA GARDENIA JASMINOIDES EN ZONAS JARDINERAS, INCLUYE: SUMINISTRO DE MATERIALES, TIERRA NEGRA, HERRAMIENTA, MANO DE OBRA, PLANTADO, EQUIPO Y TODO LO NECESARIO PARA SU CORRECTA EJECUCIÓN. COLOCACIÓN.P.U.O.T.','A',30.00,69.50,'C','2017-10-17 22:42:14.274032',160,4),(622,1508279187591944,'ARCISC-0106-CA-10','PLANTA DE ORNATO LLAMANDA PLUMBAGO EN ZONAS JARDINERAS, INCLUYE: SUMINISTRO DE MATERIALES, TIERRA NEGRA, HERRAMIENTA, MANO DE OBRA, PLANTADO, EQUIPO Y TODO LO NECESARIO PARA SU CORRECTA EJECUCIÓN. COLOCACIÓN.P.U.O.T.','A',4.00,64.50,'C','2017-10-17 22:42:14.276948',160,4),(623,1508279187594557,'ARCISC-0105-CA-03','SUMINISTRO Y PLANTADO DE BAMBUSA VULGARIS INCLUYE: SUMINISTRO DE MATERIALES, MANO DE OBRA, EXCAVACIÓN DE CEPAS DE .35X.35X.40 MTS, RELLENO DE LA MISMA CON TIERRA VEGETAL, SIEMBRA, RIEGO DURANTE UN PERIODO MINIMO DE 20 DIAS PARA GARANTIZAR SU CORRECTO SEMBRADO, ABONO DE ARBOL, MATERIALES, MANO DE OBRA, HERRAMIENTA, EQUIPO Y TODO LO NECESARIO PARA SU CORRECTA EJECUCIÓN. P.U.O.T.','A',130.00,254.50,'C','2017-10-17 22:42:14.279562',160,4),(624,1508279187597130,'ARCISC-0106-CA-11','PLANTA DE ORNATO LLAMANDA ALOCASIA MACRORRHIZA. EN ZONAS JARDINERAS, INCLUYE: SUMINISTRO DE MATERIALES, TIERRA NEGRA, HERRAMIENTA, MANO DE OBRA, PLANTADO, EQUIPO Y TODO LO NECESARIO PARA SU CORRECTA EJECUCIÓN. COLOCACIÓN.P.U.O.T.','A',24.00,99.50,'C','2017-10-17 22:42:14.282144',160,4),(625,1508279187600329,'ARCISC-0031','PASTO EN ROLLO, CONSIDERANDO MEJORAMIENTO DE TERRENO A BASE DE TIERRA VEGETAL EN CAPAS DE 5 CMS, SUMINISTRO, ACARREOS LOCALES, EXTENDIDO, RIEGO CON AGUA DE PIPA Y MANO DE OBRA P.U.O.T.','A',362.00,48.60,'C','2017-10-17 22:42:14.285351',160,2),(626,1508279187602965,'ARCISC-0106-JT-01','PLANTA DE ORNATO HIBISCUS @50CM CON UNA ALTURA DE 60CM. EN ZONAS JARDINERAS, INCLUYE: SUMINISTRO DE MATERIALES, TIERRA NEGRA, HERRAMIENTA, MANO DE OBRA, PLANTADO, EQUIPO Y TODO LO NECESARIO PARA SU CORRECTA EJECUCIÓN. COLOCACIÓN.P.U.O.T.','A',12.00,74.50,'C','2017-10-17 22:42:14.287968',161,4),(627,1508279187606069,'ARCISC-0106-JT-02','PLANTA DE ORNATO LLAMANDA ALLAMANDA CATHARTICA @65CM. EN ZONAS JARDINERAS, INCLUYE: SUMINISTRO DE MATERIALES, TIERRA NEGRA, HERRAMIENTA, MANO DE OBRA, PLANTADO, EQUIPO Y TODO LO NECESARIO PARA SU CORRECTA EJECUCIÓN. COLOCACIÓN.P.U.O.T.','A',49.00,69.50,'C','2017-10-17 22:42:14.291087',161,4),(628,1508279187608649,'ARCISC-0106-JT-03','PLANTA DE ORNATO LLAMANDA TRANDESCANTIA PALLIDA EN ZONAS JARDINERAS, INCLUYE: SUMINISTRO DE MATERIALES, TIERRA NEGRA, HERRAMIENTA, MANO DE OBRA, PLANTADO, EQUIPO Y TODO LO NECESARIO PARA SU CORRECTA EJECUCIÓN. COLOCACIÓN.P.U.O.T.','A',363.00,46.50,'C','2017-10-17 22:42:14.293650',161,4),(629,1508279187611161,'ARCISC-0106-JT-04','PLANTA DE ORNATO LLAMANDA DURANTA REPENS EN ZONAS JARDINERAS, INCLUYE: SUMINISTRO DE MATERIALES, TIERRA NEGRA, HERRAMIENTA, MANO DE OBRA, PLANTADO, EQUIPO Y TODO LO NECESARIO PARA SU CORRECTA EJECUCIÓN. COLOCACIÓN.P.U.O.T.','A',6.00,39.50,'C','2017-10-17 22:42:14.296164',161,4),(630,1508279187614155,'ARCISC-0106-JT-05','PLANTA DE ORNATO LLAMANDA SANSEVIERIA TRIFASCIATA @40CM EN ZONAS JARDINERAS, INCLUYE: SUMINISTRO DE MATERIALES, TIERRA NEGRA, HERRAMIENTA, MANO DE OBRA, PLANTADO, EQUIPO Y TODO LO NECESARIO PARA SU CORRECTA EJECUCIÓN. COLOCACIÓN.P.U.O.T.','A',70.00,94.50,'C','2017-10-17 22:42:14.299191',161,4),(631,1508279187617043,'ARCISC-0106-JT-06','PLANTA DE ORNATO LLAMANDA DURANTA GOLDEN EN ZONAS JARDINERAS, INCLUYE: SUMINISTRO DE MATERIALES, TIERRA NEGRA, HERRAMIENTA, MANO DE OBRA, PLANTADO, EQUIPO Y TODO LO NECESARIO PARA SU CORRECTA EJECUCIÓN. COLOCACIÓN.P.U.O.T.','A',108.00,39.50,'C','2017-10-17 22:42:14.302058',161,4),(632,1508279187619698,'ARCISC-0106-JT-07','PLANTA DE ORNATO LLAMANDA LANTANA CAMARA EN ZONAS JARDINERAS, INCLUYE: SUMINISTRO DE MATERIALES, TIERRA NEGRA, HERRAMIENTA, MANO DE OBRA, PLANTADO, EQUIPO Y TODO LO NECESARIO PARA SU CORRECTA EJECUCIÓN. COLOCACIÓN.P.U.O.T.','A',11.00,54.50,'C','2017-10-17 22:42:14.304701',161,4),(633,1508279187622298,'ARCISC-0106-JT-08','PLANTA DE ORNATO LLAMANDA MUSA PARADISIACA EN ZONAS JARDINERAS, INCLUYE: SUMINISTRO DE MATERIALES, TIERRA NEGRA, HERRAMIENTA, MANO DE OBRA, PLANTADO, EQUIPO Y TODO LO NECESARIO PARA SU CORRECTA EJECUCIÓN. COLOCACIÓN.P.U.O.T.','A',7.00,174.50,'C','2017-10-17 22:42:14.307303',161,4),(634,1508279187624958,'ARCISC-0106-JT-09','PLANTA DE ORNATO LLAMANDA ABUTILON EN ZONAS JARDINERAS, INCLUYE: SUMINISTRO DE MATERIALES, TIERRA NEGRA, HERRAMIENTA, MANO DE OBRA, PLANTADO, EQUIPO Y TODO LO NECESARIO PARA SU CORRECTA EJECUCIÓN. COLOCACIÓN.P.U.O.T.','A',20.00,33.39,'C','2017-10-17 22:42:14.309963',161,4),(635,1508279187627975,'ARCISC-0106-JT-10','PLANTA DE ORNATO LLAMANDA CODIAEUM VARIEGATUM EN ZONAS JARDINERAS, INCLUYE: SUMINISTRO DE MATERIALES, TIERRA NEGRA, HERRAMIENTA, MANO DE OBRA, PLANTADO, EQUIPO Y TODO LO NECESARIO PARA SU CORRECTA EJECUCIÓN. COLOCACIÓN.P.U.O.T.','A',8.00,174.50,'C','2017-10-17 22:42:14.312973',161,4),(636,1508279187630750,'ARCISC-0106-JT-11','PLANTA DE ORNATO LLAMANDA CICADA EN ZONAS JARDINERAS, INCLUYE: SUMINISTRO DE MATERIALES, TIERRA NEGRA, HERRAMIENTA, MANO DE OBRA, PLANTADO, EQUIPO Y TODO LO NECESARIO PARA SU CORRECTA EJECUCIÓN. COLOCACIÓN.P.U.O.T.','A',5.00,1052.61,'C','2017-10-17 22:42:14.315767',161,4),(637,1508279187634050,'ARCISC-0106-JT-12','PLANTA DE ORNATO LLAMANDA GARDENIA JASMINOIDES EN ZONAS JARDINERAS, INCLUYE: SUMINISTRO DE MATERIALES, TIERRA NEGRA, HERRAMIENTA, MANO DE OBRA, PLANTADO, EQUIPO Y TODO LO NECESARIO PARA SU CORRECTA EJECUCIÓN. COLOCACIÓN.P.U.O.T.','A',27.00,69.50,'C','2017-10-17 22:42:14.319081',161,4),(638,1508279187636985,'ARCISC-0106-JT-13','PLANTA DE ORNATO LLAMANDA PITTOSPORUM TOBIRA EN ZONAS JARDINERAS, INCLUYE: SUMINISTRO DE MATERIALES, TIERRA NEGRA, HERRAMIENTA, MANO DE OBRA, PLANTADO, EQUIPO Y TODO LO NECESARIO PARA SU CORRECTA EJECUCIÓN. COLOCACIÓN.P.U.O.T.','A',8.00,69.50,'C','2017-10-17 22:42:14.321998',161,4),(639,1508279187641380,'ARCISC-0106-JT-14','PLANTA DE ORNATO LLAMANDA PLUMBAGO EN ZONAS JARDINERAS, INCLUYE: SUMINISTRO DE MATERIALES, TIERRA NEGRA, HERRAMIENTA, MANO DE OBRA, PLANTADO, EQUIPO Y TODO LO NECESARIO PARA SU CORRECTA EJECUCIÓN. COLOCACIÓN.P.U.O.T.','A',2.00,64.50,'C','2017-10-17 22:42:14.326460',161,4),(640,1508279187644063,'ARCISC-0106-JT-15','PLANTA DE ORNATO LLAMANDA TIBOUCHINA LEPIDOTA EN ZONAS JARDINERAS, INCLUYE: SUMINISTRO DE MATERIALES, TIERRA NEGRA, HERRAMIENTA, MANO DE OBRA, PLANTADO, EQUIPO Y TODO LO NECESARIO PARA SU CORRECTA EJECUCIÓN. COLOCACIÓN.P.U.O.T.','A',4.00,94.50,'C','2017-10-17 22:42:14.329065',161,4),(641,1508279187646696,'ARCISC-0105-JT-01','SUMINISTRO Y PLANTADO DE BAMBUSA VULGARIS INCLUYE: SUMINISTRO DE MATERIALES, MANO DE OBRA, EXCAVACIÓN DE CEPAS DE .35X.35X.40 MTS, RELLENO DE LA MISMA CON TIERRA VEGETAL, SIEMBRA, RIEGO DURANTE UN PERIODO MINIMO DE 20 DIAS PARA GARANTIZAR SU CORRECTO SEMBRADO, ABONO DE ARBOL, MATERIALES, MANO DE OBRA, HERRAMIENTA, EQUIPO Y TODO LO NECESARIO PARA SU CORRECTA EJECUCIÓN. P.U.O.T.','A',105.00,254.50,'C','2017-10-17 22:42:14.331697',161,4),(642,1508279187649334,'ARCISC-0106-JT-16','PLANTA DE ORNATO LLAMANDA BUGAMBILLLEA @60CM. EN ZONAS JARDINERAS, INCLUYE: SUMINISTRO DE MATERIALES, TIERRA NEGRA, HERRAMIENTA, MANO DE OBRA, PLANTADO, EQUIPO Y TODO LO NECESARIO PARA SU CORRECTA EJECUCIÓN. COLOCACIÓN.P.U.O.T.','A',56.00,94.50,'C','2017-10-17 22:42:14.334341',161,4),(643,1508279187651913,'AB-V-JT-01','SUMINISTRO Y COLOCACION DE GRAVA DE MARMOL BLANCO CON UN ESPESOR DE 4CM INCLUYE: MALLA ANIMALEZA, MATERIAL, MANO DE OBRA , ACARREOS Y TODO LO NECESARIO PARA SU CORRECTA EJECUCION.','A',5.35,70.48,'C','2017-10-17 22:42:14.336948',161,2),(644,1508279187655448,'001-10','EXCAVACION A MANO PARA DAR NIVELES DE PROYECTO EN CUALQUIER TIPO DE MATERIAL DE 0.00 A 2.00 MTS DE PROFUNDIDAD EN ZONAS URBANAS INCLUYE: EXTRACCION, AFINE DE TALUDES Y FONDO, APILE DE MATERIAL PRODUCTO DE EXCAVACION, CARGA CON MAQUINA Y ACARREO A TIRO LIBRE PROPUESTO POR EL CONTRATISTA, MANO DE OBRA, EQUIPO Y HERRAMIENTA. P.U.O.T.','A',332.00,194.87,'C','2017-10-17 22:42:14.340484',162,1),(645,1508279187658076,'006-02','RELLENO CON MATERIAL DE BANCO (TEPETATE) PARA DAR NIVELES DE PROYECTO INCLUYE: SUMINISTRO Y ACARREO DE MATERIAL PUESTO EN LA OBRA, COLOCACION, AFINE Y COMPACTACION CON PIZON DE MANO Y/O BAILARINA MECANICA, APLICACION DE AGUA Y SU ACARREO, MANO DE OBRA Y HERRAMIENTA. P.U.O.T.','A',99.60,272.67,'C','2017-10-17 22:42:14.343079',162,1),(646,1508279187660639,'AB-P-01','SUMINISTRO E INSTALACION DE FUENTE SOBRE MURO INCLUYE: MATERIALES, HERRAMIENTAS, INSTALACIONES, EQUIPO, MANO DE OBRA Y TODO LO NECESARIO PARA SU CORRECTA EJECUCION.','A',1.00,20664.70,'C','2017-10-17 22:42:14.345644',162,5),(647,1508279187663340,'001-23','EXCAVACION A MANO EN CEPA HASTA 2.00 MTS. DE PROF. EN CUALQUIER TIPO DE MATERIAL; INCLUYE: AFINE DE TALUDES  Y FONDO,  INCLUIR ACARREOS DE MATERIAL SOBRANTE FUERA DE LA OBRA, INCLUYE: MANO DE OBRA, EQUIPO, HERRAMIENTA.  P.U.O.T.','A',18.76,194.96,'C','2017-10-17 22:42:14.348343',163,1),(648,1508279187665860,'006-01B','RELLENO COMPACTADO CON PIZON DE MANO EN CAPAS DE 20 CM UTILIZANDO MATERIAL PRODUCTO DE LA EXCAVACION, CONSIDERANDO EL ACARREO DE MATERIAL EN CARRETILLA AL AREA DE TRABAJO. INCLUYE: AGUA, HERRAMIENTA, ACARREO Y MANO DE OBRA. P.U.O.T.','A',83.36,104.98,'C','2017-10-17 22:42:14.350914',163,1),(649,1508279187668725,'012-07','MURO DE PIEDRA BRAZA DE 30 A 40 CMS. DE ESPESOR ASENTADO CON MORTERO DE CEMENTO-ARENA 1:5 ACABADO COMUN. CONSIDERANDO ANDAMIO DE CABALLETE PARA ALTURAS DE 1.50 A 3.00 MTS. DE ALTURA. INCLUYE: MATERIAL, MANO DE OBRA, EQUIPO, ACARREOS Y  HERRAMIENTA. P.U.O.T.','A',27.74,1162.54,'C','2017-10-17 22:42:14.353724',163,1),(650,1508279187671544,'076-07E','ESCALON DE 18 CMS DE PERALTE X 30 CMS DE HUELLA Y NARIZ DE 3.0 CMS DE ANCHO X 7.0 CMS DE ESPESOR, DE CONCRETO HECHO EN OBRA DE F`C=250 KG/CM2, ARMADA CON ESCUADRAS DE VARILLAS DEL NO. 3 @ 20 CMS EN EL SENTIDO TRANSVERSAL ANCLADAS A RAMPA Y UNA VARILLA DEL NO. 3 EN SENTIDO LONGITUDINAL, ACABADO MARTELINADO. INCLUYE: MATERIALES, TRAZO, CORTES, TRASLAPES, DESPERDICIOS, HABILITADO, AMARRES,  VIBRADO, CHAFLAN PARA REMATE DE NARIZ, CIMBRA COMUN, DESCIMBRADO, HUMEDECIDO, MANO DE OBRA, EQUIPO, HERRAMIENTA, Y LIMPIEZA. (U.C.T.T.)','A',9.00,289.26,'C','2017-10-17 22:42:14.356545',163,3),(651,1508279187674277,'B-001','LIMPIA DE TERRENO PARA TRAZO DE EDIFICIOS, INCLUYE DESPALME, ACARREO DE ESCOMBRO FUERA DE LA OBRA CON CARGA A MANO. (U.C.T.T.)','A',728.87,7.31,'C','2017-10-17 22:42:14.359273',164,2),(652,1508279187676965,'001-10','EXCAVACION A MANO PARA DAR NIVELES DE PROYECTO EN CUALQUIER TIPO DE MATERIAL DE 0.00 A 2.00 MTS DE PROFUNDIDAD EN ZONAS URBANAS INCLUYE: EXTRACCION, AFINE DE TALUDES Y FONDO, APILE DE MATERIAL PRODUCTO DE EXCAVACION, CARGA CON MAQUINA Y ACARREO A TIRO LIBRE PROPUESTO POR EL CONTRATISTA, MANO DE OBRA, EQUIPO Y HERRAMIENTA. P.U.O.T.','A',145.77,194.87,'C','2017-10-17 22:42:14.361967',164,1),(653,1508279187679542,'006-02','RELLENO CON MATERIAL DE BANCO (TEPETATE) PARA DAR NIVELES DE PROYECTO INCLUYE: SUMINISTRO Y ACARREO DE MATERIAL PUESTO EN LA OBRA, COLOCACION, AFINE Y COMPACTACION CON PIZON DE MANO Y/O BAILARINA MECANICA, APLICACION DE AGUA Y SU ACARREO, MANO DE OBRA Y HERRAMIENTA. P.U.O.T.','A',157.10,272.67,'C','2017-10-17 22:42:14.364543',164,1),(654,1508279187682991,'AND-CON01','PISO DE CONCRETO HECHO EN OBRA DE 10 CMS DE ESPESOR F\'C= 150 KG/ CM2, CON  AGREGADO  DE GRANO DE MÁRMOL DEL NUMERO 3 COLOR  BLANCO, ACABADO LAVADO, INCLUYE: SUMINISTRO DE MATERIAL,  HERRAMIENTA,  EQUIPO, ACARREOS,  ELEVACIÓN  A  CUALQUIER ALTURA, NIVELACIÓN, CIMBRADO,   DESCIMBRADO,  COLADO, CURADO, LIMPIEZA, MANO DE OBRA Y TODO LO  NECESARIO  PARA  SU EJECUCIÓN.   P.U.O.T.','A',114.07,252.56,'C','2017-10-17 22:42:14.368021',164,2),(655,1508279187685723,'PIS-01C-B-01','ADOQUIN DE 20X10X5 CMS DE CANTOS LISOS.  ACABADO SEGUN DISEÑO. CON UNA TOLERANCIA MÁXIMA DE SUS MEDIDAS  DE   +/- 0.2 EN LARGO ANCHO Y +/- 0.3 CMS EN ESPESOR. INSTALADO SOBRE CAMA DE ARENA DE 5 CENTÍMETROS DE ESPESOR CON JUNTA DE 0.4 A 0.6 CENTÍMETROS RELLENADA SOBRE UN FILTRO DE DE 20 CM DE GRAVA DE 3/4 COMPACTADA CON BAILARINA.  INCLUYE: TRAZO, ALINEACIÓN, INSTALACIÓN, CORTES CON CORTADORA, VIBRADO CON MESA VIBRADORA, LIMPIEZA PARA  SELLADO Y SELLADO, LIMPIEZA FINAL, ACARREO DE MATERIAL, MATERIALES, HERRAMIENTA, EQUIPO Y MANO DE OBRA.','A',428.26,274.61,'C','2017-10-17 22:42:14.370726',164,2),(656,1508279187688545,'PISO-D01','PISO DE PIEDRA LAJA O PORFIDO SANGRE DE PICHON. DIFERENTES MEDIDAS IRREGULAR DE 1 A 4 CM: 5-7 CM, 7-9 CM, Y CORTADAS EN DISCO, CINCEL O GUILLOTINA. COLOR SEGÚN SUPERVISION CON FIRME DE 10 CMS DE ESPESOR CON CONCRETO DE 100 KG/CM2  INCLUYE HERRAMIENTA, EQUIPO Y MANO DE OBRA P.U.O.T','A',183.34,393.40,'C','2017-10-17 22:42:14.373644',164,2),(657,1508279187692300,'094-21-B-01','GUARNICION DE CONCRETO SIMPLE F\'C=200 KG/CM2 SECCION 10X20 CMS. INCLUYE:SUMINISTRO Y COLOCACION DEL CONCRETO, CIMBRA METALICA, ACABADO PULIDO DE LA CORONA Y VOLTEADOR EN LAS ARISTAS, DESCIMBRADO, MANO DE OBRA Y HERRAMIENTA P.U.O.T.','A',262.32,62.93,'C','2017-10-17 22:42:14.377361',164,3),(658,1508279187695528,'B-001','LIMPIA DE TERRENO PARA TRAZO DE EDIFICIOS, INCLUYE DESPALME, ACARREO DE ESCOMBRO FUERA DE LA OBRA CON CARGA A MANO. (U.C.T.T.)','A',58.71,7.31,'C','2017-10-17 22:42:14.380564',166,2),(659,1508279187698505,'3.1.B1','TRAZO Y NIVELACION  DE TERRENO CON EQUIPO TOPOGRAFICO ESTABLECIENDO EJES DE REFERENCIA Y BANCOS DE NIVEL, INCLUYE: MATERIALES, MANO DE OBRA, EQUIPO Y HERRAMIENTA P.U.O.T.','A',58.71,3.55,'C','2017-10-17 22:42:14.383525',166,2),(660,1508279187701360,'001-23','EXCAVACION A MANO EN CEPA HASTA 2.00 MTS. DE PROF. EN CUALQUIER TIPO DE MATERIAL; INCLUYE: AFINE DE TALUDES  Y FONDO,  INCLUIR ACARREOS DE MATERIAL SOBRANTE FUERA DE LA OBRA, INCLUYE: MANO DE OBRA, EQUIPO, HERRAMIENTA.  P.U.O.T.','A',8.59,194.96,'C','2017-10-17 22:42:14.386360',167,1),(661,1508279187704224,'093-05B-A-01','BASE CON MATERIAL DE BANCO, CON UN ESPESOR DE 50 CMS. Y COMPACTADA AL 95% DE SU P.V.S.M., INCLUYE: SUMINISTRO Y ACARREO DEL MATERIAL PUESTO EN LA OBRA, ACAMELLONADO, INCORPORACIÓN DE AGUA Y SU ACARREO, MEZCLADO, TENDIDO, AFINE Y COMPACTACIÓN, MANO DE OBRA, EQUIPO Y HERRAMIENTA. P.U.O.T.','A',4.90,264.33,'C','2017-10-17 22:42:14.389229',167,1),(662,1508279187706979,'BP-003','PLANTILLA DE CONCRETO HIDRAULICO SIMPLE DE 5 CMS. DE ESPESOR HECHO EN OBRA F\'C=100 KG/CM2 RESINTENCIA NORMAL, TAMAÑO MAXIMO AGREGADO DE 3/4\", INCLUYE: MATERIALES, HERRAMIENTAS, EQUIPO DE SEGURIDAD, MANO DE OBRA Y EQUIPO MENOR.','A',9.81,89.15,'C','2017-10-17 22:42:14.391979',167,2),(663,1508279187710111,'CIM-006G','ZAPATA AISLADA DE 0.80X0.80X0.20 MTS DE CONCRETO F\'C= 200 KG/CM2, ARMADA CON VARILLA DE NO.3 @ 20 CMS EN AMBOS SENTIDOS DE 20 CM DE ESPESOR, INCLUYE: EXCAVACION, CIMBRA, DESCIMBRA, AGUA, MATERIAL, HERRAMIENTA Y TODO LO NECESARIO PARA SU CORRECTA EJECUCION P.U.O.T.','A',6.00,629.42,'C','2017-10-17 22:42:14.395155',167,4),(664,1508279187713172,'BP-005-A-01','DADO DE CIMENTACION AISLADO DE SECCION 0.30 X 0.30 Y 0.50 MTS. DE ALTURA DE CONCRETO HIDRAULICO HECHO EN OBRA F\'C=250 KG/CM2 RESINTENCIA NORMAL, TAMAÑO MAXIMO AGREGADO DE 3/4\", REFORZADO 6 VARILLAS DE ACERO DEL No.3 (3/8\") Y ESTRIBOS DEL No. 2 (1/4\") A CADA 10 CMS. ACABADO COMUN, INCLUYE: VIBRADO, CURADO, CIMBRA Y DESCIMBRA, MATERIALES, HERRAMIENTAS, EQUIPO DE SEGURIDAD, MANO DE OBRA Y EQUIPO MENOR.','A',6.00,333.17,'C','2017-10-17 22:42:14.398209',167,4),(665,1508279187717654,'ISC-046','CONTRATRABE DE 20X40 CMS. DE CONCRETO F´C= 200 KG/CM2 ARMADO CON 4 VARILLAS DEL No. 4 Y ESTRIBOS DEL No. 2 @ 20 CMS., CIMBRA COMÚN, INCLUYE: HABILITADO, ARMADO, CIMBRA Y DESCIMBRA, COLADO, MATERIAL, MANO DE OBRA, HERRAMIENTA, EQUIPO Y TODO LO NECESARIO PARA SU CORRECTA EJECUCIÓN. P.U.O.T.','A',8.50,381.64,'C','2017-10-17 22:42:14.402746',167,3),(666,1508279187720847,'006-01B','RELLENO COMPACTADO CON PIZON DE MANO EN CAPAS DE 20 CM UTILIZANDO MATERIAL PRODUCTO DE LA EXCAVACION, CONSIDERANDO EL ACARREO DE MATERIAL EN CARRETILLA AL AREA DE TRABAJO. INCLUYE: AGUA, HERRAMIENTA, ACARREO Y MANO DE OBRA. P.U.O.T.','A',4.30,104.98,'C','2017-10-17 22:42:14.405885',167,1),(667,1508279187723558,'ALB-009-A-01','FIRME DE CONCRETO DE 10 CMS. DE ESPESOR ARMADO CON MALLA ELECTROSOLDADA 6-6/10-10 ACABADO DESLAVADO CON AGREGADO CERO GRUESO Y CEMENTO GRIS , FRAGUADO NORMAL PARA ESTRUCTURA Y ARRIOSTRES, ASI COMO PARA RESANE DE PISO DEMOLIDO. INCLUYE : MATERIALES Y SU ELEVACION,PROTECCION DEL AREA DONDE SE FABRICARA,COLOCACION VIBRADO, CURADO, ACARREO DE SOBRANTES A PIE DE CAMION, DESPERDICIOS, LIMPIEZA Y LO NECESARIO PARA SU CORRECTA EJECUCION. SI ES EN PIEDRAS INCLUYE VOLTEODOR DE 5 CM. PU.O.T. ','A',32.20,205.70,'C','2017-10-17 22:42:14.408560',168,2),(668,1508279187726110,'095-48-A-01','RAMPA DE CONCRETO F\'C= 150 KG/CM2 T.M.A. 3/4\" DE 10 CM. DE ESPESOR,  ARMADO CON MALLA ELECTROSOLDADA 6-6/10-10, ACABADO DESLAVADO CON AGREGADO CERO GRUESO Y CEMENTO GRIS INCLUYE: NIVELACIÓN DE LA SUPERFICIE, COMPACTACIÓN, MATERIALES, MANO DE OBRA, CIMBRADO Y DESCIMBRADO EN FRONTERAS, VIBRADO, CURADO Y TODO LO NECESARIO PARA SU CORRECTA EJECUCIÓN. U.C.T.T.','A',10.20,619.98,'C','2017-10-17 22:42:14.411112',168,2),(669,1508279187728697,'ALB-011','CONSTRUCCIÓN DE CASTILLOS Y/O CADENAS DE 15X25 CMS. DE CONCRETO F´C=200KG/CM2., ARMADO CON 4 VS. DE 3/8\" Y ESTRIBOS DEL NO. 2 A CADA 15 CMS EN BARDA PERIMETRAL. INCLUYE: MATERIALES, MANO DE OBRA, EQUIPO, HERRAMIENTA, CHAFLANES, DESPERDICIOS, ACARREO DE SOBRANTES A PIE DE CAMION, LIMPIEZAS Y TODO LO NECESARIO PARA SU CORRECTA FABRICACION. (ACABADO APARENTE DE SER NECESARIO).','A',41.00,233.02,'C','2017-10-17 22:42:14.413698',168,3),(670,1508279187731269,'012-01','MURO DE BLOCK 12 X 20 X 40 CMS. EN 12 CMS. DE ESPESOR, ASENTADO CON MORTERO CEMENTO-ARENA PROP: 1:4, JUNTEADO DE 1.5 CMS, ACABADO COMUN EN AMBAS CARAS CON ESCALERILLA @ 3 HILADAS, CONSIDERANDO ANDAMIO DE CABALLETE PARA ALTURAS DE 1.50 A 3.00 MTS. INCLUYE: MATERIAL, HERRAMIENTA Y MANO DE OBRA. P.U.O.T.','A',13.20,207.56,'C','2017-10-17 22:42:14.416283',168,2),(671,1508279187733949,'012-07','MURO DE PIEDRA BRAZA DE 30 A 40 CMS. DE ESPESOR ASENTADO CON MORTERO DE CEMENTO-ARENA 1:5 ACABADO COMUN. CONSIDERANDO ANDAMIO DE CABALLETE PARA ALTURAS DE 1.50 A 3.00 MTS. DE ALTURA. INCLUYE: MATERIAL, MANO DE OBRA, EQUIPO, ACARREOS Y  HERRAMIENTA. P.U.O.T.','A',5.04,1162.54,'C','2017-10-17 22:42:14.419000',168,1),(672,1508279187736855,'AB-ACC-ES-01','SUMINISTRO Y COLOCACION DE COLUMNA DE MADERA DE PINO DE PRIMERA CALIDAD, DE SECCION 0.30 X 0.30 MTS.Y ALTURA SEGUN PROYECTO. INLCUYE: ANCLAJE A DADO DE CIMENTACION CON PLACA DE ACERO DE 1/4\'\' DE ESPESOR, SEGUN DISEÑO ESTRUCTURAL,  TRATAMIENTO PARA MADERA A BASE DE PENTACLOROFENOL,  Y ACEITE DE LINAZA APLICADO CON BROCHA A DOS MANOS, MATERIAL, MANO DE OBRA, HERRAMIENTA, EQUIPO DE PROTECCIÓN CONTRA GASES TÓXICOS Y TODO LO NECESARIO PARA SU EJECUCIÓN. P.U.O.T.','A',6.00,7418.90,'C','2017-10-17 22:42:14.421935',168,4),(673,1508279187739890,'AB-ACC-VIG-01','SUMINISTRO Y COLOCACION DE TRABE DE MADERA DE PINO DE PRIMERA CALIDAD, DE SECCION 0.30 X 0.30 MTS. INCLUYE: ANCLAJE A COLUMNA CON PLACA DE ACERO DE 1/4\'\' DE ESPESOR, SEGÚN DISEÑO ESTRUCTURAL, TRATAMIENTO PARA MADERA A BASE DE PENTACLOROFENOL,  Y ACEITE DE LINAZA APLICADO CON BROCHA A DOS MANOS, MATERIAL, MANO DE OBRA, HERRAMIENTA, EQUIPO DE PROTECCIÓN CONTRA GASES TÓXICOS Y TODO LO NECESARIO PARA SU EJECUCIÓN. P.U.O.T.','A',16.29,7418.90,'C','2017-10-17 22:42:14.424893',168,3),(674,1508279187742645,'AB-ACC-VIG-02','SUMINISTRO Y COLOCACION DE VIGA DE MADERA DE PINO DE PRIMERA CALIDAD, DE SECCION 0.15 X 0.25 X 6.00 MTS. @ 0.40 MTS. INCLUYE: ANCLAJE A TRABE CON CLAVO DE ACERO DE 4\'\', TRATAMIENTO PARA MADERA A BASE DE PENTACLOROFENOL,  Y ACEITE DE LINAZA APLICADO CON BROCHA A DOS MANOS, MATERIAL, MANO DE OBRA, HERRAMIENTA, EQUIPO DE PROTECCIÓN CONTRA GASES TÓXICOS Y TODO LO NECESARIO PARA SU EJECUCIÓN. P.U.O.T.','A',14.40,3634.53,'C','2017-10-17 22:42:14.427660',168,4),(675,1508279187745399,'AB-ACC-C-01','TRIPLAY DE 21MM. DE ESPESOR INCLUYE: TRATAMIENTO PARA MADERA A BASE DE PENTACLOROFENOL,  Y ACEITE DE LINAZA APLICADO CON BROCHA A DOS MANOS, MATERIAL, MANO DE OBRA, HERRAMIENTA, EQUIPO DE PROTECCIÓN CONTRA GASES TÓXICOS Y TODO LO NECESARIO PARA SU EJECUCIÓN. P.U.O.T.','A',78.47,350.22,'C','2017-10-17 22:42:14.430396',169,2),(676,1508279187748655,'024-16B','IMPERMEABILIZANTE AL-KOAT TIPO PA-40T SBS  DE 4.0 MM DE ESPESOR, ACABADO FINAL CON GRAVILLA CERAMICA COLOR TERRACOTA, CON APLICACION PREVIA DE PRIMARIA AL-KOAT BASE AGUA, COLOCADA LA MEMBRANA CON SOPLETE DE GAS, TRASLAPES DE 10 CM INC: LIMPIEZA PREVIA DE LA SUPERFICIE Y POSTERIOR A LA APLICACION (BARRIDO), MATERIAL, HERRAMIENTA Y MANO DE OBRA ( 5 AÑOS DE GARANTIA) P.U.O.T.','A',78.47,193.16,'C','2017-10-17 22:42:14.433706',169,2),(677,1508279187751518,'GCAISC-0045-A-01','SUMINISTRO Y COLOCACION DE TEJA DE BARRO COLOR NATURAL DE 30X15X1.4 CM EN CUBIERTA INCLINADA. INCLUYE: CARGO DIRECTO POR EL COSTO DE LOS MATERIALES Y MANO DE OBRA QUE INTERVENGAN, FLETE A OBRA, DESPERDICIO, ACARREO HASTA EL LUGAR DE SU UTILIZACION, COLOCACION, ELEMENTOS DE FIJACION,  DESPERDICIOS , ELEVACIONES, LIMPIEZA Y RETIRO DE SOBRANTES FUERA DE OBRA, EQUIPO DE SEGURIDAD, INSTALACIONES ESPECIFICAS, DEPRECIACION Y DEMAS CARGOS DERIVADOS DEL USO DE HERRAMIENTA Y EQUIPO, EN CUALQUIER NIVEL. P.U.O.T.','A',78.47,308.19,'C','2017-10-17 22:42:14.436517',169,2),(678,1508279187754973,'ISC-030-A-01','PORTON PARA ACCESO EN DOS HOJAS  DE 5.00 X 2.40 MTS. A BASE DE MARCO DE PTR DE 2\" EN CALIBRE 18.INCLUYE: TEJUELOS CON BIVELES DE 1 1/2\" X 3/16\", BISAGRAS, PASADORES, CERROJO, CHAPA MCA. PHILLIPS MOD. 715, SOLDADURA, DISCOS DE CORTE, APLICACION DE UNA MANO DE PRIMMER Y DOS DE PINTURA ESMALTE, MANO DE OBRA, HERRAMIENTA, EQUIPO, ACARREOS, CORTES, DESPERDICIOS Y TODO LO NECESARIO PARA SU CORRECTA EJECUCIÓN. P.U.O.T.','A',1.00,10232.86,'C','2017-10-17 22:42:14.440018',170,4),(679,1508279187757755,'ACA-027D-A-01','PUERTA DE ACCESO DE 1.20 MTS.  DE ANCHO Y 2.10 MTS. DE ALTURA A BASE DE PERFIL RECTANGULAR DE 1\" Y 2\" Y TAPA DE LAMINA LISA CAL. 18 ANCLADO A MURO, CONSIDERNAOD APLICACIÓN DE PRIMMER PINTURA DE ESMALTE HASTA  CUBRIR ADECUADAMENTE LA SUPERFICIE POR AMBOS LADOS. INCLUYE: SUMINISTRO DE MATERIAL, HERRAMIENTA, EQUIPO Y MANO DE OBRA U.C.T.T.','A',1.00,2437.64,'C','2017-10-17 22:42:14.442763',170,4),(680,1508279187760397,'084-02C','PINTURA VINIL-ACRILICA PARA EXTERIOR EN MUROS,  MARCA COMEX A DOS MANOS,O SIMILAR EN  CALIDAD  Y CARACTERISTICAS  TECNICAS, SEGUN PALETA DE COLORES INCLUYE: SEÑALIZACION, PROTECCION  DE  LA  SUPERFICIE ADYACENTE CON  MASQUINTAPE,  PAPEL  Y  PLASTICO,   LIMPIEZA Y PREPARACION  DE  LA  SUPERFICIE, RESANES, UNA BASE DE - LIJADO,  EMPLASTE SELLADOR VINILICO EN  PROPORCION    5 X 1 PARA SUPERFICIES LISAS Ó  3 X 1 PARA SUPERFICIES RUGOSAS DESPERDICIOS, ANDAMIOS,  MATERIALES,  MANO DE OBRA,  HERRA MIENTA, EQUIPO, ACARREOS  DENTRO Y FUERA DE  LA OBRA,  LIMPIEZA Y TODO LO NECESARIO PARA   SU CORRECTA EJECUCION.P.U.O.T. . P.U.O.T.','A',26.40,43.60,'C','2017-10-17 22:42:14.445400',171,2),(681,1508279187763108,'AB-ACC-CO-01','SUMINISTRO Y COLOCACION DE NUMERO EXTERIOR, A BASE DE ALUMINIO ANODIZADO NATURAL,CON FIJACION OCULTA A MURO. INCLUYE: ELEMENTOS DE FIJACION, MATERIALES, MANO DE OBRA, HERRAMIENTA, EQUIPO Y TODO LO NECESARIO PARA SU CORRECTA EJECUCIÓN. P.U.O.T.','A',1.00,830.68,'C','2017-10-17 22:42:14.448111',172,4),(682,1508279187766119,'B-001','LIMPIA DE TERRENO PARA TRAZO DE EDIFICIOS, INCLUYE DESPALME, ACARREO DE ESCOMBRO FUERA DE LA OBRA CON CARGA A MANO. (U.C.T.T.)','A',17.93,7.31,'C','2017-10-17 22:42:14.451155',174,2),(683,1508279187769020,'3.1.B1','TRAZO Y NIVELACION  DE TERRENO CON EQUIPO TOPOGRAFICO ESTABLECIENDO EJES DE REFERENCIA Y BANCOS DE NIVEL, INCLUYE: MATERIALES, MANO DE OBRA, EQUIPO Y HERRAMIENTA P.U.O.T.','A',17.93,3.55,'C','2017-10-17 22:42:14.454033',174,2),(684,1508279187771789,'001-23','EXCAVACION A MANO EN CEPA HASTA 2.00 MTS. DE PROF. EN CUALQUIER TIPO DE MATERIAL; INCLUYE: AFINE DE TALUDES  Y FONDO,  INCLUIR ACARREOS DE MATERIAL SOBRANTE FUERA DE LA OBRA, INCLUYE: MANO DE OBRA, EQUIPO, HERRAMIENTA.  P.U.O.T.','A',18.82,194.96,'C','2017-10-17 22:42:14.456791',175,1),(685,1508279187774494,'093-05B-MPT-01','BASE CON MATERIAL DE BANCO, CON UN ESPESOR DE 50 CMS. Y COMPACTADA AL 95% DE SU P.V.S.M., INCLUYE: SUMINISTRO Y ACARREO DEL MATERIAL PUESTO EN LA OBRA, ACAMELLONADO, INCORPORACIÓN DE AGUA Y SU ACARREO, MEZCLADO, TENDIDO, AFINE Y COMPACTACIÓN, MANO DE OBRA, EQUIPO Y HERRAMIENTA. P.U.O.T.','A',8.97,264.33,'C','2017-10-17 22:42:14.459535',175,1),(686,1508279187777379,'BP-003','PLANTILLA DE CONCRETO HIDRAULICO SIMPLE DE 5 CMS. DE ESPESOR HECHO EN OBRA F\'C=100 KG/CM2 RESINTENCIA NORMAL, TAMAÑO MAXIMO AGREGADO DE 3/4\", INCLUYE: MATERIALES, HERRAMIENTAS, EQUIPO DE SEGURIDAD, MANO DE OBRA Y EQUIPO MENOR.','A',17.66,89.15,'C','2017-10-17 22:42:14.462380',175,2),(687,1508279187780266,'CONISC-15-SP','ZAPATA CORRIDA DE 85X20 CMS. CON CONCRETO F\'C= 250 KG/CM2 AGREGADO DE 19 MM, HECHO EN OBRA, DE 0.85 MTS DE ANCHO,  PERALTE DE 0.20 MTS,  ARMADO CON ACERO DE REFUERZO # 3 @ 0.20 MTS. EN SENTIDO TRANSVERSAL Y 5 VAR No. 3 EN SENTIDO LONGITUDINAL, INCLUYE:  CIMBRA COMÚN, DESCIMBRADO, MANO DE OBRA, HERRAMIENTA, EQUIPO Y TODO LO NECESARIO PARA SU CORRECTA EJECUCIÓN. P.U.O.T.','A',16.05,653.24,'C','2017-10-17 22:42:14.465268',175,3),(688,1508279187783574,'ISC-046-MPT-01','CONTRATRABE DE 30X40 CMS. DE CONCRETO F´C= 200 KG/CM2 ARMADO CON 4 VARILLAS DEL No. 4 Y ESTRIBOS DEL No. 2 @ 20 CMS., CIMBRA COMÚN, INCLUYE: HABILITADO, ARMADO, CIMBRA Y DESCIMBRA, COLADO, MATERIAL, MANO DE OBRA, HERRAMIENTA, EQUIPO Y TODO LO NECESARIO PARA SU CORRECTA EJECUCIÓN. P.U.O.T.','A',16.05,432.92,'C','2017-10-17 22:42:14.468603',175,3),(689,1508279187786174,'006-01B','RELLENO COMPACTADO CON PIZON DE MANO EN CAPAS DE 20 CM UTILIZANDO MATERIAL PRODUCTO DE LA EXCAVACION, CONSIDERANDO EL ACARREO DE MATERIAL EN CARRETILLA AL AREA DE TRABAJO. INCLUYE: AGUA, HERRAMIENTA, ACARREO Y MANO DE OBRA. P.U.O.T.','A',3.42,104.98,'C','2017-10-17 22:42:14.471180',175,1),(690,1508279187789690,'ALB-011','CONSTRUCCIÓN DE CASTILLOS Y/O CADENAS DE 15X25 CMS. DE CONCRETO F´C=200KG/CM2., ARMADO CON 4 VS. DE 3/8\" Y ESTRIBOS DEL NO. 2 A CADA 15 CMS EN BARDA PERIMETRAL. INCLUYE: MATERIALES, MANO DE OBRA, EQUIPO, HERRAMIENTA, CHAFLANES, DESPERDICIOS, ACARREO DE SOBRANTES A PIE DE CAMION, LIMPIEZAS Y TODO LO NECESARIO PARA SU CORRECTA FABRICACION. (ACABADO APARENTE DE SER NECESARIO).','A',40.00,233.02,'C','2017-10-17 22:42:14.474712',176,3),(691,1508279187792389,'012-01-MPT-01','MURO DE BLOCK 12 X 20 X 40 CMS. EN 40 CMS. DE ESPESOR, ASENTADO CON MORTERO CEMENTO-ARENA PROP: 1:4, JUNTEADO DE 1.5 CMS, ACABADO COMUN EN AMBAS CARAS CON ESCALERILLA @ 3 HILADAS, CONSIDERANDO ANDAMIO DE CABALLETE PARA ALTURAS DE 1.50 A 3.00 MTS. INCLUYE: MATERIAL, HERRAMIENTA Y MANO DE OBRA. P.U.O.T.','A',42.21,504.86,'C','2017-10-17 22:42:14.477390',176,2),(692,1508279187794961,'ARLISC-008-MPT-01','MURO DE CONCRETO ARMADO DE 40 CMS. DE ESPESOR, ARMADO CON DOBLE PARRILLA DE VARILLA DE 3/8\'\'  A CADA 20 CMS. Y CONCRETO F C= 200 KG/CM2, INCLUYE: CIMBRA ACABADO APARENTE, VACIADO, VIBRADO Y CURADO DEL CONCRETO, ACARREOS, CORTES Y DESPERDICIOS. P.U.O.T.','A',2.07,1356.30,'C','2017-10-17 22:42:14.479964',176,2),(693,1508279187797612,'3020186-MPT-01','REPELLADO  EN MUROS  A BASE DE MORTERO CEMENTO-ARENA PROP.1:3 2 CMS. DE  ESPESOR, PARA RECIBIR  ACABADO EN CANTERA.  INCLUYE:  SUMINISTRO  DE  MATERIAL,  MANO DE OBRA, HERRAMIENTA, EQUIPO, BO- QUILLAS,  ACARREOS,  DESPERDICIOS,   ANDAMIOS,  LIMPIEZA, Y TODO LO   NECESARIO  PARA  SU EJECUCION. P.U.O.T.','A',123.18,90.28,'C','2017-10-17 22:42:14.482611',176,2),(694,1508279187800456,'ACA-020B','RECUBRIMIENTO DE CANTERA EN MURO, ASENTADA CON MORTERO CEMENTO-ARENA 1:4, JUNTEADO COLOR SIMILAR A PIEDRA, COLOR GRIS AMERICA, CONSIDERANDO, CORTES, DESPERDICIOS Y LIMPIEZA DE LA SUPERFICIE. INCLUYE: SUMINISTRO DE MATERIAL, HERRAMIENTA Y MANO DE OBRA U.C.T.T.','A',123.18,297.79,'C','2017-10-17 22:42:14.485458',177,2),(695,1508279187803234,'ACA-020B-E','RECUBRIMIENTO DE CANTERA EN BASAMENTO, ASENTADA CON MORTERO CEMENTO-ARENA 1:4, JUNTEADO COLOR SIMILAR A PIEDRA, COLOR GRIS AMERICA, CONSIDERANDO, CORTES, DESPERDICIOS Y LIMPIEZA DE LA SUPERFICIE. INCLUYE: SUMINISTRO DE MATERIAL, HERRAMIENTA Y MANO DE OBRA P.U.O.T.','A',5.50,297.79,'C','2017-10-17 22:42:14.488418',178,2),(696,1508279187806820,'AB-FP-01','SUMINISTRO Y COLOCACION DE FUENTE DECORATIVA DE PARED, SEGUN DISEÑO, INCLUYE: INSTALACION, CONEXIONES, DERIVACIONES Y RAMALEO, SUMINISTRO Y COLOCACION DE MATERIALES EN EL SITIO DE SU UTILIZACION, MANO DE OBRA, EQUIPO, HERRAMIENTA. P.U.O.T.','A',1.00,20664.70,'C','2017-10-17 22:42:14.491844',179,4),(697,1508279187809446,'K1','LIMPIEZA GRUESA DURANTE LA OBRA, INCLUYE: MATERIAL, MANO DE OBRA, EQUIPO','A',3705.30,10.62,'C','2017-10-17 22:42:14.494450',181,2),(698,1508279187811963,'LIMP-001','LIMPIEZA FINA DE LA OBRA PARA SU ENTREGA , INCLUYE , MATERIAL MANO DE OBRA, HERRAMIENTA, ACARREO DE MATERIAL PRODUCTO DE LA MISMA A PIE DE CAMION Y LO NECESARIO PARA SU CORRECTA EJECUCION. LIMPIEZA DE CANCELERIA Y VIDRIOS, PUERTAS,BAÑOS,LAVADO DE PISOS Y PULIDO EN CASO DE SER NECESARIO, DEJANDO AREAS LISTAS PARA SU USO INMEDIATO.','A',3705.30,11.94,'C','2017-10-17 22:42:14.496966',181,2),(699,1508279187814929,'005-48','ACARREO DE MATERIALES SOBRANTES PRODUCTO DE EXCAVACIONES, DEMOLICIONES, LIMPIEZA DE OBRA (ESCOMBRO Y CASCAJO) A TIRO LIBRE PROPUESTO POR EL CONTRATISTA, INCLUYE:CARGA CON MAQUINA, MANO DE OBRA, EQUIPO Y HERRAMIENTA P.U.O.T.','A',0.00,99.41,'C','2017-10-17 22:42:14.499977',181,1);
/*!40000 ALTER TABLE `erp_concept_input` ENABLE KEYS */;
UNLOCK TABLES;

--
-- Table structure for table `erp_contact`
--

DROP TABLE IF EXISTS `erp_contact`;
/*!40101 SET @saved_cs_client     = @@character_set_client */;
/*!40101 SET character_set_client = utf8 */;
CREATE TABLE `erp_contact` (
  `id` int(11) NOT NULL AUTO_INCREMENT,
  `version` bigint(20) NOT NULL,
  `name` varchar(200) NOT NULL,
  `rfc` varchar(20) DEFAULT NULL,
  `street` varchar(200) NOT NULL,
  `number` varchar(8) NOT NULL,
  `colony` varchar(200) NOT NULL,
  `post_code` int(11) NOT NULL,
  `phone_number_1` varchar(20) DEFAULT NULL,
  `phone_number_2` varchar(20) DEFAULT NULL,
  `email` varchar(100) DEFAULT NULL,
  `contractor_id` int(11) NOT NULL,
  `country_id` int(11) NOT NULL,
  `state_id` int(11) NOT NULL,
  `town_id` int(11) NOT NULL,
  PRIMARY KEY (`id`),
  KEY `ERP_contact_03c540b8` (`contractor_id`),
  KEY `ERP_contact_93bfec8a` (`country_id`),
  KEY `ERP_contact_d5582625` (`state_id`),
  KEY `ERP_contact_9534176a` (`town_id`),
  CONSTRAINT `ERP_contact_contractor_id_a95861a9_fk_ERP_contratista_id` FOREIGN KEY (`contractor_id`) REFERENCES `erp_contratista` (`id`),
  CONSTRAINT `ERP_contact_country_id_9d6ce58b_fk_ERP_pais_id` FOREIGN KEY (`country_id`) REFERENCES `sharedcatalogs_pais` (`id`),
  CONSTRAINT `ERP_contact_state_id_d5e1958d_fk_ERP_estado_id` FOREIGN KEY (`state_id`) REFERENCES `sharedcatalogs_estado` (`id`),
  CONSTRAINT `ERP_contact_town_id_8be9dcb9_fk_ERP_municipio_id` FOREIGN KEY (`town_id`) REFERENCES `sharedcatalogs_municipio` (`id`)
) ENGINE=InnoDB AUTO_INCREMENT=5 DEFAULT CHARSET=latin1;
/*!40101 SET character_set_client = @saved_cs_client */;

--
-- Dumping data for table `erp_contact`
--

LOCK TABLES `erp_contact` WRITE;
/*!40000 ALTER TABLE `erp_contact` DISABLE KEYS */;
INSERT INTO `erp_contact` VALUES (1,1508264414319143,'Laura Hernández','LR1293813','Morelos','23','Independencia',123432,'2324354','','laura@crestcom.com',2,1,15,3),(4,1508278615587587,'Laura Diaz','DDFH34874','1 de Mayo','34','Centro',50187,'7222362352','7222365746','lara@edicomex.com',4,1,15,3);
/*!40000 ALTER TABLE `erp_contact` ENABLE KEYS */;
UNLOCK TABLES;

--
-- Table structure for table `erp_contractconcepts`
--

DROP TABLE IF EXISTS `erp_contractconcepts`;
/*!40101 SET @saved_cs_client     = @@character_set_client */;
/*!40101 SET character_set_client = utf8 */;
CREATE TABLE `erp_contractconcepts` (
  `id` int(11) NOT NULL AUTO_INCREMENT,
  `amount` decimal(12,2) NOT NULL,
  `concept_id` int(11) NOT NULL,
  `contract_id` int(11) NOT NULL,
  PRIMARY KEY (`id`),
  KEY `ERP_contractconcepts_concept_id_7a6e5991_fk_ERP_concept_input_id` (`concept_id`),
  KEY `ERP_contractconcepts_567128e5` (`contract_id`),
  CONSTRAINT `ERP_contractc_contract_id_bf5b9dd7_fk_ERP_contratocontratista_id` FOREIGN KEY (`contract_id`) REFERENCES `erp_contratocontratista` (`id`),
  CONSTRAINT `ERP_contractconcepts_concept_id_7a6e5991_fk_ERP_concept_input_id` FOREIGN KEY (`concept_id`) REFERENCES `erp_concept_input` (`id`)
) ENGINE=InnoDB AUTO_INCREMENT=7 DEFAULT CHARSET=latin1;
/*!40101 SET character_set_client = @saved_cs_client */;

--
-- Dumping data for table `erp_contractconcepts`
--

LOCK TABLES `erp_contractconcepts` WRITE;
/*!40000 ALTER TABLE `erp_contractconcepts` DISABLE KEYS */;
INSERT INTO `erp_contractconcepts` VALUES (1,130.72,144,1),(2,101.92,145,1),(3,335.68,146,1),(4,355.17,496,2),(5,335.68,497,2),(6,426.20,495,2);
/*!40000 ALTER TABLE `erp_contractconcepts` ENABLE KEYS */;
UNLOCK TABLES;

--
-- Table structure for table `erp_contratista`
--

DROP TABLE IF EXISTS `erp_contratista`;
/*!40101 SET @saved_cs_client     = @@character_set_client */;
/*!40101 SET character_set_client = utf8 */;
CREATE TABLE `erp_contratista` (
  `id` int(11) NOT NULL AUTO_INCREMENT,
  `version` bigint(20) NOT NULL,
  `nombreContratista` varchar(50) NOT NULL,
  `calle` varchar(50) NOT NULL,
  `numero` varchar(10) NOT NULL,
  `colonia` varchar(50) NOT NULL,
  `cp` varchar(20) NOT NULL,
  `telefono` varchar(30) DEFAULT NULL,
  `telefono_dos` varchar(30) DEFAULT NULL,
  `email` varchar(60) NOT NULL,
  `rfc` varchar(20) NOT NULL,
  `last_edit_date` datetime(6) NOT NULL,
  `estado_id` int(11) NOT NULL,
  `municipio_id` int(11) NOT NULL,
  `pais_id` int(11) NOT NULL,
  `bank_id` int(11) DEFAULT NULL,
  `bank_account` varchar(16) DEFAULT NULL,
  `bank_account_name` varchar(512) DEFAULT NULL,
  `employer_registration_number` varchar(24) DEFAULT NULL,
  `infonavit` varchar(24) DEFAULT NULL,
  `services` varchar(4096) DEFAULT NULL,
  `tax_person_type` varchar(1) NOT NULL,
  PRIMARY KEY (`id`),
  KEY `ERP_contratista_2c189993` (`estado_id`),
  KEY `ERP_contratista_40924980` (`municipio_id`),
  KEY `ERP_contratista_847ec16e` (`pais_id`),
  KEY `ERP_contratista_bank_id_e2cfd1e6_fk_ERP_bank_id` (`bank_id`),
  CONSTRAINT `ERP_contratista_bank_id_e2cfd1e6_fk_ERP_bank_id` FOREIGN KEY (`bank_id`) REFERENCES `sharedcatalogs_bank` (`id`),
  CONSTRAINT `ERP_contratista_estado_id_eb5f47a1_fk_ERP_estado_id` FOREIGN KEY (`estado_id`) REFERENCES `sharedcatalogs_estado` (`id`),
  CONSTRAINT `ERP_contratista_municipio_id_9229a4a1_fk_ERP_municipio_id` FOREIGN KEY (`municipio_id`) REFERENCES `sharedcatalogs_municipio` (`id`),
  CONSTRAINT `ERP_contratista_pais_id_a40fecd7_fk_ERP_pais_id` FOREIGN KEY (`pais_id`) REFERENCES `sharedcatalogs_pais` (`id`)
) ENGINE=InnoDB AUTO_INCREMENT=5 DEFAULT CHARSET=latin1;
/*!40101 SET character_set_client = @saved_cs_client */;

--
-- Dumping data for table `erp_contratista`
--

LOCK TABLES `erp_contratista` WRITE;
/*!40000 ALTER TABLE `erp_contratista` DISABLE KEYS */;
INSERT INTO `erp_contratista` VALUES (1,1508263925251547,'Libra','Tollocan','143','Morelos','50186','7221089878','7221089879','contacto@libra.com','LBR21239','2017-10-17 18:27:51.936417',15,3,1,NULL,'','','','','','m'),(2,1508264517122797,'Crestcom','1 de Mayo','98','Centro','70354','7222736251','7222736253','contacto@crestcom.com','CRSTCM12','2017-10-17 18:37:43.807474',16,4,1,NULL,'','','','','','m'),(4,1508278519039162,'EDICOMEX','Morelos','45','Centro','80786','7222736473','7222435634','contacto@edicomex.com','EDICMX92837','2017-10-17 22:31:05.724035',16,4,1,NULL,'','','','','','m');
/*!40000 ALTER TABLE `erp_contratista` ENABLE KEYS */;
UNLOCK TABLES;

--
-- Table structure for table `erp_contratocontratista`
--

DROP TABLE IF EXISTS `erp_contratocontratista`;
/*!40101 SET @saved_cs_client     = @@character_set_client */;
/*!40101 SET character_set_client = utf8 */;
CREATE TABLE `erp_contratocontratista` (
  `id` int(11) NOT NULL AUTO_INCREMENT,
  `version` bigint(20) NOT NULL,
  `clave_contrato` varchar(32) NOT NULL,
  `dependencia` varchar(50) NOT NULL,
  `fecha_firma` date NOT NULL,
  `dias_pactados` varchar(50) NOT NULL,
  `fecha_inicio` date NOT NULL,
  `fecha_termino` date NOT NULL,
  `lugar_ejecucion` longtext NOT NULL,
  `monto_contrato` decimal(20,2) NOT NULL,
  `porcentaje_iva` decimal(5,2) NOT NULL,
  `observaciones` longtext NOT NULL,
  `no_licitacion` varchar(50) NOT NULL,
  `objeto_contrato` longtext NOT NULL,
  `last_edit_date` datetime(6) NOT NULL,
  `contratista_id` int(11) NOT NULL,
  `line_item_id` int(11) NOT NULL,
  `modalidad_contrato_id` int(11) NOT NULL,
  `project_id` int(11) NOT NULL,
  `advanced_payment` double NOT NULL,
  `assigment_number` int(11) NOT NULL,
  `payment_distribution` longtext,
  `pdf_version` varchar(100) NOT NULL,
  PRIMARY KEY (`id`),
  KEY `ERP_contratocontra_contratista_id_914b24a6_fk_ERP_contratista_id` (`contratista_id`),
  KEY `ERP_contratocontratista_a469d365` (`line_item_id`),
  KEY `ERP_contratocontratista_fcda3533` (`modalidad_contrato_id`),
  KEY `ERP_contratocontratista_b098ad43` (`project_id`),
  CONSTRAINT `ERP_c_modalidad_contrato_id_44bd0744_fk_ERP_modalidadcontrato_id` FOREIGN KEY (`modalidad_contrato_id`) REFERENCES `erp_modalidadcontrato` (`id`),
  CONSTRAINT `ERP_contratocontra_contratista_id_914b24a6_fk_ERP_contratista_id` FOREIGN KEY (`contratista_id`) REFERENCES `erp_contratista` (`id`),
  CONSTRAINT `ERP_contratocontratista_line_item_id_cf13fec6_fk_ERP_lineitem_id` FOREIGN KEY (`line_item_id`) REFERENCES `erp_lineitem` (`id`),
  CONSTRAINT `ERP_contratocontratista_project_id_331d37bc_fk_ERP_project_id` FOREIGN KEY (`project_id`) REFERENCES `erp_project` (`id`)
) ENGINE=InnoDB AUTO_INCREMENT=3 DEFAULT CHARSET=latin1;
/*!40101 SET character_set_client = @saved_cs_client */;

--
-- Dumping data for table `erp_contratocontratista`
--

LOCK TABLES `erp_contratocontratista` WRITE;
/*!40000 ALTER TABLE `erp_contratocontratista` DISABLE KEYS */;
INSERT INTO `erp_contratocontratista` VALUES (1,1508268922817680,'C1','Privado','2017-10-17','365','2017-10-17','2018-10-17','Texto de prueba',323535.00,16.00,'Observaciones de prueba','L1','Texto de prueba','2017-10-17 19:49:58.289666',1,29,1,1,0,1,'','1'),(2,1508279543549452,'C2','Privado','2017-10-17','365','2017-10-17','2018-10-17','Prueba',323535.00,16.00,'Prueba','1','Prueba','2017-10-17 22:48:10.234552',4,120,1,2,0,1,'','1');
/*!40000 ALTER TABLE `erp_contratocontratista` ENABLE KEYS */;
UNLOCK TABLES;

--
-- Table structure for table `erp_departamento`
--

DROP TABLE IF EXISTS `erp_departamento`;
/*!40101 SET @saved_cs_client     = @@character_set_client */;
/*!40101 SET character_set_client = utf8 */;
CREATE TABLE `erp_departamento` (
  `id` int(11) NOT NULL AUTO_INCREMENT,
  `version` bigint(20) NOT NULL,
  `nombreDepartamento` longtext NOT NULL,
  `descripcion` longtext NOT NULL,
  `last_edit_date` datetime(6) NOT NULL,
  PRIMARY KEY (`id`)
) ENGINE=InnoDB DEFAULT CHARSET=latin1;
/*!40101 SET character_set_client = @saved_cs_client */;

--
-- Dumping data for table `erp_departamento`
--

LOCK TABLES `erp_departamento` WRITE;
/*!40000 ALTER TABLE `erp_departamento` DISABLE KEYS */;
/*!40000 ALTER TABLE `erp_departamento` ENABLE KEYS */;
UNLOCK TABLES;

--
-- Table structure for table `erp_documentofuente`
--

DROP TABLE IF EXISTS `erp_documentofuente`;
/*!40101 SET @saved_cs_client     = @@character_set_client */;
/*!40101 SET character_set_client = utf8 */;
CREATE TABLE `erp_documentofuente` (
  `id` int(11) NOT NULL AUTO_INCREMENT,
  `version` bigint(20) NOT NULL,
  `descripcion` varchar(50) NOT NULL,
  `documento` varchar(100) NOT NULL,
  `tipoProyectoDetalle_id` int(11) NOT NULL,
  PRIMARY KEY (`id`),
  KEY `ERP_documentofuente_1d48274f` (`tipoProyectoDetalle_id`),
  CONSTRAINT `ER_tipoProyectoDetalle_id_58d6333c_fk_ERP_tipoproyectodetalle_id` FOREIGN KEY (`tipoProyectoDetalle_id`) REFERENCES `erp_tipoproyectodetalle` (`id`)
) ENGINE=InnoDB DEFAULT CHARSET=latin1;
/*!40101 SET character_set_client = @saved_cs_client */;

--
-- Dumping data for table `erp_documentofuente`
--

LOCK TABLES `erp_documentofuente` WRITE;
/*!40000 ALTER TABLE `erp_documentofuente` DISABLE KEYS */;
/*!40000 ALTER TABLE `erp_documentofuente` ENABLE KEYS */;
UNLOCK TABLES;

--
-- Table structure for table `erp_empleado`
--

DROP TABLE IF EXISTS `erp_empleado`;
/*!40101 SET @saved_cs_client     = @@character_set_client */;
/*!40101 SET character_set_client = utf8 */;
CREATE TABLE `erp_empleado` (
  `id` int(11) NOT NULL AUTO_INCREMENT,
  `version` bigint(20) NOT NULL,
  `nombreEmpleado` varchar(50) NOT NULL,
  `calle` longtext NOT NULL,
  `numero` varchar(10) NOT NULL,
  `colonia` longtext NOT NULL,
  `cp` varchar(20) NOT NULL,
  `rfc` longtext NOT NULL,
  `fecha_contrato` datetime(6) NOT NULL,
  `sueldo_inicial` decimal(20,2) NOT NULL,
  `sueldo_actual` decimal(20,2) NOT NULL,
  `antiguedad` varchar(50) NOT NULL,
  `last_edit_date` datetime(6) NOT NULL,
  `estado_id` int(11) NOT NULL,
  `modalidad_contrato_id` int(11) NOT NULL,
  `municipio_id` int(11) NOT NULL,
  `pais_id` int(11) NOT NULL,
  `puesto_id` int(11) NOT NULL,
  PRIMARY KEY (`id`),
  KEY `ERP_empleado_2c189993` (`estado_id`),
  KEY `ERP_empleado_fcda3533` (`modalidad_contrato_id`),
  KEY `ERP_empleado_40924980` (`municipio_id`),
  KEY `ERP_empleado_847ec16e` (`pais_id`),
  KEY `ERP_empleado_c486491b` (`puesto_id`),
  CONSTRAINT `ERP_e_modalidad_contrato_id_7b11ae46_fk_ERP_modalidadcontrato_id` FOREIGN KEY (`modalidad_contrato_id`) REFERENCES `erp_modalidadcontrato` (`id`),
  CONSTRAINT `ERP_empleado_estado_id_2ed7bd6b_fk_ERP_estado_id` FOREIGN KEY (`estado_id`) REFERENCES `sharedcatalogs_estado` (`id`),
  CONSTRAINT `ERP_empleado_municipio_id_960ed5c6_fk_ERP_municipio_id` FOREIGN KEY (`municipio_id`) REFERENCES `sharedcatalogs_municipio` (`id`),
  CONSTRAINT `ERP_empleado_pais_id_c7801b8b_fk_ERP_pais_id` FOREIGN KEY (`pais_id`) REFERENCES `sharedcatalogs_pais` (`id`),
  CONSTRAINT `ERP_empleado_puesto_id_0cf1e904_fk_ERP_puesto_id` FOREIGN KEY (`puesto_id`) REFERENCES `erp_puesto` (`id`)
) ENGINE=InnoDB DEFAULT CHARSET=latin1;
/*!40101 SET character_set_client = @saved_cs_client */;

--
-- Dumping data for table `erp_empleado`
--

LOCK TABLES `erp_empleado` WRITE;
/*!40000 ALTER TABLE `erp_empleado` DISABLE KEYS */;
/*!40000 ALTER TABLE `erp_empleado` ENABLE KEYS */;
UNLOCK TABLES;

--
-- Table structure for table `erp_empresa`
--

DROP TABLE IF EXISTS `erp_empresa`;
/*!40101 SET @saved_cs_client     = @@character_set_client */;
/*!40101 SET character_set_client = utf8 */;
CREATE TABLE `erp_empresa` (
  `id` int(11) NOT NULL AUTO_INCREMENT,
  `version` bigint(20) NOT NULL,
  `nombreEmpresa` varchar(50) NOT NULL,
  `calle` varchar(50) NOT NULL,
  `numero` varchar(10) NOT NULL,
  `colonia` varchar(50) NOT NULL,
  `cp` varchar(20) NOT NULL,
  `telefono` varchar(30) DEFAULT NULL,
  `telefono_dos` varchar(30) DEFAULT NULL,
  `email` varchar(60) NOT NULL,
  `rfc` varchar(20) NOT NULL,
  `type` varchar(2) NOT NULL,
  `last_edit_date` datetime(6) NOT NULL,
  `estado_id` int(11) NOT NULL,
  `municipio_id` int(11) NOT NULL,
  `pais_id` int(11) NOT NULL,
  PRIMARY KEY (`id`),
  KEY `ERP_empresa_2c189993` (`estado_id`),
  KEY `ERP_empresa_40924980` (`municipio_id`),
  KEY `ERP_empresa_847ec16e` (`pais_id`),
  CONSTRAINT `ERP_empresa_estado_id_b130c82b_fk_ERP_estado_id` FOREIGN KEY (`estado_id`) REFERENCES `sharedcatalogs_estado` (`id`),
  CONSTRAINT `ERP_empresa_municipio_id_3ca8d8f0_fk_ERP_municipio_id` FOREIGN KEY (`municipio_id`) REFERENCES `sharedcatalogs_municipio` (`id`),
  CONSTRAINT `ERP_empresa_pais_id_d70f36c1_fk_ERP_pais_id` FOREIGN KEY (`pais_id`) REFERENCES `sharedcatalogs_pais` (`id`)
) ENGINE=InnoDB AUTO_INCREMENT=2 DEFAULT CHARSET=latin1;
/*!40101 SET character_set_client = @saved_cs_client */;

--
-- Dumping data for table `erp_empresa`
--

LOCK TABLES `erp_empresa` WRITE;
/*!40000 ALTER TABLE `erp_empresa` DISABLE KEYS */;
INSERT INTO `erp_empresa` VALUES (1,1508264869014473,'Liverpool','Mario Pani','1800','Roma','647362','7222324561','','contacto@liverpool.com','L1VRP00L','pr','2017-10-17 18:43:35.699158',16,4,1);
/*!40000 ALTER TABLE `erp_empresa` ENABLE KEYS */;
UNLOCK TABLES;

--
-- Table structure for table `erp_estimate`
--

DROP TABLE IF EXISTS `erp_estimate`;
/*!40101 SET @saved_cs_client     = @@character_set_client */;
/*!40101 SET character_set_client = utf8 */;
CREATE TABLE `erp_estimate` (
  `id` int(11) NOT NULL AUTO_INCREMENT,
  `version` bigint(20) NOT NULL,
  `start_date` date DEFAULT NULL,
  `end_date` date DEFAULT NULL,
  `period` date DEFAULT NULL,
  `last_edit_date` datetime(6) NOT NULL,
  `contract_amount_override` decimal(20,2) NOT NULL,
  `advance_payment_amount` decimal(20,2) NOT NULL,
  `advance_payment_date` date DEFAULT NULL,
  `advance_payment_status` varchar(2) NOT NULL,
  `lock_status` varchar(1) NOT NULL,
  `contract_id` int(11) NOT NULL,
  `deduction_amount` decimal(20,2) NOT NULL,
  `deduction_comments` longtext NOT NULL,
  PRIMARY KEY (`id`),
  KEY `ERP_estimate_contract_id_5d334904_fk_ERP_contratocontratista_id` (`contract_id`),
  CONSTRAINT `ERP_estimate_contract_id_5d334904_fk_ERP_contratocontratista_id` FOREIGN KEY (`contract_id`) REFERENCES `erp_contratocontratista` (`id`)
) ENGINE=InnoDB AUTO_INCREMENT=3 DEFAULT CHARSET=latin1;
/*!40101 SET character_set_client = @saved_cs_client */;

--
-- Dumping data for table `erp_estimate`
--

LOCK TABLES `erp_estimate` WRITE;
/*!40000 ALTER TABLE `erp_estimate` DISABLE KEYS */;
INSERT INTO `erp_estimate` VALUES (1,1510546361693737,'2017-10-17','2017-10-17','2017-10-17','2017-11-13 04:28:28.378407',0.00,23535.00,'2017-10-17','P','C',1,15000.00,'<ul>\r\n<li>Raz&oacute;n 1</li>\r\n<li>Raz&oacute;n 2</li>\r\n</ul>'),(2,1508280739883730,'2017-10-17','2018-10-17','2017-10-17','2017-10-17 23:08:06.568367',0.00,23535.00,'2017-10-17','P','U',2,0.00,'0');
/*!40000 ALTER TABLE `erp_estimate` ENABLE KEYS */;
UNLOCK TABLES;

--
-- Table structure for table `erp_estimateadvanceauthorization`
--

DROP TABLE IF EXISTS `erp_estimateadvanceauthorization`;
/*!40101 SET @saved_cs_client     = @@character_set_client */;
/*!40101 SET character_set_client = utf8 */;
CREATE TABLE `erp_estimateadvanceauthorization` (
  `id` int(11) NOT NULL AUTO_INCREMENT,
  `version` bigint(20) NOT NULL,
  `full_name` varchar(256) NOT NULL,
  `estimate_id` int(11) NOT NULL,
  `user_id` int(11) NOT NULL,
  PRIMARY KEY (`id`),
  KEY `ERP_estimateadvanceautho_estimate_id_3bbc1b3d_fk_ERP_estimate_id` (`estimate_id`),
  KEY `ERP_estimateadvanceauthorizatio_user_id_1b7a5c32_fk_auth_user_id` (`user_id`),
  CONSTRAINT `ERP_estimateadvanceautho_estimate_id_3bbc1b3d_fk_ERP_estimate_id` FOREIGN KEY (`estimate_id`) REFERENCES `erp_estimate` (`id`),
  CONSTRAINT `ERP_estimateadvanceauthorizatio_user_id_1b7a5c32_fk_auth_user_id` FOREIGN KEY (`user_id`) REFERENCES `auth_user` (`id`)
) ENGINE=InnoDB AUTO_INCREMENT=5 DEFAULT CHARSET=latin1;
/*!40101 SET character_set_client = @saved_cs_client */;

--
-- Dumping data for table `erp_estimateadvanceauthorization`
--

LOCK TABLES `erp_estimateadvanceauthorization` WRITE;
/*!40000 ALTER TABLE `erp_estimateadvanceauthorization` DISABLE KEYS */;
INSERT INTO `erp_estimateadvanceauthorization` VALUES (1,1508269369907998,'Presidente: Presidente Salcedo',1,21),(2,1508270062262355,'Director General: Director De obras',1,18),(3,1508280209327775,'Presidente: Presidente Salcedo',2,21),(4,1508280354548087,'Director General: Jefe De Administración',2,20);
/*!40000 ALTER TABLE `erp_estimateadvanceauthorization` ENABLE KEYS */;
UNLOCK TABLES;

--
-- Table structure for table `erp_lineitem`
--

DROP TABLE IF EXISTS `erp_lineitem`;
/*!40101 SET @saved_cs_client     = @@character_set_client */;
/*!40101 SET character_set_client = utf8 */;
CREATE TABLE `erp_lineitem` (
  `id` int(11) NOT NULL AUTO_INCREMENT,
  `version` bigint(20) NOT NULL,
  `description` varchar(255) NOT NULL,
  `key` varchar(15) NOT NULL,
  `last_edit_date` datetime(6) NOT NULL,
  `parent_line_item_id` int(11) DEFAULT NULL,
  `project_id` int(11) NOT NULL,
  `top_parent_line_item_id` int(11) DEFAULT NULL,
  PRIMARY KEY (`id`),
  UNIQUE KEY `ERP_lineitem_project_id_c87bea0e_uniq` (`project_id`,`key`),
  KEY `ERP_lineitem_parent_line_item_id_54a8cb46_fk_ERP_lineitem_id` (`parent_line_item_id`),
  KEY `ERP_lineitem_b098ad43` (`project_id`),
  KEY `ERP_lineitem_15294256` (`top_parent_line_item_id`),
  CONSTRAINT `ERP_lineitem_parent_line_item_id_54a8cb46_fk_ERP_lineitem_id` FOREIGN KEY (`parent_line_item_id`) REFERENCES `erp_lineitem` (`id`),
  CONSTRAINT `ERP_lineitem_project_id_750c9b07_fk_ERP_project_id` FOREIGN KEY (`project_id`) REFERENCES `erp_project` (`id`),
  CONSTRAINT `ERP_lineitem_top_parent_line_item_id_af51a659_fk_ERP_lineitem_id` FOREIGN KEY (`top_parent_line_item_id`) REFERENCES `erp_lineitem` (`id`)
) ENGINE=InnoDB AUTO_INCREMENT=182 DEFAULT CHARSET=latin1;
/*!40101 SET character_set_client = @saved_cs_client */;

--
-- Dumping data for table `erp_lineitem`
--

LOCK TABLES `erp_lineitem` WRITE;
/*!40000 ALTER TABLE `erp_lineitem` DISABLE KEYS */;
INSERT INTO `erp_lineitem` VALUES (1,1508267698452445,'CATALOGO VILLA SOFIA INTERIOR','1','2017-10-17 19:30:45.137286',NULL,1,NULL),(2,1508267698455548,'PRELIMINARES','1.1','2017-10-17 19:30:45.140400',1,1,1),(3,1508267698458188,'CIMENTACION','1.2','2017-10-17 19:30:45.143032',1,1,1),(4,1508267698460660,'ESTRUCTURA','1.3','2017-10-17 19:30:45.145509',1,1,1),(5,1508267698463620,'ACABADOS','1.4','2017-10-17 19:30:45.148485',1,1,1),(6,1508267698466155,'CARPINTERÍA','1.5','2017-10-17 19:30:45.150999',1,1,1),(7,1508267698468504,'HERRERÍA','1.6','2017-10-17 19:30:45.153348',1,1,1),(8,1508267698470864,'INSTALACIÓN ELÉCTRICA','1.7','2017-10-17 19:30:45.155706',1,1,1),(9,1508267698473355,'INSTALACIÓN HIDROSANITARIA','1.8','2017-10-17 19:30:45.158197',1,1,1),(10,1508267698475831,'EQUIPO','1.9','2017-10-17 19:30:45.160673',1,1,1),(11,1508267698478384,'LIMPIEZA','1.10','2017-10-17 19:30:45.163227',1,1,1),(12,1508267698479630,'CATALOGO VILLA SOFIA EXTERIOR','2','2017-10-17 19:30:45.164463',NULL,1,NULL),(13,1508267698482468,'CUBIERTA ESTACIONAMIENTO','2.1','2017-10-17 19:30:45.167326',12,1,12),(14,1508267698485214,'PRELIMINARES','2.1.1','2017-10-17 19:30:45.170059',13,1,12),(15,1508267698487555,'CIMENTACION','2.1.2','2017-10-17 19:30:45.172397',13,1,12),(16,1508267698489767,'ESTRUCTURA','2.1.3','2017-10-17 19:30:45.174613',13,1,12),(17,1508267698491981,'CUBIERTA','2.1.4','2017-10-17 19:30:45.176823',13,1,12),(18,1508267698494343,'PERGOLADO','2.2','2017-10-17 19:30:45.179187',12,1,12),(19,1508267698496643,'PRELIMINARES','2.2.1','2017-10-17 19:30:45.181485',18,1,12),(20,1508267698499063,'CIMENTACION','2.2.2','2017-10-17 19:30:45.183905',18,1,12),(21,1508267698501280,'ESTRUCTURA','2.2.3','2017-10-17 19:30:45.186121',18,1,12),(22,1508267698503475,'MOTOR LOBBY','2.3','2017-10-17 19:30:45.188317',12,1,12),(23,1508267698505698,'PRELIMINARES','2.3.1','2017-10-17 19:30:45.190539',22,1,12),(24,1508267698507989,'CIMENTACION','2.3.2','2017-10-17 19:30:45.192831',22,1,12),(25,1508267698510287,'ESTRUCTURA','2.3.3','2017-10-17 19:30:45.195130',22,1,12),(26,1508267698512578,'CUBIERTA','2.3.4','2017-10-17 19:30:45.197419',22,1,12),(27,1508267698515021,'ALBERCA','2.4','2017-10-17 19:30:45.199870',12,1,12),(28,1508267698517963,'PRELIMINARES','2.4.1','2017-10-17 19:30:45.202807',27,1,12),(29,1508267698520236,'CIMENTACION','2.4.2','2017-10-17 19:30:45.205078',27,1,12),(30,1508267698522463,'ACABADOS','2.4.3','2017-10-17 19:30:45.207305',27,1,12),(31,1508267698524714,'INSTALACION HIDROSANITARIA','2.4.4','2017-10-17 19:30:45.209557',27,1,12),(32,1508267698527736,'CUARTO DE MAQUINAS ALBERCA','2.5','2017-10-17 19:30:45.212587',12,1,12),(33,1508267698530212,'PRELIMINARES','2.5.1','2017-10-17 19:30:45.215072',32,1,12),(34,1508267698532707,'CIMENTACION','2.5.2','2017-10-17 19:30:45.217566',32,1,12),(35,1508267698535100,'ESTRUCTURA','2.5.3','2017-10-17 19:30:45.219942',32,1,12),(36,1508267698537356,'ALBAÑILERIA','2.5.4','2017-10-17 19:30:45.222198',32,1,12),(37,1508267698539571,'ACABADOS','2.5.5','2017-10-17 19:30:45.224413',32,1,12),(38,1508267698542089,'HERRERIA','2.5.6','2017-10-17 19:30:45.226931',32,1,12),(39,1508267698544352,'HIDROMASAJE','2.6','2017-10-17 19:30:45.229194',12,1,12),(40,1508267698546586,'PRELIMINARES','2.6.1','2017-10-17 19:30:45.231428',39,1,12),(41,1508267698549518,'CIMENTACION','2.6.2','2017-10-17 19:30:45.234368',39,1,12),(42,1508267698551959,'INSTALACION HIDROSANITARIA','2.6.3','2017-10-17 19:30:45.236806',39,1,12),(43,1508267698554512,'CABALLERIZAS','2.7','2017-10-17 19:30:45.239353',12,1,12),(44,1508267698556814,'PRELIMINARES','2.7.1','2017-10-17 19:30:45.241656',43,1,12),(45,1508267698559116,'CIMENTACION','2.7.2','2017-10-17 19:30:45.243958',43,1,12),(46,1508267698561616,'ESTRUCTURA','2.7.3','2017-10-17 19:30:45.246459',43,1,12),(47,1508267698564213,'ACABADOS','2.7.4','2017-10-17 19:30:45.249056',43,1,12),(48,1508267698566584,'CUBIERTA','2.7.5','2017-10-17 19:30:45.251426',43,1,12),(49,1508267698568933,'CARPINTERIA','2.7.7','2017-10-17 19:30:45.253774',43,1,12),(50,1508267698571734,'INSTALACION HIDROSANITARIA','2.7.8','2017-10-17 19:30:45.256621',43,1,12),(51,1508267698574204,'INSTALACION ELECTRICA','2.7.9','2017-10-17 19:30:45.259046',43,1,12),(52,1508267698576554,'CANCHA DE TENIS','2.8','2017-10-17 19:30:45.261395',12,1,12),(53,1508267698578803,'PRELIMINARES','2.8.1','2017-10-17 19:30:45.263644',52,1,12),(54,1508267698581470,'CIMENTACION','2.8.2','2017-10-17 19:30:45.266320',52,1,12),(55,1508267698583981,'ESTRUCTURA','2.8.3','2017-10-17 19:30:45.268823',52,1,12),(56,1508267698586225,'ACABADOS','2.8.4','2017-10-17 19:30:45.271067',52,1,12),(57,1508267698588826,'INSTALACION HIDROSANITARIA','2.8.5','2017-10-17 19:30:45.273715',52,1,12),(58,1508267698591581,'INSTALACION ELECTRICA','2.9','2017-10-17 19:30:45.276425',12,1,12),(59,1508267698594874,'INSTALACION ELECTRICA','2.9.1','2017-10-17 19:30:45.279723',58,1,12),(60,1508267698597620,'FOGATERO','2.10','2017-10-17 19:30:45.282465',12,1,12),(61,1508267698600079,'PRELIMINARES','2.10.1','2017-10-17 19:30:45.284921',60,1,12),(62,1508267698602326,'CIMENTACION','2.10.2','2017-10-17 19:30:45.287167',60,1,12),(63,1508267698604789,'ESTRUCTURA','2.10.3','2017-10-17 19:30:45.289673',60,1,12),(64,1508267698607442,'ACABADOS','2.10.4','2017-10-17 19:30:45.292285',60,1,12),(65,1508267698609800,'OBRAS EXTERIORES','2.11','2017-10-17 19:30:45.294652',12,1,12),(66,1508267698612156,'PRELIMINARES','2.11.1','2017-10-17 19:30:45.296999',65,1,12),(67,1508267698614538,'VEGETACION','2.11.2','2017-10-17 19:30:45.299381',65,1,12),(68,1508267698616883,'JARDIN ACCESO','2.11.2.1','2017-10-17 19:30:45.301727',67,1,12),(69,1508267698619236,'CANCHAS Y ALBERCA','2.11.2.2','2017-10-17 19:30:45.304079',67,1,12),(70,1508267698621860,'JARDIN TRASERO Y PATIO','2.11.2.3','2017-10-17 19:30:45.306704',67,1,12),(71,1508267698624184,'PASEO','2.11.3','2017-10-17 19:30:45.309026',65,1,12),(72,1508267698626559,'JARDINERAS (BARRERA ACUSTICA)','2.11.4','2017-10-17 19:30:45.311401',65,1,12),(73,1508267698629260,'BANQUETAS','2.11.5','2017-10-17 19:30:45.314124',65,1,12),(74,1508267698632331,'ACCESO','2.12','2017-10-17 19:30:45.317205',12,1,12),(75,1508267698634898,'PRELIMINARES','2.12.1','2017-10-17 19:30:45.319741',74,1,12),(76,1508267698637461,'CIMENTACION','2.12.2','2017-10-17 19:30:45.322317',74,1,12),(77,1508267698639908,'ESTRUCTURA','2.12.3','2017-10-17 19:30:45.324751',74,1,12),(78,1508267698642275,'CUBIERTA','2.12.4','2017-10-17 19:30:45.327119',74,1,12),(79,1508267698644714,'HERRERIA','2.12.5','2017-10-17 19:30:45.329559',74,1,12),(80,1508267698647203,'ACABADOS','2.12.6','2017-10-17 19:30:45.332046',74,1,12),(81,1508267698649601,'COMPLEMENTOS','2.12.7','2017-10-17 19:30:45.334445',74,1,12),(82,1508267698652052,'MUROS EN PATIO TRASERO','2.13','2017-10-17 19:30:45.336906',12,1,12),(83,1508267698654958,'PRELIMINARES','2.13.1','2017-10-17 19:30:45.339805',82,1,12),(84,1508267698657368,'CIMENTACION','2.13.2','2017-10-17 19:30:45.342209',82,1,12),(85,1508267698659658,'ESTRUCTURA','2.13.3','2017-10-17 19:30:45.344499',82,1,12),(86,1508267698662283,'ACABADOS','2.13.4','2017-10-17 19:30:45.347128',82,1,12),(87,1508267698665001,'ESCULTURA','2.14','2017-10-17 19:30:45.349909',12,1,12),(88,1508267698667966,'FUENTE DE PARED','2.15','2017-10-17 19:30:45.352817',12,1,12),(89,1508267698670701,'LIMPIEZA','2.16','2017-10-17 19:30:45.355547',12,1,12),(91,1508268342927982,'LIMPIEZA','2.16.1','2017-10-17 19:41:29.612829',89,1,12),(92,1508279186480643,'CATALOGO VILLA SOFIA INTERIOR','1','2017-10-17 22:42:13.165482',NULL,2,NULL),(93,1508279186483960,'PRELIMINARES','1.1','2017-10-17 22:42:13.168808',1,2,1),(94,1508279186486695,'CIMENTACION','1.2','2017-10-17 22:42:13.171542',1,2,1),(95,1508279186489410,'ESTRUCTURA','1.3','2017-10-17 22:42:13.174269',1,2,1),(96,1508279186491899,'ACABADOS','1.4','2017-10-17 22:42:13.176743',1,2,1),(97,1508279186494429,'CARPINTERÍA','1.5','2017-10-17 22:42:13.179271',1,2,1),(98,1508279186497815,'HERRERÍA','1.6','2017-10-17 22:42:13.182688',1,2,1),(99,1508279186500553,'INSTALACIÓN ELÉCTRICA','1.7','2017-10-17 22:42:13.185397',1,2,1),(100,1508279186503138,'INSTALACIÓN HIDROSANITARIA','1.8','2017-10-17 22:42:13.187980',1,2,1),(101,1508279186505893,'EQUIPO','1.9','2017-10-17 22:42:13.190748',1,2,1),(102,1508279186508683,'LIMPIEZA','1.10','2017-10-17 22:42:13.193537',1,2,1),(103,1508279186509991,'CATALOGO VILLA SOFIA EXTERIOR','2','2017-10-17 22:42:13.194824',NULL,2,NULL),(104,1508279186512638,'CUBIERTA ESTACIONAMIENTO','2.1','2017-10-17 22:42:13.197480',12,2,12),(105,1508279186515877,'PRELIMINARES','2.1.1','2017-10-17 22:42:13.200727',13,2,12),(106,1508279186518435,'CIMENTACION','2.1.2','2017-10-17 22:42:13.203278',13,2,12),(107,1508279186521072,'ESTRUCTURA','2.1.3','2017-10-17 22:42:13.205917',13,2,12),(108,1508279186523615,'CUBIERTA','2.1.4','2017-10-17 22:42:13.208459',13,2,12),(109,1508279186526077,'PERGOLADO','2.2','2017-10-17 22:42:13.210920',12,2,12),(110,1508279186528685,'PRELIMINARES','2.2.1','2017-10-17 22:42:13.213533',18,2,12),(111,1508279186531602,'CIMENTACION','2.2.2','2017-10-17 22:42:13.216452',18,2,12),(112,1508279186534320,'ESTRUCTURA','2.2.3','2017-10-17 22:42:13.219164',18,2,12),(113,1508279186537099,'MOTOR LOBBY','2.3','2017-10-17 22:42:13.221942',12,2,12),(114,1508279186539824,'PRELIMINARES','2.3.1','2017-10-17 22:42:13.224669',22,2,12),(115,1508279186542477,'CIMENTACION','2.3.2','2017-10-17 22:42:13.227318',22,2,12),(116,1508279186544914,'ESTRUCTURA','2.3.3','2017-10-17 22:42:13.229755',22,2,12),(117,1508279186547379,'CUBIERTA','2.3.4','2017-10-17 22:42:13.232221',22,2,12),(118,1508279186550494,'ALBERCA','2.4','2017-10-17 22:42:13.235338',12,2,12),(119,1508279186553001,'PRELIMINARES','2.4.1','2017-10-17 22:42:13.237874',27,2,12),(120,1508279186555789,'CIMENTACION','2.4.2','2017-10-17 22:42:13.240633',27,2,12),(121,1508279186558234,'ACABADOS','2.4.3','2017-10-17 22:42:13.243077',27,2,12),(122,1508279186560652,'INSTALACION HIDROSANITARIA','2.4.4','2017-10-17 22:42:13.245495',27,2,12),(123,1508279186563403,'CUARTO DE MAQUINAS ALBERCA','2.5','2017-10-17 22:42:13.248267',12,2,12),(124,1508279186566183,'PRELIMINARES','2.5.1','2017-10-17 22:42:13.251026',32,2,12),(125,1508279186568633,'CIMENTACION','2.5.2','2017-10-17 22:42:13.253475',32,2,12),(126,1508279186571308,'ESTRUCTURA','2.5.3','2017-10-17 22:42:13.256151',32,2,12),(127,1508279186573946,'ALBAÑILERIA','2.5.4','2017-10-17 22:42:13.258795',32,2,12),(128,1508279186576606,'ACABADOS','2.5.5','2017-10-17 22:42:13.261481',32,2,12),(129,1508279186579098,'HERRERIA','2.5.6','2017-10-17 22:42:13.263939',32,2,12),(130,1508279186581678,'HIDROMASAJE','2.6','2017-10-17 22:42:13.266531',12,2,12),(131,1508279186584553,'PRELIMINARES','2.6.1','2017-10-17 22:42:13.269401',39,2,12),(132,1508279186587224,'CIMENTACION','2.6.2','2017-10-17 22:42:13.272068',39,2,12),(133,1508279186589641,'INSTALACION HIDROSANITARIA','2.6.3','2017-10-17 22:42:13.274482',39,2,12),(134,1508279186592049,'CABALLERIZAS','2.7','2017-10-17 22:42:13.276890',12,2,12),(135,1508279186594706,'PRELIMINARES','2.7.1','2017-10-17 22:42:13.279592',43,2,12),(136,1508279186597334,'CIMENTACION','2.7.2','2017-10-17 22:42:13.282175',43,2,12),(137,1508279186599858,'ESTRUCTURA','2.7.3','2017-10-17 22:42:13.284698',43,2,12),(138,1508279186602411,'ACABADOS','2.7.4','2017-10-17 22:42:13.287259',43,2,12),(139,1508279186605731,'CUBIERTA','2.7.5','2017-10-17 22:42:13.290575',43,2,12),(140,1508279186608159,'CARPINTERIA','2.7.7','2017-10-17 22:42:13.293001',43,2,12),(141,1508279186610620,'INSTALACION HIDROSANITARIA','2.7.8','2017-10-17 22:42:13.295461',43,2,12),(142,1508279186613147,'INSTALACION ELECTRICA','2.7.9','2017-10-17 22:42:13.297989',43,2,12),(143,1508279186615539,'CANCHA DE TENIS','2.8','2017-10-17 22:42:13.300381',12,2,12),(144,1508279186618548,'PRELIMINARES','2.8.1','2017-10-17 22:42:13.303390',52,2,12),(145,1508279186621184,'CIMENTACION','2.8.2','2017-10-17 22:42:13.306027',52,2,12),(146,1508279186623642,'ESTRUCTURA','2.8.3','2017-10-17 22:42:13.308484',52,2,12),(147,1508279186626173,'ACABADOS','2.8.4','2017-10-17 22:42:13.311015',52,2,12),(148,1508279186629165,'INSTALACION HIDROSANITARIA','2.8.5','2017-10-17 22:42:13.314006',52,2,12),(149,1508279186632570,'INSTALACION ELECTRICA','2.9','2017-10-17 22:42:13.317416',12,2,12),(150,1508279186635459,'INSTALACION ELECTRICA','2.9.1','2017-10-17 22:42:13.320304',58,2,12),(151,1508279186638090,'FOGATERO','2.10','2017-10-17 22:42:13.322932',12,2,12),(152,1508279186640502,'PRELIMINARES','2.10.1','2017-10-17 22:42:13.325344',60,2,12),(153,1508279186643091,'CIMENTACION','2.10.2','2017-10-17 22:42:13.327932',60,2,12),(154,1508279186645525,'ESTRUCTURA','2.10.3','2017-10-17 22:42:13.330366',60,2,12),(155,1508279186647971,'ACABADOS','2.10.4','2017-10-17 22:42:13.332812',60,2,12),(156,1508279186650859,'OBRAS EXTERIORES','2.11','2017-10-17 22:42:13.335707',12,2,12),(157,1508279186653513,'PRELIMINARES','2.11.1','2017-10-17 22:42:13.338355',65,2,12),(158,1508279186656335,'VEGETACION','2.11.2','2017-10-17 22:42:13.341176',65,2,12),(159,1508279186659232,'JARDIN ACCESO','2.11.2.1','2017-10-17 22:42:13.344074',67,2,12),(160,1508279186661857,'CANCHAS Y ALBERCA','2.11.2.2','2017-10-17 22:42:13.346700',67,2,12),(161,1508279186664483,'JARDIN TRASERO Y PATIO','2.11.2.3','2017-10-17 22:42:13.349326',67,2,12),(162,1508279186668006,'PASEO','2.11.3','2017-10-17 22:42:13.352853',65,2,12),(163,1508279186670933,'JARDINERAS (BARRERA ACUSTICA)','2.11.4','2017-10-17 22:42:13.355778',65,2,12),(164,1508279186673971,'BANQUETAS','2.11.5','2017-10-17 22:42:13.358817',65,2,12),(165,1508279186676776,'ACCESO','2.12','2017-10-17 22:42:13.361618',12,2,12),(166,1508279186679186,'PRELIMINARES','2.12.1','2017-10-17 22:42:13.364028',74,2,12),(167,1508279186682036,'CIMENTACION','2.12.2','2017-10-17 22:42:13.366880',74,2,12),(168,1508279186684551,'ESTRUCTURA','2.12.3','2017-10-17 22:42:13.369393',74,2,12),(169,1508279186687022,'CUBIERTA','2.12.4','2017-10-17 22:42:13.371864',74,2,12),(170,1508279186689482,'HERRERIA','2.12.5','2017-10-17 22:42:13.374322',74,2,12),(171,1508279186691890,'ACABADOS','2.12.6','2017-10-17 22:42:13.376733',74,2,12),(172,1508279186694328,'COMPLEMENTOS','2.12.7','2017-10-17 22:42:13.379168',74,2,12),(173,1508279186696890,'MUROS EN PATIO TRASERO','2.13','2017-10-17 22:42:13.381732',12,2,12),(174,1508279186700116,'PRELIMINARES','2.13.1','2017-10-17 22:42:13.384960',82,2,12),(175,1508279186702769,'CIMENTACION','2.13.2','2017-10-17 22:42:13.387613',82,2,12),(176,1508279186705345,'ESTRUCTURA','2.13.3','2017-10-17 22:42:13.390187',82,2,12),(177,1508279186707867,'ACABADOS','2.13.4','2017-10-17 22:42:13.392709',82,2,12),(178,1508279186710294,'ESCULTURA','2.14','2017-10-17 22:42:13.395136',12,2,12),(179,1508279186712683,'FUENTE DE PARED','2.15','2017-10-17 22:42:13.397537',12,2,12),(180,1508279186715326,'LIMPIEZA','2.16','2017-10-17 22:42:13.400167',12,2,12),(181,1508279186717906,'LIMPIEZA','2.16.1','2017-10-17 22:42:13.402747',89,2,12);
/*!40000 ALTER TABLE `erp_lineitem` ENABLE KEYS */;
UNLOCK TABLES;

--
-- Table structure for table `erp_logfile`
--

DROP TABLE IF EXISTS `erp_logfile`;
/*!40101 SET @saved_cs_client     = @@character_set_client */;
/*!40101 SET character_set_client = utf8 */;
CREATE TABLE `erp_logfile` (
  `id` int(11) NOT NULL AUTO_INCREMENT,
  `version` bigint(20) NOT NULL,
  `file` varchar(100) DEFAULT NULL,
  `last_edit_date` datetime(6) NOT NULL,
  `progress_estimate_log_id` int(11) NOT NULL,
  PRIMARY KEY (`id`),
  KEY `ERP_logfile_031d45d8` (`progress_estimate_log_id`),
  CONSTRAINT `progress_estimate_log_id_7ee4dd8e_fk_ERP_progressestimatelog_id` FOREIGN KEY (`progress_estimate_log_id`) REFERENCES `erp_progressestimatelog` (`id`)
) ENGINE=InnoDB AUTO_INCREMENT=24 DEFAULT CHARSET=latin1;
/*!40101 SET character_set_client = @saved_cs_client */;

--
-- Dumping data for table `erp_logfile`
--

LOCK TABLES `erp_logfile` WRITE;
/*!40000 ALTER TABLE `erp_logfile` DISABLE KEYS */;
INSERT INTO `erp_logfile` VALUES (1,1508272578074816,'','2017-10-17 20:52:04.759654',1),(2,1508272590136077,'','2017-10-17 20:52:16.820920',2),(3,1508273023675998,'bitacoras_de_proyecto/COM/log.pdf','2017-10-17 20:59:30.359981',3),(4,1508273023677710,'bitacoras_de_proyecto/COM/log_QPuMiIn.pdf','2017-10-17 20:59:30.362007',3),(5,1508273023679200,'bitacoras_de_proyecto/COM/log_zE0FywV.pdf','2017-10-17 20:59:30.364404',3),(6,1508281540036954,'bitacoras_de_proyecto/CC01/log.pdf','2017-10-17 23:21:26.722526',4),(7,1508281540038466,'bitacoras_de_proyecto/CC01/log_SrEydhc.pdf','2017-10-17 23:21:26.723740',4),(8,1510548261120072,'bitacoras_de_proyecto/COM/Screen_Shot_2017-11-12_at_23.00.03.png','2017-11-13 05:00:07.803141',5),(9,1510548261121982,'','2017-11-13 05:00:07.806835',5),(10,1510549005394132,'','2017-11-13 05:12:32.078973',1),(11,1510549112928656,'','2017-11-13 05:14:19.613497',5),(12,1510549160782872,'','2017-11-13 05:15:07.467711',5),(13,1510549242838630,'','2017-11-13 05:16:29.523465',5),(14,1510549263794092,'','2017-11-13 05:16:50.478929',5),(15,1510549286156193,'','2017-11-13 05:17:12.841036',5),(16,1510549332276096,'','2017-11-13 05:17:58.960942',5),(17,1510549375415796,'','2017-11-13 05:18:42.100637',5),(18,1510549392172446,'','2017-11-13 05:18:58.857283',5),(19,1510549429973041,'','2017-11-13 05:19:36.657936',5),(20,1510549467789801,'','2017-11-13 05:20:14.474644',5),(21,1510549535315628,'','2017-11-13 05:21:22.000466',5),(22,1510549559646283,'','2017-11-13 05:21:46.331120',5),(23,1510550303708696,'','2017-11-13 05:34:10.393533',5);
/*!40000 ALTER TABLE `erp_logfile` ENABLE KEYS */;
UNLOCK TABLES;

--
-- Table structure for table `erp_modalidadcontrato`
--

DROP TABLE IF EXISTS `erp_modalidadcontrato`;
/*!40101 SET @saved_cs_client     = @@character_set_client */;
/*!40101 SET character_set_client = utf8 */;
CREATE TABLE `erp_modalidadcontrato` (
  `id` int(11) NOT NULL AUTO_INCREMENT,
  `version` bigint(20) NOT NULL,
  `modalidadContrato` varchar(250) NOT NULL,
  `duracionContrato` varchar(20) NOT NULL,
  `last_edit_date` datetime(6) NOT NULL,
  PRIMARY KEY (`id`)
) ENGINE=InnoDB AUTO_INCREMENT=4 DEFAULT CHARSET=latin1;
/*!40101 SET character_set_client = @saved_cs_client */;

--
-- Dumping data for table `erp_modalidadcontrato`
--

LOCK TABLES `erp_modalidadcontrato` WRITE;
/*!40000 ALTER TABLE `erp_modalidadcontrato` DISABLE KEYS */;
INSERT INTO `erp_modalidadcontrato` VALUES (1,0,'Anual','1 año','2017-09-07 18:46:55.731517'),(2,0,'Semestral','6 meses','2017-09-07 18:46:55.731517'),(3,0,'Mensual','1 mes','2017-09-07 18:46:55.731517');
/*!40000 ALTER TABLE `erp_modalidadcontrato` ENABLE KEYS */;
UNLOCK TABLES;

--
-- Table structure for table `erp_paymentschedule`
--

DROP TABLE IF EXISTS `erp_paymentschedule`;
/*!40101 SET @saved_cs_client     = @@character_set_client */;
/*!40101 SET character_set_client = utf8 */;
CREATE TABLE `erp_paymentschedule` (
  `id` int(11) NOT NULL AUTO_INCREMENT,
  `month` int(11) NOT NULL,
  `year` int(11) NOT NULL,
  `amount` decimal(20,2) NOT NULL,
  `project_id` int(11) NOT NULL,
  PRIMARY KEY (`id`),
  UNIQUE KEY `ERP_paymentschedule_project_id_8460207c_uniq` (`project_id`,`year`,`month`),
  KEY `ERP_paymentschedule_b098ad43` (`project_id`),
  CONSTRAINT `ERP_paymentschedule_project_id_734423fc_fk_ERP_project_id` FOREIGN KEY (`project_id`) REFERENCES `erp_project` (`id`)
) ENGINE=InnoDB AUTO_INCREMENT=23 DEFAULT CHARSET=latin1;
/*!40101 SET character_set_client = @saved_cs_client */;

--
-- Dumping data for table `erp_paymentschedule`
--

LOCK TABLES `erp_paymentschedule` WRITE;
/*!40000 ALTER TABLE `erp_paymentschedule` DISABLE KEYS */;
INSERT INTO `erp_paymentschedule` VALUES (1,10,2017,1000000.00,1),(2,11,2017,1000000.00,1),(3,12,2017,1000000.00,1),(4,1,2018,1000000.00,1),(5,2,2018,1000000.00,1),(6,3,2018,1000000.00,1),(7,4,2018,1000000.00,1),(8,5,2018,1000000.00,1),(9,6,2018,1000000.00,1),(10,7,2018,1000000.00,1),(11,8,2018,1000000.00,1),(12,9,2018,1000000.00,1),(13,10,2018,1000000.00,1),(14,11,2018,1000000.00,1),(15,10,2017,60000.00,2),(16,11,2017,60000.00,2),(17,12,2017,60000.00,2),(18,1,2018,60000.00,2),(19,2,2018,60000.00,2),(20,3,2018,60000.00,2),(21,4,2018,60000.00,2),(22,5,2018,60000.00,2);
/*!40000 ALTER TABLE `erp_paymentschedule` ENABLE KEYS */;
UNLOCK TABLES;

--
-- Table structure for table `erp_progressestimate`
--

DROP TABLE IF EXISTS `erp_progressestimate`;
/*!40101 SET @saved_cs_client     = @@character_set_client */;
/*!40101 SET character_set_client = utf8 */;
CREATE TABLE `erp_progressestimate` (
  `id` int(11) NOT NULL AUTO_INCREMENT,
  `version` bigint(20) NOT NULL,
  `key` varchar(9) NOT NULL,
  `amount` decimal(20,6) NOT NULL,
  `generator_amount` decimal(20,2) NOT NULL,
  `generator_file` varchar(100) DEFAULT NULL,
  `last_edit_date` datetime(6) NOT NULL,
  `type` varchar(1) NOT NULL,
  `payment_status` varchar(2) NOT NULL,
  `estimate_id` int(11) NOT NULL,
  PRIMARY KEY (`id`),
  KEY `ERP_progressestimate_estimate_id_5aa6c6bd_fk_ERP_estimate_id` (`estimate_id`),
  CONSTRAINT `ERP_progressestimate_estimate_id_5aa6c6bd_fk_ERP_estimate_id` FOREIGN KEY (`estimate_id`) REFERENCES `erp_estimate` (`id`)
) ENGINE=InnoDB AUTO_INCREMENT=12 DEFAULT CHARSET=latin1;
/*!40101 SET character_set_client = @saved_cs_client */;

--
-- Dumping data for table `erp_progressestimate`
--

LOCK TABLES `erp_progressestimate` WRITE;
/*!40000 ALTER TABLE `erp_progressestimate` DISABLE KEYS */;
INSERT INTO `erp_progressestimate` VALUES (4,1508280597910882,'A1',100000.000000,0.00,'','2017-10-17 23:05:44.595573','P','P',2),(5,1508281145677336,'A2',135293.000000,0.00,'','2017-10-17 23:14:52.362032','P','P',2),(6,1508281152671432,'FINIQUITO',65707.000000,0.00,'','2017-10-17 23:14:59.356123','S','P',2),(11,1510546361696912,'Finiquito',285000.000000,0.00,'','2017-11-13 04:28:28.381976','P','NP',1);
/*!40000 ALTER TABLE `erp_progressestimate` ENABLE KEYS */;
UNLOCK TABLES;

--
-- Table structure for table `erp_progressestimateauthorization`
--

DROP TABLE IF EXISTS `erp_progressestimateauthorization`;
/*!40101 SET @saved_cs_client     = @@character_set_client */;
/*!40101 SET character_set_client = utf8 */;
CREATE TABLE `erp_progressestimateauthorization` (
  `id` int(11) NOT NULL AUTO_INCREMENT,
  `version` bigint(20) NOT NULL,
  `full_name` varchar(256) NOT NULL,
  `progress_estimate_id` int(11) NOT NULL,
  `user_id` int(11) NOT NULL,
  PRIMARY KEY (`id`),
  KEY `ERP_pro_progress_estimate_id_4e360379_fk_ERP_progressestimate_id` (`progress_estimate_id`),
  KEY `ERP_progressestimateauthorizati_user_id_b0cb3655_fk_auth_user_id` (`user_id`),
  CONSTRAINT `ERP_pro_progress_estimate_id_4e360379_fk_ERP_progressestimate_id` FOREIGN KEY (`progress_estimate_id`) REFERENCES `erp_progressestimate` (`id`),
  CONSTRAINT `ERP_progressestimateauthorizati_user_id_b0cb3655_fk_auth_user_id` FOREIGN KEY (`user_id`) REFERENCES `auth_user` (`id`)
) ENGINE=InnoDB AUTO_INCREMENT=7 DEFAULT CHARSET=latin1;
/*!40101 SET character_set_client = @saved_cs_client */;

--
-- Dumping data for table `erp_progressestimateauthorization`
--

LOCK TABLES `erp_progressestimateauthorization` WRITE;
/*!40000 ALTER TABLE `erp_progressestimateauthorization` DISABLE KEYS */;
INSERT INTO `erp_progressestimateauthorization` VALUES (4,1508280255894954,'Presidente: Presidente Salcedo',4,21),(5,1508281103095442,'Presidente: Presidente Salcedo',5,21),(6,1508281106025323,'Presidente: Presidente Salcedo',6,21);
/*!40000 ALTER TABLE `erp_progressestimateauthorization` ENABLE KEYS */;
UNLOCK TABLES;

--
-- Table structure for table `erp_progressestimatelog`
--

DROP TABLE IF EXISTS `erp_progressestimatelog`;
/*!40101 SET @saved_cs_client     = @@character_set_client */;
/*!40101 SET character_set_client = utf8 */;
CREATE TABLE `erp_progressestimatelog` (
  `id` int(11) NOT NULL AUTO_INCREMENT,
  `version` bigint(20) NOT NULL,
  `description` longtext NOT NULL,
  `register_date` datetime(6) NOT NULL,
  `date` datetime(6) DEFAULT NULL,
  `last_edit_date` datetime(6) NOT NULL,
  `project_id` int(11) NOT NULL,
  `user_id` int(11) DEFAULT NULL,
  `status` varchar(1) NOT NULL,
  PRIMARY KEY (`id`),
  KEY `ERP_progressestimatelog_b098ad43` (`project_id`),
  KEY `ERP_progressestimatelog_e8701ad4` (`user_id`),
  CONSTRAINT `ERP_progressestimatelog_project_id_c4ee66a1_fk_ERP_project_id` FOREIGN KEY (`project_id`) REFERENCES `erp_project` (`id`),
  CONSTRAINT `ERP_progressestimatelog_user_id_f83a4111_fk_auth_user_id` FOREIGN KEY (`user_id`) REFERENCES `auth_user` (`id`)
) ENGINE=InnoDB AUTO_INCREMENT=6 DEFAULT CHARSET=latin1;
/*!40101 SET character_set_client = @saved_cs_client */;

--
-- Dumping data for table `erp_progressestimatelog`
--

LOCK TABLES `erp_progressestimatelog` WRITE;
/*!40000 ALTER TABLE `erp_progressestimatelog` DISABLE KEYS */;
INSERT INTO `erp_progressestimatelog` VALUES (1,1510549005391379,'Bitácora 1','2017-10-17 20:52:04.758374','2017-10-17 20:46:23.745226','2017-11-13 05:12:32.076021',1,1,'N'),(2,1508272590134440,'Bitácora 2','2017-10-17 20:52:16.819284','2017-10-17 20:46:23.745226','2017-10-17 20:52:16.819332',1,21,'N'),(3,1508273023672797,'Bitácora 3','2017-10-17 20:53:08.091398','2017-10-17 20:46:23.745226','2017-10-17 20:59:30.357413',1,21,'N'),(4,1508281540035426,'Bitácora','2017-10-17 23:21:26.720264','2017-10-17 20:59:01.902823','2017-10-17 23:21:26.720308',2,2,'N'),(5,1510550303705143,'OKOKOK','2017-11-13 04:49:37.778710','2017-11-13 04:43:07.081813','2017-11-13 05:34:10.389771',1,1,'R');
/*!40000 ALTER TABLE `erp_progressestimatelog` ENABLE KEYS */;
UNLOCK TABLES;

--
-- Table structure for table `erp_project`
--

DROP TABLE IF EXISTS `erp_project`;
/*!40101 SET @saved_cs_client     = @@character_set_client */;
/*!40101 SET character_set_client = utf8 */;
CREATE TABLE `erp_project` (
  `id` int(11) NOT NULL AUTO_INCREMENT,
  `version` bigint(20) NOT NULL,
  `key` varchar(255) NOT NULL,
  `nombreProyecto` varchar(100) NOT NULL,
  `fecha_inicial` date NOT NULL,
  `fecha_final` date NOT NULL,
  `portada` varchar(100) DEFAULT NULL,
  `ubicacion_calle` varchar(200) NOT NULL,
  `ubicacion_numero` varchar(8) NOT NULL,
  `ubicacion_colonia` varchar(200) NOT NULL,
  `ubicacion_cp` int(11) NOT NULL,
  `latitud` double DEFAULT NULL,
  `longitud` double DEFAULT NULL,
  `area_superficie_escritura` decimal(20,2) NOT NULL,
  `area_superficie_levantamiento` decimal(20,2) NOT NULL,
  `estadolegal_documento_propiedad` varchar(200) DEFAULT NULL,
  `estadolegal_gravamen` varchar(200) DEFAULT NULL,
  `estadolegal_predial` varchar(200) DEFAULT NULL,
  `estadolegal_agua` varchar(200) DEFAULT NULL,
  `documento_propiedad` varchar(100) DEFAULT NULL,
  `documento_gravamen` varchar(100) DEFAULT NULL,
  `documento_predial` varchar(100) DEFAULT NULL,
  `documento_agua` varchar(100) DEFAULT NULL,
  `restriccion_vial` varchar(200) DEFAULT NULL,
  `restriccion_cna` varchar(200) DEFAULT NULL,
  `restriccion_cfe` varchar(200) DEFAULT NULL,
  `restriccion_pemex` varchar(200) DEFAULT NULL,
  `restriccion_inha` varchar(200) DEFAULT NULL,
  `restriccion_otros` varchar(200) DEFAULT NULL,
  `restriccion_observaciones` varchar(200) DEFAULT NULL,
  `usosuelo_pmdu` varchar(200) DEFAULT NULL,
  `usosuelo_densidad` varchar(200) DEFAULT NULL,
  `usosuelo_loteminimo` decimal(20,2) DEFAULT NULL,
  `usosuelo_m2construccion` decimal(20,2) DEFAULT NULL,
  `usosuelo_arealibre` varchar(200) DEFAULT NULL,
  `usosuelo_altura` varchar(200) DEFAULT NULL,
  `usosuelo_densidadrequerida` varchar(200) DEFAULT NULL,
  `hidraulica_fuente` varchar(200) DEFAULT NULL,
  `hidraulica_distancia` varchar(200) DEFAULT NULL,
  `hidraulica_observaciones` varchar(200) DEFAULT NULL,
  `hidraulica_documento` varchar(100) DEFAULT NULL,
  `sanitaria_tipo` varchar(200) DEFAULT NULL,
  `sanitaria_responsable` varchar(200) DEFAULT NULL,
  `sanitaria_observaciones` varchar(200) DEFAULT NULL,
  `sanitaria_documento` varchar(100) DEFAULT NULL,
  `pluvial_tipo` varchar(200) DEFAULT NULL,
  `pluvial_responsable` varchar(200) DEFAULT NULL,
  `pluvial_observaciones` varchar(200) DEFAULT NULL,
  `pluvial_documento` varchar(100) DEFAULT NULL,
  `vial_viaacceso` varchar(200) DEFAULT NULL,
  `vial_distancia` varchar(200) DEFAULT NULL,
  `vial_carriles` varchar(200) DEFAULT NULL,
  `vial_seccion` varchar(200) DEFAULT NULL,
  `vial_tipopavimento` varchar(200) DEFAULT NULL,
  `vial_estadoconstruccion` varchar(200) DEFAULT NULL,
  `vial_observaciones` varchar(200) DEFAULT NULL,
  `vial_documento` varchar(100) DEFAULT NULL,
  `electricidad_tipo` varchar(200) DEFAULT NULL,
  `electricidad_distancia` varchar(200) DEFAULT NULL,
  `electricidad_observaciones` varchar(200) DEFAULT NULL,
  `electricidad_documento` varchar(100) DEFAULT NULL,
  `alumbradopublico_tipo` varchar(200) DEFAULT NULL,
  `alumbradopublico_distancia` varchar(200) DEFAULT NULL,
  `alumbradopublico_observaciones` varchar(200) DEFAULT NULL,
  `alumbradopublico_documento` varchar(100) DEFAULT NULL,
  `telefonia_distancia` varchar(200) DEFAULT NULL,
  `telefonia_observaciones` varchar(200) DEFAULT NULL,
  `telefonia_documento` varchar(100) DEFAULT NULL,
  `tvcable_distancia` varchar(200) DEFAULT NULL,
  `tvcable_observaciones` varchar(200) DEFAULT NULL,
  `equipamiento_a100` varchar(200) DEFAULT NULL,
  `equipamiento_a200` varchar(200) DEFAULT NULL,
  `equipamiento_a500` varchar(200) DEFAULT NULL,
  `equipamiento_regional` varchar(200) DEFAULT NULL,
  `costo_predio` decimal(20,2) DEFAULT NULL,
  `costo_m2` decimal(20,2) DEFAULT NULL,
  `costo_escrituras` decimal(20,2) DEFAULT NULL,
  `costo_levantamiento` decimal(20,2) DEFAULT NULL,
  `estudiomercado_demanda` varchar(200) DEFAULT NULL,
  `estudiomercado_oferta` varchar(200) DEFAULT NULL,
  `estudiomercado_conclusiones` varchar(200) DEFAULT NULL,
  `estudiomercado_recomendaciones` varchar(200) DEFAULT NULL,
  `definicionproyecto_alternativa` varchar(200) DEFAULT NULL,
  `definicionproyecto_tamano` varchar(200) DEFAULT NULL,
  `definicionproyecto_programa` varchar(200) DEFAULT NULL,
  `programayarea_areaprivativa` decimal(20,2) DEFAULT NULL,
  `programayarea_caseta` decimal(20,2) DEFAULT NULL,
  `programayarea_jardin` decimal(20,2) DEFAULT NULL,
  `programayarea_vialidad` decimal(20,2) DEFAULT NULL,
  `programayarea_areaverde` decimal(20,2) DEFAULT NULL,
  `programayarea_estacionamientovisita` decimal(20,2) DEFAULT NULL,
  `programayarea_afectacion` decimal(20,2) DEFAULT NULL,
  `programayarea_documento` varchar(100) DEFAULT NULL,
  `last_edit_date` datetime(6) NOT NULL,
  `empresa_id` int(11) DEFAULT NULL,
  `tipo_construccion_id` int(11) NOT NULL,
  `ubicacion_estado_id` int(11) NOT NULL,
  `ubicacion_municipio_id` int(11) NOT NULL,
  `ubicacion_pais_id` int(11) NOT NULL,
  PRIMARY KEY (`id`),
  UNIQUE KEY `key` (`key`),
  KEY `ERP_project_e8f8b1ef` (`empresa_id`),
  KEY `ERP_project_dd860332` (`tipo_construccion_id`),
  KEY `ERP_project_8a7cea10` (`ubicacion_estado_id`),
  KEY `ERP_project_b46c2717` (`ubicacion_municipio_id`),
  KEY `ERP_project_a5ca04d3` (`ubicacion_pais_id`),
  CONSTRAINT `ERP_pro_tipo_construccion_id_52687a31_fk_ERP_tipoconstruccion_id` FOREIGN KEY (`tipo_construccion_id`) REFERENCES `erp_tipoconstruccion` (`id`),
  CONSTRAINT `ERP_project_empresa_id_5b483d33_fk_ERP_empresa_id` FOREIGN KEY (`empresa_id`) REFERENCES `erp_empresa` (`id`),
  CONSTRAINT `ERP_project_ubicacion_estado_id_97cb272b_fk_ERP_estado_id` FOREIGN KEY (`ubicacion_estado_id`) REFERENCES `sharedcatalogs_estado` (`id`),
  CONSTRAINT `ERP_project_ubicacion_municipio_id_12f37362_fk_ERP_municipio_id` FOREIGN KEY (`ubicacion_municipio_id`) REFERENCES `sharedcatalogs_municipio` (`id`),
  CONSTRAINT `ERP_project_ubicacion_pais_id_f5a96570_fk_ERP_pais_id` FOREIGN KEY (`ubicacion_pais_id`) REFERENCES `sharedcatalogs_pais` (`id`)
) ENGINE=InnoDB AUTO_INCREMENT=3 DEFAULT CHARSET=latin1;
/*!40101 SET character_set_client = @saved_cs_client */;

--
-- Dumping data for table `erp_project`
--

LOCK TABLES `erp_project` WRITE;
/*!40000 ALTER TABLE `erp_project` DISABLE KEYS */;
INSERT INTO `erp_project` VALUES (1,1508271752836533,'COM','Comercializadora','2017-10-17','2018-11-17','documentos_del_proyecto/COM/cover_comercializadora.jpg','Leona Vicario','352','Centro',50180,19.2615354,-99.6153769,0.00,0.00,'','','','','','','','','','','','','','','','','',0.00,0.00,'','','','','','','','','','','','','','','','','','','','','','','','','','','','','','','','','','','','','','','','',0.00,0.00,0.00,0.00,'','','','','','','',0.00,0.00,0.00,0.00,0.00,0.00,0.00,'','2017-10-17 20:38:19.520963',1,1,15,2,1),(2,1508281355250904,'CC01','Centro Comercial','2017-10-17','2018-05-17','documentos_del_proyecto/CC01/cover_comercializadora.jpg','Tollocan','123','Centro',40237,19.2615353,-99.6153769,0.00,0.00,'','','','','','','','','','','','','','','','','',0.00,0.00,'','','','','','','','','','','','','','','','','','','','','','','','','','','','','','','','','','','','','','','','',0.00,0.00,0.00,0.00,'','','','','','','',0.00,0.00,0.00,0.00,0.00,0.00,0.00,'','2017-10-17 23:18:21.935321',1,1,15,2,1);
/*!40000 ALTER TABLE `erp_project` ENABLE KEYS */;
UNLOCK TABLES;

--
-- Table structure for table `erp_projectsections`
--

DROP TABLE IF EXISTS `erp_projectsections`;
/*!40101 SET @saved_cs_client     = @@character_set_client */;
/*!40101 SET character_set_client = utf8 */;
CREATE TABLE `erp_projectsections` (
  `id` int(11) NOT NULL AUTO_INCREMENT,
  `status` int(11) NOT NULL,
  `last_edit_date` datetime(6) NOT NULL,
  `project_id` int(11) NOT NULL,
  `section_id` int(11) NOT NULL,
  PRIMARY KEY (`id`),
  KEY `ERP_projectsections_project_id_dbddddf1_fk_ERP_project_id` (`project_id`),
  KEY `ERP_projectsections_730f6511` (`section_id`),
  CONSTRAINT `ERP_projectsections_project_id_dbddddf1_fk_ERP_project_id` FOREIGN KEY (`project_id`) REFERENCES `erp_project` (`id`),
  CONSTRAINT `ERP_projectsections_section_id_f3f5af7b_fk_ERP_section_id` FOREIGN KEY (`section_id`) REFERENCES `erp_section` (`id`)
) ENGINE=InnoDB AUTO_INCREMENT=57 DEFAULT CHARSET=latin1;
/*!40101 SET character_set_client = @saved_cs_client */;

--
-- Dumping data for table `erp_projectsections`
--

LOCK TABLES `erp_projectsections` WRITE;
/*!40000 ALTER TABLE `erp_projectsections` DISABLE KEYS */;
INSERT INTO `erp_projectsections` VALUES (1,1,'2017-10-17 19:15:15.197520',1,1),(2,1,'2017-10-17 19:15:15.198735',1,2),(3,1,'2017-10-17 19:15:15.200229',1,3),(4,1,'2017-10-17 19:15:15.201751',1,4),(5,1,'2017-10-17 19:15:15.203085',1,5),(6,1,'2017-10-17 19:15:15.204370',1,6),(7,1,'2017-10-17 19:15:15.205620',1,7),(8,1,'2017-10-17 19:15:15.206811',1,8),(9,1,'2017-10-17 19:15:15.208006',1,9),(10,1,'2017-10-17 19:15:15.209189',1,10),(11,1,'2017-10-17 19:15:15.210741',1,11),(12,1,'2017-10-17 19:15:15.212121',1,12),(13,1,'2017-10-17 19:15:15.213325',1,13),(14,1,'2017-10-17 19:15:15.214547',1,14),(15,1,'2017-10-17 19:15:15.215783',1,15),(16,1,'2017-10-17 19:15:15.216972',1,16),(17,1,'2017-10-17 19:15:15.218158',1,17),(18,1,'2017-10-17 19:15:15.219341',1,18),(19,1,'2017-10-17 19:15:15.220534',1,19),(20,0,'2017-10-17 19:15:15.221849',1,20),(21,0,'2017-10-17 19:15:15.223091',1,21),(22,1,'2017-10-17 19:15:15.224317',1,22),(23,1,'2017-10-17 19:15:15.225529',1,23),(24,1,'2017-10-17 19:15:15.226785',1,24),(25,1,'2017-10-17 19:15:15.228038',1,25),(26,1,'2017-10-17 19:15:15.229322',1,26),(27,1,'2017-10-17 19:15:15.230546',1,27),(28,1,'2017-10-17 19:15:15.231770',1,28),(29,1,'2017-10-17 22:39:07.418391',2,1),(30,1,'2017-10-17 22:39:07.420019',2,2),(31,1,'2017-10-17 22:39:07.421699',2,3),(32,1,'2017-10-17 22:39:07.422849',2,4),(33,1,'2017-10-17 22:39:07.423971',2,5),(34,1,'2017-10-17 22:39:07.425314',2,6),(35,1,'2017-10-17 22:39:07.426611',2,7),(36,1,'2017-10-17 22:39:07.427788',2,8),(37,1,'2017-10-17 22:39:07.429104',2,9),(38,1,'2017-10-17 22:39:07.430288',2,10),(39,1,'2017-10-17 22:39:07.431621',2,11),(40,1,'2017-10-17 22:39:07.432914',2,12),(41,1,'2017-10-17 22:39:07.434168',2,13),(42,1,'2017-10-17 22:39:07.435525',2,14),(43,1,'2017-10-17 22:39:07.436752',2,15),(44,1,'2017-10-17 22:39:07.438068',2,16),(45,1,'2017-10-17 22:39:07.439240',2,17),(46,1,'2017-10-17 22:39:07.440407',2,18),(47,1,'2017-10-17 22:39:07.441596',2,19),(48,1,'2017-10-17 22:39:07.442737',2,20),(49,1,'2017-10-17 22:39:07.443859',2,21),(50,1,'2017-10-17 22:39:07.445026',2,22),(51,1,'2017-10-17 22:39:07.446182',2,23),(52,1,'2017-10-17 22:39:07.447355',2,24),(53,1,'2017-10-17 22:39:07.448509',2,25),(54,1,'2017-10-17 22:39:07.449651',2,26),(55,1,'2017-10-17 22:39:07.450766',2,27),(56,1,'2017-10-17 22:39:07.451884',2,28);
/*!40000 ALTER TABLE `erp_projectsections` ENABLE KEYS */;
UNLOCK TABLES;

--
-- Table structure for table `erp_propietario`
--

DROP TABLE IF EXISTS `erp_propietario`;
/*!40101 SET @saved_cs_client     = @@character_set_client */;
/*!40101 SET character_set_client = utf8 */;
CREATE TABLE `erp_propietario` (
  `id` int(11) NOT NULL AUTO_INCREMENT,
  `version` bigint(20) NOT NULL,
  `nombrePropietario` varchar(200) NOT NULL,
  `rfc` varchar(20) DEFAULT NULL,
  `calle` varchar(200) NOT NULL,
  `numero` varchar(8) NOT NULL,
  `colonia` varchar(200) NOT NULL,
  `cp` int(11) NOT NULL,
  `telefono1` varchar(20) DEFAULT NULL,
  `telefono2` varchar(20) DEFAULT NULL,
  `email` varchar(100) DEFAULT NULL,
  `last_edit_date` datetime(6) NOT NULL,
  `empresa_id` int(11) NOT NULL,
  `estado_id` int(11) NOT NULL,
  `municipio_id` int(11) NOT NULL,
  `pais_id` int(11) NOT NULL,
  PRIMARY KEY (`id`),
  KEY `ERP_propietario_empresa_id_3d78f791_fk_ERP_empresa_id` (`empresa_id`),
  KEY `ERP_propietario_pais_id_0831d988_fk_ERP_pais_id` (`pais_id`),
  KEY `ERP_propietario_2c189993` (`estado_id`),
  KEY `ERP_propietario_40924980` (`municipio_id`),
  CONSTRAINT `ERP_propietario_empresa_id_3d78f791_fk_ERP_empresa_id` FOREIGN KEY (`empresa_id`) REFERENCES `erp_empresa` (`id`),
  CONSTRAINT `ERP_propietario_estado_id_2a1bc0de_fk_ERP_estado_id` FOREIGN KEY (`estado_id`) REFERENCES `sharedcatalogs_estado` (`id`),
  CONSTRAINT `ERP_propietario_municipio_id_5496a418_fk_ERP_municipio_id` FOREIGN KEY (`municipio_id`) REFERENCES `sharedcatalogs_municipio` (`id`),
  CONSTRAINT `ERP_propietario_pais_id_0831d988_fk_ERP_pais_id` FOREIGN KEY (`pais_id`) REFERENCES `sharedcatalogs_pais` (`id`)
) ENGINE=InnoDB AUTO_INCREMENT=2 DEFAULT CHARSET=latin1;
/*!40101 SET character_set_client = @saved_cs_client */;

--
-- Dumping data for table `erp_propietario`
--

LOCK TABLES `erp_propietario` WRITE;
/*!40000 ALTER TABLE `erp_propietario` DISABLE KEYS */;
INSERT INTO `erp_propietario` VALUES (1,1508265885574778,'María Sánchez','MRSH123','Comonfort','323','Metepec',60578,'1233234','7222786740','maria@test.com','2017-10-17 19:00:32.259642',1,15,2,1);
/*!40000 ALTER TABLE `erp_propietario` ENABLE KEYS */;
UNLOCK TABLES;

--
-- Table structure for table `erp_puesto`
--

DROP TABLE IF EXISTS `erp_puesto`;
/*!40101 SET @saved_cs_client     = @@character_set_client */;
/*!40101 SET character_set_client = utf8 */;
CREATE TABLE `erp_puesto` (
  `id` int(11) NOT NULL AUTO_INCREMENT,
  `version` bigint(20) NOT NULL,
  `nombrePuesto` longtext NOT NULL,
  `descripcion` longtext NOT NULL,
  `last_edit_date` datetime(6) NOT NULL,
  `area_id` int(11) NOT NULL,
  PRIMARY KEY (`id`),
  KEY `ERP_puesto_area_id_94d38d94_fk_ERP_area_id` (`area_id`),
  CONSTRAINT `ERP_puesto_area_id_94d38d94_fk_ERP_area_id` FOREIGN KEY (`area_id`) REFERENCES `erp_area` (`id`)
) ENGINE=InnoDB DEFAULT CHARSET=latin1;
/*!40101 SET character_set_client = @saved_cs_client */;

--
-- Dumping data for table `erp_puesto`
--

LOCK TABLES `erp_puesto` WRITE;
/*!40000 ALTER TABLE `erp_puesto` DISABLE KEYS */;
/*!40000 ALTER TABLE `erp_puesto` ENABLE KEYS */;
UNLOCK TABLES;

--
-- Table structure for table `erp_section`
--

DROP TABLE IF EXISTS `erp_section`;
/*!40101 SET @saved_cs_client     = @@character_set_client */;
/*!40101 SET character_set_client = utf8 */;
CREATE TABLE `erp_section` (
  `id` int(11) NOT NULL AUTO_INCREMENT,
  `section_name` varchar(200) NOT NULL,
  `short_section_name` varchar(50) NOT NULL,
  `parent_section_id` int(11) DEFAULT NULL,
  PRIMARY KEY (`id`),
  KEY `ERP_section_parent_section_id_cca19165_fk_ERP_section_id` (`parent_section_id`),
  CONSTRAINT `ERP_section_parent_section_id_cca19165_fk_ERP_section_id` FOREIGN KEY (`parent_section_id`) REFERENCES `erp_section` (`id`)
) ENGINE=InnoDB AUTO_INCREMENT=29 DEFAULT CHARSET=latin1;
/*!40101 SET character_set_client = @saved_cs_client */;

--
-- Dumping data for table `erp_section`
--

LOCK TABLES `erp_section` WRITE;
/*!40000 ALTER TABLE `erp_section` DISABLE KEYS */;
INSERT INTO `erp_section` VALUES (1,'Proyecto','Proyecto-General',NULL),(2,'Proyecto','Proyecto-Datos',1),(3,'Ubicación / Áreas','UbicYAreas',NULL),(4,'Ubicación','Ubic.',3),(5,'Áreas','areas',3),(6,'Estado Legal','Est.-Legal',NULL),(7,'Legal','legal',6),(8,'Restricciones','Rest-General',NULL),(9,'Restricciones','restricciones_detalle',8),(10,'Análisis','Análisis',NULL),(11,'Uso de Suelo','uso_de_suelo',10),(12,'Hidráulica','hidraulica',10),(13,'Sanitaria','sanitaria',10),(14,'Pluvial','pluvial',10),(15,'Análisis II','AnálisisII',NULL),(16,'Vial','vial',15),(17,'Electricidad','electricidad',15),(18,'Alambrado Público','alambrado_publico',15),(19,'Equipamiento','equipamiento',15),(20,'TV y Cable','tv_y_cable',15),(21,'Telefonía','telefonia',15),(22,'Costo / Mercado','Cost-Merc',NULL),(23,'Costo','costo',22),(24,'Estudio de Mercado','estudio_mercado',22),(25,'Definición del Proyecto','definicion_de_proyecto',22),(26,'Programa','Prog.',NULL),(27,'Programas y Áreas','programas_y_areas',26),(28,'Afectación','afectacion',26);
/*!40000 ALTER TABLE `erp_section` ENABLE KEYS */;
UNLOCK TABLES;

--
-- Table structure for table `erp_systemlogentry`
--

DROP TABLE IF EXISTS `erp_systemlogentry`;
/*!40101 SET @saved_cs_client     = @@character_set_client */;
/*!40101 SET character_set_client = utf8 */;
CREATE TABLE `erp_systemlogentry` (
  `id` int(11) NOT NULL AUTO_INCREMENT,
  `action_time` datetime(6) NOT NULL,
  `label` varchar(200) NOT NULL,
  `information` longtext NOT NULL,
  `priority` int(11) NOT NULL,
  `user_id` int(11) NOT NULL,
  PRIMARY KEY (`id`),
  KEY `ERP_systemlogentry_user_id_2437ed3d_fk_users_erpuser_id` (`user_id`),
  CONSTRAINT `ERP_systemlogentry_user_id_2437ed3d_fk_users_erpuser_id` FOREIGN KEY (`user_id`) REFERENCES `users_erpuser` (`id`)
) ENGINE=InnoDB AUTO_INCREMENT=33 DEFAULT CHARSET=latin1;
/*!40101 SET character_set_client = @saved_cs_client */;

--
-- Dumping data for table `erp_systemlogentry`
--

LOCK TABLES `erp_systemlogentry` WRITE;
/*!40000 ALTER TABLE `erp_systemlogentry` DISABLE KEYS */;
INSERT INTO `erp_systemlogentry` VALUES (2,'2017-12-03 22:33:53.051865','erp.operationlogic','{\"message\": \"Ha habido un problema generando los recibos de n\\u00f3mina. El empleado 00001 no cuenta con Datos Financieros cargados en el sistema\"}',40,1),(4,'2017-12-03 22:34:57.651227','erp.operationlogic','{\"message\": \"Ha habido un problema leyendo el archivo\"}',40,1),(6,'2017-12-03 22:35:36.095736','erp.operationlogic','{\"message\": \"Ha habido un problema generando los recibos de n\\u00f3mina. El empleado 00001 no cuenta con datos financieros cargados en el sistema\"}',40,1),(8,'2017-12-03 22:35:36.200340','erp.operationlogic','{\"message\": \"Ha habido un problema generando los recibos de n\\u00f3mina. El empleado 00001 no cuenta con datos financieros cargados en el sistema\"}',40,1),(10,'2017-12-03 22:49:59.631134','erp.operationlogic','{\"message\": \"Ha habido un problema generando los recibos de n\\u00f3mina. El empleado 00001 no cuenta con datos financieros cargados en el sistema\"}',40,1),(12,'2017-12-03 22:50:10.823436','erp.operationlogic','{\"message\": \"Ha habido un problema generando los recibos de n\\u00f3mina. El empleado 00002 no cuenta con datos financieros cargados en el sistema\"}',40,1),(14,'2017-12-03 23:08:09.604638','erp.operationlogic','{\"message\": \"El empleado con la clave 1 no existe.\"}',40,1),(16,'2017-12-03 23:14:07.844018','erp.operationlogic','{\"message\": \"El empleado con la clave 1 no existe.\"}',40,1),(18,'2017-12-03 23:17:37.766078','erp.operationlogic','{\"message\": \"Se ha tratado de cargar informaci\\u00f3n para el empleado con la clave 00001 en la fecha 2017-11-23 que no corresponde al periodo seleccionado.\"}',40,1),(20,'2017-12-04 00:05:00.740885','erp.operationlogic','{\"message\": \"Ha habido un problema leyendo el archivo\"}',40,1),(22,'2017-12-04 12:27:27.136901','erp.operationlogic','{\"message\": \"La asistencia del empleado con la clave 00002 el d\\u00eda 23/11/2017 ha sido registrada anteriormente.\"}',40,1),(24,'2017-12-04 12:46:48.013109','erp.operationlogic','{\"message\": \"La asistencia del empleado con la clave 00002 el d\\u00eda 23/11/2017 ha sido registrada anteriormente.\"}',40,1),(26,'2017-12-04 12:53:20.281001','erp.operationlogic','{\"message\": \"La asistencia del empleado con la clave 00002 el d\\u00eda 23/11/2017 ha sido registrada anteriormente.\"}',40,1),(28,'2017-12-04 13:04:23.019079','erp.operationlogic','{\"message\": \"La asistencia del empleado con la clave 00002 el d\\u00eda 23/11/2017 ha sido registrada anteriormente.\"}',40,1),(32,'2017-12-04 13:16:28.226571','erp.operationlogic','{\"message\": \"La asistencia del empleado con la clave 00002 el d\\u00eda 23/11/2017 ha sido registrada anteriormente.\"}',40,1);
/*!40000 ALTER TABLE `erp_systemlogentry` ENABLE KEYS */;
UNLOCK TABLES;

--
-- Table structure for table `erp_tipoconstruccion`
--

DROP TABLE IF EXISTS `erp_tipoconstruccion`;
/*!40101 SET @saved_cs_client     = @@character_set_client */;
/*!40101 SET character_set_client = utf8 */;
CREATE TABLE `erp_tipoconstruccion` (
  `id` int(11) NOT NULL AUTO_INCREMENT,
  `version` bigint(20) NOT NULL,
  `nombreTipoConstruccion` varchar(200) NOT NULL,
  PRIMARY KEY (`id`)
) ENGINE=InnoDB AUTO_INCREMENT=4 DEFAULT CHARSET=latin1;
/*!40101 SET character_set_client = @saved_cs_client */;

--
-- Dumping data for table `erp_tipoconstruccion`
--

LOCK TABLES `erp_tipoconstruccion` WRITE;
/*!40000 ALTER TABLE `erp_tipoconstruccion` DISABLE KEYS */;
INSERT INTO `erp_tipoconstruccion` VALUES (1,0,'Industrial'),(2,0,'Vivienda'),(3,0,'Carretera');
/*!40000 ALTER TABLE `erp_tipoconstruccion` ENABLE KEYS */;
UNLOCK TABLES;

--
-- Table structure for table `erp_tipoproyectodetalle`
--

DROP TABLE IF EXISTS `erp_tipoproyectodetalle`;
/*!40101 SET @saved_cs_client     = @@character_set_client */;
/*!40101 SET character_set_client = utf8 */;
CREATE TABLE `erp_tipoproyectodetalle` (
  `id` int(11) NOT NULL AUTO_INCREMENT,
  `version` bigint(20) NOT NULL,
  `nombreTipoProyecto` varchar(8) NOT NULL,
  `numero` decimal(20,2) NOT NULL,
  `m2terreno` decimal(20,2) NOT NULL,
  `documento` varchar(100) DEFAULT NULL,
  `proyecto_id` int(11) DEFAULT NULL,
  PRIMARY KEY (`id`),
  UNIQUE KEY `ERP_tipoproyectodetalle_proyecto_id_827457a7_uniq` (`proyecto_id`,`nombreTipoProyecto`),
  CONSTRAINT `ERP_tipoproyectodetalle_proyecto_id_724f238c_fk_ERP_project_id` FOREIGN KEY (`proyecto_id`) REFERENCES `erp_project` (`id`)
) ENGINE=InnoDB DEFAULT CHARSET=latin1;
/*!40101 SET character_set_client = @saved_cs_client */;

--
-- Dumping data for table `erp_tipoproyectodetalle`
--

LOCK TABLES `erp_tipoproyectodetalle` WRITE;
/*!40000 ALTER TABLE `erp_tipoproyectodetalle` DISABLE KEYS */;
/*!40000 ALTER TABLE `erp_tipoproyectodetalle` ENABLE KEYS */;
UNLOCK TABLES;

--
-- Table structure for table `erp_unit`
--

DROP TABLE IF EXISTS `erp_unit`;
/*!40101 SET @saved_cs_client     = @@character_set_client */;
/*!40101 SET character_set_client = utf8 */;
CREATE TABLE `erp_unit` (
  `id` int(11) NOT NULL AUTO_INCREMENT,
  `version` bigint(20) NOT NULL,
  `name` varchar(255) NOT NULL,
  `abbreviation` varchar(16) NOT NULL,
  `quantification` varchar(1) NOT NULL,
  PRIMARY KEY (`id`),
  UNIQUE KEY `name` (`name`),
  UNIQUE KEY `abbreviation` (`abbreviation`)
) ENGINE=InnoDB AUTO_INCREMENT=9 DEFAULT CHARSET=latin1;
/*!40101 SET character_set_client = @saved_cs_client */;

--
-- Dumping data for table `erp_unit`
--

LOCK TABLES `erp_unit` WRITE;
/*!40000 ALTER TABLE `erp_unit` DISABLE KEYS */;
INSERT INTO `erp_unit` VALUES (1,1508267698711246,'M3','M3','C'),(2,1508267698717769,'M2','M2','C'),(3,1508267698741809,'ML','ML','C'),(4,1508267698747404,'PZA','PZA','C'),(5,1508267698759985,'LOTE','LOTE','C'),(6,1508267698875843,'SAL','SAL','C'),(7,1508267698880768,'SAL.','SAL.','C'),(8,1508267698984415,'PREP.','PREP.','C');
/*!40000 ALTER TABLE `erp_unit` ENABLE KEYS */;
UNLOCK TABLES;

--
-- Table structure for table `erp_uploadedcatalogshistory`
--

DROP TABLE IF EXISTS `erp_uploadedcatalogshistory`;
/*!40101 SET @saved_cs_client     = @@character_set_client */;
/*!40101 SET character_set_client = utf8 */;
CREATE TABLE `erp_uploadedcatalogshistory` (
  `id` int(11) NOT NULL AUTO_INCREMENT,
  `version` bigint(20) NOT NULL,
  `line_items_file` varchar(100) DEFAULT NULL,
  `concepts_file` varchar(100) DEFAULT NULL,
  `upload_date` datetime(6) NOT NULL,
  `project_id` int(11) NOT NULL,
  PRIMARY KEY (`id`),
  KEY `ERP_uploadedcatalogshistor_project_id_953c41c3_fk_ERP_project_id` (`project_id`),
  CONSTRAINT `ERP_uploadedcatalogshistor_project_id_953c41c3_fk_ERP_project_id` FOREIGN KEY (`project_id`) REFERENCES `erp_project` (`id`)
) ENGINE=InnoDB AUTO_INCREMENT=4 DEFAULT CHARSET=latin1;
/*!40101 SET character_set_client = @saved_cs_client */;

--
-- Dumping data for table `erp_uploadedcatalogshistory`
--

LOCK TABLES `erp_uploadedcatalogshistory` WRITE;
/*!40000 ALTER TABLE `erp_uploadedcatalogshistory` DISABLE KEYS */;
INSERT INTO `erp_uploadedcatalogshistory` VALUES (1,1508267699727921,'carga_de_catalogos/COM/partidas_6tv8oFg.xlsx','carga_de_catalogos/COM/conceptos_qQXsRpd.xlsx','2017-10-17 19:30:46.414014',1),(2,1508268344452205,'carga_de_catalogos/COM/partidas_7rvII55.xlsx','carga_de_catalogos/COM/conceptos_pPWPaR4.xlsx','2017-10-17 19:41:31.139453',1),(3,1508279187815715,'carga_de_catalogos/CC01/partidas.xlsx','carga_de_catalogos/CC01/conceptos.xlsx','2017-10-17 22:42:14.501389',2);
/*!40000 ALTER TABLE `erp_uploadedcatalogshistory` ENABLE KEYS */;
UNLOCK TABLES;

--
-- Table structure for table `erp_uploadedinputexplotionshistory`
--

DROP TABLE IF EXISTS `erp_uploadedinputexplotionshistory`;
/*!40101 SET @saved_cs_client     = @@character_set_client */;
/*!40101 SET character_set_client = utf8 */;
CREATE TABLE `erp_uploadedinputexplotionshistory` (
  `id` int(11) NOT NULL AUTO_INCREMENT,
  `version` bigint(20) NOT NULL,
  `file` varchar(100) DEFAULT NULL,
  `upload_date` datetime(6) NOT NULL,
  `project_id` int(11) NOT NULL,
  PRIMARY KEY (`id`),
  KEY `ERP_uploadedinputexplotion_project_id_daec3969_fk_ERP_project_id` (`project_id`),
  CONSTRAINT `ERP_uploadedinputexplotion_project_id_daec3969_fk_ERP_project_id` FOREIGN KEY (`project_id`) REFERENCES `erp_project` (`id`)
) ENGINE=InnoDB DEFAULT CHARSET=latin1;
/*!40101 SET character_set_client = @saved_cs_client */;

--
-- Dumping data for table `erp_uploadedinputexplotionshistory`
--

LOCK TABLES `erp_uploadedinputexplotionshistory` WRITE;
/*!40000 ALTER TABLE `erp_uploadedinputexplotionshistory` DISABLE KEYS */;
/*!40000 ALTER TABLE `erp_uploadedinputexplotionshistory` ENABLE KEYS */;
UNLOCK TABLES;

--
-- Table structure for table `humanresources_absenceproof`
--

DROP TABLE IF EXISTS `humanresources_absenceproof`;
/*!40101 SET @saved_cs_client     = @@character_set_client */;
/*!40101 SET character_set_client = utf8 */;
CREATE TABLE `humanresources_absenceproof` (
  `id` int(11) NOT NULL AUTO_INCREMENT,
  `document` varchar(100) NOT NULL,
  `description` varchar(4096) NOT NULL,
  `employee_id` int(11) NOT NULL,
  `payroll_period_id` int(11) NOT NULL,
  PRIMARY KEY (`id`),
  KEY `HumanResources_absen_employee_id_442d4687_fk_HumanReso` (`employee_id`),
  KEY `HumanResources_absen_payroll_period_id_530e9dce_fk_HumanReso` (`payroll_period_id`),
  CONSTRAINT `HumanResources_absen_employee_id_442d4687_fk_HumanReso` FOREIGN KEY (`employee_id`) REFERENCES `humanresources_employee` (`id`),
  CONSTRAINT `HumanResources_absen_payroll_period_id_530e9dce_fk_HumanReso` FOREIGN KEY (`payroll_period_id`) REFERENCES `humanresources_payrollperiod` (`id`)
) ENGINE=InnoDB DEFAULT CHARSET=utf8;
/*!40101 SET character_set_client = @saved_cs_client */;

--
-- Dumping data for table `humanresources_absenceproof`
--

LOCK TABLES `humanresources_absenceproof` WRITE;
/*!40000 ALTER TABLE `humanresources_absenceproof` DISABLE KEYS */;
/*!40000 ALTER TABLE `humanresources_absenceproof` ENABLE KEYS */;
UNLOCK TABLES;

--
-- Table structure for table `humanresources_area`
--

DROP TABLE IF EXISTS `humanresources_area`;
/*!40101 SET @saved_cs_client     = @@character_set_client */;
/*!40101 SET character_set_client = utf8 */;
CREATE TABLE `humanresources_area` (
  `id` int(11) NOT NULL AUTO_INCREMENT,
  `name` varchar(2048) NOT NULL,
  PRIMARY KEY (`id`)
) ENGINE=InnoDB AUTO_INCREMENT=2 DEFAULT CHARSET=utf8;
/*!40101 SET character_set_client = @saved_cs_client */;

--
-- Dumping data for table `humanresources_area`
--

LOCK TABLES `humanresources_area` WRITE;
/*!40000 ALTER TABLE `humanresources_area` DISABLE KEYS */;
INSERT INTO `humanresources_area` VALUES (1,'Construcción de Obra');
/*!40000 ALTER TABLE `humanresources_area` ENABLE KEYS */;
UNLOCK TABLES;

--
-- Table structure for table `humanresources_bank`
--

DROP TABLE IF EXISTS `humanresources_bank`;
/*!40101 SET @saved_cs_client     = @@character_set_client */;
/*!40101 SET character_set_client = utf8 */;
CREATE TABLE `humanresources_bank` (
  `id` int(11) NOT NULL AUTO_INCREMENT,
  `bank` varchar(1) NOT NULL,
  PRIMARY KEY (`id`)
) ENGINE=InnoDB DEFAULT CHARSET=utf8;
/*!40101 SET character_set_client = @saved_cs_client */;

--
-- Dumping data for table `humanresources_bank`
--

LOCK TABLES `humanresources_bank` WRITE;
/*!40000 ALTER TABLE `humanresources_bank` DISABLE KEYS */;
/*!40000 ALTER TABLE `humanresources_bank` ENABLE KEYS */;
UNLOCK TABLES;

--
-- Table structure for table `humanresources_checkerdata`
--

DROP TABLE IF EXISTS `humanresources_checkerdata`;
/*!40101 SET @saved_cs_client     = @@character_set_client */;
/*!40101 SET character_set_client = utf8 */;
CREATE TABLE `humanresources_checkerdata` (
  `id` int(11) NOT NULL AUTO_INCREMENT,
  `checks_entry` tinyint(1) NOT NULL,
  `checks_exit` tinyint(1) NOT NULL,
  `employee_id` int(11) NOT NULL,
  PRIMARY KEY (`id`),
  KEY `HumanResources_check_employee_id_1022ddcb_fk_HumanReso` (`employee_id`),
  CONSTRAINT `HumanResources_check_employee_id_1022ddcb_fk_HumanReso` FOREIGN KEY (`employee_id`) REFERENCES `humanresources_employee` (`id`)
) ENGINE=InnoDB DEFAULT CHARSET=utf8;
/*!40101 SET character_set_client = @saved_cs_client */;

--
-- Dumping data for table `humanresources_checkerdata`
--

LOCK TABLES `humanresources_checkerdata` WRITE;
/*!40000 ALTER TABLE `humanresources_checkerdata` DISABLE KEYS */;
/*!40000 ALTER TABLE `humanresources_checkerdata` ENABLE KEYS */;
UNLOCK TABLES;

--
-- Table structure for table `humanresources_currenteducation`
--

DROP TABLE IF EXISTS `humanresources_currenteducation`;
/*!40101 SET @saved_cs_client     = @@character_set_client */;
/*!40101 SET character_set_client = utf8 */;
CREATE TABLE `humanresources_currenteducation` (
  `id` int(11) NOT NULL AUTO_INCREMENT,
  `type` int(11) NOT NULL,
  `name` varchar(2048) NOT NULL,
  `institution` varchar(1024) NOT NULL,
  `sunday` tinyint(1) NOT NULL,
  `monday` tinyint(1) NOT NULL,
  `tuesday` tinyint(1) NOT NULL,
  `wednesday` tinyint(1) NOT NULL,
  `thursday` tinyint(1) NOT NULL,
  `friday` tinyint(1) NOT NULL,
  `saturday` tinyint(1) NOT NULL,
  `employee_id` int(11) NOT NULL,
  PRIMARY KEY (`id`),
  KEY `HumanResources_curre_employee_id_4948efc1_fk_HumanReso` (`employee_id`),
  CONSTRAINT `HumanResources_curre_employee_id_4948efc1_fk_HumanReso` FOREIGN KEY (`employee_id`) REFERENCES `humanresources_employee` (`id`)
) ENGINE=InnoDB DEFAULT CHARSET=utf8;
/*!40101 SET character_set_client = @saved_cs_client */;

--
-- Dumping data for table `humanresources_currenteducation`
--

LOCK TABLES `humanresources_currenteducation` WRITE;
/*!40000 ALTER TABLE `humanresources_currenteducation` DISABLE KEYS */;
/*!40000 ALTER TABLE `humanresources_currenteducation` ENABLE KEYS */;
UNLOCK TABLES;

--
-- Table structure for table `humanresources_currenteducationdocument`
--

DROP TABLE IF EXISTS `humanresources_currenteducationdocument`;
/*!40101 SET @saved_cs_client     = @@character_set_client */;
/*!40101 SET character_set_client = utf8 */;
CREATE TABLE `humanresources_currenteducationdocument` (
  `id` int(11) NOT NULL AUTO_INCREMENT,
  `file` varchar(100) DEFAULT NULL,
  `comments` varchar(2048) DEFAULT NULL,
  `current_education_id` int(11) NOT NULL,
  PRIMARY KEY (`id`),
  KEY `HumanResources_curre_current_education_id_a95781ac_fk_HumanReso` (`current_education_id`),
  CONSTRAINT `HumanResources_curre_current_education_id_a95781ac_fk_HumanReso` FOREIGN KEY (`current_education_id`) REFERENCES `humanresources_currenteducation` (`id`)
) ENGINE=InnoDB DEFAULT CHARSET=utf8;
/*!40101 SET character_set_client = @saved_cs_client */;

--
-- Dumping data for table `humanresources_currenteducationdocument`
--

LOCK TABLES `humanresources_currenteducationdocument` WRITE;
/*!40000 ALTER TABLE `humanresources_currenteducationdocument` DISABLE KEYS */;
/*!40000 ALTER TABLE `humanresources_currenteducationdocument` ENABLE KEYS */;
UNLOCK TABLES;

--
-- Table structure for table `humanresources_department`
--

DROP TABLE IF EXISTS `humanresources_department`;
/*!40101 SET @saved_cs_client     = @@character_set_client */;
/*!40101 SET character_set_client = utf8 */;
CREATE TABLE `humanresources_department` (
  `id` int(11) NOT NULL AUTO_INCREMENT,
  `name` varchar(2048) NOT NULL,
  PRIMARY KEY (`id`)
) ENGINE=InnoDB AUTO_INCREMENT=2 DEFAULT CHARSET=utf8;
/*!40101 SET character_set_client = @saved_cs_client */;

--
-- Dumping data for table `humanresources_department`
--

LOCK TABLES `humanresources_department` WRITE;
/*!40000 ALTER TABLE `humanresources_department` DISABLE KEYS */;
INSERT INTO `humanresources_department` VALUES (1,'Precios Unitarios');
/*!40000 ALTER TABLE `humanresources_department` ENABLE KEYS */;
UNLOCK TABLES;

--
-- Table structure for table `humanresources_direction`
--

DROP TABLE IF EXISTS `humanresources_direction`;
/*!40101 SET @saved_cs_client     = @@character_set_client */;
/*!40101 SET character_set_client = utf8 */;
CREATE TABLE `humanresources_direction` (
  `id` int(11) NOT NULL AUTO_INCREMENT,
  `name` varchar(2048) NOT NULL,
  PRIMARY KEY (`id`)
) ENGINE=InnoDB AUTO_INCREMENT=2 DEFAULT CHARSET=utf8;
/*!40101 SET character_set_client = @saved_cs_client */;

--
-- Dumping data for table `humanresources_direction`
--

LOCK TABLES `humanresources_direction` WRITE;
/*!40000 ALTER TABLE `humanresources_direction` DISABLE KEYS */;
INSERT INTO `humanresources_direction` VALUES (1,'Salcedo Construcción y Supervisión');
/*!40000 ALTER TABLE `humanresources_direction` ENABLE KEYS */;
UNLOCK TABLES;

--
-- Table structure for table `humanresources_documenttype`
--

DROP TABLE IF EXISTS `humanresources_documenttype`;
/*!40101 SET @saved_cs_client     = @@character_set_client */;
/*!40101 SET character_set_client = utf8 */;
CREATE TABLE `humanresources_documenttype` (
  `id` int(11) NOT NULL AUTO_INCREMENT,
  `name` varchar(255) NOT NULL,
  PRIMARY KEY (`id`)
) ENGINE=InnoDB DEFAULT CHARSET=utf8;
/*!40101 SET character_set_client = @saved_cs_client */;

--
-- Dumping data for table `humanresources_documenttype`
--

LOCK TABLES `humanresources_documenttype` WRITE;
/*!40000 ALTER TABLE `humanresources_documenttype` DISABLE KEYS */;
/*!40000 ALTER TABLE `humanresources_documenttype` ENABLE KEYS */;
UNLOCK TABLES;

--
-- Table structure for table `humanresources_earningdeductionperiod`
--

DROP TABLE IF EXISTS `humanresources_earningdeductionperiod`;
/*!40101 SET @saved_cs_client     = @@character_set_client */;
/*!40101 SET character_set_client = utf8 */;
CREATE TABLE `humanresources_earningdeductionperiod` (
  `id` int(11) NOT NULL AUTO_INCREMENT,
  `employee_earnings_deductions_id` int(11) NOT NULL,
  `payroll_period_id` int(11) NOT NULL,
  PRIMARY KEY (`id`),
  KEY `HumanResources_earni_employee_earnings_de_bf1e420f_fk_HumanReso` (`employee_earnings_deductions_id`),
  KEY `HumanResources_earni_payroll_period_id_d0c44de5_fk_HumanReso` (`payroll_period_id`),
  CONSTRAINT `HumanResources_earni_employee_earnings_de_bf1e420f_fk_HumanReso` FOREIGN KEY (`employee_earnings_deductions_id`) REFERENCES `humanresources_employeeearningsdeductions` (`id`),
  CONSTRAINT `HumanResources_earni_payroll_period_id_d0c44de5_fk_HumanReso` FOREIGN KEY (`payroll_period_id`) REFERENCES `humanresources_payrollperiod` (`id`)
) ENGINE=InnoDB DEFAULT CHARSET=utf8;
/*!40101 SET character_set_client = @saved_cs_client */;

--
-- Dumping data for table `humanresources_earningdeductionperiod`
--

LOCK TABLES `humanresources_earningdeductionperiod` WRITE;
/*!40000 ALTER TABLE `humanresources_earningdeductionperiod` DISABLE KEYS */;
/*!40000 ALTER TABLE `humanresources_earningdeductionperiod` ENABLE KEYS */;
UNLOCK TABLES;

--
-- Table structure for table `humanresources_earningdeductiontype`
--

DROP TABLE IF EXISTS `humanresources_earningdeductiontype`;
/*!40101 SET @saved_cs_client     = @@character_set_client */;
/*!40101 SET character_set_client = utf8 */;
CREATE TABLE `humanresources_earningdeductiontype` (
  `id` int(11) NOT NULL AUTO_INCREMENT,
  `earning_deduction_type` varchar(20) NOT NULL,
  PRIMARY KEY (`id`)
) ENGINE=InnoDB AUTO_INCREMENT=3 DEFAULT CHARSET=utf8;
/*!40101 SET character_set_client = @saved_cs_client */;

--
-- Dumping data for table `humanresources_earningdeductiontype`
--

LOCK TABLES `humanresources_earningdeductiontype` WRITE;
/*!40000 ALTER TABLE `humanresources_earningdeductiontype` DISABLE KEYS */;
INSERT INTO `humanresources_earningdeductiontype` VALUES (1,'DEDUCCIÓN'),(2,'PERCEPCIÓN');
/*!40000 ALTER TABLE `humanresources_earningdeductiontype` ENABLE KEYS */;
UNLOCK TABLES;

--
-- Table structure for table `humanresources_earningsdeductions`
--

DROP TABLE IF EXISTS `humanresources_earningsdeductions`;
/*!40101 SET @saved_cs_client     = @@character_set_client */;
/*!40101 SET character_set_client = utf8 */;
CREATE TABLE `humanresources_earningsdeductions` (
  `id` int(11) NOT NULL AUTO_INCREMENT,
  `name` varchar(30) NOT NULL,
  `percent_taxable` int(11) NOT NULL,
  `sat_key` varchar(30) NOT NULL,
  `law_type` varchar(30) NOT NULL,
  `status` varchar(1) NOT NULL,
  `accounting_account` int(11) NOT NULL,
  `comments` varchar(500) NOT NULL,
  `type` varchar(1) NOT NULL,
  `taxable` varchar(1) NOT NULL,
  `category` varchar(1) NOT NULL,
  PRIMARY KEY (`id`)
) ENGINE=InnoDB AUTO_INCREMENT=3 DEFAULT CHARSET=utf8;
/*!40101 SET character_set_client = @saved_cs_client */;

--
-- Dumping data for table `humanresources_earningsdeductions`
--

LOCK TABLES `humanresources_earningsdeductions` WRITE;
/*!40000 ALTER TABLE `humanresources_earningsdeductions` DISABLE KEYS */;
INSERT INTO `humanresources_earningsdeductions` VALUES (1,'prestamo',100,'123','2','A',543433,'prueba','D','N','F'),(2,'Salario',100,'RFC988987','Ley','A',9888,'Observaciones','P','Y','F');
/*!40000 ALTER TABLE `humanresources_earningsdeductions` ENABLE KEYS */;
UNLOCK TABLES;

--
-- Table structure for table `humanresources_earningsdeductionscategory`
--

DROP TABLE IF EXISTS `humanresources_earningsdeductionscategory`;
/*!40101 SET @saved_cs_client     = @@character_set_client */;
/*!40101 SET character_set_client = utf8 */;
CREATE TABLE `humanresources_earningsdeductionscategory` (
  `id` int(11) NOT NULL AUTO_INCREMENT,
  `earnings_deductions_category` varchar(20) NOT NULL,
  PRIMARY KEY (`id`)
) ENGINE=InnoDB AUTO_INCREMENT=3 DEFAULT CHARSET=utf8;
/*!40101 SET character_set_client = @saved_cs_client */;

--
-- Dumping data for table `humanresources_earningsdeductionscategory`
--

LOCK TABLES `humanresources_earningsdeductionscategory` WRITE;
/*!40000 ALTER TABLE `humanresources_earningsdeductionscategory` DISABLE KEYS */;
INSERT INTO `humanresources_earningsdeductionscategory` VALUES (1,'FIJA'),(2,'VARIABLE');
/*!40000 ALTER TABLE `humanresources_earningsdeductionscategory` ENABLE KEYS */;
UNLOCK TABLES;

--
-- Table structure for table `humanresources_education`
--

DROP TABLE IF EXISTS `humanresources_education`;
/*!40101 SET @saved_cs_client     = @@character_set_client */;
/*!40101 SET character_set_client = utf8 */;
CREATE TABLE `humanresources_education` (
  `id` int(11) NOT NULL AUTO_INCREMENT,
  `type` int(11) NOT NULL,
  `name` varchar(2048) NOT NULL,
  `institution` varchar(1024) NOT NULL,
  `license_code` varchar(512) NOT NULL,
  `evidence` varchar(100) DEFAULT NULL,
  `employee_id` int(11) NOT NULL,
  PRIMARY KEY (`id`),
  KEY `HumanResources_educa_employee_id_180a9104_fk_HumanReso` (`employee_id`),
  CONSTRAINT `HumanResources_educa_employee_id_180a9104_fk_HumanReso` FOREIGN KEY (`employee_id`) REFERENCES `humanresources_employee` (`id`)
) ENGINE=InnoDB DEFAULT CHARSET=utf8;
/*!40101 SET character_set_client = @saved_cs_client */;

--
-- Dumping data for table `humanresources_education`
--

LOCK TABLES `humanresources_education` WRITE;
/*!40000 ALTER TABLE `humanresources_education` DISABLE KEYS */;
/*!40000 ALTER TABLE `humanresources_education` ENABLE KEYS */;
UNLOCK TABLES;

--
-- Table structure for table `humanresources_emergencycontact`
--

DROP TABLE IF EXISTS `humanresources_emergencycontact`;
/*!40101 SET @saved_cs_client     = @@character_set_client */;
/*!40101 SET character_set_client = utf8 */;
CREATE TABLE `humanresources_emergencycontact` (
  `id` int(11) NOT NULL AUTO_INCREMENT,
  `name` varchar(255) NOT NULL,
  `first_last_name` varchar(255) NOT NULL,
  `second_last_name` varchar(255) NOT NULL,
  `phone_number` varchar(20) DEFAULT NULL,
  `cellphone_number` varchar(20) DEFAULT NULL,
  `email` varchar(255) DEFAULT NULL,
  `colony` varchar(255) NOT NULL,
  `street` varchar(255) NOT NULL,
  `outdoor_number` varchar(10) NOT NULL,
  `indoor_number` varchar(10) DEFAULT NULL,
  `zip_code` varchar(5) NOT NULL,
  `country_id` int(11) NOT NULL,
  `employee_id` int(11) NOT NULL,
  `state_id` int(11) NOT NULL,
  `town_id` int(11) NOT NULL,
  PRIMARY KEY (`id`),
  KEY `HumanResources_emerg_country_id_18cc4206_fk_ERP_pais_` (`country_id`),
  KEY `HumanResources_emerg_employee_id_7e637717_fk_HumanReso` (`employee_id`),
  KEY `HumanResources_emergencycontact_state_id_aa7a863a` (`state_id`),
  KEY `HumanResources_emergencycontact_town_id_38ae3360` (`town_id`),
  CONSTRAINT `HumanResources_emerg_country_id_18cc4206_fk_ERP_pais_` FOREIGN KEY (`country_id`) REFERENCES `sharedcatalogs_pais` (`id`),
  CONSTRAINT `HumanResources_emerg_employee_id_7e637717_fk_HumanReso` FOREIGN KEY (`employee_id`) REFERENCES `humanresources_employee` (`id`),
  CONSTRAINT `HumanResources_emerg_state_id_aa7a863a_fk_ERP_estad` FOREIGN KEY (`state_id`) REFERENCES `sharedcatalogs_estado` (`id`),
  CONSTRAINT `HumanResources_emerg_town_id_38ae3360_fk_ERP_munic` FOREIGN KEY (`town_id`) REFERENCES `sharedcatalogs_municipio` (`id`)
) ENGINE=InnoDB AUTO_INCREMENT=2 DEFAULT CHARSET=utf8;
/*!40101 SET character_set_client = @saved_cs_client */;

--
-- Dumping data for table `humanresources_emergencycontact`
--

LOCK TABLES `humanresources_emergencycontact` WRITE;
/*!40000 ALTER TABLE `humanresources_emergencycontact` DISABLE KEYS */;
INSERT INTO `humanresources_emergencycontact` VALUES (1,'Daniel','Esparza','Nieves','212312','123123','ags_neutron@hotmail.com','parque industrial','lomas','10',NULL,'54234',1,2,16,4);
/*!40000 ALTER TABLE `humanresources_emergencycontact` ENABLE KEYS */;
UNLOCK TABLES;

--
-- Table structure for table `humanresources_employee`
--

DROP TABLE IF EXISTS `humanresources_employee`;
/*!40101 SET @saved_cs_client     = @@character_set_client */;
/*!40101 SET character_set_client = utf8 */;
CREATE TABLE `humanresources_employee` (
  `id` int(11) NOT NULL AUTO_INCREMENT,
  `employee_key` varchar(64) NOT NULL,
  `name` varchar(255) NOT NULL,
  `first_last_name` varchar(255) NOT NULL,
  `second_last_name` varchar(255) NOT NULL,
  `type` int(11) NOT NULL,
  `registry_date` date NOT NULL,
  `status` int(11) NOT NULL,
  `birthdate` date NOT NULL,
  `birthplace` varchar(255) NOT NULL,
  `gender` int(11) NOT NULL,
  `marital_status` int(11) NOT NULL,
  `curp` varchar(18) NOT NULL,
  `rfc` varchar(13) NOT NULL,
  `phone_number` varchar(20) NOT NULL,
  `cellphone_number` varchar(20) NOT NULL,
  `office_number` varchar(20) NOT NULL,
  `extension_number` varchar(10) NOT NULL,
  `personal_email` varchar(255) DEFAULT NULL,
  `work_email` varchar(255) NOT NULL,
  `social_security_number` varchar(20) NOT NULL,
  `colony` varchar(255) NOT NULL,
  `street` varchar(255) NOT NULL,
  `outdoor_number` varchar(10) NOT NULL,
  `indoor_number` varchar(10) DEFAULT NULL,
  `zip_code` varchar(5) NOT NULL,
  `blood_type` int(11) NOT NULL,
  `driving_license_number` varchar(20) NOT NULL,
  `driving_license_expiry_date` date NOT NULL,
  `country_id` int(11) NOT NULL,
  `state_id` int(11) NOT NULL,
  `tax_regime_id` int(11) NOT NULL,
  `town_id` int(11) NOT NULL,
  `photo` varchar(100) DEFAULT NULL,
  PRIMARY KEY (`id`),
  UNIQUE KEY `curp` (`curp`),
  UNIQUE KEY `rfc` (`rfc`),
  KEY `HumanResources_employee_country_id_2b6d0dd1_fk_ERP_pais_id` (`country_id`),
  KEY `HumanResources_employee_state_id_136bda8c` (`state_id`),
  KEY `HumanResources_emplo_tax_regime_id_f98b7d8d_fk_HumanReso` (`tax_regime_id`),
  KEY `HumanResources_employee_town_id_4902afe7` (`town_id`),
  CONSTRAINT `HumanResources_emplo_tax_regime_id_f98b7d8d_fk_HumanReso` FOREIGN KEY (`tax_regime_id`) REFERENCES `humanresources_taxregime` (`id`),
  CONSTRAINT `HumanResources_employee_country_id_2b6d0dd1_fk_ERP_pais_id` FOREIGN KEY (`country_id`) REFERENCES `sharedcatalogs_pais` (`id`),
  CONSTRAINT `HumanResources_employee_state_id_136bda8c_fk_ERP_estado_id` FOREIGN KEY (`state_id`) REFERENCES `sharedcatalogs_estado` (`id`),
  CONSTRAINT `HumanResources_employee_town_id_4902afe7_fk_ERP_municipio_id` FOREIGN KEY (`town_id`) REFERENCES `sharedcatalogs_municipio` (`id`)
) ENGINE=InnoDB AUTO_INCREMENT=3 DEFAULT CHARSET=utf8;
/*!40101 SET character_set_client = @saved_cs_client */;

--
-- Dumping data for table `humanresources_employee`
--

LOCK TABLES `humanresources_employee` WRITE;
/*!40000 ALTER TABLE `humanresources_employee` DISABLE KEYS */;
INSERT INTO `humanresources_employee` VALUES (1,'00001','Juan Carlos','García','Espinoza',1,'2017-11-12',1,'1975-02-19','Ixtlahuaca',2,1,'jsqq2818012js12','sder1231222','21671772','1217212','12123221','234','agsa@hasass.com','asas@asadasd.com','','centro','asaleas','10','10','12354',1,'213123121','2021-11-01',1,15,1,2,NULL),(2,'00002','Rubén','Gómez','Esparza',2,'2017-12-03',2,'1990-12-03','Metepec',2,1,'CURP000987','RGE0099HMCN','72212345678','72287654321','27165341','1','mail@mail.com','mail@mail.com','','Doctores','Calle','89','11','51728',2,'0000001','2017-12-03',1,15,1,3,'human_resources/employee_documents/00002/IMG_5947.JPG');
/*!40000 ALTER TABLE `humanresources_employee` ENABLE KEYS */;
UNLOCK TABLES;

--
-- Table structure for table `humanresources_employeeassistance`
--

DROP TABLE IF EXISTS `humanresources_employeeassistance`;
/*!40101 SET @saved_cs_client     = @@character_set_client */;
/*!40101 SET character_set_client = utf8 */;
CREATE TABLE `humanresources_employeeassistance` (
  `id` int(11) NOT NULL AUTO_INCREMENT,
  `record_date` date NOT NULL,
  `entry_time` time(6) NOT NULL,
  `exit_time` time(6) NOT NULL,
  `absence` tinyint(1) NOT NULL,
  `employee_id` int(11) NOT NULL,
  `payroll_period_id` int(11) NOT NULL,
  `justified` tinyint(1) NOT NULL,
  PRIMARY KEY (`id`),
  UNIQUE KEY `HumanResources_employeea_employee_id_payroll_peri_9b54be51_uniq` (`employee_id`,`payroll_period_id`,`record_date`),
  KEY `HumanResources_emplo_payroll_period_id_73378e09_fk_HumanReso` (`payroll_period_id`),
  CONSTRAINT `HumanResources_emplo_employee_id_6ee9abc9_fk_HumanReso` FOREIGN KEY (`employee_id`) REFERENCES `humanresources_employee` (`id`),
  CONSTRAINT `HumanResources_emplo_payroll_period_id_73378e09_fk_HumanReso` FOREIGN KEY (`payroll_period_id`) REFERENCES `humanresources_payrollperiod` (`id`)
) ENGINE=InnoDB AUTO_INCREMENT=26 DEFAULT CHARSET=utf8;
/*!40101 SET character_set_client = @saved_cs_client */;

--
-- Dumping data for table `humanresources_employeeassistance`
--

LOCK TABLES `humanresources_employeeassistance` WRITE;
/*!40000 ALTER TABLE `humanresources_employeeassistance` DISABLE KEYS */;
INSERT INTO `humanresources_employeeassistance` VALUES (25,'2017-11-23','08:14:00.000000','17:44:00.000000',1,2,1,1);
/*!40000 ALTER TABLE `humanresources_employeeassistance` ENABLE KEYS */;
UNLOCK TABLES;

--
-- Table structure for table `humanresources_employeecontract`
--

DROP TABLE IF EXISTS `humanresources_employeecontract`;
/*!40101 SET @saved_cs_client     = @@character_set_client */;
/*!40101 SET character_set_client = utf8 */;
CREATE TABLE `humanresources_employeecontract` (
  `id` int(11) NOT NULL AUTO_INCREMENT,
  `contract_key` varchar(128) NOT NULL,
  `description` varchar(4096) NOT NULL,
  `specifications` varchar(4096) NOT NULL,
  `start_date` date NOT NULL,
  `end_date` date DEFAULT NULL,
  `base_salary` double NOT NULL,
  `employee_id` int(11) DEFAULT NULL,
  PRIMARY KEY (`id`),
  KEY `HumanResources_emplo_employee_id_a48a0dff_fk_HumanReso` (`employee_id`),
  CONSTRAINT `HumanResources_emplo_employee_id_a48a0dff_fk_HumanReso` FOREIGN KEY (`employee_id`) REFERENCES `humanresources_employee` (`id`)
) ENGINE=InnoDB DEFAULT CHARSET=utf8;
/*!40101 SET character_set_client = @saved_cs_client */;

--
-- Dumping data for table `humanresources_employeecontract`
--

LOCK TABLES `humanresources_employeecontract` WRITE;
/*!40000 ALTER TABLE `humanresources_employeecontract` DISABLE KEYS */;
/*!40000 ALTER TABLE `humanresources_employeecontract` ENABLE KEYS */;
UNLOCK TABLES;

--
-- Table structure for table `humanresources_employeedocument`
--

DROP TABLE IF EXISTS `humanresources_employeedocument`;
/*!40101 SET @saved_cs_client     = @@character_set_client */;
/*!40101 SET character_set_client = utf8 */;
CREATE TABLE `humanresources_employeedocument` (
  `id` int(11) NOT NULL AUTO_INCREMENT,
  `file` varchar(100) DEFAULT NULL,
  `comments` varchar(2048) NOT NULL,
  `document_type_id` int(11) NOT NULL,
  `employee_id` int(11) NOT NULL,
  PRIMARY KEY (`id`),
  KEY `HumanResources_emplo_document_type_id_eb3dd6ca_fk_HumanReso` (`document_type_id`),
  KEY `HumanResources_emplo_employee_id_22daa8e7_fk_HumanReso` (`employee_id`),
  CONSTRAINT `HumanResources_emplo_document_type_id_eb3dd6ca_fk_HumanReso` FOREIGN KEY (`document_type_id`) REFERENCES `humanresources_documenttype` (`id`),
  CONSTRAINT `HumanResources_emplo_employee_id_22daa8e7_fk_HumanReso` FOREIGN KEY (`employee_id`) REFERENCES `humanresources_employee` (`id`)
) ENGINE=InnoDB DEFAULT CHARSET=utf8;
/*!40101 SET character_set_client = @saved_cs_client */;

--
-- Dumping data for table `humanresources_employeedocument`
--

LOCK TABLES `humanresources_employeedocument` WRITE;
/*!40000 ALTER TABLE `humanresources_employeedocument` DISABLE KEYS */;
/*!40000 ALTER TABLE `humanresources_employeedocument` ENABLE KEYS */;
UNLOCK TABLES;

--
-- Table structure for table `humanresources_employeedropout`
--

DROP TABLE IF EXISTS `humanresources_employeedropout`;
/*!40101 SET @saved_cs_client     = @@character_set_client */;
/*!40101 SET character_set_client = utf8 */;
CREATE TABLE `humanresources_employeedropout` (
  `id` int(11) NOT NULL AUTO_INCREMENT,
  `date` date NOT NULL,
  `type` int(11) NOT NULL,
  `reason` varchar(4096) NOT NULL,
  `severance_pay` double DEFAULT NULL,
  `observations` varchar(4096) DEFAULT NULL,
  `employee_id` int(11) NOT NULL,
  PRIMARY KEY (`id`),
  KEY `HumanResources_emplo_employee_id_d5fbc389_fk_HumanReso` (`employee_id`),
  CONSTRAINT `HumanResources_emplo_employee_id_d5fbc389_fk_HumanReso` FOREIGN KEY (`employee_id`) REFERENCES `humanresources_employee` (`id`)
) ENGINE=InnoDB DEFAULT CHARSET=utf8;
/*!40101 SET character_set_client = @saved_cs_client */;

--
-- Dumping data for table `humanresources_employeedropout`
--

LOCK TABLES `humanresources_employeedropout` WRITE;
/*!40000 ALTER TABLE `humanresources_employeedropout` DISABLE KEYS */;
/*!40000 ALTER TABLE `humanresources_employeedropout` ENABLE KEYS */;
UNLOCK TABLES;

--
-- Table structure for table `humanresources_employeeearningsdeductions`
--

DROP TABLE IF EXISTS `humanresources_employeeearningsdeductions`;
/*!40101 SET @saved_cs_client     = @@character_set_client */;
/*!40101 SET character_set_client = utf8 */;
CREATE TABLE `humanresources_employeeearningsdeductions` (
  `id` int(11) NOT NULL AUTO_INCREMENT,
  `ammount` decimal(20,2) NOT NULL,
  `date` date NOT NULL,
  `concept_id` int(11) NOT NULL,
  `employee_id` int(11) NOT NULL,
  PRIMARY KEY (`id`),
  KEY `HumanResources_emplo_concept_id_8b3763e9_fk_HumanReso` (`concept_id`),
  KEY `HumanResources_emplo_employee_id_f6a164c3_fk_HumanReso` (`employee_id`),
  CONSTRAINT `HumanResources_emplo_concept_id_8b3763e9_fk_HumanReso` FOREIGN KEY (`concept_id`) REFERENCES `humanresources_earningsdeductions` (`id`),
  CONSTRAINT `HumanResources_emplo_employee_id_f6a164c3_fk_HumanReso` FOREIGN KEY (`employee_id`) REFERENCES `humanresources_employee` (`id`)
) ENGINE=InnoDB AUTO_INCREMENT=3 DEFAULT CHARSET=utf8;
/*!40101 SET character_set_client = @saved_cs_client */;

--
-- Dumping data for table `humanresources_employeeearningsdeductions`
--

LOCK TABLES `humanresources_employeeearningsdeductions` WRITE;
/*!40000 ALTER TABLE `humanresources_employeeearningsdeductions` DISABLE KEYS */;
INSERT INTO `humanresources_employeeearningsdeductions` VALUES (1,251000.00,'2017-12-02',2,1),(2,100.00,'2017-12-08',1,1);
/*!40000 ALTER TABLE `humanresources_employeeearningsdeductions` ENABLE KEYS */;
UNLOCK TABLES;

--
-- Table structure for table `humanresources_employeeearningsdeductionsbyperiod`
--

DROP TABLE IF EXISTS `humanresources_employeeearningsdeductionsbyperiod`;
/*!40101 SET @saved_cs_client     = @@character_set_client */;
/*!40101 SET character_set_client = utf8 */;
CREATE TABLE `humanresources_employeeearningsdeductionsbyperiod` (
  `id` int(11) NOT NULL AUTO_INCREMENT,
  `ammount` decimal(20,2) NOT NULL,
  `date` date NOT NULL,
  `concept_id` int(11) NOT NULL,
  `employee_id` int(11) NOT NULL,
  `payroll_period_id` int(11) NOT NULL,
  PRIMARY KEY (`id`),
  KEY `HumanResources_emplo_concept_id_8e0539c1_fk_HumanReso` (`concept_id`),
  KEY `HumanResources_emplo_employee_id_e108aa55_fk_HumanReso` (`employee_id`),
  KEY `HumanResources_emplo_payroll_period_id_b430bfbf_fk_HumanReso` (`payroll_period_id`),
  CONSTRAINT `HumanResources_emplo_concept_id_8e0539c1_fk_HumanReso` FOREIGN KEY (`concept_id`) REFERENCES `humanresources_earningsdeductions` (`id`),
  CONSTRAINT `HumanResources_emplo_employee_id_e108aa55_fk_HumanReso` FOREIGN KEY (`employee_id`) REFERENCES `humanresources_employee` (`id`),
  CONSTRAINT `HumanResources_emplo_payroll_period_id_b430bfbf_fk_HumanReso` FOREIGN KEY (`payroll_period_id`) REFERENCES `humanresources_payrollperiod` (`id`)
) ENGINE=InnoDB AUTO_INCREMENT=12 DEFAULT CHARSET=utf8;
/*!40101 SET character_set_client = @saved_cs_client */;

--
-- Dumping data for table `humanresources_employeeearningsdeductionsbyperiod`
--

LOCK TABLES `humanresources_employeeearningsdeductionsbyperiod` WRITE;
/*!40000 ALTER TABLE `humanresources_employeeearningsdeductionsbyperiod` DISABLE KEYS */;
INSERT INTO `humanresources_employeeearningsdeductionsbyperiod` VALUES (3,103.01,'2017-11-27',1,1,1),(11,250.00,'2017-12-04',1,1,2);
/*!40000 ALTER TABLE `humanresources_employeeearningsdeductionsbyperiod` ENABLE KEYS */;
UNLOCK TABLES;

--
-- Table structure for table `humanresources_employeefinancialdata`
--

DROP TABLE IF EXISTS `humanresources_employeefinancialdata`;
/*!40101 SET @saved_cs_client     = @@character_set_client */;
/*!40101 SET character_set_client = utf8 */;
CREATE TABLE `humanresources_employeefinancialdata` (
  `id` int(11) NOT NULL AUTO_INCREMENT,
  `account_number` int(11) NOT NULL,
  `CLABE` int(11) NOT NULL,
  `monthly_salary` decimal(20,2) DEFAULT NULL,
  `daily_salary` decimal(20,2) DEFAULT NULL,
  `aggregate_daily_salary` decimal(20,2) DEFAULT NULL,
  `payment_method` varchar(1) NOT NULL,
  `bank_id` int(11) NOT NULL,
  `employee_id` int(11) NOT NULL,
  PRIMARY KEY (`id`),
  KEY `HumanResources_emplo_employee_id_ac4b33cc_fk_HumanReso` (`employee_id`),
  CONSTRAINT `HumanResources_emplo_employee_id_ac4b33cc_fk_HumanReso` FOREIGN KEY (`employee_id`) REFERENCES `humanresources_employee` (`id`)
) ENGINE=InnoDB AUTO_INCREMENT=3 DEFAULT CHARSET=utf8;
/*!40101 SET character_set_client = @saved_cs_client */;

--
-- Dumping data for table `humanresources_employeefinancialdata`
--

LOCK TABLES `humanresources_employeefinancialdata` WRITE;
/*!40000 ALTER TABLE `humanresources_employeefinancialdata` DISABLE KEYS */;
INSERT INTO `humanresources_employeefinancialdata` VALUES (1,12345678,987654321,20000.00,150.00,20000.00,'E',1,1),(2,9,99,22000.00,220.00,2220000.00,'D',1,2);
/*!40000 ALTER TABLE `humanresources_employeefinancialdata` ENABLE KEYS */;
UNLOCK TABLES;

--
-- Table structure for table `humanresources_employeehastag`
--

DROP TABLE IF EXISTS `humanresources_employeehastag`;
/*!40101 SET @saved_cs_client     = @@character_set_client */;
/*!40101 SET character_set_client = utf8 */;
CREATE TABLE `humanresources_employeehastag` (
  `id` int(11) NOT NULL AUTO_INCREMENT,
  `employee_id` int(11) NOT NULL,
  `tag_id` int(11) NOT NULL,
  PRIMARY KEY (`id`),
  UNIQUE KEY `HumanResources_employeehastag_employee_id_tag_id_fa073e71_uniq` (`employee_id`,`tag_id`),
  KEY `HumanResources_emplo_tag_id_70b2ee64_fk_HumanReso` (`tag_id`),
  CONSTRAINT `HumanResources_emplo_employee_id_7670c0c2_fk_HumanReso` FOREIGN KEY (`employee_id`) REFERENCES `humanresources_employee` (`id`),
  CONSTRAINT `HumanResources_emplo_tag_id_70b2ee64_fk_HumanReso` FOREIGN KEY (`tag_id`) REFERENCES `humanresources_tag` (`id`)
) ENGINE=InnoDB AUTO_INCREMENT=3 DEFAULT CHARSET=utf8;
/*!40101 SET character_set_client = @saved_cs_client */;

--
-- Dumping data for table `humanresources_employeehastag`
--

LOCK TABLES `humanresources_employeehastag` WRITE;
/*!40000 ALTER TABLE `humanresources_employeehastag` DISABLE KEYS */;
INSERT INTO `humanresources_employeehastag` VALUES (1,2,1),(2,2,3);
/*!40000 ALTER TABLE `humanresources_employeehastag` ENABLE KEYS */;
UNLOCK TABLES;

--
-- Table structure for table `humanresources_employeeloan`
--

DROP TABLE IF EXISTS `humanresources_employeeloan`;
/*!40101 SET @saved_cs_client     = @@character_set_client */;
/*!40101 SET character_set_client = utf8 */;
CREATE TABLE `humanresources_employeeloan` (
  `id` int(11) NOT NULL AUTO_INCREMENT,
  `amount` double NOT NULL,
  `payment_plan` int(11) NOT NULL,
  `request_date` date DEFAULT NULL,
  `employee_id` int(11) NOT NULL,
  PRIMARY KEY (`id`),
  KEY `HumanResources_emplo_employee_id_9e883912_fk_HumanReso` (`employee_id`),
  CONSTRAINT `HumanResources_emplo_employee_id_9e883912_fk_HumanReso` FOREIGN KEY (`employee_id`) REFERENCES `humanresources_employee` (`id`)
) ENGINE=InnoDB AUTO_INCREMENT=3 DEFAULT CHARSET=utf8;
/*!40101 SET character_set_client = @saved_cs_client */;

--
-- Dumping data for table `humanresources_employeeloan`
--

LOCK TABLES `humanresources_employeeloan` WRITE;
/*!40000 ALTER TABLE `humanresources_employeeloan` DISABLE KEYS */;
INSERT INTO `humanresources_employeeloan` VALUES (2,500,1,'2017-12-02',1);
/*!40000 ALTER TABLE `humanresources_employeeloan` ENABLE KEYS */;
UNLOCK TABLES;

--
-- Table structure for table `humanresources_employeeloandetail`
--

DROP TABLE IF EXISTS `humanresources_employeeloandetail`;
/*!40101 SET @saved_cs_client     = @@character_set_client */;
/*!40101 SET character_set_client = utf8 */;
CREATE TABLE `humanresources_employeeloandetail` (
  `id` int(11) NOT NULL AUTO_INCREMENT,
  `period_id` int(11) NOT NULL,
  `amount` double NOT NULL,
  `employeeloan_id` int(11) NOT NULL,
  `payroll_group_id` int(11) NOT NULL,
  PRIMARY KEY (`id`),
  UNIQUE KEY `HumanResources_employeeloandetail_period_id_7b6035eb_uniq` (`period_id`),
  KEY `HumanResources_emplo_employeeloan_id_bcabb7c8_fk_HumanReso` (`employeeloan_id`),
  KEY `HumanResources_emplo_payroll_group_id_34369e2a_fk_HumanReso` (`payroll_group_id`),
  CONSTRAINT `HumanResources_emplo_employeeloan_id_bcabb7c8_fk_HumanReso` FOREIGN KEY (`employeeloan_id`) REFERENCES `humanresources_employeeloan` (`id`),
  CONSTRAINT `HumanResources_emplo_payroll_group_id_34369e2a_fk_HumanReso` FOREIGN KEY (`payroll_group_id`) REFERENCES `humanresources_payrollgroup` (`id`)
) ENGINE=InnoDB AUTO_INCREMENT=13 DEFAULT CHARSET=utf8;
/*!40101 SET character_set_client = @saved_cs_client */;

--
-- Dumping data for table `humanresources_employeeloandetail`
--

LOCK TABLES `humanresources_employeeloandetail` WRITE;
/*!40000 ALTER TABLE `humanresources_employeeloandetail` DISABLE KEYS */;
INSERT INTO `humanresources_employeeloandetail` VALUES (11,1,50,2,1),(12,2,250,2,1);
/*!40000 ALTER TABLE `humanresources_employeeloandetail` ENABLE KEYS */;
UNLOCK TABLES;

--
-- Table structure for table `humanresources_employeepositiondescription`
--

DROP TABLE IF EXISTS `humanresources_employeepositiondescription`;
/*!40101 SET @saved_cs_client     = @@character_set_client */;
/*!40101 SET character_set_client = utf8 */;
CREATE TABLE `humanresources_employeepositiondescription` (
  `id` int(11) NOT NULL AUTO_INCREMENT,
  `start_date` date NOT NULL,
  `end_date` date NOT NULL,
  `physical_location` varchar(250) NOT NULL,
  `insurance_type` varchar(100) DEFAULT NULL,
  `insurance_number` varchar(100) DEFAULT NULL,
  `entry_time` time(6) DEFAULT NULL,
  `departure_time` time(6) DEFAULT NULL,
  `observations` varchar(500) DEFAULT NULL,
  `monday` tinyint(1) NOT NULL,
  `tuesday` tinyint(1) NOT NULL,
  `wednesday` tinyint(1) NOT NULL,
  `thursday` tinyint(1) NOT NULL,
  `friday` tinyint(1) NOT NULL,
  `saturday` tinyint(1) NOT NULL,
  `sunday` tinyint(1) NOT NULL,
  `area_id` int(11) NOT NULL,
  `department_id` int(11) NOT NULL,
  `direction_id` int(11) NOT NULL,
  `employee_id` int(11) NOT NULL,
  `job_profile_id` int(11) NOT NULL,
  `payroll_group_id` int(11) NOT NULL,
  `subdirection_id` int(11) NOT NULL,
  `contract` varchar(45) NOT NULL,
  PRIMARY KEY (`id`),
  KEY `HumanResources_emplo_area_id_f6c2943c_fk_HumanReso` (`area_id`),
  KEY `HumanResources_emplo_department_id_13ceaafb_fk_HumanReso` (`department_id`),
  KEY `HumanResources_emplo_direction_id_fa0b4d4f_fk_HumanReso` (`direction_id`),
  KEY `HumanResources_emplo_employee_id_bda44a30_fk_HumanReso` (`employee_id`),
  KEY `HumanResources_emplo_job_profile_id_2e4aaf8d_fk_HumanReso` (`job_profile_id`),
  KEY `HumanResources_emplo_payroll_group_id_aa1569b3_fk_HumanReso` (`payroll_group_id`),
  KEY `HumanResources_emplo_subdirection_id_a2d82758_fk_HumanReso` (`subdirection_id`),
  CONSTRAINT `HumanResources_emplo_area_id_f6c2943c_fk_HumanReso` FOREIGN KEY (`area_id`) REFERENCES `humanresources_area` (`id`),
  CONSTRAINT `HumanResources_emplo_department_id_13ceaafb_fk_HumanReso` FOREIGN KEY (`department_id`) REFERENCES `humanresources_department` (`id`),
  CONSTRAINT `HumanResources_emplo_direction_id_fa0b4d4f_fk_HumanReso` FOREIGN KEY (`direction_id`) REFERENCES `humanresources_direction` (`id`),
  CONSTRAINT `HumanResources_emplo_employee_id_bda44a30_fk_HumanReso` FOREIGN KEY (`employee_id`) REFERENCES `humanresources_employee` (`id`),
  CONSTRAINT `HumanResources_emplo_job_profile_id_2e4aaf8d_fk_HumanReso` FOREIGN KEY (`job_profile_id`) REFERENCES `humanresources_jobprofile` (`id`),
  CONSTRAINT `HumanResources_emplo_payroll_group_id_aa1569b3_fk_HumanReso` FOREIGN KEY (`payroll_group_id`) REFERENCES `humanresources_payrollgroup` (`id`),
  CONSTRAINT `HumanResources_emplo_subdirection_id_a2d82758_fk_HumanReso` FOREIGN KEY (`subdirection_id`) REFERENCES `humanresources_subdirection` (`id`)
) ENGINE=InnoDB AUTO_INCREMENT=4 DEFAULT CHARSET=utf8;
/*!40101 SET character_set_client = @saved_cs_client */;

--
-- Dumping data for table `humanresources_employeepositiondescription`
--

LOCK TABLES `humanresources_employeepositiondescription` WRITE;
/*!40000 ALTER TABLE `humanresources_employeepositiondescription` DISABLE KEYS */;
INSERT INTO `humanresources_employeepositiondescription` VALUES (2,'2017-11-12','2018-06-12','Metepec','imss','41441','08:00:00.000000','17:00:00.000000','ninguna',1,1,1,1,1,1,0,1,1,1,1,1,1,1,'1'),(3,'2000-12-03','2019-12-03','Monterrey','Social','00001','08:00:00.000000','18:00:00.000000','Observaciones',1,1,1,1,1,1,0,1,1,1,2,1,1,1,'1');
/*!40000 ALTER TABLE `humanresources_employeepositiondescription` ENABLE KEYS */;
UNLOCK TABLES;

--
-- Table structure for table `humanresources_familymember`
--

DROP TABLE IF EXISTS `humanresources_familymember`;
/*!40101 SET @saved_cs_client     = @@character_set_client */;
/*!40101 SET character_set_client = utf8 */;
CREATE TABLE `humanresources_familymember` (
  `id` int(11) NOT NULL AUTO_INCREMENT,
  `name` varchar(255) NOT NULL,
  `first_last_name` varchar(255) NOT NULL,
  `second_last_name` varchar(255) NOT NULL,
  `relationship` varchar(128) NOT NULL,
  `employee_id` int(11) NOT NULL,
  `age` int(11) DEFAULT NULL,
  `career` varchar(128) NOT NULL,
  `phone_number` varchar(20) DEFAULT NULL,
  PRIMARY KEY (`id`),
  KEY `HumanResources_famil_employee_id_d64354e4_fk_HumanReso` (`employee_id`),
  CONSTRAINT `HumanResources_famil_employee_id_d64354e4_fk_HumanReso` FOREIGN KEY (`employee_id`) REFERENCES `humanresources_employee` (`id`)
) ENGINE=InnoDB AUTO_INCREMENT=2 DEFAULT CHARSET=utf8;
/*!40101 SET character_set_client = @saved_cs_client */;

--
-- Dumping data for table `humanresources_familymember`
--

LOCK TABLES `humanresources_familymember` WRITE;
/*!40000 ALTER TABLE `humanresources_familymember` DISABLE KEYS */;
INSERT INTO `humanresources_familymember` VALUES (1,'familiar','familioso','familo','tio',2,30,'plomero','134123123');
/*!40000 ALTER TABLE `humanresources_familymember` ENABLE KEYS */;
UNLOCK TABLES;

--
-- Table structure for table `humanresources_infonavitdata`
--

DROP TABLE IF EXISTS `humanresources_infonavitdata`;
/*!40101 SET @saved_cs_client     = @@character_set_client */;
/*!40101 SET character_set_client = utf8 */;
CREATE TABLE `humanresources_infonavitdata` (
  `id` int(11) NOT NULL AUTO_INCREMENT,
  `infonavit_credit_number` varchar(30) NOT NULL,
  `discount_type` varchar(30) NOT NULL,
  `discount_amount` varchar(30) NOT NULL,
  `start_date` date NOT NULL,
  `credit_term` varchar(200) NOT NULL,
  `comments` longtext,
  `employee_financial_data_id` int(11) NOT NULL,
  PRIMARY KEY (`id`),
  UNIQUE KEY `employee_financial_data_id` (`employee_financial_data_id`),
  CONSTRAINT `HumanResources_infon_employee_financial_d_99a696de_fk_HumanReso` FOREIGN KEY (`employee_financial_data_id`) REFERENCES `humanresources_employeefinancialdata` (`id`)
) ENGINE=InnoDB AUTO_INCREMENT=3 DEFAULT CHARSET=utf8;
/*!40101 SET character_set_client = @saved_cs_client */;

--
-- Dumping data for table `humanresources_infonavitdata`
--

LOCK TABLES `humanresources_infonavitdata` WRITE;
/*!40000 ALTER TABLE `humanresources_infonavitdata` DISABLE KEYS */;
INSERT INTO `humanresources_infonavitdata` VALUES (1,'1','1','1','2017-12-02','1','1',1),(2,'9999','999','999','2017-12-03','99999','Observaciones',2);
/*!40000 ALTER TABLE `humanresources_infonavitdata` ENABLE KEYS */;
UNLOCK TABLES;

--
-- Table structure for table `humanresources_isrtable`
--

DROP TABLE IF EXISTS `humanresources_isrtable`;
/*!40101 SET @saved_cs_client     = @@character_set_client */;
/*!40101 SET character_set_client = utf8 */;
CREATE TABLE `humanresources_isrtable` (
  `id` int(11) NOT NULL AUTO_INCREMENT,
  `lower_limit` double NOT NULL,
  `upper_limit` double NOT NULL,
  `fixed_fee` double NOT NULL,
  `rate` double NOT NULL,
  PRIMARY KEY (`id`)
) ENGINE=InnoDB AUTO_INCREMENT=12 DEFAULT CHARSET=utf8;
/*!40101 SET character_set_client = @saved_cs_client */;

--
-- Dumping data for table `humanresources_isrtable`
--

LOCK TABLES `humanresources_isrtable` WRITE;
/*!40000 ALTER TABLE `humanresources_isrtable` DISABLE KEYS */;
INSERT INTO `humanresources_isrtable` VALUES (1,0.01,496.07,0,0.192),(2,496.08,4210.41,9.52,0.64),(3,4210.42,7399.42,247.24,0.1088),(4,7399.43,8601.5,594.21,0.16),(5,8601.51,10298.35,786.54,0.1792),(6,10298.36,20770.29,1090.61,0.2136),(7,20770.3,32736.83,3327.42,0.2352),(8,32736.84,62500,6141.95,0.3),(9,62500.01,83333.33,15070.9,0.32),(10,83333.34,250000,21737.57,0.34),(11,250000.01,0,78404.23,0.35);
/*!40000 ALTER TABLE `humanresources_isrtable` ENABLE KEYS */;
UNLOCK TABLES;

--
-- Table structure for table `humanresources_jobinstance`
--

DROP TABLE IF EXISTS `humanresources_jobinstance`;
/*!40101 SET @saved_cs_client     = @@character_set_client */;
/*!40101 SET character_set_client = utf8 */;
CREATE TABLE `humanresources_jobinstance` (
  `id` int(11) NOT NULL AUTO_INCREMENT,
  `job_profile_id` int(11) NOT NULL,
  `parent_job_instance_id` int(11) DEFAULT NULL,
  `employee_id` int(11) DEFAULT NULL,
  PRIMARY KEY (`id`),
  KEY `HumanResources_jobin_job_profile_id_a904a11c_fk_HumanReso` (`job_profile_id`),
  KEY `HumanResources_jobin_parent_job_instance__99715fb7_fk_HumanReso` (`parent_job_instance_id`),
  KEY `HumanResources_jobin_employee_id_232af4b5_fk_HumanReso` (`employee_id`),
  CONSTRAINT `HumanResources_jobin_employee_id_232af4b5_fk_HumanReso` FOREIGN KEY (`employee_id`) REFERENCES `humanresources_employee` (`id`),
  CONSTRAINT `HumanResources_jobin_job_profile_id_a904a11c_fk_HumanReso` FOREIGN KEY (`job_profile_id`) REFERENCES `humanresources_jobprofile` (`id`),
  CONSTRAINT `HumanResources_jobin_parent_job_instance__99715fb7_fk_HumanReso` FOREIGN KEY (`parent_job_instance_id`) REFERENCES `humanresources_jobinstance` (`id`)
) ENGINE=InnoDB AUTO_INCREMENT=6 DEFAULT CHARSET=utf8;
/*!40101 SET character_set_client = @saved_cs_client */;

--
-- Dumping data for table `humanresources_jobinstance`
--

LOCK TABLES `humanresources_jobinstance` WRITE;
/*!40000 ALTER TABLE `humanresources_jobinstance` DISABLE KEYS */;
INSERT INTO `humanresources_jobinstance` VALUES (1,1,NULL,NULL),(2,1,1,1),(3,1,1,NULL),(4,1,3,1),(5,1,3,1);
/*!40000 ALTER TABLE `humanresources_jobinstance` ENABLE KEYS */;
UNLOCK TABLES;

--
-- Table structure for table `humanresources_jobprofile`
--

DROP TABLE IF EXISTS `humanresources_jobprofile`;
/*!40101 SET @saved_cs_client     = @@character_set_client */;
/*!40101 SET character_set_client = utf8 */;
CREATE TABLE `humanresources_jobprofile` (
  `id` int(11) NOT NULL AUTO_INCREMENT,
  `job` varchar(2048) NOT NULL,
  `abilities` longtext NOT NULL,
  `aptitudes` longtext NOT NULL,
  `knowledge` longtext NOT NULL,
  `competitions` longtext NOT NULL,
  `scholarship` longtext NOT NULL,
  `experience` longtext NOT NULL,
  `entry_time` time(6) NOT NULL,
  `exit_time` time(6) NOT NULL,
  `sunday` tinyint(1) NOT NULL,
  `monday` tinyint(1) NOT NULL,
  `tuesday` tinyint(1) NOT NULL,
  `wednesday` tinyint(1) NOT NULL,
  `thursday` tinyint(1) NOT NULL,
  `friday` tinyint(1) NOT NULL,
  `saturday` tinyint(1) NOT NULL,
  `area_id` int(11) NOT NULL,
  `department_id` int(11) NOT NULL,
  `direction_id` int(11) NOT NULL,
  `subdirection_id` int(11) NOT NULL,
  `maximumsalary` decimal(20,2),
  `minimumsalary` decimal(20,2),
  PRIMARY KEY (`id`),
  KEY `HumanResources_jobpr_area_id_823917f9_fk_HumanReso` (`area_id`),
  KEY `HumanResources_jobpr_department_id_587e1c0e_fk_HumanReso` (`department_id`),
  KEY `HumanResources_jobpr_direction_id_d9e39f39_fk_HumanReso` (`direction_id`),
  KEY `HumanResources_jobpr_subdirection_id_e18fab5d_fk_HumanReso` (`subdirection_id`),
  CONSTRAINT `HumanResources_jobpr_area_id_823917f9_fk_HumanReso` FOREIGN KEY (`area_id`) REFERENCES `humanresources_area` (`id`),
  CONSTRAINT `HumanResources_jobpr_department_id_587e1c0e_fk_HumanReso` FOREIGN KEY (`department_id`) REFERENCES `humanresources_department` (`id`),
  CONSTRAINT `HumanResources_jobpr_direction_id_d9e39f39_fk_HumanReso` FOREIGN KEY (`direction_id`) REFERENCES `humanresources_direction` (`id`),
  CONSTRAINT `HumanResources_jobpr_subdirection_id_e18fab5d_fk_HumanReso` FOREIGN KEY (`subdirection_id`) REFERENCES `humanresources_subdirection` (`id`)
) ENGINE=InnoDB AUTO_INCREMENT=2 DEFAULT CHARSET=utf8;
/*!40101 SET character_set_client = @saved_cs_client */;

--
-- Dumping data for table `humanresources_jobprofile`
--

LOCK TABLES `humanresources_jobprofile` WRITE;
/*!40000 ALTER TABLE `humanresources_jobprofile` DISABLE KEYS */;
INSERT INTO `humanresources_jobprofile` VALUES (1,'Jurídico A','habilidades','Aptitudes','Conocimiento','competencias','escolaridad','experiencia','08:00:00.000000','17:00:00.000000',0,1,1,1,1,1,0,1,1,1,1,0.00,0.00);
/*!40000 ALTER TABLE `humanresources_jobprofile` ENABLE KEYS */;
UNLOCK TABLES;

--
-- Table structure for table `humanresources_payment_method`
--

DROP TABLE IF EXISTS `humanresources_payment_method`;
/*!40101 SET @saved_cs_client     = @@character_set_client */;
/*!40101 SET character_set_client = utf8 */;
CREATE TABLE `humanresources_payment_method` (
  `id` int(11) NOT NULL AUTO_INCREMENT,
  `payment_method` varchar(1) NOT NULL,
  PRIMARY KEY (`id`)
) ENGINE=InnoDB DEFAULT CHARSET=utf8;
/*!40101 SET character_set_client = @saved_cs_client */;

--
-- Dumping data for table `humanresources_payment_method`
--

LOCK TABLES `humanresources_payment_method` WRITE;
/*!40000 ALTER TABLE `humanresources_payment_method` DISABLE KEYS */;
/*!40000 ALTER TABLE `humanresources_payment_method` ENABLE KEYS */;
UNLOCK TABLES;

--
-- Table structure for table `humanresources_payroll_clasification`
--

DROP TABLE IF EXISTS `humanresources_payroll_clasification`;
/*!40101 SET @saved_cs_client     = @@character_set_client */;
/*!40101 SET character_set_client = utf8 */;
CREATE TABLE `humanresources_payroll_clasification` (
  `id` int(11) NOT NULL AUTO_INCREMENT,
  `payroll_classification` varchar(1) NOT NULL,
  PRIMARY KEY (`id`)
) ENGINE=InnoDB DEFAULT CHARSET=utf8;
/*!40101 SET character_set_client = @saved_cs_client */;

--
-- Dumping data for table `humanresources_payroll_clasification`
--

LOCK TABLES `humanresources_payroll_clasification` WRITE;
/*!40000 ALTER TABLE `humanresources_payroll_clasification` DISABLE KEYS */;
/*!40000 ALTER TABLE `humanresources_payroll_clasification` ENABLE KEYS */;
UNLOCK TABLES;

--
-- Table structure for table `humanresources_payrollclassification`
--

DROP TABLE IF EXISTS `humanresources_payrollclassification`;
/*!40101 SET @saved_cs_client     = @@character_set_client */;
/*!40101 SET character_set_client = utf8 */;
CREATE TABLE `humanresources_payrollclassification` (
  `id` int(11) NOT NULL AUTO_INCREMENT,
  `name` varchar(100) NOT NULL,
  PRIMARY KEY (`id`)
) ENGINE=InnoDB AUTO_INCREMENT=3 DEFAULT CHARSET=utf8;
/*!40101 SET character_set_client = @saved_cs_client */;

--
-- Dumping data for table `humanresources_payrollclassification`
--

LOCK TABLES `humanresources_payrollclassification` WRITE;
/*!40000 ALTER TABLE `humanresources_payrollclassification` DISABLE KEYS */;
INSERT INTO `humanresources_payrollclassification` VALUES (1,'Proyecto'),(2,'Corporativa');
/*!40000 ALTER TABLE `humanresources_payrollclassification` ENABLE KEYS */;
UNLOCK TABLES;

--
-- Table structure for table `humanresources_payrollgroup`
--

DROP TABLE IF EXISTS `humanresources_payrollgroup`;
/*!40101 SET @saved_cs_client     = @@character_set_client */;
/*!40101 SET character_set_client = utf8 */;
CREATE TABLE `humanresources_payrollgroup` (
  `id` int(11) NOT NULL AUTO_INCREMENT,
  `name` varchar(200) NOT NULL,
  `payroll_classification_id` int(11) NOT NULL,
  `project_id` int(11) NOT NULL,
  `checker_type` int(11) NOT NULL,
  PRIMARY KEY (`id`),
  KEY `HumanResources_payro_payroll_classificati_ddfbbc9f_fk_HumanReso` (`payroll_classification_id`),
  KEY `HumanResources_payro_project_id_2ad6a4d2_fk_ERP_proje` (`project_id`),
  CONSTRAINT `HumanResources_payro_payroll_classificati_ddfbbc9f_fk_HumanReso` FOREIGN KEY (`payroll_classification_id`) REFERENCES `humanresources_payrollclassification` (`id`),
  CONSTRAINT `HumanResources_payro_project_id_2ad6a4d2_fk_ERP_proje` FOREIGN KEY (`project_id`) REFERENCES `erp_project` (`id`)
) ENGINE=InnoDB AUTO_INCREMENT=2 DEFAULT CHARSET=utf8;
/*!40101 SET character_set_client = @saved_cs_client */;

--
-- Dumping data for table `humanresources_payrollgroup`
--

LOCK TABLES `humanresources_payrollgroup` WRITE;
/*!40000 ALTER TABLE `humanresources_payrollgroup` DISABLE KEYS */;
INSERT INTO `humanresources_payrollgroup` VALUES (1,'Grupo Comercializadora',1,1,1);
/*!40000 ALTER TABLE `humanresources_payrollgroup` ENABLE KEYS */;
UNLOCK TABLES;

--
-- Table structure for table `humanresources_payrollperiod`
--

DROP TABLE IF EXISTS `humanresources_payrollperiod`;
/*!40101 SET @saved_cs_client     = @@character_set_client */;
/*!40101 SET character_set_client = utf8 */;
CREATE TABLE `humanresources_payrollperiod` (
  `id` int(11) NOT NULL AUTO_INCREMENT,
  `name` varchar(30) NOT NULL,
  `month` int(11) NOT NULL,
  `fortnight` int(11) NOT NULL,
  `year` int(11) NOT NULL,
  `start_period` date NOT NULL,
  `end_period` date NOT NULL,
  `payroll_group_id` int(11) NOT NULL,
  `payroll_to_process_id` int(11) NOT NULL,
  PRIMARY KEY (`id`),
  KEY `HumanResources_payro_payroll_group_id_2b0ee6af_fk_HumanReso` (`payroll_group_id`),
  KEY `HumanResources_payro_payroll_to_process_i_44a8b6b0_fk_HumanReso` (`payroll_to_process_id`),
  CONSTRAINT `HumanResources_payro_payroll_group_id_2b0ee6af_fk_HumanReso` FOREIGN KEY (`payroll_group_id`) REFERENCES `humanresources_payrollgroup` (`id`),
  CONSTRAINT `HumanResources_payro_payroll_to_process_i_44a8b6b0_fk_HumanReso` FOREIGN KEY (`payroll_to_process_id`) REFERENCES `humanresources_payrolltoprocess` (`id`)
) ENGINE=InnoDB AUTO_INCREMENT=3 DEFAULT CHARSET=utf8;
/*!40101 SET character_set_client = @saved_cs_client */;

--
-- Dumping data for table `humanresources_payrollperiod`
--

LOCK TABLES `humanresources_payrollperiod` WRITE;
/*!40000 ALTER TABLE `humanresources_payrollperiod` DISABLE KEYS */;
INSERT INTO `humanresources_payrollperiod` VALUES (1,'Enero QA',1,1,2017,'2017-11-14','2017-11-28',1,1),(2,'Enero QB',1,1,2017,'2017-01-15','2017-01-28',1,1);
/*!40000 ALTER TABLE `humanresources_payrollperiod` ENABLE KEYS */;
UNLOCK TABLES;

--
-- Table structure for table `humanresources_payrollprocessed`
--

DROP TABLE IF EXISTS `humanresources_payrollprocessed`;
/*!40101 SET @saved_cs_client     = @@character_set_client */;
/*!40101 SET character_set_client = utf8 */;
CREATE TABLE `humanresources_payrollprocessed` (
  `id` int(11) NOT NULL AUTO_INCREMENT,
  `payroll_classification` varchar(1) NOT NULL,
  `payroll_period_id` int(11) NOT NULL,
  `payroll_to_process_id` int(11) NOT NULL,
  PRIMARY KEY (`id`),
  KEY `HumanResources_payro_payroll_period_id_db76536d_fk_HumanReso` (`payroll_period_id`),
  KEY `HumanResources_payro_payroll_to_process_i_5e77982c_fk_HumanReso` (`payroll_to_process_id`),
  CONSTRAINT `HumanResources_payro_payroll_period_id_db76536d_fk_HumanReso` FOREIGN KEY (`payroll_period_id`) REFERENCES `humanresources_payrollperiod` (`id`),
  CONSTRAINT `HumanResources_payro_payroll_to_process_i_5e77982c_fk_HumanReso` FOREIGN KEY (`payroll_to_process_id`) REFERENCES `humanresources_payrolltoprocess` (`id`)
) ENGINE=InnoDB DEFAULT CHARSET=utf8;
/*!40101 SET character_set_client = @saved_cs_client */;

--
-- Dumping data for table `humanresources_payrollprocessed`
--

LOCK TABLES `humanresources_payrollprocessed` WRITE;
/*!40000 ALTER TABLE `humanresources_payrollprocessed` DISABLE KEYS */;
/*!40000 ALTER TABLE `humanresources_payrollprocessed` ENABLE KEYS */;
UNLOCK TABLES;

--
-- Table structure for table `humanresources_payrollprocesseddetail`
--

DROP TABLE IF EXISTS `humanresources_payrollprocesseddetail`;
/*!40101 SET @saved_cs_client     = @@character_set_client */;
/*!40101 SET character_set_client = utf8 */;
CREATE TABLE `humanresources_payrollprocesseddetail` (
  `id` int(11) NOT NULL AUTO_INCREMENT,
  `payroll_receip_processed_id` int(11) NOT NULL,
  `accounting_account` int(11) DEFAULT NULL,
  `category` varchar(64) NOT NULL,
  `comments` varchar(500) DEFAULT NULL,
  `law_type` varchar(30) DEFAULT NULL,
  `name` varchar(30) DEFAULT NULL,
  `percent_taxable` int(11) DEFAULT NULL,
  `sat_key` varchar(30) DEFAULT NULL,
  `status` varchar(64) DEFAULT NULL,
  `taxable` varchar(64) NOT NULL,
  `type` varchar(64) NOT NULL,
  `amount` double NOT NULL,
  PRIMARY KEY (`id`),
  KEY `HumanResources_payro_payroll_receip_proce_2b1b7d84_fk_HumanReso` (`payroll_receip_processed_id`),
  CONSTRAINT `HumanResources_payro_payroll_receip_proce_2b1b7d84_fk_HumanReso` FOREIGN KEY (`payroll_receip_processed_id`) REFERENCES `humanresources_payrollreceiptprocessed` (`id`)
) ENGINE=InnoDB AUTO_INCREMENT=480 DEFAULT CHARSET=utf8;
/*!40101 SET character_set_client = @saved_cs_client */;

--
-- Dumping data for table `humanresources_payrollprocesseddetail`
--

LOCK TABLES `humanresources_payrollprocesseddetail` WRITE;
/*!40000 ALTER TABLE `humanresources_payrollprocesseddetail` DISABLE KEYS */;
INSERT INTO `humanresources_payrollprocesseddetail` VALUES (475,158,543433,'Fija','prueba','2','prestamo',100,'123','A','No','D',103.01),(476,158,0,'Variable','-','-','ISR',100,'0','Activa','Sí','D',78754.23),(477,158,9888,'Fija','Observaciones','Ley','Salario',100,'RFC988987','A','Si','P',251000),(478,159,0,'Variable','-','-','Falta del 2017-11-23',100,'0','Activa','Sí','D',220),(479,159,0,'Variable','-','-','ISR',100,'0','Activa','Sí','D',0);
/*!40000 ALTER TABLE `humanresources_payrollprocesseddetail` ENABLE KEYS */;
UNLOCK TABLES;

--
-- Table structure for table `humanresources_payrollreceiptprocessed`
--

DROP TABLE IF EXISTS `humanresources_payrollreceiptprocessed`;
/*!40101 SET @saved_cs_client     = @@character_set_client */;
/*!40101 SET character_set_client = utf8 */;
CREATE TABLE `humanresources_payrollreceiptprocessed` (
  `id` int(11) NOT NULL AUTO_INCREMENT,
  `worked_days` decimal(20,2) NOT NULL,
  `total_perceptions` decimal(20,2) NOT NULL,
  `total_deductions` decimal(20,2) NOT NULL,
  `total_payroll` decimal(20,2) NOT NULL,
  `taxed` decimal(20,2) DEFAULT NULL,
  `exempt` decimal(20,2) DEFAULT NULL,
  `daily_salary` decimal(20,2) DEFAULT NULL,
  `total_withholdings` decimal(20,2) DEFAULT NULL,
  `total_discounts` decimal(20,2) DEFAULT NULL,
  `printed_receipt` varchar(1) NOT NULL,
  `stamp_version` decimal(20,2) DEFAULT NULL,
  `stamp_UUID` varchar(500) DEFAULT NULL,
  `stamp_date` datetime(6) DEFAULT NULL,
  `stamp_CFDI` varchar(500) DEFAULT NULL,
  `sat_certificate` varchar(500) DEFAULT NULL,
  `stamp_sat` varchar(500) DEFAULT NULL,
  `stamp_xml` varchar(500) DEFAULT NULL,
  `stamp_serie_id` varchar(500) DEFAULT NULL,
  `payment_date` date DEFAULT NULL,
  `employee_id` int(11) NOT NULL,
  `payroll_period_id` int(11) NOT NULL,
  PRIMARY KEY (`id`),
  UNIQUE KEY `HumanResources_payrollre_payroll_period_id_employ_387c02f6_uniq` (`payroll_period_id`,`employee_id`),
  KEY `HumanResources_payro_employee_id_4ceee5cc_fk_HumanReso` (`employee_id`),
  KEY `HumanResources_payro_payroll_period_id_18c7fdf1_fk_HumanReso` (`payroll_period_id`),
  CONSTRAINT `HumanResources_payro_employee_id_4ceee5cc_fk_HumanReso` FOREIGN KEY (`employee_id`) REFERENCES `humanresources_employee` (`id`),
  CONSTRAINT `HumanResources_payro_payroll_period_id_18c7fdf1_fk_HumanReso` FOREIGN KEY (`payroll_period_id`) REFERENCES `humanresources_payrollperiod` (`id`)
) ENGINE=InnoDB AUTO_INCREMENT=160 DEFAULT CHARSET=utf8;
/*!40101 SET character_set_client = @saved_cs_client */;

--
-- Dumping data for table `humanresources_payrollreceiptprocessed`
--

LOCK TABLES `humanresources_payrollreceiptprocessed` WRITE;
/*!40000 ALTER TABLE `humanresources_payrollreceiptprocessed` DISABLE KEYS */;
INSERT INTO `humanresources_payrollreceiptprocessed` VALUES (158,0.00,251000.00,78857.24,172142.76,251000.00,0.00,150.00,78754.23,78857.24,'Y',NULL,NULL,NULL,NULL,NULL,NULL,NULL,NULL,NULL,1,1),(159,0.00,0.00,220.00,-220.00,0.00,0.00,220.00,0.00,220.00,'Y',NULL,NULL,NULL,NULL,NULL,NULL,NULL,NULL,NULL,2,1);
/*!40000 ALTER TABLE `humanresources_payrollreceiptprocessed` ENABLE KEYS */;
UNLOCK TABLES;

--
-- Table structure for table `humanresources_payrolltoprocess`
--

DROP TABLE IF EXISTS `humanresources_payrolltoprocess`;
/*!40101 SET @saved_cs_client     = @@character_set_client */;
/*!40101 SET character_set_client = utf8 */;
CREATE TABLE `humanresources_payrolltoprocess` (
  `id` int(11) NOT NULL AUTO_INCREMENT,
  `name` varchar(30) NOT NULL,
  `payroll_type_id` int(11) NOT NULL,
  PRIMARY KEY (`id`),
  KEY `HumanResources_payro_payroll_type_id_671f0b4c_fk_HumanReso` (`payroll_type_id`),
  CONSTRAINT `HumanResources_payro_payroll_type_id_671f0b4c_fk_HumanReso` FOREIGN KEY (`payroll_type_id`) REFERENCES `humanresources_payrolltype` (`id`)
) ENGINE=InnoDB AUTO_INCREMENT=4 DEFAULT CHARSET=utf8;
/*!40101 SET character_set_client = @saved_cs_client */;

--
-- Dumping data for table `humanresources_payrolltoprocess`
--

LOCK TABLES `humanresources_payrolltoprocess` WRITE;
/*!40000 ALTER TABLE `humanresources_payrolltoprocess` DISABLE KEYS */;
INSERT INTO `humanresources_payrolltoprocess` VALUES (1,'Normal',1),(2,'Adelanto de Aguinaldo',2),(3,'Aguinaldo',2);
/*!40000 ALTER TABLE `humanresources_payrolltoprocess` ENABLE KEYS */;
UNLOCK TABLES;

--
-- Table structure for table `humanresources_payrolltype`
--

DROP TABLE IF EXISTS `humanresources_payrolltype`;
/*!40101 SET @saved_cs_client     = @@character_set_client */;
/*!40101 SET character_set_client = utf8 */;
CREATE TABLE `humanresources_payrolltype` (
  `id` int(11) NOT NULL AUTO_INCREMENT,
  `name` varchar(30) NOT NULL,
  PRIMARY KEY (`id`)
) ENGINE=InnoDB AUTO_INCREMENT=3 DEFAULT CHARSET=utf8;
/*!40101 SET character_set_client = @saved_cs_client */;

--
-- Dumping data for table `humanresources_payrolltype`
--

LOCK TABLES `humanresources_payrolltype` WRITE;
/*!40000 ALTER TABLE `humanresources_payrolltype` DISABLE KEYS */;
INSERT INTO `humanresources_payrolltype` VALUES (1,'Ordinaria'),(2,'Extraordinaria');
/*!40000 ALTER TABLE `humanresources_payrolltype` ENABLE KEYS */;
UNLOCK TABLES;

--
-- Table structure for table `humanresources_subdirection`
--

DROP TABLE IF EXISTS `humanresources_subdirection`;
/*!40101 SET @saved_cs_client     = @@character_set_client */;
/*!40101 SET character_set_client = utf8 */;
CREATE TABLE `humanresources_subdirection` (
  `id` int(11) NOT NULL AUTO_INCREMENT,
  `name` varchar(2048) NOT NULL,
  PRIMARY KEY (`id`)
) ENGINE=InnoDB AUTO_INCREMENT=2 DEFAULT CHARSET=utf8;
/*!40101 SET character_set_client = @saved_cs_client */;

--
-- Dumping data for table `humanresources_subdirection`
--

LOCK TABLES `humanresources_subdirection` WRITE;
/*!40000 ALTER TABLE `humanresources_subdirection` DISABLE KEYS */;
INSERT INTO `humanresources_subdirection` VALUES (1,'Construcción');
/*!40000 ALTER TABLE `humanresources_subdirection` ENABLE KEYS */;
UNLOCK TABLES;

--
-- Table structure for table `humanresources_tag`
--

DROP TABLE IF EXISTS `humanresources_tag`;
/*!40101 SET @saved_cs_client     = @@character_set_client */;
/*!40101 SET character_set_client = utf8 */;
CREATE TABLE `humanresources_tag` (
  `id` int(11) NOT NULL AUTO_INCREMENT,
  `name` varchar(64) NOT NULL,
  PRIMARY KEY (`id`)
) ENGINE=InnoDB AUTO_INCREMENT=5 DEFAULT CHARSET=utf8;
/*!40101 SET character_set_client = @saved_cs_client */;

--
-- Dumping data for table `humanresources_tag`
--

LOCK TABLES `humanresources_tag` WRITE;
/*!40000 ALTER TABLE `humanresources_tag` DISABLE KEYS */;
INSERT INTO `humanresources_tag` VALUES (1,'excel'),(2,'PPT'),(3,'PDF'),(4,'word');
/*!40000 ALTER TABLE `humanresources_tag` ENABLE KEYS */;
UNLOCK TABLES;

--
-- Table structure for table `humanresources_taxregime`
--

DROP TABLE IF EXISTS `humanresources_taxregime`;
/*!40101 SET @saved_cs_client     = @@character_set_client */;
/*!40101 SET character_set_client = utf8 */;
CREATE TABLE `humanresources_taxregime` (
  `id` int(11) NOT NULL AUTO_INCREMENT,
  `name` varchar(255) NOT NULL,
  PRIMARY KEY (`id`)
) ENGINE=InnoDB AUTO_INCREMENT=2 DEFAULT CHARSET=utf8;
/*!40101 SET character_set_client = @saved_cs_client */;

--
-- Dumping data for table `humanresources_taxregime`
--

LOCK TABLES `humanresources_taxregime` WRITE;
/*!40000 ALTER TABLE `humanresources_taxregime` DISABLE KEYS */;
INSERT INTO `humanresources_taxregime` VALUES (1,'Asalariado');
/*!40000 ALTER TABLE `humanresources_taxregime` ENABLE KEYS */;
UNLOCK TABLES;

--
-- Table structure for table `humanresources_test`
--

DROP TABLE IF EXISTS `humanresources_test`;
/*!40101 SET @saved_cs_client     = @@character_set_client */;
/*!40101 SET character_set_client = utf8 */;
CREATE TABLE `humanresources_test` (
  `id` int(11) NOT NULL AUTO_INCREMENT,
  `name` varchar(512) NOT NULL,
  PRIMARY KEY (`id`)
) ENGINE=InnoDB AUTO_INCREMENT=4 DEFAULT CHARSET=utf8;
/*!40101 SET character_set_client = @saved_cs_client */;

--
-- Dumping data for table `humanresources_test`
--

LOCK TABLES `humanresources_test` WRITE;
/*!40000 ALTER TABLE `humanresources_test` DISABLE KEYS */;
INSERT INTO `humanresources_test` VALUES (1,'IQ'),(2,'Cognositivo'),(3,'Psicosométrico');
/*!40000 ALTER TABLE `humanresources_test` ENABLE KEYS */;
UNLOCK TABLES;

--
-- Table structure for table `humanresources_testapplication`
--

DROP TABLE IF EXISTS `humanresources_testapplication`;
/*!40101 SET @saved_cs_client     = @@character_set_client */;
/*!40101 SET character_set_client = utf8 */;
CREATE TABLE `humanresources_testapplication` (
  `id` int(11) NOT NULL AUTO_INCREMENT,
  `application_date` date NOT NULL,
  `result` varchar(512) NOT NULL,
  `comments` varchar(2048) DEFAULT NULL,
  `employee_id` int(11) NOT NULL,
  `test_id` int(11) NOT NULL,
  PRIMARY KEY (`id`),
  KEY `HumanResources_testa_employee_id_1d98400c_fk_HumanReso` (`employee_id`),
  KEY `HumanResources_testa_test_id_dac9cc13_fk_HumanReso` (`test_id`),
  CONSTRAINT `HumanResources_testa_employee_id_1d98400c_fk_HumanReso` FOREIGN KEY (`employee_id`) REFERENCES `humanresources_employee` (`id`),
  CONSTRAINT `HumanResources_testa_test_id_dac9cc13_fk_HumanReso` FOREIGN KEY (`test_id`) REFERENCES `humanresources_test` (`id`)
) ENGINE=InnoDB AUTO_INCREMENT=4 DEFAULT CHARSET=utf8;
/*!40101 SET character_set_client = @saved_cs_client */;

--
-- Dumping data for table `humanresources_testapplication`
--

LOCK TABLES `humanresources_testapplication` WRITE;
/*!40000 ALTER TABLE `humanresources_testapplication` DISABLE KEYS */;
INSERT INTO `humanresources_testapplication` VALUES (1,'2017-12-08','aprobado','prueba',2,2),(2,'2017-12-08','aprobado 50','otra prueba',1,3),(3,'2017-12-08','90','nada',1,1);
/*!40000 ALTER TABLE `humanresources_testapplication` ENABLE KEYS */;
UNLOCK TABLES;

--
-- Table structure for table `humanresources_uploadedemployeeassistancehistory`
--

DROP TABLE IF EXISTS `humanresources_uploadedemployeeassistancehistory`;
/*!40101 SET @saved_cs_client     = @@character_set_client */;
/*!40101 SET character_set_client = utf8 */;
CREATE TABLE `humanresources_uploadedemployeeassistancehistory` (
  `id` int(11) NOT NULL AUTO_INCREMENT,
  `assistance_file` varchar(100) DEFAULT NULL,
  `payroll_period_id` int(11) NOT NULL,
  PRIMARY KEY (`id`),
  KEY `HumanResources_uploa_payroll_period_id_6978e451_fk_HumanReso` (`payroll_period_id`),
  CONSTRAINT `HumanResources_uploa_payroll_period_id_6978e451_fk_HumanReso` FOREIGN KEY (`payroll_period_id`) REFERENCES `humanresources_payrollperiod` (`id`)
) ENGINE=InnoDB AUTO_INCREMENT=2 DEFAULT CHARSET=utf8;
/*!40101 SET character_set_client = @saved_cs_client */;

--
-- Dumping data for table `humanresources_uploadedemployeeassistancehistory`
--

LOCK TABLES `humanresources_uploadedemployeeassistancehistory` WRITE;
/*!40000 ALTER TABLE `humanresources_uploadedemployeeassistancehistory` DISABLE KEYS */;
INSERT INTO `humanresources_uploadedemployeeassistancehistory` VALUES (1,'assistance_uploads/1Enero QA/test_4vcj4tf.xlsx',1);
/*!40000 ALTER TABLE `humanresources_uploadedemployeeassistancehistory` ENABLE KEYS */;
UNLOCK TABLES;

--
-- Table structure for table `humanresources_workreference`
--

DROP TABLE IF EXISTS `humanresources_workreference`;
/*!40101 SET @saved_cs_client     = @@character_set_client */;
/*!40101 SET character_set_client = utf8 */;
CREATE TABLE `humanresources_workreference` (
  `id` int(11) NOT NULL AUTO_INCREMENT,
  `name` varchar(255) NOT NULL,
  `first_last_name` varchar(255) NOT NULL,
  `second_last_name` varchar(255) NOT NULL,
  `company_name` varchar(255) NOT NULL,
  `first_phone_number` varchar(20) NOT NULL,
  `second_phone_number` varchar(20) DEFAULT NULL,
  `email` varchar(255) DEFAULT NULL,
  `notes` varchar(2048) DEFAULT NULL,
  `employee_id` int(11) NOT NULL,
  PRIMARY KEY (`id`),
  KEY `HumanResources_workr_employee_id_a8a70a58_fk_HumanReso` (`employee_id`),
  CONSTRAINT `HumanResources_workr_employee_id_a8a70a58_fk_HumanReso` FOREIGN KEY (`employee_id`) REFERENCES `humanresources_employee` (`id`)
) ENGINE=InnoDB DEFAULT CHARSET=utf8;
/*!40101 SET character_set_client = @saved_cs_client */;

--
-- Dumping data for table `humanresources_workreference`
--

LOCK TABLES `humanresources_workreference` WRITE;
/*!40000 ALTER TABLE `humanresources_workreference` DISABLE KEYS */;
/*!40000 ALTER TABLE `humanresources_workreference` ENABLE KEYS */;
UNLOCK TABLES;

--
-- Table structure for table `humanresources_yntype`
--

DROP TABLE IF EXISTS `humanresources_yntype`;
/*!40101 SET @saved_cs_client     = @@character_set_client */;
/*!40101 SET character_set_client = utf8 */;
CREATE TABLE `humanresources_yntype` (
  `id` int(11) NOT NULL AUTO_INCREMENT,
  `yn_type` varchar(2) NOT NULL,
  PRIMARY KEY (`id`)
) ENGINE=InnoDB AUTO_INCREMENT=3 DEFAULT CHARSET=utf8;
/*!40101 SET character_set_client = @saved_cs_client */;

--
-- Dumping data for table `humanresources_yntype`
--

LOCK TABLES `humanresources_yntype` WRITE;
/*!40000 ALTER TABLE `humanresources_yntype` DISABLE KEYS */;
INSERT INTO `humanresources_yntype` VALUES (1,'SI'),(2,'NO');
/*!40000 ALTER TABLE `humanresources_yntype` ENABLE KEYS */;
UNLOCK TABLES;

--
-- Table structure for table `oauth2_provider_accesstoken`
--

DROP TABLE IF EXISTS `oauth2_provider_accesstoken`;
/*!40101 SET @saved_cs_client     = @@character_set_client */;
/*!40101 SET character_set_client = utf8 */;
CREATE TABLE `oauth2_provider_accesstoken` (
  `id` bigint(20) NOT NULL AUTO_INCREMENT,
  `token` varchar(255) NOT NULL,
  `expires` datetime(6) NOT NULL,
  `scope` longtext NOT NULL,
  `application_id` bigint(20) DEFAULT NULL,
  `user_id` int(11) DEFAULT NULL,
  `created` datetime(6) NOT NULL,
  `updated` datetime(6) NOT NULL,
  PRIMARY KEY (`id`),
  UNIQUE KEY `oauth2_provider_accesstoken_token_8af090f8_uniq` (`token`),
  KEY `oauth2_application_id_b22886e1_fk_oauth2_provider_application_id` (`application_id`),
  KEY `oauth2_provider_accesstoken_user_id_6e4c9a65_fk_auth_user_id` (`user_id`),
  CONSTRAINT `oauth2_provider_accesstoken_application_id_b22886e1_fk` FOREIGN KEY (`application_id`) REFERENCES `oauth2_provider_application` (`id`),
  CONSTRAINT `oauth2_provider_accesstoken_user_id_6e4c9a65_fk_auth_user_id` FOREIGN KEY (`user_id`) REFERENCES `auth_user` (`id`)
) ENGINE=InnoDB DEFAULT CHARSET=latin1;
/*!40101 SET character_set_client = @saved_cs_client */;

--
-- Dumping data for table `oauth2_provider_accesstoken`
--

LOCK TABLES `oauth2_provider_accesstoken` WRITE;
/*!40000 ALTER TABLE `oauth2_provider_accesstoken` DISABLE KEYS */;
/*!40000 ALTER TABLE `oauth2_provider_accesstoken` ENABLE KEYS */;
UNLOCK TABLES;

--
-- Table structure for table `oauth2_provider_application`
--

DROP TABLE IF EXISTS `oauth2_provider_application`;
/*!40101 SET @saved_cs_client     = @@character_set_client */;
/*!40101 SET character_set_client = utf8 */;
CREATE TABLE `oauth2_provider_application` (
  `id` bigint(20) NOT NULL AUTO_INCREMENT,
  `client_id` varchar(100) NOT NULL,
  `redirect_uris` longtext NOT NULL,
  `client_type` varchar(32) NOT NULL,
  `authorization_grant_type` varchar(32) NOT NULL,
  `client_secret` varchar(255) NOT NULL,
  `name` varchar(255) NOT NULL,
  `user_id` int(11) DEFAULT NULL,
  `skip_authorization` tinyint(1) NOT NULL,
  `created` datetime(6) NOT NULL,
  `updated` datetime(6) NOT NULL,
  PRIMARY KEY (`id`),
  UNIQUE KEY `client_id` (`client_id`),
  KEY `oauth2_provider_application_9d667c2b` (`client_secret`),
  KEY `oauth2_provider_application_user_id_79829054_fk_auth_user_id` (`user_id`),
  CONSTRAINT `oauth2_provider_application_user_id_79829054_fk_auth_user_id` FOREIGN KEY (`user_id`) REFERENCES `auth_user` (`id`)
) ENGINE=InnoDB DEFAULT CHARSET=latin1;
/*!40101 SET character_set_client = @saved_cs_client */;

--
-- Dumping data for table `oauth2_provider_application`
--

LOCK TABLES `oauth2_provider_application` WRITE;
/*!40000 ALTER TABLE `oauth2_provider_application` DISABLE KEYS */;
/*!40000 ALTER TABLE `oauth2_provider_application` ENABLE KEYS */;
UNLOCK TABLES;

--
-- Table structure for table `oauth2_provider_grant`
--

DROP TABLE IF EXISTS `oauth2_provider_grant`;
/*!40101 SET @saved_cs_client     = @@character_set_client */;
/*!40101 SET character_set_client = utf8 */;
CREATE TABLE `oauth2_provider_grant` (
  `id` bigint(20) NOT NULL AUTO_INCREMENT,
  `code` varchar(255) NOT NULL,
  `expires` datetime(6) NOT NULL,
  `redirect_uri` varchar(255) NOT NULL,
  `scope` longtext NOT NULL,
  `application_id` bigint(20) NOT NULL,
  `user_id` int(11) NOT NULL,
  `created` datetime(6) NOT NULL,
  `updated` datetime(6) NOT NULL,
  PRIMARY KEY (`id`),
  UNIQUE KEY `oauth2_provider_grant_code_49ab4ddf_uniq` (`code`),
  KEY `oauth2_application_id_81923564_fk_oauth2_provider_application_id` (`application_id`),
  KEY `oauth2_provider_grant_user_id_e8f62af8_fk_auth_user_id` (`user_id`),
  CONSTRAINT `oauth2_provider_grant_application_id_81923564_fk` FOREIGN KEY (`application_id`) REFERENCES `oauth2_provider_application` (`id`),
  CONSTRAINT `oauth2_provider_grant_user_id_e8f62af8_fk_auth_user_id` FOREIGN KEY (`user_id`) REFERENCES `auth_user` (`id`)
) ENGINE=InnoDB DEFAULT CHARSET=latin1;
/*!40101 SET character_set_client = @saved_cs_client */;

--
-- Dumping data for table `oauth2_provider_grant`
--

LOCK TABLES `oauth2_provider_grant` WRITE;
/*!40000 ALTER TABLE `oauth2_provider_grant` DISABLE KEYS */;
/*!40000 ALTER TABLE `oauth2_provider_grant` ENABLE KEYS */;
UNLOCK TABLES;

--
-- Table structure for table `oauth2_provider_refreshtoken`
--

DROP TABLE IF EXISTS `oauth2_provider_refreshtoken`;
/*!40101 SET @saved_cs_client     = @@character_set_client */;
/*!40101 SET character_set_client = utf8 */;
CREATE TABLE `oauth2_provider_refreshtoken` (
  `id` bigint(20) NOT NULL AUTO_INCREMENT,
  `token` varchar(255) NOT NULL,
  `access_token_id` bigint(20) NOT NULL,
  `application_id` bigint(20) NOT NULL,
  `user_id` int(11) NOT NULL,
  `created` datetime(6) NOT NULL,
  `updated` datetime(6) NOT NULL,
  PRIMARY KEY (`id`),
  UNIQUE KEY `access_token_id` (`access_token_id`),
  UNIQUE KEY `oauth2_provider_refreshtoken_token_d090daa4_uniq` (`token`),
  KEY `oauth2_application_id_2d1c311b_fk_oauth2_provider_application_id` (`application_id`),
  KEY `oauth2_provider_refreshtoken_user_id_da837fce_fk_auth_user_id` (`user_id`),
  CONSTRAINT `oauth2_provider_refreshtoken_access_token_id_775e84e8_fk` FOREIGN KEY (`access_token_id`) REFERENCES `oauth2_provider_accesstoken` (`id`),
  CONSTRAINT `oauth2_provider_refreshtoken_application_id_2d1c311b_fk` FOREIGN KEY (`application_id`) REFERENCES `oauth2_provider_application` (`id`),
  CONSTRAINT `oauth2_provider_refreshtoken_user_id_da837fce_fk_auth_user_id` FOREIGN KEY (`user_id`) REFERENCES `auth_user` (`id`)
) ENGINE=InnoDB DEFAULT CHARSET=latin1;
/*!40101 SET character_set_client = @saved_cs_client */;

--
-- Dumping data for table `oauth2_provider_refreshtoken`
--

LOCK TABLES `oauth2_provider_refreshtoken` WRITE;
/*!40000 ALTER TABLE `oauth2_provider_refreshtoken` DISABLE KEYS */;
/*!40000 ALTER TABLE `oauth2_provider_refreshtoken` ENABLE KEYS */;
UNLOCK TABLES;

--
-- Table structure for table `sharedcatalogs_account`
--

DROP TABLE IF EXISTS `sharedcatalogs_account`;
/*!40101 SET @saved_cs_client     = @@character_set_client */;
/*!40101 SET character_set_client = utf8 */;
CREATE TABLE `sharedcatalogs_account` (
  `id` int(11) NOT NULL AUTO_INCREMENT,
  `number` decimal(25,0) NOT NULL,
  `name` varchar(500) NOT NULL,
  `status` int(11) NOT NULL,
  `nature_account` int(11) NOT NULL,
  `type_account` varchar(1) NOT NULL,
  `grouping_code_id` int(11) NOT NULL,
  `internal_company_id` int(11) DEFAULT NULL,
  `item_id` int(11) NOT NULL,
  `subsidiary_account_id` int(11) DEFAULT NULL,
  PRIMARY KEY (`id`),
  KEY `SharedCatalogs_accou_grouping_code_id_56ae00f0_fk_SharedCat` (`grouping_code_id`),
  KEY `SharedCatalogs_accou_internal_company_id_de01c1d9_fk_SharedCat` (`internal_company_id`),
  KEY `SharedCatalogs_accou_item_id_a3e49c61_fk_SharedCat` (`item_id`),
  KEY `SharedCatalogs_accou_subsidiary_account_i_61a2e354_fk_SharedCat` (`subsidiary_account_id`),
  CONSTRAINT `SharedCatalogs_accou_grouping_code_id_56ae00f0_fk_SharedCat` FOREIGN KEY (`grouping_code_id`) REFERENCES `sharedcatalogs_groupingcode` (`id`),
  CONSTRAINT `SharedCatalogs_accou_internal_company_id_de01c1d9_fk_SharedCat` FOREIGN KEY (`internal_company_id`) REFERENCES `sharedcatalogs_internalcompany` (`id`),
  CONSTRAINT `SharedCatalogs_accou_item_id_a3e49c61_fk_SharedCat` FOREIGN KEY (`item_id`) REFERENCES `sharedcatalogs_itemaccount` (`id`),
  CONSTRAINT `SharedCatalogs_accou_subsidiary_account_i_61a2e354_fk_SharedCat` FOREIGN KEY (`subsidiary_account_id`) REFERENCES `sharedcatalogs_account` (`id`)
) ENGINE=InnoDB AUTO_INCREMENT=442 DEFAULT CHARSET=utf8;
/*!40101 SET character_set_client = @saved_cs_client */;

--
-- Dumping data for table `sharedcatalogs_account`
--

LOCK TABLES `sharedcatalogs_account` WRITE;
/*!40000 ALTER TABLE `sharedcatalogs_account` DISABLE KEYS */;
INSERT INTO `sharedcatalogs_account` VALUES (1,111000000000000000001,'FONDO FIJO DE CAJA',1,1,'A',3,1,1,NULL),(2,111000100000000000002,'CAJA CHICA',1,1,'D',4,1,1,1),(3,112000000000000000001,'BANCOS',1,1,'A',5,1,1,NULL),(4,112000100000000000002,'BANCOMER 0183648664',1,1,'D',6,1,1,3),(5,112000200000000000002,'SCOTIABANK 20900090700',1,1,'D',6,1,1,3),(6,112000300000000000002,'SANTANDER 65505759235',1,1,'D',6,1,1,3),(7,112000400000000000002,'TARJETA EMPRESARIAL.',1,1,'D',6,1,1,3),(8,114000000000000000001,'INVERSIONES EN VALORES',1,1,'A',8,1,1,NULL),(9,114000100000000000002,'INVERSIONES CUENTA #',1,1,'D',9,1,1,8),(10,115000000000000000001,'CLIENTES',1,2,'A',14,1,1,NULL),(11,115000100000000000002,'CONTADO',1,1,'A',15,1,1,10),(12,115000100100000000003,'SALCEDO CONSTRUCCION Y SUPERVISION SA DE',1,1,'D',15,1,1,11),(13,115000100200000000003,'MAVER INGENIERIA ESPECIALISTAS SA DE CV',1,1,'D',15,1,1,11),(14,115000200000000000002,'CREDITO',1,1,'D',15,1,1,10),(15,115000300000000000002,'SERVICIOS EDUCATIVOS INT AL EDO DE MEXIC',1,1,'D',15,1,1,10),(16,115000400000000000002,'ARACATACA CONSTRUCCIONES SA DE CV',1,1,'D',253,1,1,10),(17,115000500000000000002,'TULUA CONSTRUCCIONES SA DE CV',1,1,'D',15,1,1,10),(18,115500000000000000001,'ESTIMACION DE CUENTAS INCOBRABLES',1,2,'A',36,1,1,NULL),(19,115500100000000000002,'ESTIMACION DE CUENTAS INCOBRABLES',1,2,'D',37,1,1,18),(20,116000000000000000001,'DOCUMENTOS POR COBRAR',1,1,'A',19,1,1,NULL),(21,116000100000000000002,'DOCUMENTO #',1,1,'D',20,1,1,20),(22,117000000000000000001,'DEUDORES DIVERSOS',1,1,'A',30,1,1,NULL),(23,117000100000000000002,'FUNCIONARIOS Y EMPLEADOS',1,1,'D',31,1,1,22),(24,117000200000000000002,'SOCIOS Y ACCIONISTAS',1,1,'D',32,1,1,22),(25,117000300000000000002,'OTROS DEUDORES DIVERSOS',1,1,'D',35,1,1,22),(26,117000400000000000002,'OSCAR GERARDO SALCEDO GONZALEZ',1,1,'D',35,1,1,22),(27,117000500000000000002,'ANDREA MATIAS MENDOZA',1,1,'D',35,1,1,22),(28,117000600000000000002,'JAIME EDUARDO ARANA SALCEDO',1,1,'D',35,1,1,22),(29,117000700000000000002,'SALCEDO CONSTRUCCION Y SUPER SA DE CV',1,1,'D',35,1,1,22),(30,117000800000000000002,'TULUA CONSTRUCCIONES SA DE CV',1,1,'D',35,1,1,22),(31,118000000000000000001,'IMPUESTOS A FAVOR',1,1,'A',71,1,1,NULL),(32,118000100000000000002,'IVA A FAVOR',1,1,'D',72,1,1,31),(33,118000200000000000002,'ISR A FAVOR',1,1,'D',73,1,1,31),(34,118000300000000000002,'SUBSIDIO AL EMPLEO',1,1,'D',77,1,1,31),(35,119000000000000000001,'INVENTARIOS',1,1,'A',82,1,1,NULL),(36,119000100000000000002,'INVENTARIOS DIRECTOS',1,1,'D',84,1,1,35),(37,119000200000000000002,'INVENTARIOS INDIRECTOS',1,1,'D',84,1,1,35),(38,119500000000000000001,'OBRA O PROYECTO',1,1,'A',92,1,1,NULL),(39,119500100000000000002,'GENERADOR DE LUZ',1,1,'D',93,1,1,38),(40,119500200000000000002,'TRABAJOS PRELIMINARES',1,1,'D',93,1,1,38),(41,119500300000000000002,'PLANOS TOPOGRAFICOS',1,1,'D',93,1,1,38),(42,119500400000000000002,'ESTUDIO DE MECANICA DE SUELO',1,1,'D',93,1,1,38),(43,119500500000000000002,'CASETA DE OBRA',1,1,'D',93,1,1,38),(44,119500600000000000002,'DEMOLICIÓN Y EXCAVACION',1,1,'D',93,1,1,38),(45,119500700000000000002,'CIMENTACION',1,1,'D',93,1,1,38),(46,119500800000000000002,'INSTALACIONES  HIDRAULICAS',1,1,'D',93,1,1,38),(47,119500900000000000002,'MAMPARAS',1,1,'D',93,1,1,38),(48,119501000000000000002,'SEGUROS',1,1,'D',93,1,1,38),(49,119501100000000000002,'CARPINTERIA',1,1,'D',93,1,1,38),(50,119501200000000000002,'JADINERIA',1,1,'D',93,1,1,38),(51,119501300000000000002,'ELECTRICA',1,1,'D',93,1,1,38),(52,119501400000000000002,'ALBAÑILERIA',1,1,'D',93,1,1,38),(53,119501500000000000002,'ACABADOS',1,1,'D',93,1,1,38),(54,120000000000000000001,'IMPUESTOS ACREDITABLES',1,1,'A',94,1,1,NULL),(55,120000100000000000002,'IVA ACREDITABLE PAGADO',1,1,'D',95,1,1,54),(56,120000200000000000002,'IEPS ACREDITABLE PAGADO',1,1,'D',97,1,1,54),(57,120100000000000000001,'IMPUESTOS POR ACREDITAR',1,1,'A',99,1,1,NULL),(58,120100100000000000002,'IVA POR ACREDITAR',1,1,'D',100,1,1,57),(59,120100200000000000002,'IEPS POR ACREDITAR',1,1,'D',102,1,1,57),(60,121000000000000000001,'PAGOS ANTICIPADOS',1,1,'A',41,1,1,NULL),(61,121000100000000000002,'SEGUROS Y FIANZAS',1,1,'D',42,1,1,60),(62,121000200000000000002,'RENTAS',1,1,'D',46,1,1,60),(63,121000300000000000002,'GASTOS PAGADOS POR ANTICIPADO',1,1,'D',64,1,1,60),(64,121000400000000000002,'GOBIERNO DEL ESTADO',1,1,'D',66,1,1,60),(65,121500000000000000001,'ANTICIPOS A PROVEEDORES',1,1,'A',104,1,1,NULL),(66,121500100000000000002,'ANTICIPO PROVEEDOR #',1,1,'D',105,1,1,65),(67,122000000000000000001,'ANTICIPOS DE IMPUESTOS',1,1,'A',80,1,1,NULL),(68,122000100000000000002,'PAGOS PROVISIONALES DE ISR',1,1,'D',81,1,1,67),(69,122000200000000000002,'ISR RETENIDO POR INVERSIONES',1,1,'D',81,1,1,67),(70,122000300000000000002,'SUBSIDIO AL EMPLEO',1,1,'D',66,1,1,67),(71,131000000000000000001,'PROPIEDADES PLANTA Y EQUIPO',1,1,'A',118,1,1,NULL),(72,131000100000000000002,'TERRENOS',1,1,'A',113,1,1,71),(73,131000100100000000003,'TERRENOS',1,1,'D',113,1,1,72),(74,131000100200000000003,'ACTUALIZACIÓN DEL TERRENO',1,1,'D',113,1,1,72),(75,131000200000000000002,'EDIFICIOS',1,1,'D',115,1,1,71),(76,131000300000000000002,'EQUIPO DE TRANSPORTE',1,1,'D',119,1,1,71),(77,131000400000000000002,'EQUIPO DE COMPUTO',1,1,'D',123,1,1,71),(78,131000500000000000002,'EQUIPO DE OFICINA',1,1,'D',121,1,1,71),(79,131000600000000000002,'MAQUINARIA Y EQUIPO',1,1,'D',116,1,1,71),(80,136000000000000000001,'DEPRECIACION',1,2,'A',152,1,1,NULL),(81,136000100000000000002,'DEPRECIACION DE EDIFICIOS',1,2,'D',153,1,1,80),(82,136000200000000000002,'DEPRECIACION EQUIPO DE TRANSPORTE',1,2,'D',155,1,1,80),(83,136000300000000000002,'DEPRECIACION EQUIPO DE COMPUTO',1,2,'D',157,1,1,80),(84,136000400000000000002,'DEPRECIACION DE EQUIPO DE OFICINA',1,2,'D',156,1,1,80),(85,142000000000000000001,'GASTOS DE INSTALACION',1,1,'A',206,1,1,NULL),(86,142000100000000000002,'GASTO #',1,1,'D',207,1,1,85),(87,146000000000000000001,'AMORTIZACION DE GASTOS DIFERIDOS',1,2,'A',210,1,1,NULL),(88,146000100000000000002,'AMORTIZACION DE PATENTES Y MARCAS',1,2,'D',217,1,1,87),(89,146000200000000000002,'AMORTIZACIÓN DE GASTOS DE INSTALACION',1,2,'D',219,1,1,87),(90,147000000000000000001,'DEPOSITOS EN GARANTIA',1,1,'A',221,1,1,NULL),(91,147000100000000000002,'DEPOSITOS DE RENTAS',1,1,'D',223,1,1,90),(92,148000000000000000001,'DEPOSITOS EN GARANTIA',1,1,'D',221,1,1,NULL),(93,148000100000000000002,'DEPOSITOS EN GARANTIA',1,1,'D',224,1,1,92),(94,211000000000000000001,'PROVEEDORES',1,2,'A',252,1,1,NULL),(95,211000100000000000002,'TRITONIC CONSTRUCTORA, S.A. DE C.V.',1,2,'D',253,1,1,94),(96,211000200000000000002,'RMLMAX CONSTRUCCIONES, S.A. DE C.V.',1,2,'D',253,1,1,94),(97,211000300000000000002,'OSCAR GERARDO SALCEDO GONZALEZ',1,2,'D',253,1,1,94),(98,211000400000000000002,'MAVER INGENIERIA ESPECIALISTAS SA DE CV',1,2,'D',253,1,1,94),(99,211000500000000000002,'CONSTRUCTORA Y PAVIM. NAGARIAN SA DE CV',1,2,'D',253,1,1,94),(100,211000600000000000002,'VIVIAN ELENA GUTIERREZ GRANOBLES',1,2,'D',253,1,1,94),(101,211000700000000000002,'BBVA BANCOMER',1,2,'D',253,1,1,94),(102,211000800000000000002,'AFIANZADORA ASERTA SA DE CV',1,2,'D',253,1,1,94),(103,211000900000000000002,'OLUM CONSTRUCCIONES SA DE CV',1,2,'D',253,1,1,94),(104,211001000000000000002,'SCOTIABANK INVERLAT, S.A.',1,2,'D',253,1,1,94),(105,211001100000000000002,'TULUA CONSTRUCCIONES SA DE CV',1,2,'D',253,1,1,94),(106,211001200000000000002,'SALCEDO CONSTRUCCION Y SUPERVISION SA DE',1,2,'D',253,1,1,94),(107,211001300000000000002,'SANTANDER',1,2,'D',253,1,1,94),(108,211001400000000000002,'RAFAEL FRANCISCO BURGUETE COUTIÑO',1,2,'D',253,1,1,94),(109,211001500000000000002,'ITZEL EDITH CARDENAS ARIAS',1,2,'D',253,1,1,94),(110,211001600000000000002,'CONSTRUCCIONES FAGALSA SA DE CV',1,2,'D',253,1,1,94),(111,211001700000000000002,'JOANA ERIKA TEMAHUAYA FRANCES',1,2,'D',253,1,1,94),(112,211001800000000000002,'CONSULTORIA Y CONSTRUTORA A TUS NECESIDA',1,2,'D',253,1,1,94),(113,211001900000000000002,'INFRAESTRUCTURA Y SUPERVISION SIPSA SA',1,2,'D',253,1,1,94),(114,211002000000000000002,'BELCO INGENIERIA SA DE CV',1,2,'D',253,1,1,94),(115,211002100000000000002,'ARQUICIVILES SA DE CV',1,2,'D',253,1,1,94),(116,211002200000000000002,'AXTEL, S.A.B. DE C.V',1,2,'D',253,1,1,94),(117,212000000000000000001,'ACREEDORES DIVERSOS',1,2,'A',291,1,1,NULL),(118,212000100000000000002,'SALCEDO CONSTRUCCION Y SUPERVICION SA DE',1,2,'D',293,1,1,117),(119,212000200000000000002,'ARACATACA CONSTRUCTORES SA DE CV',1,2,'D',293,1,1,117),(120,212000300000000000002,'TULUA CONSTRUCCIONES SA DE CV',1,2,'D',293,1,1,117),(121,212000400000000000002,'MAVER INGENIERIA ESPECIALISTAS SA DE CV',1,2,'D',297,1,1,117),(122,212000500000000000002,'VARIOS',1,2,'D',297,1,1,117),(123,212001000000000000002,'ACREEDORES #',1,2,'D',297,1,1,117),(124,213000000000000000001,'DOCUMENTOS POR PAGAR',1,2,'A',257,1,1,NULL),(125,213000100000000000002,'DOCUMENTO #',1,2,'D',260,1,1,124),(126,214000000000000000001,'IMPUESTOS Y DERECHOS POR PAGAR',1,2,'A',327,1,1,NULL),(127,214000100000000000002,'IVA POR PAGAR',1,2,'D',328,1,1,126),(128,214000200000000000002,'IEPS POR PAGAR',1,2,'D',329,1,1,126),(129,214000300000000000002,'ISR POR PAGAR',1,2,'D',330,1,1,126),(130,214000400000000000002,'IMPUESTO SOBRE NOMINAS',1,2,'D',331,1,1,126),(131,214000500000000000002,'DERECHOS POR PAGAR',1,2,'D',333,1,1,126),(132,215000000000000000001,'IMPUESTOS Y CONTRIBUCIONES RETENIDOS',1,2,'A',341,1,1,NULL),(133,215000100000000000002,'RETENCIONES ISR POR SUELDOS Y SALARIOS',1,2,'D',342,1,1,132),(134,215000200000000000002,'RETENCIONES ISR POR ASIMILADOS A SALARIO',1,2,'D',343,1,1,132),(135,215000300000000000002,'RETENCIONES ISR 10% HONORARIOS',1,2,'D',345,1,1,132),(136,215000400000000000002,'RETENCIONES ISR 10% ARRENDAMIENTOS',1,2,'D',346,1,1,132),(137,215000500000000000002,'RETENCIONES IVA PERSONAS FISICAS',1,2,'D',351,1,1,132),(138,215000600000000000002,'RETENCIONES IVA AUTOTRANSPORTISTAS',1,2,'D',351,1,1,132),(139,215000700000000000002,'RETENCIONES IMSS TRABAJADORES',1,2,'D',352,1,1,132),(140,215000800000000000002,'RETENCION RCV TRABAJADORES',1,2,'D',353,1,1,132),(141,216000000000000000001,'PROVISION DE NOMINA',1,2,'A',313,1,1,NULL),(142,216000100000000000002,'PROVISION DE SUELDOS',1,2,'D',314,1,1,141),(143,216000200000000000002,'PROVISION DE VACACIONES POR PAGAR',1,2,'D',315,1,1,141),(144,216000300000000000002,'PROVISION DE AGUINALDOS POR PAGAR',1,2,'D',316,1,1,141),(145,216000400000000000002,'PROVISION DE ASIMILADOS A SALARIOS',1,2,'D',318,1,1,141),(146,216000500000000000002,'PROVISION DE OTROS CONCEPTOS DE SUELDOS',1,2,'D',320,1,1,141),(147,217000000000000000001,'PROVISION DE CONTRIBUCIONES POR PAGAR',1,2,'A',321,1,1,NULL),(148,217000100000000000002,'PROVISION DE IMSS PATRONAL POR PAGAR',1,2,'D',322,1,1,147),(149,217000200000000000002,'PROVISION DE SAR POR PAGAR',1,2,'D',323,1,1,147),(150,217000300000000000002,'PROVISION DE INFONAVIT POR PAGAR',1,2,'D',324,1,1,147),(151,217000400000000000002,'PROVISION POR EROGACIONES 3%',1,2,'D',326,1,1,147),(152,218000000000000000001,'IMPUESTOS TRASLADADOS COBRADOS',1,2,'A',307,1,1,NULL),(153,218000100000000000002,'IVA COBRADO',1,2,'D',308,1,1,152),(154,218000200000000000002,'IEPS COBRADO',1,2,'D',309,1,1,152),(155,218100000000000000001,'IMPUESTOS TRASLADADOS POR COBRAR',1,2,'A',310,1,1,NULL),(156,218100100000000000002,'IVA NO COBRADO',1,2,'D',311,1,1,155),(157,218100200000000000002,'IEPS NO COBRADO',1,2,'D',312,1,1,155),(158,219000000000000000001,'ANTICIPOS DE CLIENTES',1,2,'A',298,1,1,NULL),(159,219000100000000000002,'SALCEDO CONSTRUCCION Y SUPERVICION SA DE',1,2,'D',299,1,1,158),(160,220000000000000000001,'CREDITOS HIPOTECARIOS',1,2,'A',366,1,1,NULL),(161,220000100000000000002,'CREDITO #',1,2,'D',373,1,1,160),(162,310000000000000000001,'CAPITAL SOCIAL',1,2,'A',420,1,1,NULL),(163,310000100000000000002,'CAPITAL SOCIAL FIJO',1,2,'D',421,1,1,162),(164,310000200000000000002,'CAPITAL SOCIAL VARIABLE',1,2,'D',422,1,1,162),(165,320000000000000000001,'RESERVA LEGAL',1,2,'A',430,1,1,NULL),(166,320000100000000000002,'RESERVA LEGAL',1,2,'D',431,1,1,165),(167,321000000000000000001,'RESERVA PARA REINVERSION',1,2,'A',441,1,1,NULL),(168,321000100000000000002,'RESERVA PARA REINVERSION',1,2,'D',442,1,1,167),(169,330000000000000000001,'RESULTADO DE EJERCICIOS ANTERIORES',1,2,'A',432,1,1,NULL),(170,330000100000000000002,'RESULTADO EJERCICIO #',1,2,'D',435,1,1,169),(171,340000000000000000001,'RESULTADO DEL EJERCICIO',1,2,'A',437,1,1,NULL),(172,340000100000000000002,'RESULTADO #',1,2,'D',440,1,1,171),(173,410000000000000000001,'INGRESOS',1,2,'A',444,1,1,NULL),(174,410000100000000000002,'INGRESOS GRAVADOS AL 16%',1,2,'D',445,1,1,173),(175,410000200000000000002,'INGRESOS GRAVADOS AL 0%',1,2,'D',448,1,1,173),(176,410000300000000000002,'INGRESOS EXENTOS',1,2,'D',451,1,1,173),(177,420000000000000000001,'DESCUENTOS Y DEVOLUCIONES SOBRE VENTAS',1,1,'A',483,1,1,NULL),(178,420000100000000000002,'DESCUENTOS Y DEVOLUCIONES I.V.A. AL 16%',1,1,'D',484,1,1,177),(179,420000200000000000002,'DESCUENTOS Y DEVOLUCIONES I.V.A. AL 0%',1,1,'D',485,1,1,177),(180,420000300000000000002,'DESCUENTOS Y DEVOLUCIONES EXENTAS IVA',1,1,'D',486,1,1,177),(181,430000000000000000001,'OTROS INGRESOS',1,1,'D',488,1,1,NULL),(182,430000100000000000002,'OTROS INGRESOS',1,1,'D',489,1,1,181),(183,430000200000000000002,'VENTAS SUBSIDIARIAS',1,2,'D',489,1,1,181),(184,500000000000000000001,'COSTO DE OBRA',1,1,'A',495,1,1,NULL),(185,500000100000000000002,'PLANOS TOPOGRAFICOS',1,1,'D',503,1,1,184),(186,500000200000000000002,'DEMOLICIONES Y EXCAVACIONES',1,1,'D',503,1,1,184),(187,500000300000000000002,'MATERIALES DIVERSOS',1,1,'D',498,1,1,184),(188,500000400000000000002,'CASETA DE OBRA',1,1,'D',503,1,1,184),(189,500000500000000000002,'SEGURIDAD',1,1,'D',503,1,1,184),(190,500000600000000000002,'ALBAÑILERIA',1,1,'D',503,1,1,184),(191,500000700000000000002,'CARPINTERIA',1,1,'D',503,1,1,184),(192,500000800000000000002,'HIDROSANITARIA',1,1,'D',503,1,1,184),(193,500000900000000000002,'HERRAMIENTA Y MAQUINARIA',1,1,'D',503,1,1,184),(194,500001000000000000002,'COSTOS INDIRECTOS',1,1,'D',502,1,1,184),(195,500100000000000000001,'COSTO DE VENTAS',1,1,'D',496,1,1,NULL),(196,500199900000000000002,'OBRA NO IDENTIFICADA',1,1,'D',496,1,1,195),(197,500200000000000000001,'COSTO DE OBRAS',1,1,'D',495,1,1,NULL),(198,610000000000000000001,'GASTOS DE VENTA',1,1,'A',626,1,1,NULL),(199,610000100000000000002,'SUELDOS Y SALARIOS',1,1,'D',627,1,1,198),(200,610000200000000000002,'ASIMILADOS A SALARIOS',1,1,'D',657,1,1,198),(201,610000300000000000002,'HORAS EXTRAS',1,1,'D',629,1,1,198),(202,610000400000000000002,'COMISIONES',1,1,'D',700,1,1,198),(203,610000500000000000002,'BONOS',1,1,'D',651,1,1,198),(204,610000600000000000002,'AGUINALDO',1,1,'D',638,1,1,198),(205,610000700000000000002,'VACACIONES',1,1,'D',632,1,1,198),(206,610000800000000000002,'PRIMA VACACIONAL',1,1,'D',633,1,1,198),(207,610000900000000000002,'PRIMA DE ANTIGÜEDAD',1,1,'D',637,1,1,198),(208,610001000000000000002,'PREVISION SOCIAL',1,1,'D',649,1,1,198),(209,610001100000000000002,'OTRAS PRESTACIONES',1,1,'D',651,1,1,198),(210,610001200000000000002,'PTU',1,1,'D',647,1,1,198),(211,610001300000000000002,'CURSOS Y BECAS',1,1,'D',688,1,1,198),(212,610001400000000000002,'VALES DE DESPENSA',1,1,'D',651,1,1,198),(213,610001500000000000002,'AYUDA DE COMEDOR',1,1,'D',651,1,1,198),(214,610001600000000000002,'FONDO DE AHORRO',1,1,'D',645,1,1,198),(215,610001700000000000002,'CUOTA I.M.S.S.',1,1,'D',652,1,1,198),(216,610001800000000000002,'APORTACIONES AL SAR',1,1,'D',654,1,1,198),(217,610001900000000000002,'APORTACIONES AL INFONAVIT',1,1,'D',653,1,1,198),(218,610002000000000000002,'IMPUESTO SOBRE NOMINA',1,1,'D',655,1,1,198),(219,610002100000000000002,'DESPENSA Y ART. ASEO PARA OFNA',1,1,'D',641,1,1,198),(220,610002200000000000002,'LIMPIEZA',1,1,'D',680,1,1,198),(221,610002300000000000002,'MANTTO. EQUIPO DE TRANSPORTE',1,1,'D',682,1,1,198),(222,610002400000000000002,'MANTTO. DE EQUIPO COMPUTO',1,1,'D',682,1,1,198),(223,610002500000000000002,'MANTTO. DE OFICINAS',1,1,'D',682,1,1,198),(224,610002600000000000002,'SEGUROS Y FIANZAS',1,1,'D',683,1,1,198),(225,610002700000000000002,'RENTA DE LOCALES',1,1,'D',710,1,1,198),(226,610002800000000000002,'RENTA DE EQUIPO',1,1,'D',710,1,1,198),(227,610002900000000000002,'PAPELERIA Y ARTICULOS PARA OFICINA',1,1,'D',681,1,1,198),(228,610003000000000000002,'HONORARIOS PERSONAS MORALES',1,1,'D',664,1,1,198),(229,610003100000000000002,'HONORARIOS PERSONAS FISICAS',1,1,'D',660,1,1,198),(230,610003200000000000002,'CUOTAS Y SUSCRIPCIONES',1,1,'D',686,1,1,198),(231,610003300000000000002,'DONATIVOS',1,1,'D',689,1,1,198),(232,610003400000000000002,'IMPUESTO PREDIAL',1,1,'D',704,1,1,198),(233,610003500000000000002,'RECARGOS FISCALES',1,1,'D',685,1,1,198),(234,610003600000000000002,'AGUA',1,1,'D',677,1,1,198),(235,610003700000000000002,'OTROS IMPUESTOS Y DERECHOS',1,1,'D',684,1,1,198),(236,610003800000000000002,'MENSAJERIA',1,1,'D',710,1,1,198),(237,610003900000000000002,'TELEFONOS',1,1,'D',676,1,1,198),(238,610004000000000000002,'INTERNET',1,1,'D',676,1,1,198),(239,610004100000000000002,'ENERGIA ELECTRICA',1,1,'D',678,1,1,198),(240,610004200000000000002,'VIGILANCIA',1,1,'D',679,1,1,198),(241,610004300000000000002,'COMBUSTIBLES Y LUBRICANTES',1,1,'D',674,1,1,198),(242,610004400000000000002,'BOLETOS DE AVION',1,1,'D',675,1,1,198),(243,610004500000000000002,'PASAJES Y TRANSPORTES LOCALES',1,1,'D',642,1,1,198),(244,610004600000000000002,'HOSPEDAJE',1,1,'D',675,1,1,198),(245,610004700000000000002,'ALIMENTACION',1,1,'D',675,1,1,198),(246,610004800000000000002,'OTROS GASTOS DE VIAJE',1,1,'D',675,1,1,198),(247,610004900000000000002,'FLETES Y ACARREOS',1,1,'D',698,1,1,198),(248,610005000000000000002,'PUBLICIDAD',1,1,'D',687,1,1,198),(249,610005100000000000002,'ARTICULOS PROMOCIONALES',1,1,'D',687,1,1,198),(250,610005200000000000002,'COMIDAS CON EL PERSONAL',1,1,'D',710,1,1,198),(251,610005300000000000002,'COMIDAS DE NEGOCIOS',1,1,'D',710,1,1,198),(252,610005400000000000002,'GASTOS DE FIN DE AÑO',1,1,'D',710,1,1,198),(253,610005500000000000002,'NO DEDUCIBLES',1,1,'D',709,1,1,198),(254,610005600000000000002,'OTROS GASTOS DE VENTA',1,1,'D',710,1,1,198),(255,610005700000000000002,'MATERIALES Y EQUIPO DE SEGURIDAD',1,1,'D',710,1,1,198),(256,610005800000000000002,'HERRAMIENTAS Y EQUIPO DE CONSTRUCCION',1,1,'D',710,1,1,198),(257,610005900000000000002,'VIATICOS Y GASTOS DE VIAJE',1,1,'D',675,1,1,198),(258,610006000000000000002,'RENTA DE EQUIPO',1,1,'D',710,1,1,198),(259,610006100000000000002,'MANTTO DE MAQUINARIA Y EQUIPO',1,1,'D',597,1,1,198),(260,620000000000000000001,'GASTOS DE ADMINISTRACIÓN',1,1,'A',711,1,1,NULL),(261,620000100000000000002,'SUELDOS Y SALARIOS',1,1,'D',712,1,1,260),(262,620000200000000000002,'ASIMILADOS A SALARIOS',1,1,'D',742,1,1,260),(263,620000300000000000002,'HORAS EXTRAS',1,1,'D',714,1,1,260),(264,620000400000000000002,'BONOS',1,1,'D',736,1,1,260),(265,620000500000000000002,'AGUINALDO',1,1,'D',723,1,1,260),(266,620000600000000000002,'VACACIONES',1,1,'D',717,1,1,260),(267,620000700000000000002,'PRIMA VACACIONAL',1,1,'D',718,1,1,260),(268,620000800000000000002,'PRIMA DE ANTIGÜEDAD',1,1,'D',722,1,1,260),(269,620000900000000000002,'PREVISION SOCIAL',1,1,'D',734,1,1,260),(270,620001000000000000002,'OTRAS PRESTACIONES',1,1,'D',736,1,1,260),(271,620001100000000000002,'PTU',1,1,'D',732,1,1,260),(272,620001200000000000002,'CURSOS Y BECAS',1,1,'D',773,1,1,260),(273,620001300000000000002,'VALES DE DESPENSA',1,1,'D',736,1,1,260),(274,620001400000000000002,'AYUDA DE COMEDOR',1,1,'D',736,1,1,260),(275,620001500000000000002,'FONDO DE AHORRO',1,1,'D',730,1,1,260),(276,620001600000000000002,'CUOTA I.M.S.S.',1,1,'D',737,1,1,260),(277,620001700000000000002,'APORTACIONES AL SAR',1,1,'D',739,1,1,260),(278,620001800000000000002,'APORTACIONES AL INFONAVIT',1,1,'D',738,1,1,260),(279,620001900000000000002,'IMPUESTO SOBRE NOMINA',1,1,'D',740,1,1,260),(280,620002000000000000002,'DESPENSA Y ART. ASEO PARA OFNA',1,1,'D',726,1,1,260),(281,620002100000000000002,'LIMPIEZA',1,1,'D',765,1,1,260),(282,620002200000000000002,'MANTTO. EQUIPO DE TRANSPORTE',1,1,'D',767,1,1,260),(283,620002300000000000002,'MANTTO. DE EQUIPO COMPUTO',1,1,'D',767,1,1,260),(284,620002400000000000002,'MANTTO. DE OFICINAS',1,1,'D',767,1,1,260),(285,620002500000000000002,'SEGUROS Y FIANZAS',1,1,'D',768,1,1,260),(286,620002600000000000002,'RENTA DE LOCALES',1,1,'D',793,1,1,260),(287,620002700000000000002,'RENTA DE EQUIPO',1,1,'D',793,1,1,260),(288,620002800000000000002,'PAPELERIA Y ARTICULOS PARA OFICINA',1,1,'D',766,1,1,260),(289,620002900000000000002,'HONORARIOS PERSONAS MORALES',1,1,'D',749,1,1,260),(290,620003000000000000002,'HONORARIOS PERSONAS FISICAS',1,1,'D',745,1,1,260),(291,620003100000000000002,'CUOTAS Y SUSCRIPCIONES',1,1,'D',771,1,1,260),(292,620003200000000000002,'DONATIVOS',1,1,'D',774,1,1,260),(293,620003300000000000002,'IMPUESTO PREDIAL',1,1,'D',787,1,1,260),(294,620003400000000000002,'RECARGOS FISCALES',1,1,'D',770,1,1,260),(295,620003500000000000002,'AGUA',1,1,'D',762,1,1,260),(296,620003600000000000002,'OTROS IMPUESTOS Y DERECHOS',1,1,'D',769,1,1,260),(297,620003700000000000002,'MENSAJERIA',1,1,'D',793,1,1,260),(298,620003800000000000002,'TELEFONOS',1,1,'D',761,1,1,260),(299,620003900000000000002,'INTERNET',1,1,'D',761,1,1,260),(300,620004000000000000002,'ENERGIA ELECTRICA',1,1,'D',763,1,1,260),(301,620004100000000000002,'VIGILANCIA',1,1,'D',764,1,1,260),(302,620004200000000000002,'COMBUSTIBLES Y LUBRICANTES',1,1,'D',759,1,1,260),(303,620004300000000000002,'BOLETOS DE AVION',1,1,'D',760,1,1,260),(304,620004400000000000002,'PASAJES Y TRANSPORTES LOCALES',1,1,'D',727,1,1,260),(305,620004500000000000002,'HOSPEDAJE',1,1,'D',760,1,1,260),(306,620004600000000000002,'ALIMENTACION',1,1,'D',760,1,1,260),(307,620004700000000000002,'OTROS GASTOS DE VIAJE',1,1,'D',760,1,1,260),(308,620004800000000000002,'FLETES Y ACARREOS',1,1,'D',783,1,1,260),(309,620004900000000000002,'PUBLICIDAD',1,1,'D',772,1,1,260),(310,620005000000000000002,'ARTICULOS PROMOCIONALES',1,1,'D',772,1,1,260),(311,620005100000000000002,'COMIDAS CON EL PERSONAL',1,1,'D',793,1,1,260),(312,620005200000000000002,'COMIDAS DE NEGOCIOS',1,1,'D',793,1,1,260),(313,620005300000000000002,'GASTOS DE FIN DE AÑO',1,1,'D',793,1,1,260),(314,620005400000000000002,'NO DEDUCIBLES',1,1,'D',792,1,1,260),(315,620005500000000000002,'OTROS GASTOS DE ADMINISTRACION',1,1,'D',793,1,1,260),(316,620005600000000000002,'OTROS GASTOS DE ADMINISTRACION',1,1,'D',793,1,1,260),(317,620005700000000000002,'MATERIALES Y EQUIPO DE DE SEGURIDAD',1,1,'D',793,1,1,260),(318,620005800000000000002,'HERRAMIENTA Y EQUIPO DE CONSTRUCCION',1,1,'D',793,1,1,260),(319,620005900000000000002,'VIATICOS Y GASTOS DE VIAJE',1,1,'D',760,1,1,260),(320,620006000000000000002,'GASTOS NOTARIALES',1,1,'D',793,1,1,260),(321,620006100000000000002,'CURSOS DE CAPACITACION Y ADIEST P/PERSON',1,1,'D',773,1,1,260),(322,620006200000000000002,'GTS DE ELICOPTERO.',1,1,'D',605,1,1,260),(323,630000000000000000001,'DEPRECIACION DE PLANTA Y EQUIPO',1,1,'A',924,1,1,NULL),(324,630000100000000000002,'DEPRECIACION DE EDIFICIOS',1,1,'D',925,1,1,323),(325,630000200000000000002,'DEPRECIACION EQUIPO DE TRANSPORTE',1,1,'D',927,1,1,323),(326,630000300000000000002,'DEPRECIACION EQUIPO DE COMPUTO',1,1,'D',929,1,1,323),(327,630000400000000000002,'DEPRECIACION DE EQUIPO DE OFICINA',1,1,'D',928,1,1,323),(328,640000000000000000001,'AMORTIZACION DE GASTOS DIFERIDOS',1,1,'A',943,1,1,NULL),(329,640000200000000000002,'AMORTIZACION DE GASTOS DE INSTALACION',1,1,'D',952,1,1,328),(330,650000000000000000001,'GASTOS GENERALES',1,1,'D',541,1,1,NULL),(331,650000100000000000002,'SUELDOS Y SALARIOS',1,1,'D',542,1,1,330),(332,650000200000000000002,'ASIMILADOS A SALARIOS',1,1,'D',572,1,1,330),(333,650000300000000000002,'HORAS EXTRAS',1,1,'D',714,1,1,330),(334,650000400000000000002,'COMISIONES',1,1,'D',566,1,1,330),(335,650000500000000000002,'BONOS',1,1,'D',551,1,1,330),(336,650000600000000000002,'AGUINALDO',1,1,'D',553,1,1,330),(337,650000700000000000002,'VACACIONES',1,1,'D',547,1,1,330),(338,650000800000000000002,'PRIMA VACACIONAL',1,1,'D',548,1,1,330),(339,650000900000000000002,'PRIMA DE ANTIGUEDAD',1,1,'D',552,1,1,330),(340,650001000000000000002,'PREVISION SOCIAL',1,1,'D',564,1,1,330),(341,650001100000000000002,'OTRAS PRESTACIONES',1,1,'D',566,1,1,330),(342,650001200000000000002,'PTU',1,1,'D',562,1,1,330),(343,650001300000000000002,'CURSOS Y BECAS',1,1,'D',603,1,1,330),(344,650001400000000000002,'VALES DE DESPENSA',1,1,'D',566,1,1,330),(345,650001500000000000002,'AYUDA DE COMEDOR',1,1,'D',566,1,1,330),(346,650001600000000000002,'FONDO DE AHORRO',1,1,'D',560,1,1,330),(347,650001700000000000002,'CUOTAS I.M.S.S.',1,1,'D',567,1,1,330),(348,650001800000000000002,'APORTACIONES AL RCV',1,1,'D',569,1,1,330),(349,650001900000000000002,'APORTACIONES AL INFONAVIT',1,1,'D',568,1,1,330),(350,650002000000000000002,'IMPUESTO SOBRE NOMINA',1,1,'D',570,1,1,330),(351,650002100000000000002,'DESPENSA Y ART PARA OFICINA',1,1,'D',556,1,1,330),(352,650002200000000000002,'LIMPIEZA',1,1,'D',595,1,1,330),(353,650002300000000000002,'MANTTO EQUIPO DE TRANSPORTE',1,1,'D',597,1,1,330),(354,650002400000000000002,'MANTTO EQUIPO DE COMPUTO',1,1,'D',597,1,1,330),(355,650002500000000000002,'MANTTO DE OFICINAS',1,1,'D',597,1,1,330),(356,650002600000000000002,'SEGUROS Y FIANZAS',1,1,'D',598,1,1,330),(357,650002700000000000002,'RENTA DE LOCALES Y/O OFICINAS',1,1,'D',625,1,1,330),(358,650002800000000000002,'RENTA DE EQUIPO',1,1,'D',625,1,1,330),(359,650002900000000000002,'PAPELERIA Y ART PARA OFICINA',1,1,'D',596,1,1,330),(360,650003000000000000002,'HONORARIOS PERSONAS MORALES',1,1,'D',579,1,1,330),(361,650003100000000000002,'HONORARIOS PERSONAS FISICAS',1,1,'D',575,1,1,330),(362,650003200000000000002,'CUOTAS Y SUSCRIPCIONES',1,1,'D',601,1,1,330),(363,650003300000000000002,'DONATIVOS',1,1,'D',604,1,1,330),(364,650003400000000000002,'IMPUESTO PREDIAL',1,1,'D',619,1,1,330),(365,650003500000000000002,'RECARGOS/MULTAS FISCALES',1,1,'D',600,1,1,330),(366,650003600000000000002,'AGUA',1,1,'D',592,1,1,330),(367,650003700000000000002,'OTROS IMPUESTOS Y DERECHOS',1,1,'D',599,1,1,330),(368,650003800000000000002,'MENSAJERIA Y PAQUETERIA',1,1,'D',625,1,1,330),(369,650003900000000000002,'TELEFONOS',1,1,'D',591,1,1,330),(370,650004000000000000002,'INTERNET',1,1,'D',591,1,1,330),(371,650004100000000000002,'ENERGIA ELECTRICA',1,1,'D',593,1,1,330),(372,650004200000000000002,'VIGILANCIA',1,1,'D',594,1,1,330),(373,650004300000000000002,'COMBUSTIBLES Y LUBRICANTES',1,1,'D',589,1,1,330),(374,650004400000000000002,'BOLETOS DE AVION',1,1,'D',590,1,1,330),(375,650004500000000000002,'PASAJES Y TRANSPORTES LOCALES',1,1,'D',590,1,1,330),(376,650004600000000000002,'HOSPEDAJE',1,1,'D',590,1,1,330),(377,650004700000000000002,'ALIMENTACION',1,1,'D',590,1,1,330),(378,650004800000000000002,'OTROS GASTOS DE VIAJE',1,1,'D',590,1,1,330),(379,650004900000000000002,'FLETES Y ACARREOS',1,1,'D',613,1,1,330),(380,650005000000000000002,'PUBLICIDAD',1,1,'D',602,1,1,330),(381,650005100000000000002,'ARTICULOS PROMOCIONALES',1,1,'D',602,1,1,330),(382,650005200000000000002,'COMIDAS CON EL PERSONAL',1,1,'D',625,1,1,330),(383,650005300000000000002,'COMIDAS DE NEGOCIOS',1,1,'D',625,1,1,330),(384,650005400000000000002,'GASTOS DE FIN DE AÑO',1,1,'D',625,1,1,330),(385,650005500000000000002,'NO DEDUCIBLES',1,1,'D',624,1,1,330),(386,650005600000000000002,'OTROS GASTOS GENERALES',1,1,'D',625,1,1,330),(387,650005700000000000002,'MATERIALES Y EQUIPO DE SEGURIDAD',1,1,'D',625,1,1,330),(388,650005800000000000002,'MATERIAL PARA LA CONSTRUCCION',1,1,'D',625,1,1,330),(389,650005900000000000002,'VIATICOS Y GASTOS DE VIAJE',1,1,'D',590,1,1,330),(390,650006000000000000002,'MANTTO DE MAQUINARIA Y EQUIPO',1,1,'D',597,1,1,330),(391,650006100000000000002,'UNIFORMES',1,1,'D',618,1,1,330),(392,650006200000000000002,'HERRAMIENTAS',1,1,'D',625,1,1,330),(393,710000000000000000001,'PRODUCTOS FINANCIEROS',1,2,'A',967,1,1,NULL),(394,710000100000000000002,'INTERESES GANADOS EN INVERSIONES',1,2,'D',971,1,1,393),(395,710000200000000000002,'INTERESES COBRADOS A CLIENTES',1,2,'D',977,1,1,393),(396,710000300000000000002,'UTILIDAD CAMBIARIA',1,2,'D',968,1,1,393),(397,710000400000000000002,'OTROS PRODUCTOS FINANCIEROS',1,2,'D',977,1,1,393),(398,720000000000000000001,'GASTOS FINANCIEROS',1,1,'A',955,1,1,NULL),(399,720000100000000000002,'INTERESES BANCARIOS A CARGO',1,1,'D',959,1,1,398),(400,720000200000000000002,'PERDIDA CAMBIARIA',1,1,'D',956,1,1,398),(401,720000300000000000002,'COMISION POR APERTURA DE CREDITOS',1,1,'D',965,1,1,398),(402,720000400000000000002,'COMISIONES BANCARIAS',1,1,'D',965,1,1,398),(403,720000500000000000002,'COMISIONES',1,1,'D',963,1,1,398),(404,730000000000000000001,'OTROS PRODUCTOS',1,2,'A',1000,1,1,NULL),(405,730000100000000000002,'EN VENTAS DE EQUIPO DE TRANSPORTE',1,2,'D',1004,1,1,404),(406,730000200000000000002,'OTROS PRODUCTOS',1,2,'D',1023,1,1,404),(407,740000000000000000001,'OTROS GASTOS',1,1,'A',978,1,1,NULL),(408,740000100000000000002,'PERDIDA EN VENTA DE EQUIPO DE TRANSPORTE',1,1,'D',982,1,1,407),(409,740000200000000000002,'OTROS GASTOS',1,1,'D',999,1,1,407),(410,810000000000000000001,'IMPUESTO SOBRE LA RENTA',1,1,'A',919,1,1,NULL),(411,810000100000000000002,'ISR',1,1,'D',920,1,1,410),(412,820000000000000000001,'PTU',1,1,'A',911,1,1,NULL),(413,820010000000000000002,'PTU',1,1,'D',912,1,1,412),(414,910000000000000000001,'CUENTAS DE ORDEN FISCALES DEUDORAS',1,1,'A',1024,1,1,NULL),(415,910000100000000000002,'UTILIDAD FISCAL NETA DEL EJERCICIO',1,1,'D',1026,1,1,414),(416,910000200000000000002,'CUFIN DEL EJERCICIO',1,1,'D',1029,1,1,414),(417,910000300000000000002,'CUFIN DE EJERCICIOS ANTERIORES',1,1,'D',1032,1,1,414),(418,910000400000000000002,'CUFINRE DEL EJERCICIO',1,1,'D',1035,1,1,414),(419,910000500000000000002,'CUFINRE DE EJERCICIOS ANTERIORES',1,1,'D',1038,1,1,414),(420,910000600000000000002,'CUCA DEL EJERCICIO',1,1,'D',1041,1,1,414),(421,910000700000000000002,'CUCA DE EJERCICIOS ANTERIORES',1,1,'D',1044,1,1,414),(422,910000800000000000002,'AJUSTE ANUAL POR INFLACIÓN ACUMULABLE',1,1,'D',1047,1,1,414),(423,910000900000000000002,'AJUSTE ANUAL POR INFLACIÓN DEDUCIBLE',1,1,'D',1050,1,1,414),(424,910001000000000000002,'DEPRECIACIÓN FISCAL APLICADA',1,1,'D',1053,1,1,414),(425,910001100000000000002,'UTILIDAD O PERD. FISCAL EN VTA DE ACT.',1,1,'D',1056,1,1,414),(426,910001200000000000002,'PÉRDIDAS FISCALES POR AMORTIZAR',1,1,'D',1062,1,1,414),(427,910001300000000000002,'OTRAS DEDUCCIONES FISCALES NO CONTABLES',1,1,'D',1074,1,1,414),(428,920000000000000000001,'CUENTAS DE ORDEN FISCALES ACREEDORAS',1,2,'A',1024,1,1,NULL),(429,920000100000000000002,'CONTRA CTA. UT. FISCAL NETA EL EJERCICIO',1,2,'D',1027,1,1,428),(430,920000200000000000002,'CONTRA CTA. CUFIN DEL EJERCICIO',1,2,'D',1030,1,1,428),(431,920000300000000000002,'CONTRA CTA. CUFIN DE EJER. ANTERIORES',1,2,'D',1033,1,1,428),(432,920000400000000000002,'CONTRA CTA. CUFINRE DEL EJER.',1,2,'D',1036,1,1,428),(433,920000500000000000002,'CONTRA CTA. CUFINRE DE EJER. ANTERIORES',1,2,'D',1039,1,1,428),(434,920000600000000000002,'CONTRA CTA. CUCA DEL EJERCICIO',1,2,'D',1042,1,1,428),(435,920000700000000000002,'CONTRA CTA. CUCA DE EJERCICIOS ANTERIORE',1,2,'D',1045,1,1,428),(436,920000800000000000002,'AJUSTE ANUAL POR INFLACIÓN ACUMULABLE',1,2,'D',1048,1,1,428),(437,920000900000000000002,'AJUSTE ANUAL POR INFLACIÓN DEDUCIBLE',1,2,'D',1051,1,1,428),(438,920001000000000000002,'CONTRA CTA. DEPRECIACIÓN FISCAL APLICADA',1,2,'D',1054,1,1,428),(439,920001100000000000002,'UTILIDAD O PERD. FISCAL EN VTA DE ACTIVO',1,2,'D',1057,1,1,428),(440,920001200000000000002,'CONTRA CTA. PÉRDIDAS FISCALES POR AMORT.',1,2,'D',1063,1,1,428),(441,920001300000000000002,'OTRAS DEDUCCIONES FISCALES NO CONTABLES',1,2,'D',1075,1,1,428);
/*!40000 ALTER TABLE `sharedcatalogs_account` ENABLE KEYS */;
UNLOCK TABLES;

--
-- Table structure for table `sharedcatalogs_bank`
--

DROP TABLE IF EXISTS `sharedcatalogs_bank`;
/*!40101 SET @saved_cs_client     = @@character_set_client */;
/*!40101 SET character_set_client = utf8 */;
CREATE TABLE `sharedcatalogs_bank` (
  `id` int(11) NOT NULL AUTO_INCREMENT,
  `name` varchar(2512) NOT NULL,
  `accounting_account_id` int(11) NOT NULL,
  `sat_bank_id` int(11) DEFAULT NULL,
  PRIMARY KEY (`id`),
  UNIQUE KEY `sat_bank_id` (`sat_bank_id`),
  KEY `SharedCatalogs_bank_accounting_account_i_0d3e7f28_fk_SharedCat` (`accounting_account_id`),
  CONSTRAINT `SharedCatalogs_bank_accounting_account_i_0d3e7f28_fk_SharedCat` FOREIGN KEY (`accounting_account_id`) REFERENCES `sharedcatalogs_account` (`id`),
  CONSTRAINT `SharedCatalogs_bank_sat_bank_id_12e818e4_fk_SharedCat` FOREIGN KEY (`sat_bank_id`) REFERENCES `sharedcatalogs_satbank` (`id`)
) ENGINE=InnoDB AUTO_INCREMENT=3 DEFAULT CHARSET=utf8;
/*!40101 SET character_set_client = @saved_cs_client */;

--
-- Dumping data for table `sharedcatalogs_bank`
--

LOCK TABLES `sharedcatalogs_bank` WRITE;
/*!40000 ALTER TABLE `sharedcatalogs_bank` DISABLE KEYS */;
INSERT INTO `sharedcatalogs_bank` VALUES (1,'Bancomer',4,4),(2,'Santander',6,5);
/*!40000 ALTER TABLE `sharedcatalogs_bank` ENABLE KEYS */;
UNLOCK TABLES;

--
-- Table structure for table `sharedcatalogs_estado`
--

DROP TABLE IF EXISTS `sharedcatalogs_estado`;
/*!40101 SET @saved_cs_client     = @@character_set_client */;
/*!40101 SET character_set_client = utf8 */;
CREATE TABLE `sharedcatalogs_estado` (
  `id` int(11) NOT NULL AUTO_INCREMENT,
  `nombreEstado` varchar(200) NOT NULL,
  `latitud` double NOT NULL,
  `longitud` double NOT NULL,
  `pais_id` int(11) NOT NULL,
  PRIMARY KEY (`id`),
  KEY `ERP_estado_847ec16e` (`pais_id`),
  CONSTRAINT `ERP_estado_pais_id_eb07b34f_fk_ERP_pais_id` FOREIGN KEY (`pais_id`) REFERENCES `sharedcatalogs_pais` (`id`)
) ENGINE=InnoDB AUTO_INCREMENT=17 DEFAULT CHARSET=latin1;
/*!40101 SET character_set_client = @saved_cs_client */;

--
-- Dumping data for table `sharedcatalogs_estado`
--

LOCK TABLES `sharedcatalogs_estado` WRITE;
/*!40000 ALTER TABLE `sharedcatalogs_estado` DISABLE KEYS */;
INSERT INTO `sharedcatalogs_estado` VALUES (15,'Estado de México',99.0228,-100.234,1),(16,'Jalisco',6,6,1);
/*!40000 ALTER TABLE `sharedcatalogs_estado` ENABLE KEYS */;
UNLOCK TABLES;

--
-- Table structure for table `sharedcatalogs_groupingcode`
--

DROP TABLE IF EXISTS `sharedcatalogs_groupingcode`;
/*!40101 SET @saved_cs_client     = @@character_set_client */;
/*!40101 SET character_set_client = utf8 */;
CREATE TABLE `sharedcatalogs_groupingcode` (
  `id` int(11) NOT NULL AUTO_INCREMENT,
  `level` varchar(5) NOT NULL,
  `grouping_code` decimal(20,2) NOT NULL,
  `account_name` varchar(500) NOT NULL,
  PRIMARY KEY (`id`)
) ENGINE=InnoDB AUTO_INCREMENT=1076 DEFAULT CHARSET=utf8;
/*!40101 SET character_set_client = @saved_cs_client */;

--
-- Dumping data for table `sharedcatalogs_groupingcode`
--

LOCK TABLES `sharedcatalogs_groupingcode` WRITE;
/*!40000 ALTER TABLE `sharedcatalogs_groupingcode` DISABLE KEYS */;
INSERT INTO `sharedcatalogs_groupingcode` VALUES (1,'0',100.00,'Activo'),(2,'0',100.01,'Activo a corto plazo'),(3,'1',101.00,'Caja'),(4,'2',101.01,'Caja y efectivo'),(5,'1',102.00,'Bancos'),(6,'2',102.01,'Bancos nacionales'),(7,'2',102.02,'Bancos extranjeros'),(8,'1',103.00,'Inversiones'),(9,'2',103.01,'Inversiones temporales'),(10,'2',103.02,'Inversiones en fideicomisos'),(11,'2',103.03,'Otras inversiones'),(12,'1',104.00,'Otros instrumentos financieros'),(13,'2',104.01,'Otros instrumentos financieros'),(14,'1',105.00,'Clientes'),(15,'2',105.01,'Clientes nacionales'),(16,'2',105.02,'Clientes extranjeros'),(17,'2',105.03,'Clientes nacionales parte relacionada'),(18,'2',105.04,'Clientes extranjeros parte relacionada'),(19,'1',106.00,'Cuentas y documentos por cobrar a corto plazo'),(20,'2',106.01,'Cuentas y documentos por cobrar a corto plazo nacional'),(21,'2',106.02,'Cuentas y documentos por cobrar a corto plazo extranjero'),(22,'2',106.03,'Cuentas y documentos por cobrar a corto plazo nacional parte relacionada'),(23,'2',106.04,'Cuentas y documentos por cobrar a corto plazo extranjero parte relacionada'),(24,'2',106.05,'Intereses por cobrar a corto plazo nacional'),(25,'2',106.06,'Intereses por cobrar a corto plazo extranjero'),(26,'2',106.07,'Intereses por cobrar a corto plazo nacional parte relacionada'),(27,'2',106.08,'Intereses por cobrar a corto plazo extranjero parte relacionada'),(28,'2',106.09,'Otras cuentas y documentos por cobrar a corto plazo'),(29,'2',106.10,'Otras cuentas y documentos por cobrar a corto plazo parte relacionada'),(30,'1',107.00,'Deudores diversos'),(31,'2',107.01,'Funcionarios y empleados'),(32,'2',107.02,'Socios y accionistas'),(33,'2',107.03,'Partes relacionadas nacionales'),(34,'2',107.04,'Partes relacionadas extranjeros'),(35,'2',107.05,'Otros deudores diversos'),(36,'1',108.00,'Estimación de cuentas incobrables'),(37,'2',108.01,'Estimación de cuentas incobrables nacional'),(38,'2',108.02,'Estimación de cuentas incobrables extranjero'),(39,'2',108.03,'Estimación de cuentas incobrables nacional parte relacionada'),(40,'2',108.04,'Estimación de cuentas incobrables extranjero parte relacionada'),(41,'1',109.00,'Pagos anticipados'),(42,'2',109.01,'Seguros y fianzas pagados por anticipado nacional'),(43,'2',109.02,'Seguros y fianzas pagados por anticipado extranjero'),(44,'2',109.03,'Seguros y fianzas pagados por anticipado nacional parte relacionada'),(45,'2',109.04,'Seguros y fianzas pagados por anticipado extranjero parte relacionada'),(46,'2',109.05,'Rentas pagados por anticipado nacional'),(47,'2',109.06,'Rentas pagados por anticipado extranjero'),(48,'2',109.07,'Rentas pagados por anticipado nacional parte relacionada'),(49,'2',109.08,'Rentas pagados por anticipado extranjero parte relacionada'),(50,'2',109.09,'Intereses pagados por anticipado nacional'),(51,'2',109.10,'Intereses pagados por anticipado extranjero'),(52,'2',109.11,'Intereses pagados por anticipado nacional parte relacionada'),(53,'2',109.12,'Intereses pagados por anticipado extranjero parte relacionada'),(54,'2',109.13,'Factoraje financiero pagados por anticipado nacional'),(55,'2',109.14,'Factoraje financiero pagados por anticipado extranjero'),(56,'2',109.15,'Factoraje financiero pagados por anticipado nacional parte relacionada'),(57,'2',109.16,'Factoraje financiero pagados por anticipado extranjero parte relacionada'),(58,'2',109.17,'Arrendamiento financiero pagados por anticipado nacional'),(59,'2',109.18,'Arrendamiento financiero pagados por anticipado extranjero'),(60,'2',109.19,'Arrendamiento financiero pagados por anticipado nacional parte relacionada'),(61,'2',109.20,'Arrendamiento financiero pagados por anticipado extranjero parte relacionada'),(62,'2',109.21,'Pérdida por deterioro de pagos anticipados'),(63,'2',109.22,'Derechos fiduciarios'),(64,'2',109.23,'Otros pagos anticipados'),(65,'1',110.00,'Subsidio al empleo por aplicar'),(66,'2',110.01,'Subsidio al empleo por aplicar'),(67,'1',111.00,'Crédito al diesel por acreditar'),(68,'2',111.01,'Crédito al diesel por acreditar'),(69,'1',112.00,'Otros estímulos'),(70,'2',112.01,'Otros estímulos'),(71,'1',113.00,'Impuestos a favor'),(72,'2',113.01,'IVA a favor'),(73,'2',113.02,'ISR a favor'),(74,'2',113.03,'IETU a favor'),(75,'2',113.04,'IDE a favor'),(76,'2',113.05,'IA a favor'),(77,'2',113.06,'Subsidio al empleo'),(78,'2',113.07,'Pago de lo indebido'),(79,'2',113.08,'Otros impuestos a favor'),(80,'1',114.00,'Pagos provisionales'),(81,'2',114.01,'Pagos provisionales de ISR'),(82,'1',115.00,'Inventario'),(83,'2',115.01,'Inventario'),(84,'2',115.02,'Materia prima y materiales'),(85,'2',115.03,'Producción en proceso'),(86,'2',115.04,'Productos terminados'),(87,'2',115.05,'Mercancías en tránsito'),(88,'2',115.06,'Mercancías en poder de terceros'),(89,'2',115.07,'Otros'),(90,'1',116.00,'Estimación de inventarios obsoletos y de lento movimiento'),(91,'2',116.01,'Estimación de inventarios obsoletos y de lento movimiento'),(92,'1',117.00,'Obras en proceso de inmuebles'),(93,'2',117.01,'Obras en proceso de inmuebles'),(94,'1',118.00,'Impuestos acreditables pagados'),(95,'2',118.01,'IVA acreditable pagado'),(96,'2',118.02,'IVA acreditable de importación pagado'),(97,'2',118.03,'IEPS acreditable pagado'),(98,'2',118.04,'IEPS pagado en importación'),(99,'1',119.00,'Impuestos acreditables por pagar'),(100,'2',119.01,'IVA pendiente de pago'),(101,'2',119.02,'IVA de importación pendiente de pago'),(102,'2',119.03,'IEPS pendiente de pago'),(103,'2',119.04,'IEPS pendiente de pago en importación'),(104,'1',120.00,'Anticipo a proveedores'),(105,'2',120.01,'Anticipo a proveedores nacional'),(106,'2',120.02,'Anticipo a proveedores extranjero'),(107,'2',120.03,'Anticipo a proveedores nacional parte relacionada'),(108,'2',120.04,'Anticipo a proveedores extranjero parte relacionada'),(109,'1',121.00,'Otros activos a corto plazo'),(110,'2',121.01,'Otros activos a corto plazo'),(111,'0',100.02,'Activo a largo plazo'),(112,'1',151.00,'Terrenos'),(113,'2',151.01,'Terrenos'),(114,'1',152.00,'Edificios'),(115,'2',152.01,'Edificios'),(116,'1',153.00,'Maquinaria y equipo'),(117,'2',153.01,'Maquinaria y equipo'),(118,'1',154.00,'Automóviles, autobuses, camiones de carga, tractocamiones, montacargas y remolques'),(119,'2',154.01,'Automóviles, autobuses, camiones de carga, tractocamiones, montacargas y remolques'),(120,'1',155.00,'Mobiliario y equipo de oficina'),(121,'2',155.01,'Mobiliario y equipo de oficina'),(122,'1',156.00,'Equipo de cómputo'),(123,'2',156.01,'Equipo de cómputo'),(124,'1',157.00,'Equipo de comunicación'),(125,'2',157.01,'Equipo de comunicación'),(126,'1',158.00,'Activos biológicos, vegetales y semovientes'),(127,'2',158.01,'Activos biológicos, vegetales y semovientes'),(128,'1',159.00,'Obras en proceso de activos fijos'),(129,'2',159.01,'Obras en proceso de activos fijos'),(130,'1',160.00,'Otros activos fijos'),(131,'2',160.01,'Otros activos fijos'),(132,'1',161.00,'Ferrocarriles'),(133,'2',161.01,'Ferrocarriles'),(134,'1',162.00,'Embarcaciones'),(135,'2',162.01,'Embarcaciones'),(136,'1',163.00,'Aviones'),(137,'2',163.01,'Aviones'),(138,'1',164.00,'Troqueles, moldes, matrices y herramental'),(139,'2',164.01,'Troqueles, moldes, matrices y herramental'),(140,'1',165.00,'Equipo de comunicaciones telefónicas'),(141,'2',165.01,'Equipo de comunicaciones telefónicas'),(142,'1',166.00,'Equipo de comunicación satelital'),(143,'2',166.01,'Equipo de comunicación satelital'),(144,'1',167.00,'Equipo de adaptaciones para personas con capacidades diferentes'),(145,'2',167.01,'Equipo de adaptaciones para personas con capacidades diferentes'),(146,'1',168.00,'Maquinaria y equipo de generación de energía de fuentes renovables o de sistemas de cogeneración de electricidad eficiente'),(147,'2',168.01,'Maquinaria y equipo de generación de energía de fuentes renovables o de sistemas de cogeneración de electricidad eficiente'),(148,'1',169.00,'Otra maquinaria y equipo'),(149,'2',169.01,'Otra maquinaria y equipo'),(150,'1',170.00,'Adaptaciones y mejoras'),(151,'2',170.01,'Adaptaciones y mejoras'),(152,'1',171.00,'Depreciación acumulada de activos fijos'),(153,'2',171.01,'Depreciación acumulada de edificios'),(154,'2',171.02,'Depreciación acumulada de maquinaria y equipo'),(155,'2',171.03,'Depreciación acumulada de automóviles, autobuses, camiones de carga, tractocamiones, montacargas y remolques'),(156,'2',171.04,'Depreciación acumulada de mobiliario y equipo de oficina'),(157,'2',171.05,'Depreciación acumulada de equipo de cómputo'),(158,'2',171.06,'Depreciación acumulada de equipo de comunicación'),(159,'2',171.07,'Depreciación acumulada de activos biológicos, vegetales y semovientes'),(160,'2',171.08,'Depreciación acumulada de otros activos fijos'),(161,'2',171.09,'Depreciación acumulada de ferrocarriles'),(162,'2',171.10,'Depreciación acumulada de embarcaciones'),(163,'2',171.11,'Depreciación acumulada de aviones'),(164,'2',171.12,'Depreciación acumulada de troqueles, moldes, matrices y herramental'),(165,'2',171.13,'Depreciación acumulada de equipo de comunicaciones telefónicas'),(166,'2',171.14,'Depreciación acumulada de equipo de comunicación satelital'),(167,'2',171.15,'Depreciación acumulada de equipo de adaptaciones para personas con capacidades diferentes'),(168,'2',171.16,'Depreciación acumulada de maquinaria y equipo de generación de energía de fuentes renovables o de sistemas de cogeneración de electricidad eficiente'),(169,'2',171.17,'Depreciación acumulada de adaptaciones y mejoras'),(170,'2',171.18,'Depreciación acumulada de otra maquinaria y equipo'),(171,'1',172.00,'Pérdida por deterioro acumulado de activos fijos'),(172,'2',172.01,'Pérdida por deterioro acumulado de edificios'),(173,'2',172.02,'Pérdida por deterioro acumulado de maquinaria y equipo'),(174,'2',172.03,'Pérdida por deterioro acumulado de automóviles, autobuses, camiones de carga, tractocamiones, montacargas y remolques'),(175,'2',172.04,'Pérdida por deterioro acumulado de mobiliario y equipo de oficina'),(176,'2',172.05,'Pérdida por deterioro acumulado de equipo de cómputo'),(177,'2',172.06,'Pérdida por deterioro acumulado de equipo de comunicación'),(178,'2',172.07,'Pérdida por deterioro acumulado de activos biológicos, vegetales y semovientes'),(179,'2',172.08,'Pérdida por deterioro acumulado de otros activos fijos'),(180,'2',172.09,'Pérdida por deterioro acumulado de ferrocarriles'),(181,'2',172.10,'Pérdida por deterioro acumulado de embarcaciones'),(182,'2',172.11,'Pérdida por deterioro acumulado de aviones'),(183,'2',172.12,'Pérdida por deterioro acumulado de troqueles, moldes, matrices y herramental'),(184,'2',172.13,'Pérdida por deterioro acumulado de equipo de comunicaciones telefónicas'),(185,'2',172.14,'Pérdida por deterioro acumulado de equipo de comunicación satelital'),(186,'2',172.15,'Pérdida por deterioro acumulado de equipo de adaptaciones para personas con capacidades diferentes'),(187,'2',172.16,'Pérdida por deterioro acumulado de maquinaria y equipo de generación de energía de fuentes renovables o de sistemas de cogeneración de electricidad eficiente'),(188,'2',172.17,'Pérdida por deterioro acumulado de adaptaciones y mejoras'),(189,'2',172.18,'Pérdida por deterioro acumulado de otra maquinaria y equipo'),(190,'1',173.00,'Gastos diferidos'),(191,'2',173.01,'Gastos diferidos'),(192,'1',174.00,'Gastos pre operativos'),(193,'2',174.01,'Gastos pre operativos'),(194,'1',175.00,'Regalías, asistencia técnica y otros gastos diferidos'),(195,'2',175.01,'Regalías, asistencia técnica y otros gastos diferidos'),(196,'1',176.00,'Activos intangibles'),(197,'2',176.01,'Activos intangibles'),(198,'1',177.00,'Gastos de organización'),(199,'2',177.01,'Gastos de organización'),(200,'1',178.00,'Investigación y desarrollo de mercado'),(201,'2',178.01,'Investigación y desarrollo de mercado'),(202,'1',179.00,'Marcas y patentes'),(203,'2',179.01,'Marcas y patentes'),(204,'1',180.00,'Crédito mercantil'),(205,'2',180.01,'Crédito mercantil'),(206,'1',181.00,'Gastos de instalación'),(207,'2',181.01,'Gastos de instalación'),(208,'1',182.00,'Otros activos diferidos'),(209,'2',182.01,'Otros activos diferidos'),(210,'1',183.00,'Amortización acumulada de activos diferidos'),(211,'2',183.01,'Amortización acumulada de gastos diferidos'),(212,'2',183.02,'Amortización acumulada de gastos pre operativos'),(213,'2',183.03,'Amortización acumulada de regalías, asistencia técnica y otros gastos diferidos'),(214,'2',183.04,'Amortización acumulada de activos intangibles'),(215,'2',183.05,'Amortización acumulada de gastos de organización'),(216,'2',183.06,'Amortización acumulada de investigación y desarrollo de mercado'),(217,'2',183.07,'Amortización acumulada de marcas y patentes'),(218,'2',183.08,'Amortización acumulada de crédito mercantil'),(219,'2',183.09,'Amortización acumulada de gastos de instalación'),(220,'2',183.10,'Amortización acumulada de otros activos diferidos'),(221,'1',184.00,'Depósitos en garantía'),(222,'2',184.01,'Depósitos de fianzas'),(223,'2',184.02,'Depósitos de arrendamiento de bienes inmuebles'),(224,'2',184.03,'Otros depósitos en garantía'),(225,'1',185.00,'Impuestos diferidos'),(226,'2',185.01,'Impuestos diferidos ISR'),(227,'1',186.00,'Cuentas y documentos por cobrar a largo plazo'),(228,'2',186.01,'Cuentas y documentos por cobrar a largo plazo nacional'),(229,'2',186.02,'Cuentas y documentos por cobrar a largo plazo extranjero'),(230,'2',186.03,'Cuentas y documentos por cobrar a largo plazo nacional parte relacionada'),(231,'2',186.04,'Cuentas y documentos por cobrar a largo plazo extranjero parte relacionada'),(232,'2',186.05,'Intereses por cobrar a largo plazo nacional'),(233,'2',186.06,'Intereses por cobrar a largo plazo extranjero'),(234,'2',186.07,'Intereses por cobrar a largo plazo nacional parte relacionada'),(235,'2',186.08,'Intereses por cobrar a largo plazo extranjero parte relacionada'),(236,'2',186.09,'Otras cuentas y documentos por cobrar a largo plazo'),(237,'2',186.10,'Otras cuentas y documentos por cobrar a largo plazo parte relacionada'),(238,'1',187.00,'Participación de los trabajadores en las utilidades diferidas'),(239,'2',187.01,'Participación de los trabajadores en las utilidades diferidas'),(240,'1',188.00,'Inversiones permanentes en acciones'),(241,'2',188.01,'Inversiones a largo plazo en subsidiarias'),(242,'2',188.02,'Inversiones a largo plazo en asociadas'),(243,'2',188.03,'Otras inversiones permanentes en acciones'),(244,'1',189.00,'Estimación por deterioro de inversiones permanentes en acciones'),(245,'2',189.01,'Estimación por deterioro de inversiones permanentes en acciones'),(246,'1',190.00,'Otros instrumentos financieros'),(247,'2',190.01,'Otros instrumentos financieros'),(248,'1',191.00,'Otros activos a largo plazo'),(249,'2',191.01,'Otros activos a largo plazo'),(250,'0',200.00,'Pasivo'),(251,'0',200.01,'Pasivo a corto plazo'),(252,'1',201.00,'Proveedores'),(253,'2',201.01,'Proveedores nacionales'),(254,'2',201.02,'Proveedores extranjeros'),(255,'2',201.03,'Proveedores nacionales parte relacionada'),(256,'2',201.04,'Proveedores extranjeros parte relacionada'),(257,'1',202.00,'Cuentas por pagar a corto plazo'),(258,'2',202.01,'Documentos por pagar bancario y financiero nacional'),(259,'2',202.02,'Documentos por pagar bancario y financiero extranjero'),(260,'2',202.03,'Documentos y cuentas por pagar a corto plazo nacional'),(261,'2',202.04,'Documentos y cuentas por pagar a corto plazo extranjero'),(262,'2',202.05,'Documentos y cuentas por pagar a corto plazo nacional parte relacionada'),(263,'2',202.06,'Documentos y cuentas por pagar a corto plazo extranjero parte relacionada'),(264,'2',202.07,'Intereses por pagar a corto plazo nacional'),(265,'2',202.08,'Intereses por pagar a corto plazo extranjero'),(266,'2',202.09,'Intereses por pagar a corto plazo nacional parte relacionada'),(267,'2',202.10,'Intereses por pagar a corto plazo extranjero parte relacionada'),(268,'2',202.11,'Dividendo por pagar nacional'),(269,'2',202.12,'Dividendo por pagar extranjero'),(270,'1',203.00,'Cobros anticipados a corto plazo'),(271,'2',203.01,'Rentas cobradas por anticipado a corto plazo nacional'),(272,'2',203.02,'Rentas cobradas por anticipado a corto plazo extranjero'),(273,'2',203.03,'Rentas cobradas por anticipado a corto plazo nacional parte relacionada'),(274,'2',203.04,'Rentas cobradas por anticipado a corto plazo extranjero parte relacionada'),(275,'2',203.05,'Intereses cobrados por anticipado a corto plazo nacional'),(276,'2',203.06,'Intereses cobrados por anticipado a corto plazo extranjero'),(277,'2',203.07,'Intereses cobrados por anticipado a corto plazo nacional parte relacionada'),(278,'2',203.08,'Intereses cobrados por anticipado a corto plazo extranjero parte relacionada'),(279,'2',203.09,'Factoraje financiero cobrados por anticipado a corto plazo nacional'),(280,'2',203.10,'Factoraje financiero cobrados por anticipado a corto plazo extranjero'),(281,'2',203.11,'Factoraje financiero cobrados por anticipado a corto plazo nacional parte relacionada'),(282,'2',203.12,'Factoraje financiero cobrados por anticipado a corto plazo extranjero parte relacionada'),(283,'2',203.13,'Arrendamiento financiero cobrados por anticipado a corto plazo nacional'),(284,'2',203.14,'Arrendamiento financiero cobrados por anticipado a corto plazo extranjero'),(285,'2',203.15,'Arrendamiento financiero cobrados por anticipado a corto plazo nacional parte relacionada'),(286,'2',203.16,'Arrendamiento financiero cobrados por anticipado a corto plazo extranjero parte relacionada'),(287,'2',203.17,'Derechos fiduciarios'),(288,'2',203.18,'Otros cobros anticipados'),(289,'1',204.00,'Instrumentos financieros a corto plazo'),(290,'2',204.01,'Instrumentos financieros a corto plazo'),(291,'1',205.00,'Acreedores diversos a corto plazo'),(292,'2',205.01,'Socios, accionistas o representante legal'),(293,'2',205.02,'Acreedores diversos a corto plazo nacional'),(294,'2',205.03,'Acreedores diversos a corto plazo extranjero'),(295,'2',205.04,'Acreedores diversos a corto plazo nacional parte relacionada'),(296,'2',205.05,'Acreedores diversos a corto plazo extranjero parte relacionada'),(297,'2',205.06,'Otros acreedores diversos a corto plazo'),(298,'1',206.00,'Anticipo de cliente'),(299,'2',206.01,'Anticipo de cliente nacional'),(300,'2',206.02,'Anticipo de cliente extranjero'),(301,'2',206.03,'Anticipo de cliente nacional parte relacionada'),(302,'2',206.04,'Anticipo de cliente extranjero parte relacionada'),(303,'2',206.05,'Otros anticipos de clientes'),(304,'1',207.00,'Impuestos trasladados'),(305,'2',207.01,'IVA trasladado'),(306,'2',207.02,'IEPS trasladado'),(307,'1',208.00,'Impuestos trasladados cobrados'),(308,'2',208.01,'IVA trasladado cobrado'),(309,'2',208.02,'IEPS trasladado cobrado'),(310,'1',209.00,'Impuestos trasladados no cobrados'),(311,'2',209.01,'IVA trasladado no cobrado'),(312,'2',209.02,'IEPS trasladado no cobrado'),(313,'1',210.00,'Provisión de sueldos y salarios por pagar'),(314,'2',210.01,'Provisión de sueldos y salarios por pagar'),(315,'2',210.02,'Provisión de vacaciones por pagar'),(316,'2',210.03,'Provisión de aguinaldo por pagar'),(317,'2',210.04,'Provisión de fondo de ahorro por pagar'),(318,'2',210.05,'Provisión de asimilados a salarios por pagar'),(319,'2',210.06,'Provisión de anticipos o remanentes por distribuir'),(320,'2',210.07,'Provisión de otros sueldos y salarios por pagar'),(321,'1',211.00,'Provisión de contribuciones de seguridad social por pagar'),(322,'2',211.01,'Provisión de IMSS patronal por pagar'),(323,'2',211.02,'Provisión de SAR por pagar'),(324,'2',211.03,'Provisión de infonavit por pagar'),(325,'1',212.00,'Provisión de impuesto estatal sobre nómina por pagar'),(326,'2',212.01,'Provisión de impuesto estatal sobre nómina por pagar'),(327,'1',213.00,'Impuestos y derechos por pagar'),(328,'2',213.01,'IVA por pagar'),(329,'2',213.02,'IEPS por pagar'),(330,'2',213.03,'ISR por pagar'),(331,'2',213.04,'Impuesto estatal sobre nómina por pagar'),(332,'2',213.05,'Impuesto estatal y municipal por pagar'),(333,'2',213.06,'Derechos por pagar'),(334,'2',213.07,'Otros impuestos por pagar'),(335,'1',214.00,'Dividendos por pagar'),(336,'2',214.01,'Dividendos por pagar'),(337,'1',215.00,'PTU por pagar'),(338,'2',215.01,'PTU por pagar'),(339,'2',215.02,'PTU por pagar de ejercicios anteriores'),(340,'2',215.03,'Provisión de PTU por pagar'),(341,'1',216.00,'Impuestos retenidos'),(342,'2',216.01,'Impuestos retenidos de ISR por sueldos y salarios'),(343,'2',216.02,'Impuestos retenidos de ISR por asimilados a salarios'),(344,'2',216.03,'Impuestos retenidos de ISR por arrendamiento'),(345,'2',216.04,'Impuestos retenidos de ISR por servicios profesionales'),(346,'2',216.05,'Impuestos retenidos de ISR por dividendos'),(347,'2',216.06,'Impuestos retenidos de ISR por intereses'),(348,'2',216.07,'Impuestos retenidos de ISR por pagos al extranjero'),(349,'2',216.08,'Impuestos retenidos de ISR por venta de acciones'),(350,'2',216.09,'Impuestos retenidos de ISR por venta de partes sociales'),(351,'2',216.10,'Impuestos retenidos de IVA'),(352,'2',216.11,'Retenciones de IMSS a los trabajadores'),(353,'2',216.12,'Otras impuestos retenidos'),(354,'1',217.00,'Pagos realizados por cuenta de terceros'),(355,'2',217.01,'Pagos realizados por cuenta de terceros'),(356,'1',218.00,'Otros pasivos a corto plazo'),(357,'2',218.01,'Otros pasivos a corto plazo'),(358,'0',200.02,'Pasivo a largo plazo'),(359,'1',251.00,'Acreedores diversos a largo plazo'),(360,'2',251.01,'Socios, accionistas o representante legal'),(361,'2',251.02,'Acreedores diversos a largo plazo nacional'),(362,'2',251.03,'Acreedores diversos a largo plazo extranjero'),(363,'2',251.04,'Acreedores diversos a largo plazo nacional parte relacionada'),(364,'2',251.05,'Acreedores diversos a largo plazo extranjero parte relacionada'),(365,'2',251.06,'Otros acreedores diversos a largo plazo'),(366,'1',252.00,'Cuentas por pagar a largo plazo'),(367,'2',252.01,'Documentos bancarios y financieros por pagar a largo plazo nacional'),(368,'2',252.02,'Documentos bancarios y financieros por pagar a largo plazo extranjero'),(369,'2',252.03,'Documentos y cuentas por pagar a largo plazo nacional'),(370,'2',252.04,'Documentos y cuentas por pagar a largo plazo extranjero'),(371,'2',252.05,'Documentos y cuentas por pagar a largo plazo nacional parte relacionada'),(372,'2',252.06,'Documentos y cuentas por pagar a largo plazo extranjero parte relacionada'),(373,'2',252.07,'Hipotecas por pagar a largo plazo nacional'),(374,'2',252.08,'Hipotecas por pagar a largo plazo extranjero'),(375,'2',252.09,'Hipotecas por pagar a largo plazo nacional parte relacionada'),(376,'2',252.10,'Hipotecas por pagar a largo plazo extranjero parte relacionada'),(377,'2',252.11,'Intereses por pagar a largo plazo nacional'),(378,'2',252.12,'Intereses por pagar a largo plazo extranjero'),(379,'2',252.13,'Intereses por pagar a largo plazo nacional parte relacionada'),(380,'2',252.14,'Intereses por pagar a largo plazo extranjero parte relacionada'),(381,'2',252.15,'Dividendos por pagar nacionales'),(382,'2',252.16,'Dividendos por pagar extranjeros'),(383,'2',252.17,'Otras cuentas y documentos por pagar a largo plazo'),(384,'1',253.00,'Cobros anticipados a largo plazo'),(385,'2',253.01,'Rentas cobradas por anticipado a largo plazo nacional'),(386,'2',253.02,'Rentas cobradas por anticipado a largo plazo extranjero'),(387,'2',253.03,'Rentas cobradas por anticipado a largo plazo nacional parte relacionada'),(388,'2',253.04,'Rentas cobradas por anticipado a largo plazo extranjero parte relacionada'),(389,'2',253.05,'Intereses cobrados por anticipado a largo plazo nacional'),(390,'2',253.06,'Intereses cobrados por anticipado a largo plazo extranjero'),(391,'2',253.07,'Intereses cobrados por anticipado a largo plazo nacional parte relacionada'),(392,'2',253.08,'Intereses cobrados por anticipado a largo plazo extranjero parte relacionada'),(393,'2',253.09,'Factoraje financiero cobrados por anticipado a largo plazo nacional'),(394,'2',253.10,'Factoraje financiero cobrados por anticipado a largo plazo extranjero'),(395,'2',253.11,'Factoraje financiero cobrados por anticipado a largo plazo nacional parte relacionada'),(396,'2',253.12,'Factoraje financiero cobrados por anticipado a largo plazo extranjero parte relacionada'),(397,'2',253.13,'Arrendamiento financiero cobrados por anticipado a largo plazo nacional'),(398,'2',253.14,'Arrendamiento financiero cobrados por anticipado a largo plazo extranjero'),(399,'2',253.15,'Arrendamiento financiero cobrados por anticipado a largo plazo nacional parte relacionada'),(400,'2',253.16,'Arrendamiento financiero cobrados por anticipado a largo plazo extranjero parte relacionada'),(401,'2',253.17,'Derechos fiduciarios'),(402,'2',253.18,'Otros cobros anticipados'),(403,'1',254.00,'Instrumentos financieros a largo plazo'),(404,'2',254.01,'Instrumentos financieros a largo plazo'),(405,'1',255.00,'Pasivos por beneficios a los empleados a largo plazo'),(406,'2',255.01,'Pasivos por beneficios a los empleados a largo plazo'),(407,'1',256.00,'Otros pasivos a largo plazo'),(408,'2',256.01,'Otros pasivos a largo plazo'),(409,'1',257.00,'Participación de los trabajadores en las utilidades diferida'),(410,'2',257.01,'Participación de los trabajadores en las utilidades diferida'),(411,'1',258.00,'Obligaciones contraídas de fideicomisos'),(412,'2',258.01,'Obligaciones contraídas de fideicomisos'),(413,'1',259.00,'Impuestos diferidos'),(414,'2',259.01,'ISR diferido'),(415,'2',259.02,'ISR por dividendo diferido'),(416,'2',259.03,'Otros impuestos diferidos'),(417,'1',260.00,'Pasivos diferidos'),(418,'2',260.01,'Pasivos diferidos'),(419,'0',300.00,'Capital contable'),(420,'1',301.00,'Capital social'),(421,'2',301.01,'Capital fijo'),(422,'2',301.02,'Capital variable'),(423,'2',301.03,'Aportaciones para futuros aumentos de capital'),(424,'2',301.04,'Prima en suscripción de acciones'),(425,'2',301.05,'Prima en suscripción de partes sociales'),(426,'1',302.00,'Patrimonio'),(427,'2',302.01,'Patrimonio'),(428,'2',302.02,'Aportación patrimonial'),(429,'2',302.03,'Déficit o remanente del ejercicio'),(430,'1',303.00,'Reserva legal'),(431,'2',303.01,'Reserva legal'),(432,'1',304.00,'Resultado de ejercicios anteriores'),(433,'2',304.01,'Utilidad de ejercicios anteriores'),(434,'2',304.02,'Pérdida de ejercicios anteriores'),(435,'2',304.03,'Resultado integral de ejercicios anteriores'),(436,'2',304.04,'Déficit o remanente de ejercicio anteriores'),(437,'1',305.00,'Resultado del ejercicio'),(438,'2',305.01,'Utilidad del ejercicio'),(439,'2',305.02,'Pérdida del ejercicio'),(440,'2',305.03,'Resultado integral'),(441,'1',306.00,'Otras cuentas de capital'),(442,'2',306.01,'Otras cuentas de capital'),(443,'0',400.00,'Ingresos'),(444,'1',401.00,'Ingresos'),(445,'2',401.01,'Ventas y/o servicios gravados a la tasa general'),(446,'2',401.02,'Ventas y/o servicios gravados a la tasa general de contado'),(447,'2',401.03,'Ventas y/o servicios gravados a la tasa general a crédito'),(448,'2',401.04,'Ventas y/o servicios gravados al 0%'),(449,'2',401.05,'Ventas y/o servicios gravados al 0% de contado'),(450,'2',401.06,'Ventas y/o servicios gravados al 0% a crédito'),(451,'2',401.07,'Ventas y/o servicios exentos'),(452,'2',401.08,'Ventas y/o servicios exentos de contado'),(453,'2',401.09,'Ventas y/o servicios exentos a crédito'),(454,'2',401.10,'Ventas y/o servicios gravados a la tasa general nacionales partes relacionadas'),(455,'2',401.11,'Ventas y/o servicios gravados a la tasa general extranjeros partes relacionadas'),(456,'2',401.12,'Ventas y/o servicios gravados al 0% nacionales partes relacionadas'),(457,'2',401.13,'Ventas y/o servicios gravados al 0% extranjeros partes relacionadas'),(458,'2',401.14,'Ventas y/o servicios exentos nacionales partes relacionadas'),(459,'2',401.15,'Ventas y/o servicios exentos extranjeros partes relacionadas'),(460,'2',401.16,'Ingresos por servicios administrativos'),(461,'2',401.17,'Ingresos por servicios administrativos nacionales partes relacionadas'),(462,'2',401.18,'Ingresos por servicios administrativos extranjeros partes relacionadas'),(463,'2',401.19,'Ingresos por servicios profesionales'),(464,'2',401.20,'Ingresos por servicios profesionales nacionales partes relacionadas'),(465,'2',401.21,'Ingresos por servicios profesionales extranjeros partes relacionadas'),(466,'2',401.22,'Ingresos por arrendamiento'),(467,'2',401.23,'Ingresos por arrendamiento nacionales partes relacionadas'),(468,'2',401.24,'Ingresos por arrendamiento extranjeros partes relacionadas'),(469,'2',401.25,'Ingresos por exportación'),(470,'2',401.26,'Ingresos por comisiones'),(471,'2',401.27,'Ingresos por maquila'),(472,'2',401.28,'Ingresos por coordinados'),(473,'2',401.29,'Ingresos por regalías'),(474,'2',401.30,'Ingresos por asistencia técnica'),(475,'2',401.31,'Ingresos por donativos'),(476,'2',401.32,'Ingresos por intereses (actividad propia)'),(477,'2',401.33,'Ingresos de copropiedad'),(478,'2',401.34,'Ingresos por fideicomisos'),(479,'2',401.35,'Ingresos por factoraje financiero'),(480,'2',401.36,'Ingresos por arrendamiento financiero'),(481,'2',401.37,'Ingresos de extranjeros con establecimiento en el país'),(482,'2',401.38,'Otros ingresos propios'),(483,'1',402.00,'Devoluciones, descuentos o bonificaciones sobre ingresos'),(484,'2',402.01,'Devoluciones, descuentos o bonificaciones sobre ventas y/o servicios a la tasa general'),(485,'2',402.02,'Devoluciones, descuentos o bonificaciones sobre ventas y/o servicios al 0%'),(486,'2',402.03,'Devoluciones, descuentos o bonificaciones sobre ventas y/o servicios exentos'),(487,'2',402.04,'Devoluciones, descuentos o bonificaciones de otros ingresos'),(488,'1',403.00,'Otros ingresos'),(489,'2',403.01,'Otros Ingresos'),(490,'2',403.02,'Otros ingresos nacionales parte relacionada'),(491,'2',403.03,'Otros ingresos extranjeros parte relacionada'),(492,'2',403.04,'Ingresos por operaciones discontinuas'),(493,'2',403.05,'Ingresos por condonación de adeudo'),(494,'0',500.00,'Costos'),(495,'1',501.00,'Costo de venta y/o servicio'),(496,'2',501.01,'Costo de venta'),(497,'2',501.02,'Costo de servicios (Mano de obra)'),(498,'2',501.03,'Materia prima directa utilizada para la producción'),(499,'2',501.04,'Materia prima consumida en el proceso productivo'),(500,'2',501.05,'Mano de obra directa consumida'),(501,'2',501.06,'Mano de obra directa'),(502,'2',501.07,'Cargos indirectos de producción'),(503,'2',501.08,'Otros conceptos de costo'),(504,'1',502.00,'Compras'),(505,'2',502.01,'Compras nacionales'),(506,'2',502.02,'Compras nacionales parte relacionada'),(507,'2',502.03,'Compras de Importación'),(508,'2',502.04,'Compras de Importación partes relacionadas'),(509,'1',503.00,'Devoluciones, descuentos o bonificaciones sobre compras'),(510,'2',503.01,'Devoluciones, descuentos o bonificaciones sobre compras'),(511,'1',504.00,'Otras cuentas de costos'),(512,'2',504.01,'Gastos indirectos de fabricación'),(513,'2',504.02,'Gastos indirectos de fabricación de partes relacionadas nacionales'),(514,'2',504.03,'Gastos indirectos de fabricación de partes relacionadas extranjeras'),(515,'2',504.04,'Otras cuentas de costos incurridos'),(516,'2',504.05,'Otras cuentas de costos incurridos con partes relacionadas nacionales'),(517,'2',504.06,'Otras cuentas de costos incurridos con partes relacionadas extranjeras'),(518,'2',504.07,'Depreciación de edificios'),(519,'2',504.08,'Depreciación de maquinaria y equipo'),(520,'2',504.09,'Depreciación de automóviles, autobuses, camiones de carga, tractocamiones, montacargas y remolques'),(521,'2',504.10,'Depreciación de mobiliario y equipo de oficina'),(522,'2',504.11,'Depreciación de equipo de cómputo'),(523,'2',504.12,'Depreciación de equipo de comunicación'),(524,'2',504.13,'Depreciación de activos biológicos, vegetales y semovientes'),(525,'2',504.14,'Depreciación de otros activos fijos'),(526,'2',504.15,'Depreciación de ferrocarriles'),(527,'2',504.16,'Depreciación de embarcaciones'),(528,'2',504.17,'Depreciación de aviones'),(529,'2',504.18,'Depreciación de troqueles, moldes, matrices y herramental'),(530,'2',504.19,'Depreciación de equipo de comunicaciones telefónicas'),(531,'2',504.20,'Depreciación de equipo de comunicación satelital'),(532,'2',504.21,'Depreciación de equipo de adaptaciones para personas con capacidades diferentes'),(533,'2',504.22,'Depreciación de maquinaria y equipo de generación de energía de fuentes renovables o de sistemas de cogeneración de electricidad eficiente'),(534,'2',504.23,'Depreciación de adaptaciones y mejoras'),(535,'2',504.24,'Depreciación de otra maquinaria y equipo'),(536,'2',504.25,'Otras cuentas de costos'),(537,'1',505.00,'Costo de activo fijo'),(538,'2',505.01,'Costo por venta de activo fijo'),(539,'2',505.02,'Costo por baja de activo fijo'),(540,'0',600.00,'Gastos'),(541,'1',601.00,'Gastos generales'),(542,'2',601.01,'Sueldos y salarios'),(543,'2',601.02,'Compensaciones'),(544,'2',601.03,'Tiempos extras'),(545,'2',601.04,'Premios de asistencia'),(546,'2',601.05,'Premios de puntualidad'),(547,'2',601.06,'Vacaciones'),(548,'2',601.07,'Prima vacacional'),(549,'2',601.08,'Prima dominical'),(550,'2',601.09,'Días festivos'),(551,'2',601.10,'Gratificaciones'),(552,'2',601.11,'Primas de antigüedad'),(553,'2',601.12,'Aguinaldo'),(554,'2',601.13,'Indemnizaciones'),(555,'2',601.14,'Destajo'),(556,'2',601.15,'Despensa'),(557,'2',601.16,'Transporte'),(558,'2',601.17,'Servicio médico'),(559,'2',601.18,'Ayuda en gastos funerarios'),(560,'2',601.19,'Fondo de ahorro'),(561,'2',601.20,'Cuotas sindicales'),(562,'2',601.21,'PTU'),(563,'2',601.22,'Estímulo al personal'),(564,'2',601.23,'Previsión social'),(565,'2',601.24,'Aportaciones para el plan de jubilación'),(566,'2',601.25,'Otras prestaciones al personal'),(567,'2',601.26,'Cuotas al IMSS'),(568,'2',601.27,'Aportaciones al infonavit'),(569,'2',601.28,'Aportaciones al SAR'),(570,'2',601.29,'Impuesto estatal sobre nóminas'),(571,'2',601.30,'Otras aportaciones'),(572,'2',601.31,'Asimilados a salarios'),(573,'2',601.32,'Servicios administrativos'),(574,'2',601.33,'Servicios administrativos partes relacionadas'),(575,'2',601.34,'Honorarios a personas físicas residentes nacionales'),(576,'2',601.35,'Honorarios a personas físicas residentes nacionales partes relacionadas'),(577,'2',601.36,'Honorarios a personas físicas residentes del extranjero'),(578,'2',601.37,'Honorarios a personas físicas residentes del extranjero partes relacionadas'),(579,'2',601.38,'Honorarios a personas morales residentes nacionales'),(580,'2',601.39,'Honorarios a personas morales residentes nacionales partes relacionadas'),(581,'2',601.40,'Honorarios a personas morales residentes del extranjero'),(582,'2',601.41,'Honorarios a personas morales residentes del extranjero partes relacionadas'),(583,'2',601.42,'Honorarios aduanales personas físicas'),(584,'2',601.43,'Honorarios aduanales personas morales'),(585,'2',601.44,'Honorarios al consejo de administración'),(586,'2',601.45,'Arrendamiento a personas físicas residentes nacionales'),(587,'2',601.46,'Arrendamiento a personas morales residentes nacionales'),(588,'2',601.47,'Arrendamiento a residentes del extranjero'),(589,'2',601.48,'Combustibles y lubricantes'),(590,'2',601.49,'Viáticos y gastos de viaje'),(591,'2',601.50,'Teléfono, internet'),(592,'2',601.51,'Agua'),(593,'2',601.52,'Energía eléctrica'),(594,'2',601.53,'Vigilancia y seguridad'),(595,'2',601.54,'Limpieza'),(596,'2',601.55,'Papelería y artículos de oficina'),(597,'2',601.56,'Mantenimiento y conservación'),(598,'2',601.57,'Seguros y fianzas'),(599,'2',601.58,'Otros impuestos y derechos'),(600,'2',601.59,'Recargos fiscales'),(601,'2',601.60,'Cuotas y suscripciones'),(602,'2',601.61,'Propaganda y publicidad'),(603,'2',601.62,'Capacitación al personal'),(604,'2',601.63,'Donativos y ayudas'),(605,'2',601.64,'Asistencia técnica'),(606,'2',601.65,'Regalías sujetas a otros porcentajes'),(607,'2',601.66,'Regalías sujetas al 5%'),(608,'2',601.67,'Regalías sujetas al 10%'),(609,'2',601.68,'Regalías sujetas al 15%'),(610,'2',601.69,'Regalías sujetas al 25%'),(611,'2',601.70,'Regalías sujetas al 30%'),(612,'2',601.71,'Regalías sin retención'),(613,'2',601.72,'Fletes y acarreos'),(614,'2',601.73,'Gastos de importación'),(615,'2',601.74,'Comisiones sobre ventas'),(616,'2',601.75,'Comisiones por tarjetas de crédito'),(617,'2',601.76,'Patentes y marcas'),(618,'2',601.77,'Uniformes'),(619,'2',601.78,'Prediales'),(620,'2',601.79,'Gastos generales de urbanización'),(621,'2',601.80,'Gastos generales de construcción'),(622,'2',601.81,'Fletes del extranjero'),(623,'2',601.82,'Recolección de bienes del sector agropecuario y/o ganadero'),(624,'2',601.83,'Gastos no deducibles (sin requisitos fiscales)'),(625,'2',601.84,'Otros gastos generales'),(626,'1',602.00,'Gastos de venta'),(627,'2',602.01,'Sueldos y salarios'),(628,'2',602.02,'Compensaciones'),(629,'2',602.03,'Tiempos extras'),(630,'2',602.04,'Premios de asistencia'),(631,'2',602.05,'Premios de puntualidad'),(632,'2',602.06,'Vacaciones'),(633,'2',602.07,'Prima vacacional'),(634,'2',602.08,'Prima dominical'),(635,'2',602.09,'Días festivos'),(636,'2',602.10,'Gratificaciones'),(637,'2',602.11,'Primas de antigüedad'),(638,'2',602.12,'Aguinaldo'),(639,'2',602.13,'Indemnizaciones'),(640,'2',602.14,'Destajo'),(641,'2',602.15,'Despensa'),(642,'2',602.16,'Transporte'),(643,'2',602.17,'Servicio médico'),(644,'2',602.18,'Ayuda en gastos funerarios'),(645,'2',602.19,'Fondo de ahorro'),(646,'2',602.20,'Cuotas sindicales'),(647,'2',602.21,'PTU'),(648,'2',602.22,'Estímulo al personal'),(649,'2',602.23,'Previsión social'),(650,'2',602.24,'Aportaciones para el plan de jubilación'),(651,'2',602.25,'Otras prestaciones al personal'),(652,'2',602.26,'Cuotas al IMSS'),(653,'2',602.27,'Aportaciones al infonavit'),(654,'2',602.28,'Aportaciones al SAR'),(655,'2',602.29,'Impuesto estatal sobre nóminas'),(656,'2',602.30,'Otras aportaciones'),(657,'2',602.31,'Asimilados a salarios'),(658,'2',602.32,'Servicios administrativos'),(659,'2',602.33,'Servicios administrativos partes relacionadas'),(660,'2',602.34,'Honorarios a personas físicas residentes nacionales'),(661,'2',602.35,'Honorarios a personas físicas residentes nacionales partes relacionadas'),(662,'2',602.36,'Honorarios a personas físicas residentes del extranjero'),(663,'2',602.37,'Honorarios a personas físicas residentes del extranjero partes relacionadas'),(664,'2',602.38,'Honorarios a personas morales residentes nacionales'),(665,'2',602.39,'Honorarios a personas morales residentes nacionales partes relacionadas'),(666,'2',602.40,'Honorarios a personas morales residentes del extranjero'),(667,'2',602.41,'Honorarios a personas morales residentes del extranjero partes relacionadas'),(668,'2',602.42,'Honorarios aduanales personas físicas'),(669,'2',602.43,'Honorarios aduanales personas morales'),(670,'2',602.44,'Honorarios al consejo de administración'),(671,'2',602.45,'Arrendamiento a personas físicas residentes nacionales'),(672,'2',602.46,'Arrendamiento a personas morales residentes nacionales'),(673,'2',602.47,'Arrendamiento a residentes del extranjero'),(674,'2',602.48,'Combustibles y lubricantes'),(675,'2',602.49,'Viáticos y gastos de viaje'),(676,'2',602.50,'Teléfono, internet'),(677,'2',602.51,'Agua'),(678,'2',602.52,'Energía eléctrica'),(679,'2',602.53,'Vigilancia y seguridad'),(680,'2',602.54,'Limpieza'),(681,'2',602.55,'Papelería y artículos de oficina'),(682,'2',602.56,'Mantenimiento y conservación'),(683,'2',602.57,'Seguros y fianzas'),(684,'2',602.58,'Otros impuestos y derechos'),(685,'2',602.59,'Recargos fiscales'),(686,'2',602.60,'Cuotas y suscripciones'),(687,'2',602.61,'Propaganda y publicidad'),(688,'2',602.62,'Capacitación al personal'),(689,'2',602.63,'Donativos y ayudas'),(690,'2',602.64,'Asistencia técnica'),(691,'2',602.65,'Regalías sujetas a otros porcentajes'),(692,'2',602.66,'Regalías sujetas al 5%'),(693,'2',602.67,'Regalías sujetas al 10%'),(694,'2',602.68,'Regalías sujetas al 15%'),(695,'2',602.69,'Regalías sujetas al 25%'),(696,'2',602.70,'Regalías sujetas al 30%'),(697,'2',602.71,'Regalías sin retención'),(698,'2',602.72,'Fletes y acarreos'),(699,'2',602.73,'Gastos de importación'),(700,'2',602.74,'Comisiones sobre ventas'),(701,'2',602.75,'Comisiones por tarjetas de crédito'),(702,'2',602.76,'Patentes y marcas'),(703,'2',602.77,'Uniformes'),(704,'2',602.78,'Prediales'),(705,'2',602.79,'Gastos de venta de urbanización'),(706,'2',602.80,'Gastos de venta de construcción'),(707,'2',602.81,'Fletes del extranjero'),(708,'2',602.82,'Recolección de bienes del sector agropecuario y/o ganadero'),(709,'2',602.83,'Gastos no deducibles (sin requisitos fiscales)'),(710,'2',602.84,'Otros gastos de venta'),(711,'1',603.00,'Gastos de administración'),(712,'2',603.01,'Sueldos y salarios'),(713,'2',603.02,'Compensaciones'),(714,'2',603.03,'Tiempos extras'),(715,'2',603.04,'Premios de asistencia'),(716,'2',603.05,'Premios de puntualidad'),(717,'2',603.06,'Vacaciones'),(718,'2',603.07,'Prima vacacional'),(719,'2',603.08,'Prima dominical'),(720,'2',603.09,'Días festivos'),(721,'2',603.10,'Gratificaciones'),(722,'2',603.11,'Primas de antigüedad'),(723,'2',603.12,'Aguinaldo'),(724,'2',603.13,'Indemnizaciones'),(725,'2',603.14,'Destajo'),(726,'2',603.15,'Despensa'),(727,'2',603.16,'Transporte'),(728,'2',603.17,'Servicio médico'),(729,'2',603.18,'Ayuda en gastos funerarios'),(730,'2',603.19,'Fondo de ahorro'),(731,'2',603.20,'Cuotas sindicales'),(732,'2',603.21,'PTU'),(733,'2',603.22,'Estímulo al personal'),(734,'2',603.23,'Previsión social'),(735,'2',603.24,'Aportaciones para el plan de jubilación'),(736,'2',603.25,'Otras prestaciones al personal'),(737,'2',603.26,'Cuotas al IMSS'),(738,'2',603.27,'Aportaciones al infonavit'),(739,'2',603.28,'Aportaciones al SAR'),(740,'2',603.29,'Impuesto estatal sobre nóminas'),(741,'2',603.30,'Otras aportaciones'),(742,'2',603.31,'Asimilados a salarios'),(743,'2',603.32,'Servicios administrativos'),(744,'2',603.33,'Servicios administrativos partes relacionadas'),(745,'2',603.34,'Honorarios a personas físicas residentes nacionales'),(746,'2',603.35,'Honorarios a personas físicas residentes nacionales partes relacionadas'),(747,'2',603.36,'Honorarios a personas físicas residentes del extranjero'),(748,'2',603.37,'Honorarios a personas físicas residentes del extranjero partes relacionadas'),(749,'2',603.38,'Honorarios a personas morales residentes nacionales'),(750,'2',603.39,'Honorarios a personas morales residentes nacionales partes relacionadas'),(751,'2',603.40,'Honorarios a personas morales residentes del extranjero'),(752,'2',603.41,'Honorarios a personas morales residentes del extranjero partes relacionadas'),(753,'2',603.42,'Honorarios aduanales personas físicas'),(754,'2',603.43,'Honorarios aduanales personas morales'),(755,'2',603.44,'Honorarios al consejo de administración'),(756,'2',603.45,'Arrendamiento a personas físicas residentes nacionales'),(757,'2',603.46,'Arrendamiento a personas morales residentes nacionales'),(758,'2',603.47,'Arrendamiento a residentes del extranjero'),(759,'2',603.48,'Combustibles y lubricantes'),(760,'2',603.49,'Viáticos y gastos de viaje'),(761,'2',603.50,'Teléfono, internet'),(762,'2',603.51,'Agua'),(763,'2',603.52,'Energía eléctrica'),(764,'2',603.53,'Vigilancia y seguridad'),(765,'2',603.54,'Limpieza'),(766,'2',603.55,'Papelería y artículos de oficina'),(767,'2',603.56,'Mantenimiento y conservación'),(768,'2',603.57,'Seguros y fianzas'),(769,'2',603.58,'Otros impuestos y derechos'),(770,'2',603.59,'Recargos fiscales'),(771,'2',603.60,'Cuotas y suscripciones'),(772,'2',603.61,'Propaganda y publicidad'),(773,'2',603.62,'Capacitación al personal'),(774,'2',603.63,'Donativos y ayudas'),(775,'2',603.64,'Asistencia técnica'),(776,'2',603.65,'Regalías sujetas a otros porcentajes'),(777,'2',603.66,'Regalías sujetas al 5%'),(778,'2',603.67,'Regalías sujetas al 10%'),(779,'2',603.68,'Regalías sujetas al 15%'),(780,'2',603.69,'Regalías sujetas al 25%'),(781,'2',603.70,'Regalías sujetas al 30%'),(782,'2',603.71,'Regalías sin retención'),(783,'2',603.72,'Fletes y acarreos'),(784,'2',603.73,'Gastos de importación'),(785,'2',603.74,'Patentes y marcas'),(786,'2',603.75,'Uniformes'),(787,'2',603.76,'Prediales'),(788,'2',603.77,'Gastos de administración de urbanización'),(789,'2',603.78,'Gastos de administración de construcción'),(790,'2',603.79,'Fletes del extranjero'),(791,'2',603.80,'Recolección de bienes del sector agropecuario y/o ganadero'),(792,'2',603.81,'Gastos no deducibles (sin requisitos fiscales)'),(793,'2',603.82,'Otros gastos de administración'),(794,'1',604.00,'Gastos de fabricación'),(795,'2',604.01,'Sueldos y salarios'),(796,'2',604.02,'Compensaciones'),(797,'2',604.03,'Tiempos extras'),(798,'2',604.04,'Premios de asistencia'),(799,'2',604.05,'Premios de puntualidad'),(800,'2',604.06,'Vacaciones'),(801,'2',604.07,'Prima vacacional'),(802,'2',604.08,'Prima dominical'),(803,'2',604.09,'Días festivos'),(804,'2',604.10,'Gratificaciones'),(805,'2',604.11,'Primas de antigüedad'),(806,'2',604.12,'Aguinaldo'),(807,'2',604.13,'Indemnizaciones'),(808,'2',604.14,'Destajo'),(809,'2',604.15,'Despensa'),(810,'2',604.16,'Transporte'),(811,'2',604.17,'Servicio médico'),(812,'2',604.18,'Ayuda en gastos funerarios'),(813,'2',604.19,'Fondo de ahorro'),(814,'2',604.20,'Cuotas sindicales'),(815,'2',604.21,'PTU'),(816,'2',604.22,'Estímulo al personal'),(817,'2',604.23,'Previsión social'),(818,'2',604.24,'Aportaciones para el plan de jubilación'),(819,'2',604.25,'Otras prestaciones al personal'),(820,'2',604.26,'Cuotas al IMSS'),(821,'2',604.27,'Aportaciones al infonavit'),(822,'2',604.28,'Aportaciones al SAR'),(823,'2',604.29,'Impuesto estatal sobre nóminas'),(824,'2',604.30,'Otras aportaciones'),(825,'2',604.31,'Asimilados a salarios'),(826,'2',604.32,'Servicios administrativos'),(827,'2',604.33,'Servicios administrativos partes relacionadas'),(828,'2',604.34,'Honorarios a personas físicas residentes nacionales'),(829,'2',604.35,'Honorarios a personas físicas residentes nacionales partes relacionadas'),(830,'2',604.36,'Honorarios a personas físicas residentes del extranjero'),(831,'2',604.37,'Honorarios a personas físicas residentes del extranjero partes relacionadas'),(832,'2',604.38,'Honorarios a personas morales residentes nacionales'),(833,'2',604.39,'Honorarios a personas morales residentes nacionales partes relacionadas'),(834,'2',604.40,'Honorarios a personas morales residentes del extranjero'),(835,'2',604.41,'Honorarios a personas morales residentes del extranjero partes relacionadas'),(836,'2',604.42,'Honorarios aduanales personas físicas'),(837,'2',604.43,'Honorarios aduanales personas morales'),(838,'2',604.44,'Honorarios al consejo de administración'),(839,'2',604.45,'Arrendamiento a personas físicas residentes nacionales'),(840,'2',604.46,'Arrendamiento a personas morales residentes nacionales'),(841,'2',604.47,'Arrendamiento a residentes del extranjero'),(842,'2',604.48,'Combustibles y lubricantes'),(843,'2',604.49,'Viáticos y gastos de viaje'),(844,'2',604.50,'Teléfono, internet'),(845,'2',604.51,'Agua'),(846,'2',604.52,'Energía eléctrica'),(847,'2',604.53,'Vigilancia y seguridad'),(848,'2',604.54,'Limpieza'),(849,'2',604.55,'Papelería y artículos de oficina'),(850,'2',604.56,'Mantenimiento y conservación'),(851,'2',604.57,'Seguros y fianzas'),(852,'2',604.58,'Otros impuestos y derechos'),(853,'2',604.59,'Recargos fiscales'),(854,'2',604.60,'Cuotas y suscripciones'),(855,'2',604.61,'Propaganda y publicidad'),(856,'2',604.62,'Capacitación al personal'),(857,'2',604.63,'Donativos y ayudas'),(858,'2',604.64,'Asistencia técnica'),(859,'2',604.65,'Regalías sujetas a otros porcentajes'),(860,'2',604.66,'Regalías sujetas al 5%'),(861,'2',604.67,'Regalías sujetas al 10%'),(862,'2',604.68,'Regalías sujetas al 15%'),(863,'2',604.69,'Regalías sujetas al 25%'),(864,'2',604.70,'Regalías sujetas al 30%'),(865,'2',604.71,'Regalías sin retención'),(866,'2',604.72,'Fletes y acarreos'),(867,'2',604.73,'Gastos de importación'),(868,'2',604.74,'Patentes y marcas'),(869,'2',604.75,'Uniformes'),(870,'2',604.76,'Prediales'),(871,'2',604.77,'Gastos de fabricación de urbanización'),(872,'2',604.78,'Gastos de fabricación de construcción'),(873,'2',604.79,'Fletes del extranjero'),(874,'2',604.80,'Recolección de bienes del sector agropecuario y/o ganadero'),(875,'2',604.81,'Gastos no deducibles (sin requisitos fiscales)'),(876,'2',604.82,'Otros gastos de fabricación'),(877,'1',605.00,'Mano de obra directa'),(878,'2',605.01,'Mano de obra'),(879,'2',605.02,'Sueldos y Salarios'),(880,'2',605.03,'Compensaciones'),(881,'2',605.04,'Tiempos extras'),(882,'2',605.05,'Premios de asistencia'),(883,'2',605.06,'Premios de puntualidad'),(884,'2',605.07,'Vacaciones'),(885,'2',605.08,'Prima vacacional'),(886,'2',605.09,'Prima dominical'),(887,'2',605.10,'Días festivos'),(888,'2',605.11,'Gratificaciones'),(889,'2',605.12,'Primas de antigüedad'),(890,'2',605.13,'Aguinaldo'),(891,'2',605.14,'Indemnizaciones'),(892,'2',605.15,'Destajo'),(893,'2',605.16,'Despensa'),(894,'2',605.17,'Transporte'),(895,'2',605.18,'Servicio médico'),(896,'2',605.19,'Ayuda en gastos funerarios'),(897,'2',605.20,'Fondo de ahorro'),(898,'2',605.21,'Cuotas sindicales'),(899,'2',605.22,'PTU'),(900,'2',605.23,'Estímulo al personal'),(901,'2',605.24,'Previsión social'),(902,'2',605.25,'Aportaciones para el plan de jubilación'),(903,'2',605.26,'Otras prestaciones al personal'),(904,'2',605.27,'Asimilados a salarios'),(905,'2',605.28,'Cuotas al IMSS'),(906,'2',605.29,'Aportaciones al infonavit'),(907,'2',605.30,'Aportaciones al SAR'),(908,'2',605.31,'Otros costos de mano de obra directa'),(909,'1',606.00,'Facilidades administrativas fiscales'),(910,'2',606.01,'Facilidades administrativas fiscales'),(911,'1',607.00,'Participación de los trabajadores en las utilidades'),(912,'2',607.01,'Participación de los trabajadores en las utilidades'),(913,'1',608.00,'Participación en resultados de subsidiarias'),(914,'2',608.01,'Participación en resultados de subsidiarias'),(915,'1',609.00,'Participación en resultados de asociadas'),(916,'2',609.01,'Participación en resultados de asociadas'),(917,'1',610.00,'Participación de los trabajadores en las utilidades diferida'),(918,'2',610.01,'Participación de los trabajadores en las utilidades diferida'),(919,'1',611.00,'Impuesto Sobre la renta'),(920,'2',611.01,'Impuesto Sobre la renta'),(921,'2',611.02,'Impuesto Sobre la renta por remanente distribuible'),(922,'1',612.00,'Gastos no deducibles para CUFIN'),(923,'2',612.01,'Gastos no deducibles para CUFIN'),(924,'1',613.00,'Depreciación contable'),(925,'2',613.01,'Depreciación de edificios'),(926,'2',613.02,'Depreciación de maquinaria y equipo'),(927,'2',613.03,'Depreciación de automóviles, autobuses, camiones de carga, tractocamiones, montacargas y remolques'),(928,'2',613.04,'Depreciación de mobiliario y equipo de oficina'),(929,'2',613.05,'Depreciación de equipo de cómputo'),(930,'2',613.06,'Depreciación de equipo de comunicación'),(931,'2',613.07,'Depreciación de activos biológicos, vegetales y semovientes'),(932,'2',613.08,'Depreciación de otros activos fijos'),(933,'2',613.09,'Depreciación de ferrocarriles'),(934,'2',613.10,'Depreciación de embarcaciones'),(935,'2',613.11,'Depreciación de aviones'),(936,'2',613.12,'Depreciación de troqueles, moldes, matrices y herramental'),(937,'2',613.13,'Depreciación de equipo de comunicaciones telefónicas'),(938,'2',613.14,'Depreciación de equipo de comunicación satelital'),(939,'2',613.15,'Depreciación de equipo de adaptaciones para personas con capacidades diferentes'),(940,'2',613.16,'Depreciación de maquinaria y equipo de generación de energía de fuentes renovables o de sistemas de cogeneración de electricidad eficiente'),(941,'2',613.17,'Depreciación de adaptaciones y mejoras'),(942,'2',613.18,'Depreciación de otra maquinaria y equipo'),(943,'1',614.00,'Amortización contable'),(944,'2',614.01,'Amortización de gastos diferidos'),(945,'2',614.02,'Amortización de gastos pre operativos'),(946,'2',614.03,'Amortización de regalías, asistencia técnica y otros gastos diferidos'),(947,'2',614.04,'Amortización de activos intangibles'),(948,'2',614.05,'Amortización de gastos de organización'),(949,'2',614.06,'Amortización de investigación y desarrollo de mercado'),(950,'2',614.07,'Amortización de marcas y patentes'),(951,'2',614.08,'Amortización de crédito mercantil'),(952,'2',614.09,'Amortización de gastos de instalación'),(953,'2',614.10,'Amortización de otros activos diferidos'),(954,'0',700.00,'Resultado integral de financiamiento'),(955,'1',701.00,'Gastos financieros'),(956,'2',701.01,'Pérdida cambiaria'),(957,'2',701.02,'Pérdida cambiaria nacional parte relacionada'),(958,'2',701.03,'Pérdida cambiaria extranjero parte relacionada'),(959,'2',701.04,'Intereses a cargo bancario nacional'),(960,'2',701.05,'Intereses a cargo bancario extranjero'),(961,'2',701.06,'Intereses a cargo de personas físicas nacional'),(962,'2',701.07,'Intereses a cargo de personas físicas extranjero'),(963,'2',701.08,'Intereses a cargo de personas morales nacional'),(964,'2',701.09,'Intereses a cargo de personas morales extranjero'),(965,'2',701.10,'Comisiones bancarias'),(966,'2',701.11,'Otros gastos financieros'),(967,'1',702.00,'Productos financieros'),(968,'2',702.01,'Utilidad cambiaria'),(969,'2',702.02,'Utilidad cambiaria nacional parte relacionada'),(970,'2',702.03,'Utilidad cambiaria extranjero parte relacionada'),(971,'2',702.04,'Intereses a favor bancarios nacional'),(972,'2',702.05,'Intereses a favor bancarios extranjero'),(973,'2',702.06,'Intereses a favor de personas físicas nacional'),(974,'2',702.07,'Intereses a favor de personas físicas extranjero'),(975,'2',702.08,'Intereses a favor de personas morales nacional'),(976,'2',702.09,'Intereses a favor de personas morales extranjero'),(977,'2',702.10,'Otros productos financieros'),(978,'1',703.00,'Otros gastos'),(979,'2',703.01,'Pérdida en venta y/o baja de terrenos'),(980,'2',703.02,'Pérdida en venta y/o baja de edificios'),(981,'2',703.03,'Pérdida en venta y/o baja de maquinaria y equipo'),(982,'2',703.04,'Pérdida en venta y/o baja de automóviles, autobuses, camiones de carga, tractocamiones, montacargas y remolques'),(983,'2',703.05,'Pérdida en venta y/o baja de mobiliario y equipo de oficina'),(984,'2',703.06,'Pérdida en venta y/o baja de equipo de cómputo'),(985,'2',703.07,'Pérdida en venta y/o baja de equipo de comunicación'),(986,'2',703.08,'Pérdida en venta y/o baja de activos biológicos, vegetales y semovientes'),(987,'2',703.09,'Pérdida en venta y/o baja de otros activos fijos'),(988,'2',703.10,'Pérdida en venta y/o baja de ferrocarriles'),(989,'2',703.11,'Pérdida en venta y/o baja de embarcaciones'),(990,'2',703.12,'Pérdida en venta y/o baja de aviones'),(991,'2',703.13,'Pérdida en venta y/o baja de troqueles, moldes, matrices y herramental'),(992,'2',703.14,'Pérdida en venta y/o baja de equipo de comunicaciones telefónicas'),(993,'2',703.15,'Pérdida en venta y/o baja de equipo de comunicación satelital'),(994,'2',703.16,'Pérdida en venta y/o baja de equipo de adaptaciones para personas con capacidades diferentes'),(995,'2',703.17,'Pérdida en venta y/o baja de maquinaria y equipo de generación de energía de fuentes renovables o de sistemas de cogeneración de electricidad eficiente'),(996,'2',703.18,'Pérdida en venta y/o baja de otra maquinaria y equipo'),(997,'2',703.19,'Pérdida por enajenación de acciones'),(998,'2',703.20,'Pérdida por enajenación de partes sociales'),(999,'2',703.21,'Otros gastos'),(1000,'1',704.00,'Otros productos'),(1001,'2',704.01,'Ganancia en venta y/o baja de terrenos'),(1002,'2',704.02,'Ganancia en venta y/o baja de edificios'),(1003,'2',704.03,'Ganancia en venta y/o baja de maquinaria y equipo'),(1004,'2',704.04,'Ganancia en venta y/o baja de automóviles, autobuses, camiones de carga, tractocamiones, montacargas y remolques'),(1005,'2',704.05,'Ganancia en venta y/o baja de mobiliario y equipo de oficina'),(1006,'2',704.06,'Ganancia en venta y/o baja de equipo de cómputo'),(1007,'2',704.07,'Ganancia en venta y/o baja de equipo de comunicación'),(1008,'2',704.08,'Ganancia en venta y/o baja de activos biológicos, vegetales y semovientes'),(1009,'2',704.09,'Ganancia en venta y/o baja de otros activos fijos'),(1010,'2',704.10,'Ganancia en venta y/o baja de ferrocarriles'),(1011,'2',704.11,'Ganancia en venta y/o baja de embarcaciones'),(1012,'2',704.12,'Ganancia en venta y/o baja de aviones'),(1013,'2',704.13,'Ganancia en venta y/o baja de troqueles, moldes, matrices y herramental'),(1014,'2',704.14,'Ganancia en venta y/o baja de equipo de comunicaciones telefónicas'),(1015,'2',704.15,'Ganancia en venta y/o baja de equipo de comunicación satelital'),(1016,'2',704.16,'Ganancia en venta y/o baja de equipo de adaptaciones para personas con capacidades diferentes'),(1017,'2',704.17,'Ganancia en venta de maquinaria y equipo de generación de energía de fuentes renovables o de sistemas de cogeneración de electricidad eficiente'),(1018,'2',704.18,'Ganancia en venta y/o baja de otra maquinaria y equipo'),(1019,'2',704.19,'Ganancia por enajenación de acciones'),(1020,'2',704.20,'Ganancia por enajenación de partes sociales'),(1021,'2',704.21,'Ingresos por estímulos fiscales'),(1022,'2',704.22,'Ingresos por condonación de adeudo'),(1023,'2',704.23,'Otros productos'),(1024,'0',800.00,'Cuentas de orden'),(1025,'1',801.00,'UFIN del ejercicio'),(1026,'2',801.01,'UFIN'),(1027,'2',801.02,'Contra cuenta UFIN'),(1028,'1',802.00,'CUFIN del ejercicio'),(1029,'2',802.01,'CUFIN'),(1030,'2',802.02,'Contra cuenta CUFIN'),(1031,'1',803.00,'CUFIN de ejercicios anteriores'),(1032,'2',803.01,'CUFIN de ejercicios anteriores'),(1033,'2',803.02,'Contra cuenta CUFIN de ejercicios anteriores'),(1034,'1',804.00,'CUFINRE del ejercicio'),(1035,'2',804.01,'CUFINRE'),(1036,'2',804.02,'Contra cuenta CUFINRE'),(1037,'1',805.00,'CUFINRE de ejercicios anteriores'),(1038,'2',805.01,'CUFINRE de ejercicios anteriores'),(1039,'2',805.02,'Contra cuenta CUFINRE de ejercicios anteriores'),(1040,'1',806.00,'CUCA del ejercicio'),(1041,'2',806.01,'CUCA'),(1042,'2',806.02,'Contra cuenta CUCA'),(1043,'1',807.00,'CUCA de ejercicios anteriores'),(1044,'2',807.01,'CUCA de ejercicios anteriores'),(1045,'2',807.02,'Contra cuenta CUCA de ejercicios anteriores'),(1046,'1',808.00,'Ajuste anual por inflación acumulable'),(1047,'2',808.01,'Ajuste anual por inflación acumulable'),(1048,'2',808.02,'Acumulación del ajuste anual inflacionario'),(1049,'1',809.00,'Ajuste anual por inflación deducible'),(1050,'2',809.01,'Ajuste anual por inflación deducible'),(1051,'2',809.02,'Deducción del ajuste anual inflacionario'),(1052,'1',810.00,'Deducción de inversión'),(1053,'2',810.01,'Deducción de inversión'),(1054,'2',810.02,'Contra cuenta deducción de inversiones'),(1055,'1',811.00,'Utilidad o pérdida fiscal en venta y/o baja de activo fijo'),(1056,'2',811.01,'Utilidad o pérdida fiscal en venta y/o baja de activo fijo'),(1057,'2',811.02,'Contra cuenta utilidad o pérdida fiscal en venta y/o baja de activo fijo'),(1058,'1',812.00,'Utilidad o pérdida fiscal en venta acciones o partes sociales'),(1059,'2',812.01,'Utilidad o pérdida fiscal en venta acciones o partes sociales'),(1060,'2',812.02,'Contra cuenta utilidad o pérdida fiscal en venta acciones o partes sociales'),(1061,'1',813.00,'Pérdidas fiscales pendientes de amortizar actualizadas de ejercicios anteriores'),(1062,'2',813.01,'Pérdidas fiscales pendientes de amortizar actualizadas de ejercicios anteriores'),(1063,'2',813.02,'Actualización de pérdidas fiscales pendientes de amortizar de ejercicios anteriores'),(1064,'1',814.00,'Mercancías recibidas en consignación'),(1065,'2',814.01,'Mercancías recibidas en consignación'),(1066,'2',814.02,'Consignación de mercancías recibidas'),(1067,'1',815.00,'Crédito fiscal de IVA e IEPS por la importación de mercancías para empresas certificadas'),(1068,'2',815.01,'Crédito fiscal de IVA e IEPS por la importación de mercancías'),(1069,'2',815.02,'Importación de mercancías con aplicación de crédito fiscal de IVA e IEPS'),(1070,'1',816.00,'Crédito fiscal de IVA e IEPS por la importación de activos fijos para empresas certificadas'),(1071,'2',816.01,'Crédito fiscal de IVA e IEPS por la importación de activo fijo'),(1072,'2',816.02,'Importación de activo fijo con aplicación de crédito fiscal de IVA e IEPS'),(1073,'1',899.00,'Otras cuentas de orden'),(1074,'2',899.01,'Otras cuentas de orden'),(1075,'2',899.02,'Contra cuenta otras cuentas de orden');
/*!40000 ALTER TABLE `sharedcatalogs_groupingcode` ENABLE KEYS */;
UNLOCK TABLES;

--
-- Table structure for table `sharedcatalogs_internalcompany`
--

DROP TABLE IF EXISTS `sharedcatalogs_internalcompany`;
/*!40101 SET @saved_cs_client     = @@character_set_client */;
/*!40101 SET character_set_client = utf8 */;
CREATE TABLE `sharedcatalogs_internalcompany` (
  `id` int(11) NOT NULL AUTO_INCREMENT,
  `name` varchar(256) NOT NULL,
  PRIMARY KEY (`id`)
) ENGINE=InnoDB AUTO_INCREMENT=2 DEFAULT CHARSET=utf8;
/*!40101 SET character_set_client = @saved_cs_client */;

--
-- Dumping data for table `sharedcatalogs_internalcompany`
--

LOCK TABLES `sharedcatalogs_internalcompany` WRITE;
/*!40000 ALTER TABLE `sharedcatalogs_internalcompany` DISABLE KEYS */;
INSERT INTO `sharedcatalogs_internalcompany` VALUES (1,'SALCEDO');
/*!40000 ALTER TABLE `sharedcatalogs_internalcompany` ENABLE KEYS */;
UNLOCK TABLES;

--
-- Table structure for table `sharedcatalogs_itemaccount`
--

DROP TABLE IF EXISTS `sharedcatalogs_itemaccount`;
/*!40101 SET @saved_cs_client     = @@character_set_client */;
/*!40101 SET character_set_client = utf8 */;
CREATE TABLE `sharedcatalogs_itemaccount` (
  `id` int(11) NOT NULL AUTO_INCREMENT,
  `key` int(11) NOT NULL,
  `name` varchar(100) NOT NULL,
  PRIMARY KEY (`id`)
) ENGINE=InnoDB AUTO_INCREMENT=35 DEFAULT CHARSET=utf8;
/*!40101 SET character_set_client = @saved_cs_client */;

--
-- Dumping data for table `sharedcatalogs_itemaccount`
--

LOCK TABLES `sharedcatalogs_itemaccount` WRITE;
/*!40000 ALTER TABLE `sharedcatalogs_itemaccount` DISABLE KEYS */;
INSERT INTO `sharedcatalogs_itemaccount` VALUES (1,1,'Activo Circulante'),(2,2,'Activo No Circulante'),(3,3,'Pasivo a Corto Plazo'),(4,4,'Pasivo a Largo Plazo'),(5,5,'Capital'),(6,6,'Ventas / Ingresos'),(7,7,'Costo de Ventas'),(8,8,'Gastos Generales'),(9,9,'Otros Ingresos y Gastos'),(10,10,'ISR y PTU'),(11,11,'Caja, Bancos, Inversiones'),(12,12,'Cuentas por Cobrar'),(13,13,'Inventarios'),(14,14,'Impuestos Acreditables'),(15,15,'Activos Fijos'),(16,16,'Otros Activos Circulantes'),(17,17,'Proveedores'),(18,18,'Iva Por Pagar'),(19,19,'Otros Impuestos Por Pagar'),(20,20,'Cuentas por Pagar'),(21,21,'Otros Pasivos'),(22,22,'Activo Total'),(23,23,'Pasivo Total'),(24,24,'Utilidad Neta'),(25,25,'Capital Social'),(26,26,'Depreciaciones'),(27,27,'Amortizaciones'),(28,28,'ISR por Pagar'),(29,29,'ISR por Remuneraciones'),(30,30,'Retenciones ISR'),(31,31,'Retenciones IVA'),(32,32,'Proviciones'),(33,33,'Impuesto sobre la Nómina'),(34,34,'Cuentas de Orden');
/*!40000 ALTER TABLE `sharedcatalogs_itemaccount` ENABLE KEYS */;
UNLOCK TABLES;

--
-- Table structure for table `sharedcatalogs_municipio`
--

DROP TABLE IF EXISTS `sharedcatalogs_municipio`;
/*!40101 SET @saved_cs_client     = @@character_set_client */;
/*!40101 SET character_set_client = utf8 */;
CREATE TABLE `sharedcatalogs_municipio` (
  `id` int(11) NOT NULL AUTO_INCREMENT,
  `nombreMunicipio` varchar(200) NOT NULL,
  `latitud` double NOT NULL,
  `longitud` double NOT NULL,
  `estado_id` int(11) NOT NULL,
  PRIMARY KEY (`id`),
  KEY `ERP_municipio_estado_id_4c86d996_fk_ERP_estado_id` (`estado_id`),
  CONSTRAINT `ERP_municipio_estado_id_4c86d996_fk_ERP_estado_id` FOREIGN KEY (`estado_id`) REFERENCES `sharedcatalogs_estado` (`id`)
) ENGINE=InnoDB AUTO_INCREMENT=5 DEFAULT CHARSET=latin1;
/*!40101 SET character_set_client = @saved_cs_client */;

--
-- Dumping data for table `sharedcatalogs_municipio`
--

LOCK TABLES `sharedcatalogs_municipio` WRITE;
/*!40000 ALTER TABLE `sharedcatalogs_municipio` DISABLE KEYS */;
INSERT INTO `sharedcatalogs_municipio` VALUES (1,'Metepec',99.455,-102.4234,15),(2,'Toluca',99.6633,-102.66373,15),(3,'Ecatepec',99.6633,-102.66373,15),(4,'Guadalajara',99.6633,-102.66373,16);
/*!40000 ALTER TABLE `sharedcatalogs_municipio` ENABLE KEYS */;
UNLOCK TABLES;

--
-- Table structure for table `sharedcatalogs_pais`
--

DROP TABLE IF EXISTS `sharedcatalogs_pais`;
/*!40101 SET @saved_cs_client     = @@character_set_client */;
/*!40101 SET character_set_client = utf8 */;
CREATE TABLE `sharedcatalogs_pais` (
  `id` int(11) NOT NULL AUTO_INCREMENT,
  `nombrePais` varchar(200) NOT NULL,
  `latitud` double NOT NULL,
  `longitud` double NOT NULL,
  PRIMARY KEY (`id`)
) ENGINE=InnoDB AUTO_INCREMENT=2 DEFAULT CHARSET=latin1;
/*!40101 SET character_set_client = @saved_cs_client */;

--
-- Dumping data for table `sharedcatalogs_pais`
--

LOCK TABLES `sharedcatalogs_pais` WRITE;
/*!40000 ALTER TABLE `sharedcatalogs_pais` DISABLE KEYS */;
INSERT INTO `sharedcatalogs_pais` VALUES (1,'Mexico',99,-102.3232);
/*!40000 ALTER TABLE `sharedcatalogs_pais` ENABLE KEYS */;
UNLOCK TABLES;

--
-- Table structure for table `sharedcatalogs_satbank`
--

DROP TABLE IF EXISTS `sharedcatalogs_satbank`;
/*!40101 SET @saved_cs_client     = @@character_set_client */;
/*!40101 SET character_set_client = utf8 */;
CREATE TABLE `sharedcatalogs_satbank` (
  `id` int(11) NOT NULL AUTO_INCREMENT,
  `key` varchar(3) NOT NULL,
  `name` varchar(100) NOT NULL,
  `business_name` varchar(500) NOT NULL,
  PRIMARY KEY (`id`)
) ENGINE=InnoDB AUTO_INCREMENT=93 DEFAULT CHARSET=latin1;
/*!40101 SET character_set_client = @saved_cs_client */;

--
-- Dumping data for table `sharedcatalogs_satbank`
--

LOCK TABLES `sharedcatalogs_satbank` WRITE;
/*!40000 ALTER TABLE `sharedcatalogs_satbank` DISABLE KEYS */;
INSERT INTO `sharedcatalogs_satbank` VALUES (1,'002','BANAMEX','Banco Nacional de México, S.A., Institución de Banca Múltiple, Grupo Financiero Banamex'),(2,'006','BANCOMEXT','Banco Nacional de Comercio Exterior, Sociedad Nacional de Crédito, Institución de Banca de Desarrollo'),(3,'009','BANOBRAS','Banco Nacional de Obras y Servicios Públicos, Sociedad Nacional de Crédito, Institución de Banca de Desarrollo'),(4,'012','BBVA BANCOMER','BBVA Bancomer, S.A., Institución de Banca Múltiple, Grupo Financiero BBVA Bancomer'),(5,'014','SANTANDER','Banco Santander (México), S.A., Institución de Banca Múltiple, Grupo Financiero Santander'),(6,'019','BANJERCITO','Banco Nacional del Ejército, Fuerza Aérea y Armada, Sociedad Nacional de Crédito, Institución de Banca de Desarrollo'),(7,'021','HSBC','HSBC México, S.A., institución De Banca Múltiple, Grupo Financiero HSBC'),(8,'030','BAJIO','Banco del Bajío, S.A., Institución de Banca Múltiple'),(9,'032','IXE','IXE Banco, S.A., Institución de Banca Múltiple, IXE Grupo Financiero'),(10,'036','INBURSA','Banco Inbursa, S.A., Institución de Banca Múltiple, Grupo Financiero Inbursa'),(11,'037','INTERACCIONES','Banco Interacciones, S.A., Institución de Banca Múltiple'),(12,'042','MIFEL','Banca Mifel, S.A., Institución de Banca Múltiple, Grupo Financiero Mifel'),(13,'044','SCOTIABANK','Scotiabank Inverlat, S.A.'),(14,'058','BANREGIO','Banco Regional de Monterrey, S.A., Institución de Banca Múltiple, Banregio Grupo Financiero'),(15,'059','INVEX','Banco Invex, S.A., Institución de Banca Múltiple, Invex Grupo Financiero'),(16,'060','BANSI','Bansi, S.A., Institución de Banca Múltiple'),(17,'062','AFIRME','Banca Afirme, S.A., Institución de Banca Múltiple'),(18,'072','BANORTE','Banco Mercantil del Norte, S.A., Institución de Banca Múltiple, Grupo Financiero Banorte'),(19,'102','THE ROYAL BANK','The Royal Bank of Scotland México, S.A., Institución de Banca Múltiple'),(20,'103','AMERICAN EXPRESS','American Express Bank (México), S.A., Institución de Banca Múltiple'),(21,'106','BAMSA','Bank of America México, S.A., Institución de Banca Múltiple, Grupo Financiero Bank of America'),(22,'108','TOKYO','Bank of Tokyo-Mitsubishi UFJ (México), S.A.'),(23,'110','JP MORGAN','Banco J.P. Morgan, S.A., Institución de Banca Múltiple, J.P. Morgan Grupo Financiero'),(24,'112','BMONEX','Banco Monex, S.A., Institución de Banca Múltiple'),(25,'113','VE POR MAS','Banco Ve Por Mas, S.A. Institución de Banca Múltiple'),(26,'116','ING','ING Bank (México), S.A., Institución de Banca Múltiple, ING Grupo Financiero'),(27,'124','DEUTSCHE','Deutsche Bank México, S.A., Institución de Banca Múltiple'),(28,'126','CREDIT SUISSE','Banco Credit Suisse (México), S.A. Institución de Banca Múltiple, Grupo Financiero Credit Suisse (México)'),(29,'127','AZTECA','Banco Azteca, S.A. Institución de Banca Múltiple.'),(30,'128','AUTOFIN','Banco Autofin México, S.A. Institución de Banca Múltiple'),(31,'129','BARCLAYS','Barclays Bank México, S.A., Institución de Banca Múltiple, Grupo Financiero Barclays México'),(32,'130','COMPARTAMOS','Banco Compartamos, S.A., Institución de Banca Múltiple'),(33,'131','BANCO FAMSA','Banco Ahorro Famsa, S.A., Institución de Banca Múltiple'),(34,'132','BMULTIVA','Banco Multiva, S.A., Institución de Banca Múltiple, Multivalores Grupo Financiero'),(35,'133','ACTINVER','Banco Actinver, S.A. Institución de Banca Múltiple, Grupo Financiero Actinver'),(36,'134','WAL-MART','Banco Wal-Mart de México Adelante, S.A., Institución de Banca Múltiple'),(37,'135','NAFIN','Nacional Financiera, Sociedad Nacional de Crédito, Institución de Banca de Desarrollo'),(38,'136','INTERBANCO','Inter Banco, S.A. Institución de Banca Múltiple'),(39,'137','BANCOPPEL','BanCoppel, S.A., Institución de Banca Múltiple'),(40,'138','ABC CAPITAL','ABC Capital, S.A., Institución de Banca Múltiple'),(41,'139','UBS BANK','UBS Bank México, S.A., Institución de Banca Múltiple, UBS Grupo Financiero'),(42,'140','CONSUBANCO','Consubanco, S.A. Institución de Banca Múltiple'),(43,'141','VOLKSWAGEN','Volkswagen Bank, S.A., Institución de Banca Múltiple'),(44,'143','CIBANCO','CIBanco, S.A.'),(45,'145','BBASE','Banco Base, S.A., Institución de Banca Múltiple'),(46,'166','BANSEFI','Banco del Ahorro Nacional y Servicios Financieros, Sociedad Nacional de Crédito, Institución de Banca de Desarrollo'),(47,'168','HIPOTECARIA FEDERAL','Sociedad Hipotecaria Federal, Sociedad Nacional de Crédito, Institución de Banca de Desarrollo'),(48,'600','MONEXCB','Monex Casa de Bolsa, S.A. de C.V. Monex Grupo Financiero'),(49,'601','GBM','GBM Grupo Bursátil Mexicano, S.A. de C.V. Casa de Bolsa'),(50,'602','MASARI','Masari Casa de Bolsa, S.A.'),(51,'605','VALUE','Value, S.A. de C.V. Casa de Bolsa'),(52,'606','ESTRUCTURADORES','Estructuradores del Mercado de Valores Casa de Bolsa, S.A. de C.V.'),(53,'607','TIBER','Casa de Cambio Tiber, S.A. de C.V.'),(54,'608','VECTOR','Vector Casa de Bolsa, S.A. de C.V.'),(55,'610','B&B','B y B, Casa de Cambio, S.A. de C.V.'),(56,'614','ACCIVAL','Acciones y Valores Banamex, S.A. de C.V., Casa de Bolsa'),(57,'615','MERRILL LYNCH','Merrill Lynch México, S.A. de C.V. Casa de Bolsa'),(58,'616','FINAMEX','Casa de Bolsa Finamex, S.A. de C.V.'),(59,'617','VALMEX','Valores Mexicanos Casa de Bolsa, S.A. de C.V.'),(60,'618','UNICA','Unica Casa de Cambio, S.A. de C.V.'),(61,'619','MAPFRE','MAPFRE Tepeyac, S.A.'),(62,'620','PROFUTURO','Profuturo G.N.P., S.A. de C.V., Afore'),(63,'621','CB ACTINVER','Actinver Casa de Bolsa, S.A. de C.V.'),(64,'622','OACTIN','OPERADORA ACTINVER, S.A. DE C.V.'),(65,'623','SKANDIA','Skandia Vida, S.A. de C.V.'),(66,'626','CBDEUTSCHE','Deutsche Securities, S.A. de C.V. CASA DE BOLSA'),(67,'627','ZURICH','Zurich Compañía de Seguros, S.A.'),(68,'628','ZURICHVI','Zurich Vida, Compañía de Seguros, S.A.'),(69,'629','SU CASITA','Hipotecaria Su Casita, S.A. de C.V. SOFOM ENR'),(70,'630','CB INTERCAM','Intercam Casa de Bolsa, S.A. de C.V.'),(71,'631','CI BOLSA','CI Casa de Bolsa, S.A. de C.V.'),(72,'632','BULLTICK CB','Bulltick Casa de Bolsa, S.A., de C.V.'),(73,'633','STERLING','Sterling Casa de Cambio, S.A. de C.V.'),(74,'634','FINCOMUN','Fincomún, Servicios Financieros Comunitarios, S.A. de C.V.'),(75,'636','HDI SEGUROS','HDI Seguros, S.A. de C.V.'),(76,'637','ORDER','Order Express Casa de Cambio, S.A. de C.V'),(77,'638','AKALA','Akala, S.A. de C.V., Sociedad Financiera Popular'),(78,'640','CB JPMORGAN','J.P. Morgan Casa de Bolsa, S.A. de C.V. J.P. Morgan Grupo Financiero'),(79,'642','REFORMA','Operadora de Recursos Reforma, S.A. de C.V., S.F.P.'),(80,'646','STP','Sistema de Transferencias y Pagos STP, S.A. de C.V.SOFOM ENR'),(81,'647','TELECOMM','Telecomunicaciones de México'),(82,'648','EVERCORE','Evercore Casa de Bolsa, S.A. de C.V.'),(83,'649','SKANDIA','Skandia Operadora de Fondos, S.A. de C.V.'),(84,'651','SEGMTY','Seguros Monterrey New York Life, S.A de C.V'),(85,'652','ASEA','Solución Asea, S.A. de C.V., Sociedad Financiera Popular'),(86,'653','KUSPIT','Kuspit Casa de Bolsa, S.A. de C.V.'),(87,'655','SOFIEXPRESS','J.P. SOFIEXPRESS, S.A. de C.V., S.F.P.'),(88,'656','UNAGRA','UNAGRA, S.A. de C.V., S.F.P.'),(89,'659','OPCIONES EMPRESARIALES DEL NOROESTE','OPCIONES EMPRESARIALES DEL NORESTE, S.A. DE C.V., S.F.P.'),(90,'901','CLS','Cls Bank International'),(91,'902','INDEVAL','SD. Indeval, S.A. de C.V.'),(92,'670','LIBERTAD','Libertad Servicios Financieros, S.A. De C.V.');
/*!40000 ALTER TABLE `sharedcatalogs_satbank` ENABLE KEYS */;
UNLOCK TABLES;

--
-- Table structure for table `users_erpuser`
--

DROP TABLE IF EXISTS `users_erpuser`;
/*!40101 SET @saved_cs_client     = @@character_set_client */;
/*!40101 SET character_set_client = utf8 */;
CREATE TABLE `users_erpuser` (
  `id` int(11) NOT NULL AUTO_INCREMENT,
  `profile_picture` varchar(100) DEFAULT NULL,
  `user_id` int(11) NOT NULL,
  PRIMARY KEY (`id`),
  UNIQUE KEY `user_id` (`user_id`),
  CONSTRAINT `users_erpuser_user_id_fa88a7b5_fk_auth_user_id` FOREIGN KEY (`user_id`) REFERENCES `auth_user` (`id`)
) ENGINE=InnoDB AUTO_INCREMENT=31 DEFAULT CHARSET=latin1;
/*!40101 SET character_set_client = @saved_cs_client */;

--
-- Dumping data for table `users_erpuser`
--

LOCK TABLES `users_erpuser` WRITE;
/*!40000 ALTER TABLE `users_erpuser` DISABLE KEYS */;
INSERT INTO `users_erpuser` VALUES (1,'',1),(2,'',2),(3,'',7),(4,'',15),(5,'',16),(6,'',17),(7,'',18),(8,'',19),(9,'',20),(10,'',21),(11,'',22),(30,'documentos_del_usuario/40/profile_usuario.jpg',40);
/*!40000 ALTER TABLE `users_erpuser` ENABLE KEYS */;
UNLOCK TABLES;
/*!40103 SET TIME_ZONE=@OLD_TIME_ZONE */;

/*!40101 SET SQL_MODE=@OLD_SQL_MODE */;
/*!40014 SET FOREIGN_KEY_CHECKS=@OLD_FOREIGN_KEY_CHECKS */;
/*!40014 SET UNIQUE_CHECKS=@OLD_UNIQUE_CHECKS */;
/*!40101 SET CHARACTER_SET_CLIENT=@OLD_CHARACTER_SET_CLIENT */;
/*!40101 SET CHARACTER_SET_RESULTS=@OLD_CHARACTER_SET_RESULTS */;
/*!40101 SET COLLATION_CONNECTION=@OLD_COLLATION_CONNECTION */;
/*!40111 SET SQL_NOTES=@OLD_SQL_NOTES */;

-- Dump completed on 2018-02-20 13:16:44
