-- MySQL dump 10.13  Distrib 5.7.18, for osx10.12 (x86_64)
--
-- Host: localhost    Database: salcedo_erp_db
-- ------------------------------------------------------
-- Server version	5.7.18

/*!40101 SET @OLD_CHARACTER_SET_CLIENT=@@CHARACTER_SET_CLIENT */;
/*!40101 SET @OLD_CHARACTER_SET_RESULTS=@@CHARACTER_SET_RESULTS */;
/*!40101 SET @OLD_COLLATION_CONNECTION=@@COLLATION_CONNECTION */;
/*!40101 SET NAMES utf8 */;
/*!40103 SET @OLD_TIME_ZONE=@@TIME_ZONE */;
/*!40103 SET TIME_ZONE='+00:00' */;
/*!40014 SET @OLD_UNIQUE_CHECKS=@@UNIQUE_CHECKS, UNIQUE_CHECKS=0 */;
/*!40014 SET @OLD_FOREIGN_KEY_CHECKS=@@FOREIGN_KEY_CHECKS, FOREIGN_KEY_CHECKS=0 */;
/*!40101 SET @OLD_SQL_MODE=@@SQL_MODE, SQL_MODE='NO_AUTO_VALUE_ON_ZERO' */;
/*!40111 SET @OLD_SQL_NOTES=@@SQL_NOTES, SQL_NOTES=0 */;

--
-- Table structure for table `ERP_accesstoproject`
--

DROP TABLE IF EXISTS `ERP_accesstoproject`;
/*!40101 SET @saved_cs_client     = @@character_set_client */;
/*!40101 SET character_set_client = utf8 */;
CREATE TABLE `ERP_accesstoproject` (
  `id` int(11) NOT NULL AUTO_INCREMENT,
  `project_id` int(11) NOT NULL,
  `user_id` int(11) NOT NULL,
  PRIMARY KEY (`id`),
  UNIQUE KEY `ERP_accesstoproject_user_id_fcf9f436_uniq` (`user_id`,`project_id`),
  KEY `ERP_accesstoproject_b098ad43` (`project_id`),
  KEY `ERP_accesstoproject_e8701ad4` (`user_id`),
  CONSTRAINT `ERP_accesstoproject_project_id_111ab380_fk_ERP_project_id` FOREIGN KEY (`project_id`) REFERENCES `ERP_project` (`id`),
  CONSTRAINT `ERP_accesstoproject_user_id_be71b682_fk_auth_user_id` FOREIGN KEY (`user_id`) REFERENCES `auth_user` (`id`)
) ENGINE=InnoDB AUTO_INCREMENT=10 DEFAULT CHARSET=latin1;
/*!40101 SET character_set_client = @saved_cs_client */;

--
-- Dumping data for table `ERP_accesstoproject`
--

LOCK TABLES `ERP_accesstoproject` WRITE;
/*!40000 ALTER TABLE `ERP_accesstoproject` DISABLE KEYS */;
INSERT INTO `ERP_accesstoproject` VALUES (9,1,1),(1,1,2),(5,2,2),(4,1,16),(8,2,16),(3,1,18),(7,2,20),(2,1,21),(6,2,21);
/*!40000 ALTER TABLE `ERP_accesstoproject` ENABLE KEYS */;
UNLOCK TABLES;

--
-- Table structure for table `ERP_area`
--

DROP TABLE IF EXISTS `ERP_area`;
/*!40101 SET @saved_cs_client     = @@character_set_client */;
/*!40101 SET character_set_client = utf8 */;
CREATE TABLE `ERP_area` (
  `id` int(11) NOT NULL AUTO_INCREMENT,
  `version` bigint(20) NOT NULL,
  `nombreArea` longtext NOT NULL,
  `descripcion` longtext NOT NULL,
  `last_edit_date` datetime(6) NOT NULL,
  `departamento_id` int(11) NOT NULL,
  PRIMARY KEY (`id`),
  KEY `ERP_area_f5acfb16` (`departamento_id`),
  CONSTRAINT `ERP_area_departamento_id_41af560c_fk_ERP_departamento_id` FOREIGN KEY (`departamento_id`) REFERENCES `ERP_departamento` (`id`)
) ENGINE=InnoDB DEFAULT CHARSET=latin1;
/*!40101 SET character_set_client = @saved_cs_client */;

--
-- Dumping data for table `ERP_area`
--

LOCK TABLES `ERP_area` WRITE;
/*!40000 ALTER TABLE `ERP_area` DISABLE KEYS */;
/*!40000 ALTER TABLE `ERP_area` ENABLE KEYS */;
UNLOCK TABLES;

--
-- Table structure for table `ERP_concept_input`
--

DROP TABLE IF EXISTS `ERP_concept_input`;
/*!40101 SET @saved_cs_client     = @@character_set_client */;
/*!40101 SET character_set_client = utf8 */;
CREATE TABLE `ERP_concept_input` (
  `id` int(11) NOT NULL AUTO_INCREMENT,
  `version` bigint(20) NOT NULL,
  `key` varchar(32) NOT NULL,
  `description` longtext NOT NULL,
  `status` varchar(2) NOT NULL,
  `quantity` decimal(20,2) NOT NULL,
  `unit_price` decimal(20,2) NOT NULL,
  `type` varchar(1) NOT NULL,
  `last_edit_date` datetime(6) NOT NULL,
  `line_item_id` int(11) NOT NULL,
  `unit_id` int(11) NOT NULL,
  PRIMARY KEY (`id`),
  UNIQUE KEY `ERP_concept_input_line_item_id_9d45b318_uniq` (`line_item_id`,`key`),
  KEY `ERP_concept_input_a469d365` (`line_item_id`),
  KEY `ERP_concept_input_e8175980` (`unit_id`),
  CONSTRAINT `ERP_concept_input_line_item_id_532040c0_fk_ERP_lineitem_id` FOREIGN KEY (`line_item_id`) REFERENCES `ERP_lineitem` (`id`),
  CONSTRAINT `ERP_concept_input_unit_id_c6c61ed8_fk_ERP_unit_id` FOREIGN KEY (`unit_id`) REFERENCES `ERP_unit` (`id`)
) ENGINE=InnoDB AUTO_INCREMENT=700 DEFAULT CHARSET=latin1;
/*!40101 SET character_set_client = @saved_cs_client */;

--
-- Dumping data for table `ERP_concept_input`
--

LOCK TABLES `ERP_concept_input` WRITE;
/*!40000 ALTER TABLE `ERP_concept_input` DISABLE KEYS */;
INSERT INTO `ERP_concept_input` VALUES (1,1508268342967162,'GCAISC-0042','EXCAVACIÓN Y NIVELACIÓN DE TERRENO, DE 0 A 2.10 M DE PROFUNDIDAD. INCLUYE AFINE DE FONDOS Y TALUDES Y TRASPALEO DE MATERIAL PRODUCTO DE EXCAVACIÓN, INCLUYE MATERIALES, MANO DE OBRA EQUIPO Y HERRAMIENTA, TODO LO NECESARIO PAR SU CORRECTA EJECUCIÓN P.U.O.T.','A',555.75,104.45,'C','2017-10-17 19:41:29.651832',2,1),(2,1508268342971637,'005-48','ACARREO DE MATERIALES SOBRANTES PRODUCTO DE EXCAVACIONES, DEMOLICIONES, LIMPIEZA DE OBRA (ESCOMBRO Y CASCAJO) A TIRO LIBRE PROPUESTO POR EL CONTRATISTA, INCLUYE:CARGA CON MAQUINA, MANO DE OBRA, EQUIPO Y HERRAMIENTA P.U.O.T.','A',632.54,99.41,'C','2017-10-17 19:41:29.656336',2,1),(3,1508268342975898,'3.1.B1','TRAZO Y NIVELACION  DE TERRENO CON EQUIPO TOPOGRAFICO ESTABLECIENDO EJES DE REFERENCIA Y BANCOS DE NIVEL, INCLUYE: MATERIALES, MANO DE OBRA, EQUIPO Y HERRAMIENTA P.U.O.T.','A',850.00,3.55,'C','2017-10-17 19:41:29.660613',2,2),(4,1508268342979910,'0936-09B','PEDRAPLEN A BASE DE PIEDRA BOLA PRODUCTO DE CRIBA ESPESOR DE 25 CM, COMPACTADO AL 90% DE SU P.V.S.M. INCLUYE: SUMINISTRO DEL MATERIAL, TENDIDO, ACOMODO Y ASENTADO DEL MISMO CON EQUIPO MECANICO, MANO DE OBRA Y HERRAMIENTA. P.U.O.T.','A',91.00,216.12,'C','2017-10-17 19:41:29.664626',3,1),(5,1508268342983752,'093-04','SUB BASE CON MATERIAL DE BANCO, CON UN ESPESOR DE 15 A 20 CMS, COMPACTADA AL 90% DE SU P.V.S.M., INCLUYE:SUMINISTRO Y ACARREO DEL MATERIAL PUESTO EN LA OBRA, ACAMELLONADO, INCORPORACION DE AGUA Y SU ACARREO, MEZCLADO, TENDIDO, AFINE Y COMPACTACION . P.U.O.T.','A',171.00,213.99,'C','2017-10-17 19:41:29.668465',3,1),(6,1508268342988432,'093-05B','BASE CON MATERIAL DE BANCO, CON UN ESPESOR DE 20 CMS. Y COMPACTADA AL 95% DE SU P.V.S.M., INCLUYE: SUMINISTRO Y ACARREO DEL MATERIAL PUESTO EN LA OBRA, ACAMELLONADO, INCORPORACIÓN DE AGUA Y SU ACARREO, MEZCLADO, TENDIDO, AFINE Y COMPACTACIÓN, MANO DE OBRA, EQUIPO Y HERRAMIENTA. P.U.O.T.','A',598.50,220.10,'C','2017-10-17 19:41:29.673133',3,1),(7,1508268342992373,'AB-VS-CIM01','SUMNISTRO Y COLOCACIÓN GEOTEXTIL TEJIDO DE POLIESTER DE 350 gr/m2 TIPO PAVITEX 350 DE 2 mm. DE ESPESOR.  INCLUYE: SUMINISTRO, COLOCACION,  FIJACION AL TERRENO NATURAL, COCIDO CON HILO DE POLIESTER EN EL SITIO MATERIALES, MANO DE OBRA, EQUIPO Y HERRAMIENTA','A',855.00,26.83,'C','2017-10-17 19:41:29.677085',3,2),(8,1508268342996190,'AB-VS-CIM02','SUMINISTRO Y COLOCACIÓN DE GEOMALLA BIAXIAL BX15P EN TALUDES DE TERRAPLENES Y CORTES, SE SUJETARA CON VARILLAS, AMARRADAS CON ALAMBRE.  INCLUYE: FIJACION AL TERRENO NATURAL, MANO DE OBRA, EQUIPO, HERRAMIENTA Y TODO LO NECESARIO PARA SU CORRECTA COLOCACIÓN. P.U.O.T.','A',810.95,42.49,'C','2017-10-17 19:41:29.680906',3,2),(9,1508268343000256,'ARLISC-003','EXCAVACIÓN A MANO EN CEPA HASTA 2.00 MTS DE PROF. EN CUALQUIER TIPO DE MATERIAL; INCLUYE: AFINE DE TALUDES  Y FONDO,  INCLUIR ACARREOS DE MATERIAL SOBRANTE FUERA DE LA OBRA, INCLUYE: MANO DE OBRA, EQUIPO, HERRAMIENTA.  P.U.O.T.','A',134.40,166.39,'C','2017-10-17 19:41:29.684971',3,1),(10,1508268343004482,'KC-CON01','PLANTILLA DE CONCRETO F\'C=100 KG/CM2 DE 6 CMS DE ESPESOR CON ACARREO HORIZONTAL A UNA DISTANCIA DE 25.00 MTS CON  BOTE INCLUYE: PREPARACIÓN DE LA SUPERFICIE,NIVELACIÓN, MAESTREADO Y COLADO.','A',850.00,98.61,'C','2017-10-17 19:41:29.689196',3,2),(11,1508268343008505,'BP-006-1','CADENA DE DESPLANTE DE SECCION 20 X 40 CM. DE CONCRETO HIDRAULICO HECHO EN OBRA F\'C=200 KG/CM2 RESINTENCIA NORMAL, TAMAÑO MAXIMO AGREGADO DE 3/4\", REFORZADO 6 VARILLAS DE ACERO DEL No.4 (1/2\") Y ESTRIBOS DEL No. 2 (1/4\") A CADA 20 CM. ACABADO COMUN, INCLUYE: VIBRADO, CURADO, CIMBRA Y DESCIMBRA, MATERIALES, HERRAMIENTAS, EQUIPO DE SEGURIDAD, MANO DE OBRA Y EQUIPO MENOR.','A',123.30,392.98,'C','2017-10-17 19:41:29.693220',3,3),(12,1508268343012992,'03002003','CONTRATRABE DE CIMENTACION SEC CION  .20 X .40  MTS. CONCRETO F\'C=200 KG/CM² ARMADO CON 6 VA RILLAS # 4 FY= 4200 Y ESTRIBOS DEL N.2 @ 20 CMS. F\'Y= 2400 KG /CM2. INCLUYE: MATERIALES MANO DE OBRA, CIMBRA COMUN, DESCIM- BRADO, COLADO, CURADO, VIBRADO \'DESPERDICIOS,  ACARREOS DENTRO Y  FUERA DE LA OBRA, ELEVACIÓN A CUALQUIER  ALTURA, ANDAMIOS, HERRAMIENTA, EQUIPO, RETIRO DE MATERIAL  SOBRANTE FUERA DE LA OBRA, LIMPIEZA Y TODO LO NECE- SARIO  PARA SU CORRECTA EJECU- CION P.U.O.T.                  ','A',342.75,411.19,'C','2017-10-17 19:41:29.697678',3,3),(13,1508268343017360,'CIM-006','ZAPATA AISLADA DE 1.00X1.00X0.20 MTS DE CONCRETO HECHO EN OBRA FC=250KG/CM2 ARMADO CON VAR N.3 A 20CM AMBOS SENTIDOS FRAGUADO NORMAL PARA CIMENTACION, ARRIOSTRES Y ESTRUCTURA, ASI COMO PARA RESANE DE PISO DEMOLIDO. INCLUYE: MATERIALES Y SU ELEVACION, PROTECCION DEL AREA DONDE SE FABRICARA,COLOCACION, VIBRADO,CURADO,ACARREO DE SOBRANTES A PIE DE CAMION, DESPERDICIOS, LIMPIEZA Y LO NECESARIO PARA SU CORRECTA EJECUCION.','A',16.00,820.15,'C','2017-10-17 19:41:29.702069',3,4),(14,1508268343021391,'AB-VS-CIM03','CABEZAL DE 0.90X0.90X0.30 MTS DE CONCRETO HECHO EN OBRA FC=200KG/CM2 ARMADO CON VAR #5 @18CM AMBOS SENTIDOS FRAGUADO NORMAL PARA CIMENTACION, ARRIOSTRES Y ESTRUCTURA. INCLUYE: MATERIALES Y SU ELEVACION, PROTECCION DEL AREA DONDE SE FABRICARA,COLOCACION, VIBRADO,CURADO,ACARREO DE SOBRANTES A PIE DE CAMION, DESPERDICIOS, LIMPIEZA Y LO NECESARIO PARA SU CORRECTA EJECUCION.','A',16.00,864.31,'C','2017-10-17 19:41:29.706086',3,4),(15,1508268343025233,'AB-VS-CIM04','CAISSON  K1 DE 70 CMS DE DIAMETRO, CON CONCRETO ARMADO CON 8 VARILLAS DE \"5 F\'Y= 4200 KG/CM2, ESPIRAL  DEL \"3 TRANSVERSAL A  CADA 15 CMS., CON CONCRETO DE F\'C= 200 KG/CM2, INCLUYE: HABILITADO, ARMADO, CIMBRA Y DESCIMBRA, COLADO, MATERIAL, MANO DE OBRA, HERRAMIENTA, EQUIPO Y TODO LO NECESARIO PARA SU CORRECTA EJECUCION.','A',32.00,1815.06,'C','2017-10-17 19:41:29.709946',3,3),(16,1508268343029186,'094-101C','LOSA DE CONCRETO ARMADO DE 10 CM DE ESPESOR, CONCRETO HECHO EN OBRA F\'C=200 KG/CM2 ARMADO CON MALLA ELECTROSOLDADA DE 6-6/10-10 ACABADO ESCOBILLADO. INCLUYE: MATERIAL, HERRAMIENTA Y MANO DE OBRA. P.U.O.T','A',850.00,275.01,'C','2017-10-17 19:41:29.713899',3,2),(17,1508268343033245,'AB-VS-EST01','SUMINISTRO Y COLOCACIÓN DE COLUMNAS DE MADERA TALLADA, DISEÑO DEFINIDO POR EL CLIENTE DIRECTAMENTE CON PROVEEDORES, INCLUYE: MATERIALES, EQUIPO, HERRAMIENTAS, HERRAMIENTA MENOR, SELLADO, TRATAMIENTO DE MADERA, ACABADO FINAL Y TODO LO NECESARIO PARA SU CORRECTA EJECUCIÓN, P.U.O.T.','A',1.00,720000.00,'C','2017-10-17 19:41:29.717960',4,5),(18,1508268343037331,'03002003','CONTRATRABE DE CIMENTACION SEC CION  .20 X .40  MTS. CONCRETO F\'C=200 KG/CM² ARMADO CON 6 VA RILLAS # 4 FY= 4200 Y ESTRIBOS DEL N.2 @ 20 CMS. F\'Y= 2400 KG /CM2. INCLUYE: MATERIALES MANO DE OBRA, CIMBRA COMUN, DESCIM- BRADO, COLADO, CURADO, VIBRADO \'DESPERDICIOS,  ACARREOS DENTRO Y  FUERA DE LA OBRA, ELEVACIÓN A CUALQUIER  ALTURA, ANDAMIOS, HERRAMIENTA, EQUIPO, RETIRO DE MATERIAL  SOBRANTE FUERA DE LA OBRA, LIMPIEZA Y TODO LO NECE- SARIO  PARA SU CORRECTA EJECU- CION P.U.O.T.                  ','A',102.40,411.19,'C','2017-10-17 19:41:29.722027',4,3),(19,1508268343041475,'SUSSISC-009C','CASTILLO DE SECCION 15X30 CMS COLADA CON CONCRETO F\'C = 200 KG/CM2 T.M.A. ¾\" RESISTENCIA NORMAL, HECHO EN OBRA, ARMADA CON 4 VARILLAS DEL # 3 Y ESTRIBOS DE ACERO DE REFUERZO DEL # 2 @ 20 CM , CONSIDERANDO CIMBRA, DESCIMBRADO. INCLUYE: MATERIAL, HERRAMIENTA, MANO DE OBRA, EQUIPO Y TODO LO NECESARIO PAA SU CORRECTA EJECUCIÓN. P.U.O.T.','A',400.07,193.09,'C','2017-10-17 19:41:29.726190',4,3),(20,1508268343045517,'013-14G1','TRABE T-1 DE CONCRETO F\'C= 250 KG/CM2, SECCION DE 20 X 40 CM ARMADO CON 5 VARILLAS DEL # 4  Y 2 BASTONES DEL # 4 FY= 4200 KG/CM2, ESTRIBOS DEL # 3 @ 15 CM. INCLUYE: MATERIALES, CIMBRA Y DESCIMBRA, FABRICACIÓN Y VACIADO DE CONCRETO, VIBRADO, HERRAMIENTA, MANO DE OBRA, ACARREOS DENTRO Y FUERA DE LA OBRA, EQUIPO, HABILITADO Y ARMADO DE ACERO, DESPERDICIOS, LIMPIEZA. U.C.T.T.','A',12.00,501.64,'C','2017-10-17 19:41:29.730232',4,3),(21,1508268343050068,'ARCISC-0090','MURO DE TABIQUE DE 15 CMS DE ESPESOR Y 35 DE ALTO DE BARRO ROJO RECOCIDO, ACABADO COMÚN, JUNTEADO CON MORTERO CEMENTO.ARENA PROP. 1:4, PARA FORMAR ESCALÓN, INCLUYE: MATERIALES, MANO DE OBRA, LIMPIEZA DEL ÁREA PARA DESPLANTAR, ACARREOS A 1RA ESTACIÓN, DESPERDICIOS, HERRAMIENTA, EQUIPO Y TODO LO NECESARIO PARA SU CORRECTA EJECUCIÓN. P.U.O.T.','A',711.57,95.71,'C','2017-10-17 19:41:29.734773',4,2),(22,1508268343053943,'AB-VS-EST02','SUMINISTRO Y COLOCACON DE VIGAS DE MADERA DE ÉBANO, CON DIMENSIONES DE 15 × 25 CMS. INCLUYE: TRATAMIENTO PARA MADERA A BASE DE PENTACLOROFENOL,  Y ACEITE DE LINAZA APLICADO CON BROCHA A DOS MANOS, MATERIAL, MANO DE OBRA, HERRAMIENTA, EQUIPO DE PROTECCIÓN CONTRA GASES TÓXICOS Y TODO LO NECESARIO PARA SU EJECUCIÓN. P.U.O.T.','A',1467.37,611.56,'C','2017-10-17 19:41:29.738654',4,3),(23,1508268343057899,'AB-VS-EST03','SUMINISTRO Y COLOCACON DE VIGAS DE MADERA DE PINO, PARA SOSTENER CUBIERTA, DE 25 X 35 CM. INCLUYE: TRATAMIENTO PARA MADERA A BASE DE PENTACLOROFENOL,  Y ACEITE DE LINAZA APLICADO CON BROCHA A DOS MANOS, MATERIAL, MANO DE OBRA, HERRAMIENTA, EQUIPO DE PROTECCIÓN CONTRA GASES TÓXICOS Y TODO LO NECESARIO PARA SU EJECUCIÓN. P.U.O.T.','A',176.32,1322.96,'C','2017-10-17 19:41:29.742610',4,3),(24,1508268343061673,'AB-VS-EST04','CUBIERTA INCLINADA A BASE DE DUROCK PARA RECIBIR TEJAS DE BARRO, SOBRE VIGAS DE MADERA: INCLUYE: IMPERMEABILIZANTE,  MANO DE OBRA, UTILIZACIÓN DE LA HERRAMIENTA Y/O EQUIPO NECESARIO, ANDAMIOS, TRASPALEOS Y TODO LO NECESARIO PARA SU CORRECTA EJECUCIÓN. P.U.O.T.','A',874.06,375.37,'C','2017-10-17 19:41:29.746387',4,2),(25,1508268343065650,'GCAISC-0045','SUMINISTRO Y COLOCACION DE TEJA DE BARRO ESMALTADA COLOR VERDE DE 30X15X1.4 CM EN CUBIERTA INCLINADA. INCLUYE: CARGO DIRECTO POR EL COSTO DE LOS MATERIALES Y MANO DE OBRA QUE INTERVENGAN, FLETE A OBRA, DESPERDICIO, ACARREO HASTA EL LUGAR DE SU UTILIZACION, COLOCACION, ELEMENTOS DE FIJACION,  DESPERDICIOS , ELEVACIONES, LIMPIEZA Y RETIRO DE SOBRANTES FUERA DE OBRA, EQUIPO DE SEGURIDAD, INSTALACIONES ESPECIFICAS, DEPRECIACION Y DEMAS CARGOS DERIVADOS DEL USO DE HERRAMIENTA Y EQUIPO, EN CUALQUIER NIVEL. P.U.O.T.','A',874.06,117.26,'C','2017-10-17 19:41:29.750350',4,2),(26,1508268343069702,'LAC-C20','LOSACERO CAL 20 A BASE DE LAMINA GALVANIZADA CAL 20 CON MALLA  ELECTROSOLDADA CAL 6X6X 10/10  CON CONECTOR PARA CORTANTE TIPO NELSON, INCLUYE: CONCRETO PREMEZCLADO F`C=250 KG/CM2 RN, AGREGADO 20 MM. Y 38 MM. REVENIMIENTO 12 +/-3.5 CMS. BOMBEABLE, GRADO DE CALIDAD \"B\", CONCRETO ESTRUCTURAL, CLASE 1, CURADOS, CIMBRA, DESCIMBRADO, FRONTERAS, Y TODO LO NECESARIO PARA SU CORRECTA COLOCACION.','A',317.26,506.17,'C','2017-10-17 19:41:29.754414',4,2),(27,1508268343074875,'ISC-0058','RAMPA DE ESCALERA DE 1.00 MTS DE ANCHO CONSIDERANDO CIMBRA Y DESCIMBRA, ACERO DE REFUERZO FY=´4000 KG/CM2, DEL NO. 4,  ( 1/2\" DE Ø ), LOSA DE CONCRETO DE F´C= 250 KG/CM2 38MM, CURADO CON AGUA, INCLUYE: MATERIAL Y MANO DE OBRA','A',13.02,820.37,'C','2017-10-17 19:41:29.759547',4,2),(28,1508268343080185,'076-07D','ESCALON DE CONCRETO DE 17CM DE PERALTE, HUELLA DE 30CM, INCLUYE NARIZ Y CHAFLAN, DE 10 CM DE ESPESOR, CONCRETO F\'C=200 KG/CM2 T.M.A. ¾\" RESISTENCIA NORMAL,  ELABORADO EN OBRA, REFORZADO CON MALLA ELECTROSOLDADA 6*6 10/10 CON ACABADO ESCOBILLADO, MATERIAL, MANO DE OBRA, EQUIPO Y HERRAMIENTA. U.C.T.T.','A',30.40,176.25,'C','2017-10-17 19:41:29.764873',4,3),(29,1508268343084382,'AB-VS-EST05','CUNETA TIPO \"U\" DE 10 CM DE ESPESOR CON CONCRETO SIMPLE HECHO EN OBRA F\'C=150 KG/CM2, CON MALLA ELECTROSOLDADA 6-6/10X10, CON REVESTIMEINTO DE PIEDRA BOLA COMO ACABADO FINAL ASENTADO CON MORTERO 1:4. INCLUYE: EXACAVACIÓN, NIVELACIÓN, RELLENO CON MATERIAL PRODUCTO DE LA EXACAVACIÓN, MATERIALES, MANO DE OBRA, HERRAMIENTA Y EQUIPO. P.U.O.T.','A',131.40,456.82,'C','2017-10-17 19:41:29.769092',4,3),(30,1508268343088250,'SUSSISC-0015','MURETE DE BLOCK DE CONCRETO RBH-60 ENTERO DE 12 X 20 X 40 CM., ASENTADO CON MORTERO CEMENTO - ARENA 1:5, CON REFUERZO HORIZONTAL TIPO ESCALERILLA A CADA 2 HILADAS, ACABADO COMUN, INCLUYE: MATERIALES, ACARREOS, MANO DE OBRA, EQUIPO Y HERRAMIENTA.','A',8.00,182.76,'C','2017-10-17 19:41:29.772964',4,2),(31,1508268343092109,'LAMB-001','LAMBRIN DE AZULEJO DE 20 X 30 MARCA VITROMEX, MODELO A ESCOGER, PARA RECUBRIMIENTO EN MURO, ASENTADO CON CEMENTO CREST, JUNTEADO CON CEMENTO BLANC, CONSIDERANDO ANDAMIO DE CABALLETE PARA ALTURAS DE 1.50 A 3.00 MTS, RECORTE, EMBOQUILLADO. INCLUYE: MATERIAL, HERRAMIENTA Y MANO DE OBRA. P.U.O.T.','A',94.23,174.56,'C','2017-10-17 19:41:29.776824',5,2),(32,1508268343096038,'068-07','LOSETA ANTIDERRAPANTE MARCA INTERCERAMIC, EN ÁREA DE PISO DE BAÑO, INCLUYE: SUMINISTRO, COLOCACIÓN, TRAZO, CORTE, LOSETA INTERCERAMIC ANTIDERRAPANTE, PEGA AZULEJO INTERCERAMIC, BOQUILLA INTERCERAMIC, MANO DE OBRA, EQUIPO Y HERRAMIENTA, DESPERDICIOS. U.C.T.T.','A',16.28,211.17,'C','2017-10-17 19:41:29.780754',5,2),(33,1508268343099922,'068-01','LOSETA VIDRIADA  DE 30 X 30 CM. MARCA INTERCERAMIC, ASENTADA CON CEMENTO CREST Y LECHADEADO CON CEMENTO BLANCO. CONSIDERANDO CORTES, DESPERDICIOS Y LIMPIEZA DE LA SUPERFICIE CON AGUA Y JABÓN. INCLUYE: MATERIAL, HERRAMIENTA Y MANO DE OBRA. P.U.O.T.','A',55.09,211.17,'C','2017-10-17 19:41:29.784638',5,2),(34,1508268343104273,'068-06','LOSETA MARCA INTERCERAMIC ANTIDERRAPANTE DE 30 X 30 CM, ASENTADA  CON CEMENTO CREST,  JUNTAS DE 3MM. CONSIDERANDO: RECORTE Y DESPERDICIO. INCLUYE: MATERIAL, HERRAMIENTA Y MANO DE OBRA. P.U.O.T.','A',190.53,184.83,'C','2017-10-17 19:41:29.788980',5,2),(35,1508268343108234,'ULSISC-0050B','PISO DE LOSETA ANTIDERRAPANTE MARCA INTERCERAMIC LINEA ISLAND MODELO BALI DE 40X40 CM EN AREAS DE PSIO DE BAÑOS ASENTADO CON PEGAZULEJO INTERCERAMIC DE BAJA ABSORCION, BOQUILLA MARCA INTERCERAMIC, INCLUYE: SUMINISTRO DE MATERIALES, MANO DE OBRA, CORTES, DESPERDICIOS, HERRAMIENTA, EQUIPO, ACARREOS Y TODO LO NECESARIO PARA SU CORRECTA EJECUCIÓN. P.U.O.T.','A',34.48,201.54,'C','2017-10-17 19:41:29.792944',5,2),(36,1508268343112025,'068-11','LOSETA MARCA INTERCERAMIC DE 30X 30 CM. ASENTADA CON MORTERO CEMENTO-AREN PROP: 1:4 Y LECHADEADO CON CEMENTO BLANCO, CONSIDERANDO RECORTE Y DESPERDICIO. INCLUYE: MATERIAL, HERRAMIENTA Y MANO DE OBRA. P.U.O.T.','A',298.24,211.17,'C','2017-10-17 19:41:29.796741',5,2),(37,1508268343115948,'AB-VS-ACA01','CENEFA CON LOSETA MARCA VITROMEX, DISEÑO DEFINIDO POR EL CLIENTE, JUENTEADO CON MORTERO CEMENTO-ARENA PRP. 1:4.  INCLUYE: MATERIAL, MANO DE OBRA, EQUIPO Y HERRAMIENTA P.U.O.T.','A',260.00,53.80,'C','2017-10-17 19:41:29.800659',5,3),(38,1508268343119944,'068-06B','LOSETA DE CERÁMICA MODELO DESERT PEI-IV DE 33X33 CM., INTERCERAMIC, ASENTADO CON PEGA AZULEJO Ó CEMENTO CREST, CON JUNTA DE 6 MM. DE ESPESOR, INCLUYE: SUMINISTRO DE MATERIALES, COLOCACIÓN, CORTES RECTOS, REMATES, EMBOQUILLADOS A 45°, ACARREOS, MANO DE OBRA, HERRAMIENTA, EQUIPO Y LIMPIEZA. (U.C.T.T.)','A',393.57,138.96,'C','2017-10-17 19:41:29.804659',5,2),(39,1508268343124162,'KA-CON08','PINTURA VINÍLICA MARCA COMEX EN PLAFONES Y/O TRABES A 2 MANOS CONSIDERANDO PREPARACIÓN DE LA SUPERFICIE , APLICACIÓN DE SELLADOR Y ANDAMIO DE CABALLETE PARA ALTURAS DE 1.50 A 3.00 MTS. INCLUYE: MATERIAL, USO DE ANDAMIOS, MANO DE OBRA Y HERRAMIENTA. P.U.O.T.','A',396.65,53.08,'C','2017-10-17 19:41:29.808873',5,2),(40,1508268343128272,'084-02B','PINTURA VINIL-ACRILICA PARA INTERIOR EN MUROS,  MARCA COMEX A DOS MANOS,O SIMILAR EN  CALIDAD  Y CARACTERISTICAS  TECNICAS, SEGUN PALETA DE COLORES INCLUYE: SEÑALIZACION, PROTECCION  DE  LA  SUPERFICIE ADYACENTE CON  MASQUINTAPE,  PAPEL  Y  PLASTICO,   LIMPIEZA Y PREPARACION  DE  LA  SUPERFICIE, RESANES, UNA BASE DE - LIJADO,  EMPLASTE SELLADOR VINILICO EN  PROPORCION    5 X 1 PARA SUPERFICIES LISAS Ó  3 X 1 PARA SUPERFICIES RUGOSAS DESPERDICIOS, ANDAMIOS,  MATERIALES,  MANO DE OBRA,  HERRA MIENTA, EQUIPO, ACARREOS  DENTRO Y FUERA DE  LA OBRA,  LIMPIEZA Y TODO LO NECESARIO PARA   SU CORRECTA EJECUCION.P.U.O.T. . P.U.O.T.','A',1535.36,45.28,'C','2017-10-17 19:41:29.812986',5,2),(41,1508268343132384,'DSCO-013','PINTURA VINIL-ACRILICA PARA EXTERIOR EN MUROS,  MARCA COMEX A DOS MANOS,O SIMILAR EN  CALIDAD  Y CARACTERISTICAS  TECNICAS, SEGUN PALETA DE COLORES INCLUYE: SEÑALIZACION, PROTECCION  DE  LA  SUPERFICIE ADYACENTE CON  MASQUINTAPE,  PAPEL  Y  PLASTICO,   LIMPIEZA Y PREPARACION  DE  LA  SUPERFICIE, RESANES, UNA BASE DE - LIJADO,  EMPLASTE SELLADOR VINILICO EN  PROPORCION    5 X 1 PARA SUPERFICIES LISAS Ó  3 X 1 PARA SUPERFICIES RUGOSAS DESPERDICIOS, ANDAMIOS,  MATERIALES,  MANO DE OBRA,  HERRA MIENTA, EQUIPO, ACARREOS  DENTRO Y FUERA DE  LA OBRA,  LIMPIEZA Y TODO LO NECESARIO PARA   SU CORRECTA EJECUCION.P.U.O.T. . P.U.O.T.','A',421.79,37.36,'C','2017-10-17 19:41:29.817100',5,2),(42,1508268343137032,'068-51','ZOCLO DE 10X20 CM  MARCA  INTERCERAMIC, MODELO A ESCOGER ASENTADO CON  MORTERO CEMENTO1:4, LECHADO CON MEZCLA DE CEMENTO BLANCO-AGUA. CONSIDERANDO. RECORTE Y DESPERDICIO. INCLUYE:MATERIAL, HERRAMIENTA Y MANO DE OBRA. P.U.O.T.','A',416.08,38.10,'C','2017-10-17 19:41:29.821739',5,3),(43,1508268343141136,'MDT-001','FALSO PLAFON MARCA DUROCK O SIMILAR CON BASTIDOR A BASE DE POSTE CAL. 20 Y CANAL SUPERIOR E INFERIOR CAL. 22, SELLADO DE JUNTAS CON CEMENTO FLEXIBLE MARCA DUROCK O SIMILAR; INCLUYE:MATERIAL, ANDAMIOS, MANO DE OBRA, HERRAMIENTA Y MANO DE OBRA.','A',396.65,349.83,'C','2017-10-17 19:41:29.825841',5,2),(44,1508268343144992,'ACA-005B','PUERTA DE TAMBOR DE 0.65 A 1.10 X 2.10 MTS. A BASE DE BASTIDOR DE MADERA, PEINAZOS DE 25 X 50 MM. A CADA 30 CM. EN AMBOS SENTIDOS, UNION ESPIGA CAJA CON PEGAMENTO, FORRO DE TRIPLAY DE 1ª DE 6 MM. DE ESPESOR, MARCO SENCILLO DE MADERA DE PINO CON CHAMBRANAS, RESANADOR PRIMER PIROXILINA-CEMENTO BLANCO, PINTURA COMEX LACA, A 2 MANOS, INCLUYE: ACARREOS CORTES, DESPERDICIOS, FIJACION, 3 BISAGRAS LATONADAS TIPO DE LIBRO MCA. FALIAL O SIMILAR DE 76 X 76 MM., AJUSTE, MATERIAL, MANO DE OBRA, HERRAMIENTA, EQUIPO.','A',7.00,2711.69,'C','2017-10-17 19:41:29.829709',6,4),(45,1508268343148905,'AB-VS-CAR01','PUERTA DE MADERA MACIZA DE ÉBANO DE 2.50 X 2.20 M., UNION ESPIGA CAJA CON PEGAMENTO, 2 FIJOS Y 1 SENCILLO, MARCO SENCILLO DE MADERA DE ÉBANO CON CHAMBRANAS, BARNÍZ  DE COLOR A ELECCIÓN DEL CLIENTE.  INCLUYE: ACARREOS, CORTES, DESPERDICIOS, FIJACIÓN, 6 BISAGRAS LATONADAS TIPO DE LIBRO MCA. FALIAL O SIMILAR DE 76 X 76 MM., AJUSTE, MATERIAL, MANO DE OBRA, HERRAMIENTA, EQUIPO.','A',2.00,40679.51,'C','2017-10-17 19:41:29.833621',6,4),(46,1508268343152989,'AB-VS-CAR02','PUERTA MADERA DE ÉBANO DE 1.92 X 2.20 M. CON VITRAL AL CENTRO A DISEÑO DEL CLIENTE,  SELLADO PERIMETRAL CON SILICÓN, MARCO SENCILLO DE MADERA DE ÉBANO CON CHAMBRANAS, BARNÍZ DE COLOR A ELECCIÓN DEL CLIENTE. INCLUYE: ACARREOS, CORTES, DESPERDICIOS, FIJACIÓN, 6 BISAGRAS LATONADAS TIPO DE LIBRO MCA. FALIAL O SIMILAR DE 76 X 76 MM., AJUSTE, MATERIAL, MANO DE OBRA, HERRAMIENTA, EQUIPO.','A',3.00,32482.93,'C','2017-10-17 19:41:29.837704',6,4),(47,1508268343157188,'AB-VS-CAR03','VENTANA DE MADERA, CON CRISTAL CLARO DE 6 MM DE ESPESOR Y MOLDURAS SEGÚN DISEÑO. CONSIDERANDO APLICACIÓN DE BARNIZ DE COLOR A ELECCIÓN DEL CLIENTE. INCLUYE: SELLADO PERIMETRAL CON SILICÓN, MATERIALES, MANO DE OBRA, HERRAMIENTA, EQUIPO Y TODO LO NECESARIO PARA SU CORRECTA EJECUCIÓN. P.U.O.T.','A',31.10,579.82,'C','2017-10-17 19:41:29.841890',6,2),(48,1508268343161774,'AB-VS-CAR04','CANCELERIA  DE MADERA PARA VENTANAS CON VIDRIO DE 6 MM, SEGÚN DISEÑO. INCLUYE: SUMINISTRO DE MATERIAL, MANO DE OBRA, HERRAMIENTA, EQUIPO, ACARREOS, DESPERDICIOS, ACCESORIOS DE FIJACION, LIMPIEZA  Y  TODO LO NECESARIO PARA SU CORRECTA EJECUCION. P.U.O.T.','A',118.95,579.82,'C','2017-10-17 19:41:29.846457',6,2),(49,1508268343166403,'CLOSET-01','CLOSET TIPO TAMBOR DE TRIPLAY PINO DE 1A DE 6 MM DE 2.20 X 0.75 X 2.40 MTS. DE ALTURA A BASE DE BASTIDOR DE MADERA, PEINAZOS DE 25 X 50 MM. A CADA 30 CM. EN AMBOS SENTIDOS, UNION ESPIGA, CON 4 ENTREPAÑOS TIPO TAMBOR CON TRIPLAY DE PINO DE 1A DE 6MM. Y BASTIDOR DE MADERA, PEINAZOS DE 25 X 50 MM. A CADA 30 CM. EN AMBOS SENTIDOS, UNION ESPIGA, 2 PUERTAS CORREDIZAS, 3 MANOS DE BARNIZ, INCLUYE: BARNIZ, HERRAJES, MATERIAL, MANO DE OBRA, HERRAMIENTA, EQUIPO Y TODO LO NECESARIO PARA SU CORRECTO FUNCIONAMIENTO','A',15.00,11464.39,'C','2017-10-17 19:41:29.851104',6,4),(50,1508268343170373,'AB-VS-CAR05','COCINA INTEGRAL CONSTRUIDA CON MADERA, TERMINADO EN PINTURA DE ESMALTE COLOR ELEGIDO POE EL CLIENTE, FIJADA. INCLUYE ALACENA, CON PUERTAS ABATIBLES, CONSTRUIDA CON MADERA, SUMINISTRO Y COLOCACION.','A',1.00,115000.00,'C','2017-10-17 19:41:29.855081',6,4),(51,1508268343174323,'BAR-SP01','BARANDAL METÁLICO DE 0.90 MTS. DE ALTURA A BASE HERRERÍA, CON DOS BARRAS SUPERIOR E INFERIOR DE PERFIL TUBULAR DE 2 1/2\" (64 MM) C-250 CAL 14 Y BARROTES VERTICALES DE PERFIL TUBULAR DE 1 1/4\" (32 MM) C-125 CAL 14, CON SEPARACION DE 13 CMS ENTRE CENTROS DE BARRA Y CORTE DE ACUERDO A DISEÑO A 45º CON UN DESARROLLO DE 1.0 MTS C/U; ANCLADO A LOSA CON REDONDO DE 5/8\", ACABADO CON UNA MANO DE PRIMER ANTICORROSIVO Y DOS MANOS DE PINTURA DE ESMALTE 100 (ALQUIDÁLICO) MARCA COMEX O SIMILAR; INCLUYE: SUMINISTRO Y COLOCACIÓN, MATERIAL, HERRAMIENTA, EQUIPO,  MANO DE OBRA, ACARREO Y TODO LO NECESARIO PARA SU CORRECTA EJECUCIÓN. P.U.O.T.','A',8.93,816.34,'C','2017-10-17 19:41:29.859036',7,3),(52,1508268343178385,'BAR-001','BARANDAL TIPO COLONIAL A BASE DE SOLERA DE 3/4\" X 3/16\" CON CUADRADO 1/2\" EN ARREGLOS ANGULARES, CON NUDO CENTRAL INGLES, PASAMANO CAL 18 PINT 160; INCLUYE: PRIMMER ANTICORROSIVO, ACABADO EN  PINTURA ESMALTE COLOR A ELEGIR A DOS MANOS, MATERIAL , MANO DE OBRA, EQUIPO, HERRAMIENTA, ACARREOS Y TODO LO NECESARIO PARA SU CORRECTA EJECUCION. P.U.O.T.','A',23.14,1246.07,'C','2017-10-17 19:41:29.863099',7,3),(53,1508268343182511,'ISC-0078',' ESCALERA DE CARACOL HECHA A BASE DE ANGULO, SOLERA Y TUBO DE 3\" ALTURA MAX DE 6M CON PASAMANOS, INCLUYE: SUMINISTRO, COLOCACION, HERRAMIENTA Y EQUIPO.','A',1.00,8732.98,'C','2017-10-17 19:41:29.867226',7,4),(54,1508268343186636,'092-04.5','ACOMETIDA ELECTRICA, CONEXION DE TRANSFORMADOR A  DELEGACION O CASA HABITACION A UNA ALTURA  DE 6 MTS. INCLUYE: INSTALACION DE CABLE DE ALUMINO No 8 DE ALUMINIO A 2 HILOS, MATERIAL, MANO DE OBRA, HERRAMIENTA, EQUIPO, ELEVACIONES Y TODO LO NECESARIO PARA SU CORRECTA EJECUCIÓN. P.U.O.T.','A',1.00,1520.85,'C','2017-10-17 19:41:29.871350',8,4),(55,1508268343190933,'049-02','INTERRUPTOR DE CUCHILLAS 2X30 AMPERS. CONSIDERANDO PRUEBAS , FUSIBLES, TAQUETES, PIJAS. INCLUYE: MATERIAL, HERRAMIENTA Y MANO DE OBRA. U.C.T.T.','A',1.00,252.68,'C','2017-10-17 19:41:29.875632',8,4),(56,1508268343195080,'048-01D','CENTRO DE CARGA QO8 O SIMILAR SQUARE\'D CON TAQUETES Y TORNILLOS. INCLUYE: MATERIAL, HERRAMIENTA Y MANO DE OBRA. P.U.O.T.','A',1.00,487.32,'C','2017-10-17 19:41:29.879794',8,4),(57,1508268343199631,'INS-005','INTERRUPTOR TERMOMAGNETICO DE 30 AMPS 2 PIEZAS, PARA PROTECCION DE INSTALACION ELECTRICA, INCLUYE GABINETE, MATERIAL MARCA SQUARE, DEMOLICIONES, RESANES, PRUEBAS, CABLEADO ( 6MTS. MAXIMO DE INTERCONEXION ) Y TODO LO NECESARIO PARA SU CORRECTO FUNCIONAMIENTO.','A',8.00,822.44,'C','2017-10-17 19:41:29.884336',8,4),(58,1508268343203580,'INS-002','SALIDA ELECTRICA PARA CONTACTOS, INCLUYE MATERIALES Y MANO DE OBRA. INCLUYE ACCESORIOS BTICINO LINEA MODUS EN COLOR BLANCO. ( CABLE IUSA CAL. 12 TAPA, CONTACTO DOBLE EN COLOR BLANCO ), EXCAVACIONES A INSTALACIONES EXISTENTES.','A',40.00,357.94,'C','2017-10-17 19:41:29.888289',8,6),(59,1508268343208218,'05000006','SALIDA PARA APAGADOR SENCILLO, INCLUYE: POLIDUCTO DE 13  MM., CABLEADO, CHALUPA, TAPA, PLACA ENTUBADO, CABLEADO,  CANALETA, APAGADOR, CONEXION,  MATERIAL, MANO DE OBRA, HERRAMIENTA,  E- QUIPO Y TODO LO NECESARIO PARA SU EJECUCION. P.U.O.T.         ','A',40.00,455.00,'C','2017-10-17 19:41:29.892931',8,7),(60,1508268343212154,'ISC-051','SALIDA ELÉCTRICA PARA CONTACTO Y/O LAMPARA CON UN DESARROLLO MÁXIMO DE 5.00 MTS. EL PRECIO INCLUYE: CABLE THW CAL. 12, CABLE DESNUDO CAL 14, TUBO CONDUIT PARED GRUESA 3/4\", CHALUPA,  MANO DE OBRA Y TODOS LOS MATERIALES PARA LA CORRECTA EJECUCIÓN DEL P.U.O.T.','A',128.00,401.75,'C','2017-10-17 19:41:29.896867',8,6),(61,1508268343216063,'AB-VS-IE01','SALIDA ELÉCTRICA PARA PISO CON UN DESARROLLO MÁXIMO DE 5.00 MTS. EL PRECIO INCLUYE: CABLE THW CAL. 12, CABLE DESNUDO CAL 14, TUBO CONDUIT PARED GRUESA 3/4\", CHALUPA,  MANO DE OBRA Y TODOS LOS MATERIALES PARA LA CORRECTA EJECUCIÓN DEL P.U.O.T.','A',84.00,449.39,'C','2017-10-17 19:41:29.900776',8,6),(62,1508268343219899,'AB-VS-IE02','SUMINISTRO Y COLOCACION DE LUMINARIA,  MARCA TECNOLITE, MODELO CTL-0003/OP BAMBERA, CON UN TERMINADO CRISTAL OPALINO. INCLUYE: SUMINISTRO DE MATERIALES, HERRAMIENTA EQUIPO, ANDAMIOS, ELEVACIONES, ACCESORIOS, MANO DE OBRA Y TODO LO NECESARIO PARA SU CORRECTA EJECUCIÓN. P.U.O.T.','A',3.00,1757.30,'C','2017-10-17 19:41:29.904615',8,4),(63,1508268343223902,'AB-VS-IE03','SUMINISTRO Y COLOCACION DE LUMINARIA,  MARCA TECNOLITE, MODELO CLT-6021 BASTIA, CON UN TERMINADO DE ALUMINIO. INCLUYE: SUMINISTRO DE MATERIALES, HERRAMIENTA EQUIPO, ANDAMIOS, ELEVACIONES, ACCESORIOS, MANO DE OBRA Y TODO LO NECESARIO PARA SU CORRECTA EJECUCIÓN. P.U.O.T.','A',9.00,1295.90,'C','2017-10-17 19:41:29.908612',8,4),(64,1508268343227798,'AB-VS-IE04','SUMINISTRO Y COLOCACION DE LUMINARIA,  MARCA TECNOLITE, MODELO CLT-8160/M LOSANNA, CON UN TERMINADO DE MADERA. INCLUYE: SUMINISTRO DE MATERIALES, HERRAMIENTA EQUIPO, ANDAMIOS, ELEVACIONES, ACCESORIOS, MANO DE OBRA Y TODO LO NECESARIO PARA SU CORRECTA EJECUCIÓN. P.U.O.T.','A',15.00,2360.50,'C','2017-10-17 19:41:29.912470',8,4),(65,1508268343232418,'AB-VS-IE05','SUMINISTRO Y COLOCACION DE LUMINARIA,  MARCA TECNOLITE, MODELO PTL-5025/M FORLI, CON UN TERMINADO DE MADERA OSCURA. INCLUYE: SUMINISTRO DE MATERIALES, HERRAMIENTA EQUIPO, ANDAMIOS, ELEVACIONES, ACCESORIOS, MANO DE OBRA Y TODO LO NECESARIO PARA SU CORRECTA EJECUCIÓN. P.U.O.T.','A',37.00,728.10,'C','2017-10-17 19:41:29.917120',8,4),(66,1508268343236370,'AB-VS-IE06','SUMINISTRO Y COLOCACION DE LUMINARIA,  MARCA TECNOLITE, MODELO FTL-7356 SIENA II, CON UN TERMINADO NEGRO. INCLUYE: SUMINISTRO DE MATERIALES, HERRAMIENTA EQUIPO, ANDAMIOS, ELEVACIONES, ACCESORIOS, MANO DE OBRA Y TODO LO NECESARIO PARA SU CORRECTA EJECUCIÓN. P.U.O.T.','A',28.00,461.90,'C','2017-10-17 19:41:29.921078',8,4),(67,1508268343240621,'AB-VS-IE07','SUMINISTRO Y COLOCACION DE LUMINARIA, MARCA TECNOLITE, MODELO FTL-7355 SIENA, CON UN TERMINADO NEGRO. INCLUYE: SUMINISTRO DE MATERIALES, HERRAMIENTA EQUIPO, ANDAMIOS, ELEVACIONES, ACCESORIOS, MANO DE OBRA Y TODO LO NECESARIO PARA SU CORRECTA EJECUCIÓN. P.U.O.T.','A',43.00,437.32,'C','2017-10-17 19:41:29.925324',8,4),(68,1508268343244591,'AB-VS-IE08','SUMINISTRO Y COLOCACION DE LUMINARIA,  MARCA TECNOLITE, MODELO HLED-651/30 ORBIX, CON UN TERMINADO SATINADO. INCLUYE: SUMINISTRO DE MATERIALES, HERRAMIENTA EQUIPO, ANDAMIOS, ELEVACIONES, ACCESORIOS, MANO DE OBRA Y TODO LO NECESARIO PARA SU CORRECTA EJECUCIÓN. P.U.O.T.','A',41.00,1473.30,'C','2017-10-17 19:41:29.929300',8,4),(69,1508268343248430,'AB-VS-IE09','SUMINISTRO Y COLOCACION DE LUMINARIA,  MARCA TECNOLITE, MODELO YSNLED-368, CON UN TERMINADO BLANCO. INCLUYE: SUMINISTRO DE MATERIALES, HERRAMIENTA EQUIPO, ANDAMIOS, ELEVACIONES, ACCESORIOS, MANO DE OBRA Y TODO LO NECESARIO PARA SU CORRECTA EJECUCIÓN. P.U.O.T.','A',12.00,479.70,'C','2017-10-17 19:41:29.933141',8,4),(70,1508268343252284,'AB-VS-IE10','SUMINISTRO Y COLOCACION DE LUMINARIA,   MARCA TECNOLITE, MODELO HLED-804 ANSHAN II, CON UN TERMINADO BLANCO. INCLUYE: SUMINISTRO DE MATERIALES, HERRAMIENTA EQUIPO, ANDAMIOS, ELEVACIONES, ACCESORIOS, MANO DE OBRA Y TODO LO NECESARIO PARA SU CORRECTA EJECUCIÓN. P.U.O.T.','A',8.00,586.10,'C','2017-10-17 19:41:29.936952',8,4),(71,1508268343256859,'AB-VS-IE11','SUMINISTRO Y COLOCACION DE LUMINARIA, MARCA TECNOLITE, MODELO CTL-8100/S LERIDA, CON UN TERMINADO CRISTAL OPALINO. INCLUYE: SUMINISTRO DE MATERIALES, HERRAMIENTA EQUIPO, ANDAMIOS, ELEVACIONES, ACCESORIOS, MANO DE OBRA Y TODO LO NECESARIO PARA SU CORRECTA EJECUCIÓN. P.U.O.T.','A',8.00,577.30,'C','2017-10-17 19:41:29.941562',8,4),(72,1508268343261144,'040-93','CISTERNA PREFABRICADA CON CAPACIDAD DE 10,000 LTS. INC: ACCESORIOS, TALES COMO VALVULAS, CONEXIONES, BOMBA ELECTRICA ETC. MANO DE OBRA Y HERRAMIENTA. P.U.O.T.','A',1.00,19450.24,'C','2017-10-17 19:41:29.945849',9,4),(73,1508268343265028,'TIN-001','TINACO DE POLIETILENO DE ALTA DENSIDAD DE CAPACIDAD 1100 LTS. ROTOPLAS O SIMILAR, INCLUYE  SUMINISTRO DE MATERIALES, COLOCACIÓN, CONEXIONES, ACARREOS, ELEVACIÓN, MANO DE OBRA, HERRAMIENTA, EQUIPO, PRUEBAS, LIMPIEZA. (U.C.T.T.)','A',2.00,2312.27,'C','2017-10-17 19:41:29.949740',9,4),(74,1508268343269125,'INS-003','SALIDA HIDRÁULICA A UNA DISTANCIA NO MAYOR A 6.0 M, INCLUYE TUBERÍA DE COBRE TIPO M EN 13 Y 19 MM (SEGÚN REQUIERA), CODOS, COPLES, TEES, YEES, MATERIAL DE CONSUMO, PRUEBAS, EXCAVACIONES, RELLENOS, INTERCONEXIONES, DERIVACIONES. DEMOLICIONES Y CONEXIONES A INSTALACIONES EXISTENTES, MANO DE OBRA, HERRAMIENTAS Y TODO LO NECESARIO PARA SU CORRECTA EJECUCIÓN.','A',35.00,822.89,'C','2017-10-17 19:41:29.953807',9,6),(75,1508268343273592,'INS-004','SALIDA SANITARIA, A UNA DISTANCIA PROMEDIO A 6.0 M, INCLUYE TUBERÍA DE 2,3 Y 4 SEGÚN REQUIERA, CODOS COPLES, TEES, MATERIAL DE CONSUMO, EXCAVACIONES, RELLENOS,INTERCONEXIONES,DERIVACIONES,DEMOLICIONES Y CONEXIONES A INSTALACIONES EXISTENTES, MATERIAL MANO DE OBRA, HERRAMIENTA Y TODO LO NECESARIO PARA SU CORRECTO FUNCIONAMIENTO INCLUYE PRUEBAS.','A',31.00,510.89,'C','2017-10-17 19:41:29.958292',9,6),(76,1508268343277428,'AB-VS-IHS01','SUMINISTRO Y COLOCACION DE W.C., MODELO: NIZA, COLOR BLANCO. PROOVEDOR; CORONA. CON MEZCLADORA. INCLUYE: MATERIAL, HERRAMIENTA Y MANO DE OBRA. P.U.O.T.','A',8.00,1843.59,'C','2017-10-17 19:41:29.962138',9,4),(77,1508268343281587,'ULS-113','SUMINISTRO Y COLOCACION DE LAVABO OVALIN RONDALIN DE SOBREPONER, COLOR BLANCO INCLUYE: ACCESORIOS. CESPOL PARA LAVABO. LLAVE ANGULAR, CONTRAREJILLA, MATERIAL, MANO DE OBRA Y HERRAMIENTA. P.U.O.T.','A',8.00,1988.84,'C','2017-10-17 19:41:29.966296',9,4),(78,1508268343286199,'AB-VS-IHS02','SUMINISTRO Y COLOCACION DE REGADERA MODELO: TANA CUADRADA ULTRA DELGADA, COLOR CROMO. CON MEZCLADOR MODELO: LENA CROMADO. PROOVEDOR: CORONA. INCLUYE: MANO DE OBRA CALIFICADA, MATERIALES, HERRAMIENTA, PRUEBAS Y LIMPIEZA. ','A',7.00,1764.13,'C','2017-10-17 19:41:29.970856',9,4),(79,1508268343291035,'AB-VS-IHS03','SUMINISTRO Y COLOCACION DE LAVADERO CON LLAVE DE NARIZ. INCLUYE: MANO DE OBRA CALIFICADA, MATERIALES, HERRAMIENTA, PRUEBAS Y LIMPIEZA. ','A',1.00,362.08,'C','2017-10-17 19:41:29.975736',9,4),(80,1508268343294830,'AB-VS-IHS04','SUMINISTRO Y COLOCACION DE TINA DE HIDROMASAJE. MODELO: TINA CHATUR, SPA, MARCA KLIPEN, ACABADO BRILLANTE, COLOR BLANCO, LÍNEA PREMIUM, ESTILO DOBLE ISLA. INCLUYE: MANO DE OBRA CALIFICADA, MATERIALES, HERRAMIENTA, PRUEBAS Y LIMPIEZA. ','A',1.00,27945.85,'C','2017-10-17 19:41:29.979546',9,4),(81,1508268343298587,'AB-VS-IHS05','SUMINISTRO Y COLOCACIÓN DE PORTAPAPEL CROMADO MARCA DELTA. INCLUYE: MATERIAL, HERRAMIENTA Y MANO DE OBRA. P.U.O.T.','A',8.00,1323.40,'C','2017-10-17 19:41:29.983303',9,4),(82,1508268343302874,'AB-VS-IHS06','SUMINISTRO Y COLOCACIÓN DE TOALLERO DE BARRA MCA. DELTA CROMADA. INCLUYE: MATERIAL, HERRAMIENTA Y MANO DE OBRA. P.U.O.T.','A',8.00,936.48,'C','2017-10-17 19:41:29.987495',9,4),(83,1508268343307149,'AB-VS-IHS07','SUMINISTRO Y COLOCACIÓN DE JABONERA MCA. DELTA CROMADA. INCLUYE: MATERIAL, HERRAMIENTA Y MANO DE OBRA. P.U.O.T.','A',8.00,855.09,'C','2017-10-17 19:41:29.991856',9,4),(84,1508268343310916,'AB-VS-IHS08','SUMINISTRO Y COLOCACION DE CANCEL  DE ALUMINIO ANODIZADO NATURAL PARA BAÑO CON ACRILICO DE 1.42 X 2.20 M. INCLUYE: CORTES, DESPERDICIOS Y ACARREO DE MATERIALES AL SITIO DE SU UTILIZACION A CUALQUIER NIVEL','A',7.00,2057.98,'C','2017-10-17 19:41:29.995632',9,4),(85,1508268343314790,'AB-VS-IHS09','SUMINISTRO Y COLOCACION DE COLADERA HELVEX MOD. UNA BOCA 282-35-CHLI. INCLUYE: MATERIALES MENORES, PRUEBAS Y ACARREOS.','A',8.00,3267.67,'C','2017-10-17 19:41:29.999474',9,4),(86,1508268343318700,'094-48B','REGISTRO DE 40X60 CM Y  DE 1.00 A 1.50 CMS DE PROFUNDIDAD, CON MUROS DE TABIQUE COMUN DE 12.5 CM DE ESPESOR ASENTADO CON MORTERO CEMENTO-ARENA PROP: 1:5, APLANADO PULIDO INTERIOR CON CEMENTO GRIS, CONSIDERANDO: TAPA DE CONCRETO DE 60 X 40 CM Y CONTRAMARCO DE ANGULO 1 1/4\",  EXCAVACION, RELLENO, CONEXION DE TUBO. INCLUYE: MATERIAL, HERRAMIENTA Y MANO DE OBRA.  P.U.O.T.','A',15.00,1235.72,'C','2017-10-17 19:41:30.003404',9,4),(87,1508268343323610,'DSCO-026','BAJADA DE AGUAS PLUVIALES  DE PVC  DE 4\" CON UN DESARROLLO DE 4.00 MTS. INCLUYE: MATERIAL, MANO DE OBRA, HERRAMIENTA P.U.O.T.','A',1.00,169.88,'C','2017-10-17 19:41:30.008311',9,4),(88,1508268343327718,'GCAISC-0043','CONEXIÓN A LINEA DE DRENAJE MUNICIPAL, CON TUBERÍA DE ALBAÑAL DE 6\", INCLUYE EXCAVACIONES RELLENOS, DEMOLICIÓN Y REPOSICIÓN DE CARPETA ASFÁLTICA, LONGITUD ESTIMADA 4.5M (A LA CALLE DE PLAZA ESPAÑA), INCLUYE MATERIALES, MANO DE OBRA EQUIPO HERRAMIENTA Y TODO LO NECESARIO PARA SU CORRECTA EJECUCIÓN. P.U.O.T.','A',1.00,1549.43,'C','2017-10-17 19:41:30.012418',9,6),(89,1508268343331531,'094-55','CAJA PARA OPERACION DE VALVULAS. INCLUYE: PLANTILLA DE CONCRETO F\'C=100 KG/CM2 DE 10 CM DE ESPESOR, MURO DE TABIQUE RECOCIDO JUNTEADO CON MORTERO CEMENTO ARENA 1:3, SUMINISTRO Y HABILITADO DE ACERO DE REFUERZO, CORTES, AMARRES, CIMBRA DE MADERA O DESCIMBRADO, ELABORACION DE CONCRETO, VACIADO, COLADO, CURADO, SUMINISTRO DE LOS MATERIALES EN EL LUGAR DE LOS TRABAJOS Y TODO LO NECESARIO PARA SU CORRECTA EJECUCION.','A',1.00,1328.36,'C','2017-10-17 19:41:30.016243',9,4),(90,1508268343335390,'AB-VS-IHS10','SUMINISTRO Y COLOCACIÓN DE CALENTADOR DE 16 LTS AUTOMATICO BOSCH SIMILAR EN CARACTERISTICAS Y CALIDAD, INCLUYE: SOPORTE DE TUBO GALVANIZADO EMPOTRADO A MURO, RESANES, PRUEBAS DE FUNCIONAMIENTO, TODOS LOS MATERIALES QUE INTERVENGAN, MANO DE OBRA, HERRAMIENTA, EQUIPO, ACARREOS Y TODO LO NECESARIO PARA SU CORRECTA COLOCACIÓN. ','A',2.00,8562.27,'C','2017-10-17 19:41:30.020103',9,4),(91,1508268343340068,'AB-VS-IHS11','EQUIPO HIDRONEUMATICO DUPLEX, Q=3.03 L/S H= 22/32 MCA, INCLUYE:2 BOMBAS CENTRIFUGAS HORIZONTALES MCA. AURORA - PICSA 1X1+X7 /341, MOTOR ELECTRICO 3 HP, 3500 RPM, 60 HZ, 3F, 220/440 VOLTS, 1 TABLERO MCA. TC MODELO TPI-2BA-3-LB-SG-M-220 VOLTS, 1 TANQUE DE DIAFRAGMA MCA. WELL-X-TROL O EQ. DE 400 LTS. 1 JUEGO DE ACCESORIOS CON VALVULA DE ALIVIO WATT\'S 19MM Y AMORTIGUADOR DE GOLPE DE ARIETE','A',1.00,81086.00,'C','2017-10-17 19:41:30.024770',9,4),(92,1508268343343926,'ISC-018','SUMINISTRO Y COLOCACION DE TANQUE ESTACIONARIO CYTSA CAP. 300 LTS., INCLUYE: REGULADOR','A',1.00,3207.79,'C','2017-10-17 19:41:30.028635',9,4),(93,1508268343347727,'AB-VS-IHS12','SUMINISTRO Y COLOCACIÓN DE TRAMPA DE GRASA MARCA SKINCO, MODELO 250 I O SIMILAR EN CALIDAD Y CARACTERISTICAS, INCLUYE: EXCAVACIÓN, ARENA O TAMIZADO DE RELLENO, TAPA, CODO DE 2\" PARA LA ENTRADA DE AGUA, TE DE 2\" PARA LA SALIDA, TUBO DE 0.35 M, TUBO DE 0.45M, MANO DE OBRA, HERRAMIENTAS Y TODO LO NECESARIO PARA SU CORRECTA EJECUCIÓN. ','A',1.00,6912.37,'C','2017-10-17 19:41:30.032431',9,4),(94,1508268343352079,'AB-VS-IHS13','SUMINISTRO Y COLOCACIÓN DE POZO SÉPTICO MARCA SKINCO O SIMILAR EN CARACTERISTICAS Y CALIDAD, A BASE DE POLIETILENO DE 1000 Lts; INCLUYE; EXCAVACIÓN, RELLENO CON MATERIAL BLANDO, TAPA, CODO DE 4\" PARA ENTREDA, TE DE 4\" PARA LA SALIDA, HERRRAMIENTAS, EQUIPO Y TODO LO NECESARIO PARA SU CORRECTA INSTALACIÓN.','A',1.00,9255.23,'C','2017-10-17 19:41:30.036789',9,4),(95,1508268343356853,'AB-VS-IHA14','SUMINISTRO Y COLOCACIÓN DE TANQUE SÉPTICO MARCA SKINCO O SIMILAR EN CARACTERISTICAS Y CALIDAD, A BASE DE POLIETILENO DE 1000 Lts; INCLUYE; EXCAVACIÓN, RELLENO CON MATERIAL BLANDO, TAPA, CODO DE 4\" PARA ENTREDA, TE DE 4\" PARA LA SALIDA, HERRRAMIENTAS, EQUIPO Y TODO LO NECESARIO PARA SU CORRECTA INSTALACIÓN.','A',1.00,9799.79,'C','2017-10-17 19:41:30.041555',9,4),(96,1508268343360771,'AB-VS-EQ01','PREPARACIÓN PARA MINISPLIT DE 2 TON AHOGADA EN MURO, CON BASE DE HERRERIA, INCLUYE: INSTAQLACIÓN DE TUBERIAS, INTERCONEXIONES, AISLANTE DETALLADO Y LIMPIEZA DEL AREA, MANIOBRAS Y TODO LO NECESARIO PARA SU CORRECTA INSTALACIÓN. ','A',1.00,7685.82,'C','2017-10-17 19:41:30.045480',10,8),(97,1508268343364625,'AB-VS-EQ02','SIMINISTRO E INSTALACIÓN DE MINISPLIT DE 2 TON AHOGADA EN MURO, CON BASE DE HERRERÍA, INCLUYE: INSTALACIÓN DE TUBERÍAS, INTERCONEXIONES, AISLANTE DETALLADO Y LIMPIEZA DEL AREA, MANIOBRAS TODO LO NECESARIO PARA SU CORRECTA INSTALACIÓN.','A',1.00,24353.22,'C','2017-10-17 19:41:30.049337',10,4),(98,1508268343368419,'AB-VS-EQ03','SUMINISTRO Y COLOCACIÓN DE AIRE ACONDICIONADO TECHO, CONDUCTO OCULTO, INVERTER (53,900 Btu/h) MODELO ABNQ54GRLA0, DE 950 X 1380 X 330 MM, INCLUYE: HERRAMIENTAS, EQUIPO, ANDAMIOS, CORTES, LIMPIEZA Y TODO LO NECESARIO PARA SU CORRECTA INSTALACIÓN.','A',1.00,44102.38,'C','2017-10-17 19:41:30.053133',10,4),(99,1508268343372739,'AB-VS-EQ04','INSTALACIÓN DE CONDUCTOS PARA AIRE ACONDICIONADO CENTRALIZADO CON REJILLAS EN CADA ESPACIO DETERMINADO POR DISEÑO, INCLUYE: CORTES, REJILLAS, LIMPIEZA Y TODO LO NECESARIO PARA SU CORRECTA INSTALACIÓN.','A',0.00,1385.99,'C','2017-10-17 19:41:30.057448',10,3),(100,1508268343376596,'LIMP-001','LIMPIEZA FINA DE LA OBRA PARA SU ENTREGA , INCLUYE , MATERIAL MANO DE OBRA, HERRAMIENTA, ACARREO DE MATERIAL PRODUCTO DE LA MISMA A PIE DE CAMION Y LO NECESARIO PARA SU CORRECTA EJECUCION. LIMPIEZA DE CANCELERIA Y VIDRIOS, PUERTAS,BAÑOS,LAVADO DE PISOS Y PULIDO EN CASO DE SER NECESARIO, DEJANDO AREAS LISTAS PARA SU USO INMEDIATO.','A',1131.82,11.94,'C','2017-10-17 19:41:30.061308',11,2),(101,1508268343381180,'005-48','ACARREO DE MATERIALES SOBRANTES PRODUCTO DE EXCAVACIONES, DEMOLICIONES, LIMPIEZA DE OBRA (ESCOMBRO Y CASCAJO) A TIRO LIBRE PROPUESTO POR EL CONTRATISTA, INCLUYE:CARGA CON MAQUINA, MANO DE OBRA, EQUIPO Y HERRAMIENTA P.U.O.T.','A',147.14,99.41,'C','2017-10-17 19:41:30.065874',11,1),(102,1508268343385519,'B-001-P01','LIMPIA DE TERRENO PARA TRAZO DE EDIFICIOS, INCLUYE DESPALME, ACARREO DE ESCOMBRO FUERA DE LA OBRA CON CARGA A MANO. (U.C.T.T.)','A',145.50,7.31,'C','2017-10-17 19:41:30.070225',14,2),(103,1508268343389865,'3.1.B1','TRAZO Y NIVELACION  DE TERRENO CON EQUIPO TOPOGRAFICO ESTABLECIENDO EJES DE REFERENCIA Y BANCOS DE NIVEL, INCLUYE: MATERIALES, MANO DE OBRA, EQUIPO Y HERRAMIENTA P.U.O.T.','A',145.50,3.55,'C','2017-10-17 19:41:30.074549',14,2),(104,1508268343393908,'001-23-P01','EXCAVACION A MANO EN CEPA HASTA 2.00 MTS. DE PROF. EN CUALQUIER TIPO DE MATERIAL; INCLUYE: AFINE DE TALUDES  Y FONDO,  INCLUIR ACARREOS DE MATERIAL SOBRANTE FUERA DE LA OBRA, INCLUYE: MANO DE OBRA, EQUIPO, HERRAMIENTA.  P.U.O.T.','A',96.75,194.96,'C','2017-10-17 19:41:30.078624',15,1),(105,1508268343397670,'093-05B-CE-01','BASE CON MATERIAL DE BANCO, CON UN ESPESOR DE 50 CMS. Y COMPACTADA AL 95% DE SU P.V.S.M., INCLUYE: SUMINISTRO Y ACARREO DEL MATERIAL PUESTO EN LA OBRA, ACAMELLONADO, INCORPORACIÓN DE AGUA Y SU ACARREO, MEZCLADO, TENDIDO, AFINE Y COMPACTACIÓN, MANO DE OBRA, EQUIPO Y HERRAMIENTA. P.U.O.T.','A',16.67,264.33,'C','2017-10-17 19:41:30.082386',15,1),(106,1508268343401905,'BP-003','PLANTILLA DE CONCRETO HIDRAULICO SIMPLE DE 5 CMS. DE ESPESOR HECHO EN OBRA F\'C=100 KG/CM2 RESINTENCIA NORMAL, TAMAÑO MAXIMO AGREGADO DE 3/4\", INCLUYE: MATERIALES, HERRAMIENTAS, EQUIPO DE SEGURIDAD, MANO DE OBRA Y EQUIPO MENOR.','A',27.50,89.15,'C','2017-10-17 19:41:30.086599',15,2),(107,1508268343406632,'BP-006-1','CADENA DE DESPLANTE DE SECCION 20 X 40 CM. DE CONCRETO HIDRAULICO HECHO EN OBRA F\'C=200 KG/CM2 RESINTENCIA NORMAL, TAMAÑO MAXIMO AGREGADO DE 3/4\", REFORZADO 6 VARILLAS DE ACERO DEL No.4 (1/2\") Y ESTRIBOS DEL No. 2 (1/4\") A CADA 20 CM. ACABADO COMUN, INCLUYE: VIBRADO, CURADO, CIMBRA Y DESCIMBRA, MATERIALES, HERRAMIENTAS, EQUIPO DE SEGURIDAD, MANO DE OBRA Y EQUIPO MENOR.','A',55.57,392.98,'C','2017-10-17 19:41:30.091319',15,3),(108,1508268343410731,'009-15-01','LOSA DE CIMENTACION (SEGÚN DISEÑO DE 18.80 X 5.00 X 0.10 MTS. COLADA CON CONCRETO HIDRAULICO F`C=200KG/CM2, ARMADA CON ACERO FY=4200 KG/CM2 DEL NO. 3 @20 CMS. EN AMBOS SENTIDOS, CON CUADRO CASTILLOS PERIMETRALES DE 20 X 20 S20 CMS. Y UNO CENTRAL DE 40 X 20 X 20 CMS, ARMADOS, CON VARILLA SEL NO. 3 Y ESTRIBOS DEL NO. 2 10 CMS, INCLUYE: TAQUETES EXPANSIVOS GALVANIZADO TIPO HILTI KBII 1/4, EXCAVACION RELLENO, MATERIAL, MANO DE OBRA, EQUIPO, HERRAMIENTA Y TODO LO NESESARIO PARA SU CORRECTA  EJECUCION, P.U.O.T.','A',96.75,1109.31,'C','2017-10-17 19:41:30.095444',15,2),(109,1508268343415201,'AB-CE-ES-CE01','BASAMENTO CON DIMENSIONES DE 40 X 40 X 40 CMS. A BASE DE CONCRETO F\'c=200 Kg/cm2, ARMADO CON 8 VARILLAS DE 3/8\'\' Y ESTRIBOS 1/4\'\' @ 20 CMS. EN ACERO FY=4200 KG/CM2. INCLUYE: RECUBRIMIENTO A BASE DE PIEDRA LAJA ASENTADA CON MORTERO CEMENTO-ARENA EN PROPORCION 1:4, VIBRADO, CURADO, CIMBRA Y DESCIMBRA, MATERIALES, MANO DE OBRA, HERRAMIENTA, EQUIPO DE SEGURIDAD Y TODO LO NESESARIO PARA SU CORRECTA  EJECUCION, P.U.O.T.','A',8.00,584.39,'C','2017-10-17 19:41:30.099903',16,4),(110,1508268343420181,'AB-CE-ES-CE02','SUMINISTRO Y COLOCACION DE COLUMNA DE MADERA DE PINO DE PRIMERA CALIDAD, DE SECCION 0.30 X 0.30 Y 2.85 MTS. DE ALTURA. INLCUYE: ANCLAJE A BASAMENTO CON PLACA DE ACERO DE 1/4\'\' DE ESPESOR, SEGUN DISEÑO ESTRUCTURAL,  TRATAMIENTO PARA MADERA A BASE DE PENTACLOROFENOL,  Y ACEITE DE LINAZA APLICADO CON BROCHA A DOS MANOS, MATERIAL, MANO DE OBRA, HERRAMIENTA, EQUIPO DE PROTECCIÓN CONTRA GASES TÓXICOS Y TODO LO NECESARIO PARA SU EJECUCIÓN. P.U.O.T.','A',4.00,6966.68,'C','2017-10-17 19:41:30.104877',16,4),(111,1508268343424771,'AB-CE-ES-CE03','SUMINISTRO Y COLOCACION DE COLUMNA DE MADERA DE PINO DE PRIMERA CALIDAD, DE SECCION 0.30 X 0.30 Y 4.05 MTS. DE ALTURA, CON ACABADO NATURAL Y TRATAMIENTO CONTRA LA INTEMPERIE. INLCUYE: ANCLAJE A BASAMENTO CON PLACA DE ACERO DE 1/4\'\' DE ESPESOR, SEGUN DISEÑO ESTRUCTURAL,  TRATAMIENTO PARA MADERA A BASE DE PENTACLOROFENOL,  Y ACEITE DE LINAZA APLICADO CON BROCHA A DOS MANOS, MATERIAL, MANO DE OBRA, HERRAMIENTA, EQUIPO DE PROTECCIÓN CONTRA GASES TÓXICOS Y TODO LO NECESARIO PARA SU EJECUCIÓN. P.U.O.T.','A',4.00,10696.56,'C','2017-10-17 19:41:30.109466',16,4),(112,1508268343429250,'AB-VIG-01','SUMINISTRO Y COLOCACION DE TRABE DE MADERA DE PINO DE PRIMERA CALIDAD, DE SECCION 0.20 X 0.30 MTS. INCLUYE: ANCLAJE A COLUMNA CON PLACA DE ACERO DE 1/4\'\' DE ESPESOR, SEGÚN DISEÑO ESTRUCTURAL, TRATAMIENTO PARA MADERA A BASE DE PENTACLOROFENOL,  Y ACEITE DE LINAZA APLICADO CON BROCHA A DOS MANOS, MATERIAL, MANO DE OBRA, HERRAMIENTA, EQUIPO DE PROTECCIÓN CONTRA GASES TÓXICOS Y TODO LO NECESARIO PARA SU EJECUCIÓN. P.U.O.T.','A',39.60,1459.89,'C','2017-10-17 19:41:30.113946',16,3),(113,1508268343433766,'AB-VIG-02','SUMINISTRO Y COLOCACION DE VIGA DE MADERA DE PINO DE PRIMERA CALIDAD, DE SECCION 0.10 X 0.20 X 6.00 MTS. @ 0.40 MTS. INCLUYE: ANCLAJE A TRABE CON CLAVO DE ACERO DE 4\'\', TRATAMIENTO PARA MADERA A BASE DE PENTACLOROFENOL,  Y ACEITE DE LINAZA APLICADO CON BROCHA A DOS MANOS, MATERIAL, MANO DE OBRA, HERRAMIENTA, EQUIPO DE PROTECCIÓN CONTRA GASES TÓXICOS Y TODO LO NECESARIO PARA SU EJECUCIÓN. P.U.O.T.','A',48.00,1776.52,'C','2017-10-17 19:41:30.118462',16,4),(114,1508268343439024,'AB-CE-C-01','TRIPLAY DE 21MM. DE ESPESOR INCLUYE: TRATAMIENTO PARA MADERA A BASE DE PENTACLOROFENOL,  Y ACEITE DE LINAZA APLICADO CON BROCHA A DOS MANOS, MATERIAL, MANO DE OBRA, HERRAMIENTA, EQUIPO DE PROTECCIÓN CONTRA GASES TÓXICOS Y TODO LO NECESARIO PARA SU EJECUCIÓN. P.U.O.T.','A',118.70,350.22,'C','2017-10-17 19:41:30.123708',17,2),(115,1508268343443602,'024-16B','IMPERMEABILIZANTE AL-KOAT TIPO PA-40T SBS  DE 4.0 MM DE ESPESOR, ACABADO FINAL CON GRAVILLA CERAMICA COLOR TERRACOTA, CON APLICACION PREVIA DE PRIMARIA AL-KOAT BASE AGUA, COLOCADA LA MEMBRANA CON SOPLETE DE GAS, TRASLAPES DE 10 CM INC: LIMPIEZA PREVIA DE LA SUPERFICIE Y POSTERIOR A LA APLICACION (BARRIDO), MATERIAL, HERRAMIENTA Y MANO DE OBRA ( 5 AÑOS DE GARANTIA) P.U.O.T.','A',118.70,193.16,'C','2017-10-17 19:41:30.128292',17,2),(116,1508268343448103,'GCAISC-0045-C01','SUMINISTRO Y COLOCACION DE TEJA DE BARRO COLOR NATURAL DE 30X15X1.4 CM EN CUBIERTA INCLINADA. INCLUYE: CARGO DIRECTO POR EL COSTO DE LOS MATERIALES Y MANO DE OBRA QUE INTERVENGAN, FLETE A OBRA, DESPERDICIO, ACARREO HASTA EL LUGAR DE SU UTILIZACION, COLOCACION, ELEMENTOS DE FIJACION,  DESPERDICIOS , ELEVACIONES, LIMPIEZA Y RETIRO DE SOBRANTES FUERA DE OBRA, EQUIPO DE SEGURIDAD, INSTALACIONES ESPECIFICAS, DEPRECIACION Y DEMAS CARGOS DERIVADOS DEL USO DE HERRAMIENTA Y EQUIPO, EN CUALQUIER NIVEL. P.U.O.T.','A',118.70,308.19,'C','2017-10-17 19:41:30.132798',17,2),(117,1508268343452790,'B-001-P01','LIMPIA DE TERRENO PARA TRAZO DE EDIFICIOS, INCLUYE DESPALME, ACARREO DE ESCOMBRO FUERA DE LA OBRA CON CARGA A MANO. (U.C.T.T.)','A',116.00,7.31,'C','2017-10-17 19:41:30.137492',19,2),(118,1508268343457539,'3.1.B1','TRAZO Y NIVELACION  DE TERRENO CON EQUIPO TOPOGRAFICO ESTABLECIENDO EJES DE REFERENCIA Y BANCOS DE NIVEL, INCLUYE: MATERIALES, MANO DE OBRA, EQUIPO Y HERRAMIENTA P.U.O.T.','A',116.00,3.55,'C','2017-10-17 19:41:30.142235',19,2),(119,1508268343462478,'001-23-P01','EXCAVACION A MANO EN CEPA HASTA 2.00 MTS. DE PROF. EN CUALQUIER TIPO DE MATERIAL; INCLUYE: AFINE DE TALUDES  Y FONDO,  INCLUIR ACARREOS DE MATERIAL SOBRANTE FUERA DE LA OBRA, INCLUYE: MANO DE OBRA, EQUIPO, HERRAMIENTA.  P.U.O.T.','A',1.30,194.96,'C','2017-10-17 19:41:30.147107',20,1),(120,1508268343467501,'BP-003','PLANTILLA DE CONCRETO HIDRAULICO SIMPLE DE 5 CMS. DE ESPESOR HECHO EN OBRA F\'C=100 KG/CM2 RESINTENCIA NORMAL, TAMAÑO MAXIMO AGREGADO DE 3/4\", INCLUYE: MATERIALES, HERRAMIENTAS, EQUIPO DE SEGURIDAD, MANO DE OBRA Y EQUIPO MENOR.','A',1.08,89.15,'C','2017-10-17 19:41:30.152194',20,2),(121,1508268343472046,'BP-005-P-C01','DADO DE CIMENTACION AISLADO DE SECCION 0.30 X 0.30 Y 0.30 MTS. DE ALTURA DE CONCRETO HIDRAULICO HECHO EN OBRA F\'C=250 KG/CM2 RESINTENCIA NORMAL, TAMAÑO MAXIMO AGREGADO DE 3/4\", REFORZADO 6 VARILLAS DE ACERO DEL No.3 (3/8\") Y ESTRIBOS DEL No. 2 (1/4\") A CADA 10 CMS. ACABADO COMUN, INCLUYE: VIBRADO, CURADO, CIMBRA Y DESCIMBRA, MATERIALES, HERRAMIENTAS, EQUIPO DE SEGURIDAD, MANO DE OBRA Y EQUIPO MENOR.','A',12.00,209.90,'C','2017-10-17 19:41:30.156736',20,4),(122,1508268343476557,'AB-PE-CI-01','CONTRATRABE DE CIMENTACION SEC CION  0.20 X 0.40  MTS. CONCRETO F\'C=200 KG/CM² ARMADO CON 6 VA RILLAS # 4 FY= 4200 Y ESTRIBOS DEL N.2 @ 20 CMS. F\'Y= 2400 KG /CM2. INCLUYE: MATERIALES MANO DE OBRA, CIMBRA COMUN, DESCIMBRADO, COLADO, CURADO, VIBRADO \'DESPERDICIOS,  ACARREOS DENTRO Y  FUERA DE LA OBRA, ELEVACIÓN A CUALQUIER  ALTURA, ANDAMIOS, HERRAMIENTA, EQUIPO, RETIRO DE MATERIAL  SOBRANTE FUERA DE LA OBRA, LIMPIEZA Y TODO LO NECESARIO  PARA SU CORRECTA EJECUCION P.U.O.T.','A',29.00,351.93,'C','2017-10-17 19:41:30.161257',20,3),(123,1508268343481101,'006-01B','RELLENO COMPACTADO CON PIZON DE MANO EN CAPAS DE 20 CM UTILIZANDO MATERIAL PRODUCTO DE LA EXCAVACION, CONSIDERANDO EL ACARREO DE MATERIAL EN CARRETILLA AL AREA DE TRABAJO. INCLUYE: AGUA, HERRAMIENTA, ACARREO Y MANO DE OBRA. P.U.O.T.','A',0.22,104.98,'C','2017-10-17 19:41:30.165803',20,1),(124,1508268343485983,'AB-PE-EST-01','SUMINISTRO Y COLOCACION DE COLUMNA DE MADERA DE PINO DE PRIMERA CALIDAD, DE SECCION 0.30 X 0.30 Y 3.40 MTS. DE ALTURA. INLCUYE: ANCLAJE A DADO DE CIMENTACION CON PLACA DE ACERO DE 1/4\'\' DE ESPESOR, SEGUN DISEÑO ESTRUCTURAL,  TRATAMIENTO PARA MADERA A BASE DE PENTACLOROFENOL,  Y ACEITE DE LINAZA APLICADO CON BROCHA A DOS MANOS, MATERIAL, MANO DE OBRA, HERRAMIENTA, EQUIPO DE PROTECCIÓN CONTRA GASES TÓXICOS Y TODO LO NECESARIO PARA SU EJECUCIÓN. P.U.O.T.','A',12.00,7418.90,'C','2017-10-17 19:41:30.170683',21,4),(125,1508268343490799,'AB-PE-VIG-01','SUMINISTRO Y COLOCACION DE TRABE DE MADERA DE PINO DE PRIMERA CALIDAD, DE SECCION 0.20 X 0.30 MTS. INCLUYE: ANCLAJE A COLUMNA CON PLACA DE ACERO DE 1/4\'\' DE ESPESOR, SEGÚN DISEÑO ESTRUCTURAL, TRATAMIENTO PARA MADERA A BASE DE PENTACLOROFENOL,  Y ACEITE DE LINAZA APLICADO CON BROCHA A DOS MANOS, MATERIAL, MANO DE OBRA, HERRAMIENTA, EQUIPO DE PROTECCIÓN CONTRA GASES TÓXICOS Y TODO LO NECESARIO PARA SU EJECUCIÓN. P.U.O.T.','A',36.00,1459.89,'C','2017-10-17 19:41:30.175493',21,3),(126,1508268343495567,'AB-PE-VIG-02','SUMINISTRO Y COLOCACION DE VIGA DE MADERA DE PINO DE PRIMERA CALIDAD, DE SECCION 0.10 X 0.20 X 3.80 MTS. @ 0.40 MTS. INCLUYE: ANCLAJE A TRABE CON CLAVO DE ACERO DE 4\'\', TRATAMIENTO PARA MADERA A BASE DE PENTACLOROFENOL,  Y ACEITE DE LINAZA APLICADO CON BROCHA A DOS MANOS, MATERIAL, MANO DE OBRA, HERRAMIENTA, EQUIPO DE PROTECCIÓN CONTRA GASES TÓXICOS Y TODO LO NECESARIO PARA SU EJECUCIÓN. P.U.O.T.','A',89.00,1165.69,'C','2017-10-17 19:41:30.180266',21,4),(127,1508268343500847,'B-001','LIMPIA DE TERRENO PARA TRAZO DE EDIFICIOS, INCLUYE DESPALME, ACARREO DE ESCOMBRO FUERA DE LA OBRA CON CARGA A MANO. (U.C.T.T.)','A',46.25,7.31,'C','2017-10-17 19:41:30.185515',23,2),(128,1508268343505433,'3.1.B1','TRAZO Y NIVELACION  DE TERRENO CON EQUIPO TOPOGRAFICO ESTABLECIENDO EJES DE REFERENCIA Y BANCOS DE NIVEL, INCLUYE: MATERIALES, MANO DE OBRA, EQUIPO Y HERRAMIENTA P.U.O.T.','A',46.25,3.55,'C','2017-10-17 19:41:30.190126',23,2),(129,1508268343509868,'001-23','EXCAVACION A MANO EN CEPA HASTA 2.00 MTS. DE PROF. EN CUALQUIER TIPO DE MATERIAL; INCLUYE: AFINE DE TALUDES  Y FONDO,  INCLUIR ACARREOS DE MATERIAL SOBRANTE FUERA DE LA OBRA, INCLUYE: MANO DE OBRA, EQUIPO, HERRAMIENTA.  P.U.O.T.','A',5.71,194.96,'C','2017-10-17 19:41:30.194569',24,1),(130,1508268343514460,'BP-003','PLANTILLA DE CONCRETO HIDRAULICO SIMPLE DE 5 CMS. DE ESPESOR HECHO EN OBRA F\'C=100 KG/CM2 RESINTENCIA NORMAL, TAMAÑO MAXIMO AGREGADO DE 3/4\", INCLUYE: MATERIALES, HERRAMIENTAS, EQUIPO DE SEGURIDAD, MANO DE OBRA Y EQUIPO MENOR.','A',5.44,89.15,'C','2017-10-17 19:41:30.199158',24,2),(131,1508268343519006,'CIM-006F','ZAPATA AISLADA DE 0.80X0.80X0.20 MTS DE CONCRETO F\'C= 250 KG/CM2, ARMADA CON VARILLA DE NO.4 @ 15 CMS EN AMBOS SENTIDOS DE 20 CM DE ESPESOR, INCLUYE: CIMBRA, DESCIMBRA, AGUA, MATERIAL, HERRAMIENTA Y TODO LO NECESARIO PARA SU CORRECTA EJECUCION P.U.O.T.','A',4.00,629.42,'C','2017-10-17 19:41:30.203659',24,4),(132,1508268343523656,'3002003','CONTRATRABE DE CIMENTACION SEC CION  0.20 X 0.40  MTS. CONCRETO F\'C=200 KG/CM² ARMADO CON 6 VA RILLAS # 4 FY= 4200 Y ESTRIBOS DEL N.2 @ 20 CMS. F\'Y= 2400 KG /CM2. INCLUYE: MATERIALES MANO DE OBRA, CIMBRA COMUN, DESCIMBRADO, COLADO, CURADO, VIBRADO \'DESPERDICIOS,  ACARREOS DENTRO Y  FUERA DE LA OBRA, ELEVACIÓN A CUALQUIER  ALTURA, ANDAMIOS, HERRAMIENTA, EQUIPO, RETIRO DE MATERIAL  SOBRANTE FUERA DE LA OBRA, LIMPIEZA Y TODO LO NECESARIO  PARA SU CORRECTA EJECU- CION P.U.O.T.','A',14.40,444.80,'C','2017-10-17 19:41:30.208355',24,3),(133,1508268343528188,'ISC-045-ML01','DADO DE CONCRETO DE 0.40 X 0.40 X 1.00 MTS.  ARMADO CON 8 VARILLAS DEL N.4 Y ESTRIBOS DEL N.3 A 15 CM, CONCRETO F\'C=250KG/CM2 FRAGUADO NORMAL PARA CIMENTACIÓN, ARRIOSTRES Y ESTRUCTURA, ASÍ COMO PARA RESANE DE PISO DEMOLIDO. INCLUYE: MATERIAL Y SU ELEVACIÓN, PROTECCIÓN DEL ÁREA DONDE SE FABRICARÁ, COLOCACIÓN,VIBRADO,CURADO,ACARREO DE SOBRANTES A PIE DE CAMIÓN,DESPERDICIOS, LIMPIEZA Y LO NECESARIO PARA SU CORRECTA EJECUCIÓN. P.U.O.T.','A',4.00,766.60,'C','2017-10-17 19:41:30.212872',24,4),(134,1508268343532776,'006-01B','RELLENO COMPACTADO CON PIZON DE MANO EN CAPAS DE 20 CM UTILIZANDO MATERIAL PRODUCTO DE LA EXCAVACION, CONSIDERANDO EL ACARREO DE MATERIAL EN CARRETILLA AL AREA DE TRABAJO. INCLUYE: AGUA, HERRAMIENTA, ACARREO Y MANO DE OBRA. P.U.O.T.','A',2.16,104.98,'C','2017-10-17 19:41:30.217478',24,1),(135,1508268343536831,'AB-ML-EST-01','BASAMENTO CON DIMENSIONES DE 40 X 40 X 40 CMS. A BASE DE CONCRETO F\'c=200 Kg/cm2, ARMADO CON 8 VARILLAS DE 3/8\'\' Y ESTRIBOS 1/4\'\' @ 20 CMS. EN ACERO FY=4200 KG/CM2. INCLUYE: RECUBRIMIENTO A BASE DE PIEDRA LAJA ASENTADA CON MORTERO CEMENTO-ARENA EN PROPORCION 1:4, VIBRADO, CURADO, CIMBRA Y DESCIMBRA, MATERIALES, MANO DE OBRA, HERRAMIENTA, EQUIPO DE SEGURIDAD Y TODO LO NESESARIO PARA SU CORRECTA  EJECUCION, P.U.O.T.','A',4.00,584.39,'C','2017-10-17 19:41:30.221538',25,4),(136,1508268343540864,'AB-ML-EST-02','SUMINISTRO Y COLOCACION DE COLUMNA DE MADERA DE PINO DE PRIMERA CALIDAD, DE SECCION 0.30 X 0.30 Y 2.85 MTS. DE ALTURA. INLCUYE: ANCLAJE A BASAMENTO CON PLACA DE ACERO DE 1/4\'\' DE ESPESOR, SEGUN DISEÑO ESTRUCTURAL,  TRATAMIENTO PARA MADERA A BASE DE PENTACLOROFENOL,  Y ACEITE DE LINAZA APLICADO CON BROCHA A DOS MANOS, MATERIAL, MANO DE OBRA, HERRAMIENTA, EQUIPO DE PROTECCIÓN CONTRA GASES TÓXICOS Y TODO LO NECESARIO PARA SU EJECUCIÓN. P.U.O.T.','A',4.00,6966.68,'C','2017-10-17 19:41:30.225573',25,4),(137,1508268343544758,'AB-ML-VIG-01','SUMINISTRO Y COLOCACION DE TRABE DE MADERA DE PINO DE PRIMERA CALIDAD, DE SECCION 0.20 X 0.30 MTS. INCLUYE: ANCLAJE A COLUMNA CON PLACA DE ACERO DE 1/4\'\' DE ESPESOR, SEGÚN DISEÑO ESTRUCTURAL, TRATAMIENTO PARA MADERA A BASE DE PENTACLOROFENOL,  Y ACEITE DE LINAZA APLICADO CON BROCHA A DOS MANOS, MATERIAL, MANO DE OBRA, HERRAMIENTA, EQUIPO DE PROTECCIÓN CONTRA GASES TÓXICOS Y TODO LO NECESARIO PARA SU EJECUCIÓN. P.U.O.T.','A',36.80,1459.89,'C','2017-10-17 19:41:30.229472',25,3),(138,1508268343548614,'AB-ML-VIG-02','SUMINISTRO Y COLOCACION DE VIGA DE MADERA DE PINO DE PRIMERA CALIDAD, DE SECCION 0.10 X 0.20  MTS Y LONGITUD VARIABLE. @ 0.40 MTS. INCLUYE: ANCLAJE A TRABE CON CLAVO DE ACERO DE 4\'\', TRATAMIENTO PARA MADERA A BASE DE PENTACLOROFENOL,  Y ACEITE DE LINAZA APLICADO CON BROCHA A DOS MANOS, MATERIAL, MANO DE OBRA, HERRAMIENTA, EQUIPO DE PROTECCIÓN CONTRA GASES TÓXICOS Y TODO LO NECESARIO PARA SU EJECUCIÓN. P.U.O.T.','A',20.00,1776.52,'C','2017-10-17 19:41:30.233330',25,4),(139,1508268343552486,'AB-ML-CU-01','TRIPLAY DE 21MM. DE ESPESOR INCLUYE: TRATAMIENTO PARA MADERA A BASE DE PENTACLOROFENOL,  Y ACEITE DE LINAZA APLICADO CON BROCHA A DOS MANOS, MATERIAL, MANO DE OBRA, HERRAMIENTA, EQUIPO DE PROTECCIÓN CONTRA GASES TÓXICOS Y TODO LO NECESARIO PARA SU EJECUCIÓN. P.U.O.T.','A',47.60,350.22,'C','2017-10-17 19:41:30.237199',26,2),(140,1508268343557033,'024-16B','IMPERMEABILIZANTE AL-KOAT TIPO PA-40T SBS  DE 4.0 MM DE ESPESOR, ACABADO FINAL CON GRAVILLA CERAMICA COLOR TERRACOTA, CON APLICACION PREVIA DE PRIMARIA AL-KOAT BASE AGUA, COLOCADA LA MEMBRANA CON SOPLETE DE GAS, TRASLAPES DE 10 CM INC: LIMPIEZA PREVIA DE LA SUPERFICIE Y POSTERIOR A LA APLICACION (BARRIDO), MATERIAL, HERRAMIENTA Y MANO DE OBRA ( 5 AÑOS DE GARANTIA) P.U.O.T.','A',47.60,193.16,'C','2017-10-17 19:41:30.241736',26,2),(141,1508268343560855,'GCAISC-0045-ML01','SUMINISTRO Y COLOCACION DE TEJA DE BARRO COLOR NATURAL DE 30X15X1.4 CM EN CUBIERTA INCLINADA. INCLUYE: CARGO DIRECTO POR EL COSTO DE LOS MATERIALES Y MANO DE OBRA QUE INTERVENGAN, FLETE A OBRA, DESPERDICIO, ACARREO HASTA EL LUGAR DE SU UTILIZACION, COLOCACION, ELEMENTOS DE FIJACION,  DESPERDICIOS , ELEVACIONES, LIMPIEZA Y RETIRO DE SOBRANTES FUERA DE OBRA, EQUIPO DE SEGURIDAD, INSTALACIONES ESPECIFICAS, DEPRECIACION Y DEMAS CARGOS DERIVADOS DEL USO DE HERRAMIENTA Y EQUIPO, EN CUALQUIER NIVEL. P.U.O.T.','A',47.60,308.19,'C','2017-10-17 19:41:30.245568',26,2),(142,1508268343564755,'B-001','LIMPIA DE TERRENO PARA TRAZO DE EDIFICIOS, INCLUYE DESPALME, ACARREO DE ESCOMBRO FUERA DE LA OBRA CON CARGA A MANO. (U.C.T.T.)','A',465.57,7.31,'C','2017-10-17 19:41:30.249467',28,2),(143,1508268343568664,'3.1.B1','TRAZO Y NIVELACION  DE TERRENO CON EQUIPO TOPOGRAFICO ESTABLECIENDO EJES DE REFERENCIA Y BANCOS DE NIVEL, INCLUYE: MATERIALES, MANO DE OBRA, EQUIPO Y HERRAMIENTA P.U.O.T.','A',465.57,3.55,'C','2017-10-17 19:41:30.253377',28,2),(144,1508268343572803,'001-23','EXCAVACION A MANO EN CEPA HASTA 2.00 MTS. DE PROF. EN CUALQUIER TIPO DE MATERIAL; INCLUYE: AFINE DE TALUDES  Y FONDO,  INCLUIR ACARREOS DE MATERIAL SOBRANTE FUERA DE LA OBRA, INCLUYE: MANO DE OBRA, EQUIPO, HERRAMIENTA.  P.U.O.T.','A',426.20,194.96,'C','2017-10-17 19:41:30.257517',29,1),(145,1508268343576861,'BP-003','PLANTILLA DE CONCRETO HIDRAULICO SIMPLE DE 5 CMS. DE ESPESOR HECHO EN OBRA F\'C=100 KG/CM2 RESINTENCIA NORMAL, TAMAÑO MAXIMO AGREGADO DE 3/4\", INCLUYE: MATERIALES, HERRAMIENTAS, EQUIPO DE SEGURIDAD, MANO DE OBRA Y EQUIPO MENOR.','A',355.17,89.15,'C','2017-10-17 19:41:30.261576',29,2),(146,1508268343580893,'009-15-AL-01','LOSA DE CIMENTACION DE 15 CMS. DE ESPESOR, COLADA CON CONCRETO HIDRAULICO F`C=200KG/CM2, ARMADA CON ACERO FY=4200 KG/CM2 DEL NO. 3 @20 CMS. EN AMBOS SENTIDOS.  INCLUYE: CIMBRA ACABADO APARENTE, VACIADO, VIBRADO Y CURADO DEL CONCRETO, ACARREOS, CORTES Y DESPERDICIOS. P.U.O.T.','A',335.68,621.96,'C','2017-10-17 19:41:30.265607',29,2),(147,1508268343584994,'ARLISC-008-AL-01','MURO DE CONCRETO ARMADO DE 15 CMS. DE ESPESOR, ARMADO CON DOBLE PARRILLA DE VARILLA DE 3/8\'\'  A CADA 20 CMS. Y CONCRETO F C= 200 KG/CM2, INCLUYE: CIMBRA ACABADO APARENTE, VACIADO, VIBRADO Y CURADO DEL CONCRETO, ACARREOS, CORTES Y DESPERDICIOS. P.U.O.T.','A',123.66,957.66,'C','2017-10-17 19:41:30.269709',29,2),(148,1508268343589675,'AB-AL-AC-01','SUMINISTRO Y COLOCACION A PLOMO, REGLA Y NIVEL DE AZULEJO EN PISO Y MUROS DE ALBERCA, MARCA Y MODELO POR ESPECIFICAR. ASENTADO CON PEGAZULEJO  DE BAJA ABSORCION. INCLUYE: SUMINISTRO DE MATERIALES, BOQUILLA, MANO DE OBRA, CORTES, DESPERDICIOS, HERRAMIENTA, EQUIPO, ACARREOS Y TODO LO NECESARIO PARA SU CORRECTA EJECUCIÓN. P.U.O.T.','A',459.34,351.41,'C','2017-10-17 19:41:30.274375',30,2),(149,1508268343593678,'AB-AL-IHS-02','SUMINISTRO Y COLOCACION DE FUENTE DECORATIVA SEGÚN DISEÑO. INCLUYE: INSTALACION, CONEXIONES, DERIVACIONES Y RAMALEO, SUMINISTRO Y COLOCACION DE LOS MATERIALES EN EL SITIO DE SU UTILIZACION, MANO DE OBRA, EQUIPO Y HERRAMIENTA P.U.O.T.','A',1.00,20664.70,'C','2017-10-17 19:41:30.278384',31,4),(150,1508268343597653,'B-001','LIMPIA DE TERRENO PARA TRAZO DE EDIFICIOS, INCLUYE DESPALME, ACARREO DE ESCOMBRO FUERA DE LA OBRA CON CARGA A MANO. (U.C.T.T.)','A',7.84,7.31,'C','2017-10-17 19:41:30.282369',33,2),(151,1508268343601695,'3.1.B1','TRAZO Y NIVELACION  DE TERRENO CON EQUIPO TOPOGRAFICO ESTABLECIENDO EJES DE REFERENCIA Y BANCOS DE NIVEL, INCLUYE: MATERIALES, MANO DE OBRA, EQUIPO Y HERRAMIENTA P.U.O.T.','A',7.84,3.55,'C','2017-10-17 19:41:30.286409',33,2),(152,1508268343605791,'001-23','EXCAVACION A MANO EN CEPA HASTA 2.00 MTS. DE PROF. EN CUALQUIER TIPO DE MATERIAL; INCLUYE: AFINE DE TALUDES  Y FONDO,  INCLUIR ACARREOS DE MATERIAL SOBRANTE FUERA DE LA OBRA, INCLUYE: MANO DE OBRA, EQUIPO, HERRAMIENTA.  P.U.O.T.','A',1.78,194.96,'C','2017-10-17 19:41:30.290505',34,1),(153,1508268343609866,'093-05B-CMA-01','BASE CON MATERIAL DE BANCO, CON UN ESPESOR DE 50 CMS. Y COMPACTADA AL 95% DE SU P.V.S.M., INCLUYE: SUMINISTRO Y ACARREO DEL MATERIAL PUESTO EN LA OBRA, ACAMELLONADO, INCORPORACIÓN DE AGUA Y SU ACARREO, MEZCLADO, TENDIDO, AFINE Y COMPACTACIÓN, MANO DE OBRA, EQUIPO Y HERRAMIENTA. P.U.O.T.','A',1.62,352.79,'C','2017-10-17 19:41:30.294581',34,1),(154,1508268343614457,'BP-003','PLANTILLA DE CONCRETO HIDRAULICO SIMPLE DE 5 CMS. DE ESPESOR HECHO EN OBRA F\'C=100 KG/CM2 RESINTENCIA NORMAL, TAMAÑO MAXIMO AGREGADO DE 3/4\", INCLUYE: MATERIALES, HERRAMIENTAS, EQUIPO DE SEGURIDAD, MANO DE OBRA Y EQUIPO MENOR.','A',1.28,89.15,'C','2017-10-17 19:41:30.299162',34,2),(155,1508268343618644,'ISC-046','CONTRATRABE DE 20X40 CMS. DE CONCRETO F´C= 200 KG/CM2 ARMADO CON 4 VARILLAS DEL No. 4 Y ESTRIBOS DEL No. 2 @ 20 CMS., CIMBRA COMÚN, INCLUYE: HABILITADO, ARMADO, CIMBRA Y DESCIMBRA, COLADO, MATERIAL, MANO DE OBRA, HERRAMIENTA, EQUIPO Y TODO LO NECESARIO PARA SU CORRECTA EJECUCIÓN. P.U.O.T.','A',6.40,381.64,'C','2017-10-17 19:41:30.303353',34,3),(156,1508268343622869,'009-15-CMA-01','LOSA DE CIMENTACION (SEGUN DISEÑO DE 1.80 X 1.80 X 0.10 M) COLADA CON CONCRETO HIDRAULICO F\'c=200KGS/CM2, ARMADA CON ACERO F\'y=4200 KGS/CM2 DEL No. 3 @ 20 CM EN AMBOS SENTIDOS, CON CUATRO CASTILLOS PERIMETRALES DE 20 X 20 X 20 CM Y UNO CENTRAL DE 40 X 20 X 20 CM ARMADOS CON VARILLA DEL #3 Y ESTRIBOS DEL #2 @ 10 CM, INCLUYE: TAQUETES EXPANSIVOS GALVANIZADOS TIPO HILTI KBII 1/4\", EXCAVACION , RELLENO, MATERIAL, MANO DE OBRA, EQUIPO, HERRAMIENTA Y TODO LO NECESARIO PARA SU CORRECTA EJECUCION. P.U.O.T.','A',3.24,1684.17,'C','2017-10-17 19:41:30.307576',34,2),(157,1508268343627427,'ALB-011','CONSTRUCCIÓN DE CASTILLOS Y/O CADENAS DE 15X25 CMS. DE CONCRETO F´C=200KG/CM2., ARMADO CON 4 VS. DE 3/8\" Y ESTRIBOS DEL NO. 2 A CADA 15 CMS EN BARDA PERIMETRAL. INCLUYE: MATERIALES, MANO DE OBRA, EQUIPO, HERRAMIENTA, CHAFLANES, DESPERDICIOS, ACARREO DE SOBRANTES A PIE DE CAMION, LIMPIEZAS Y TODO LO NECESARIO PARA SU CORRECTA FABRICACION. (ACABADO APARENTE DE SER NECESARIO).','A',16.40,233.02,'C','2017-10-17 19:41:30.312100',35,3),(158,1508268343632486,'012-01','MURO DE BLOCK 12 X 20 X 40 CMS. EN 12 CMS. DE ESPESOR, ASENTADO CON MORTERO CEMENTO-ARENA PROP: 1:4, JUNTEADO DE 1.5 CMS, ACABADO COMUN EN AMBAS CARAS CON ESCALERILLA @ 3 HILADAS, CONSIDERANDO ANDAMIO DE CABALLETE PARA ALTURAS DE 1.50 A 3.00 MTS. INCLUYE: MATERIAL, HERRAMIENTA Y MANO DE OBRA. P.U.O.T.','A',11.66,207.56,'C','2017-10-17 19:41:30.317182',35,2),(159,1508268343636745,'009-15B','LOSA DE CONCRETO ARMADO HECHO  EN OBRA  F\'C= 250 KG/CM2  R.N,  REV. DE 10 CMS DE ESPESOR, AGREGADO MÁX. 3/4\", ARMADO CON VARILLA DE 3/8\" A CADA 15 CMS EN AMBOS SENTIDOS, INCLUYE: CIMBRA APARENTE Y DESCIMBRA, BASTONES, BAYONETAS, GANCHOS, TRASLAPES, COLADO, GOTERO, VIBRADO, CURADO, MATERIALES, MANO DE  OBRA, HERRAMIENTA, EQUIPO, PERFILADA Y AFINADA.','A',3.24,541.20,'C','2017-10-17 19:41:30.321457',35,2),(160,1508268343641288,'3020056','APLANADO FINO CON MORTERO  CEMENTO:ARENA PROPORCION 1:4 CON UN  ESPESOR PROMEDIO DE 2 CMS. EN MUROS, PLAFONES TRABES, COLUMNAS, INCLUYE: MATERIAL, MANO DE OBRA, HERRAMIENTA, EQUI- PO,  ANDAMIOS, REMATES,  EMBOQUILLADOS, LIMPIEZA,  ACARREOS DENTRO Y FUERA DE LA OBRA ELEVACION  A  CUALQUIER   ALTURA, DESPERDICIOS,  PREPARACIÓN  DE LA SUPERFICIE, LIMPIEZA Y TODO LO NECESARIO PARA SU CORRECTA  EJECUCIÓN. P.U.O.T.','A',23.32,89.83,'C','2017-10-17 19:41:30.325996',36,2),(161,1508268343645103,'KA-CON05','REPELLADO EN MUROS A PLOMO Y REGLA CON MORTERO HIDRÁULICO- ARENA PROP: 1:3, ESPESOR PROMEDIO DE 2 CM, CONSIDERANDO ANDAMIO DE CABALLETE PARA ALTURAS DE 1.50 A 3.00 MTS. INCLUYE: MATERIAL, HERRAMIENTA, Y MANO DE OBRA. P.U.O.T.','A',23.32,87.28,'C','2017-10-17 19:41:30.329816',36,2),(162,1508268343649478,'084-02B','PINTURA VINIL-ACRILICA PARA INTERIOR EN MUROS,  MARCA COMEX A DOS MANOS,O SIMILAR EN  CALIDAD  Y CARACTERISTICAS  TECNICAS, SEGUN PALETA DE COLORES INCLUYE: SEÑALIZACION, PROTECCION  DE  LA  SUPERFICIE ADYACENTE CON  MASQUINTAPE,  PAPEL  Y  PLASTICO,   LIMPIEZA Y PREPARACION  DE  LA  SUPERFICIE, RESANES, UNA BASE DE - LIJADO,  EMPLASTE SELLADOR VINILICO EN  PROPORCION    5 X 1 PARA SUPERFICIES LISAS Ó  3 X 1 PARA SUPERFICIES RUGOSAS DESPERDICIOS, ANDAMIOS,  MATERIALES,  MANO DE OBRA,  HERRA MIENTA, EQUIPO, ACARREOS  DENTRO Y FUERA DE  LA OBRA,  LIMPIEZA Y TODO LO NECESARIO PARA   SU CORRECTA EJECUCION.P.U.O.T. . P.U.O.T.','A',11.66,45.28,'C','2017-10-17 19:41:30.334182',37,2),(163,1508268343653477,'084-02C','PINTURA VINIL-ACRILICA PARA EXTERIOR EN MUROS,  MARCA COMEX A DOS MANOS,O SIMILAR EN  CALIDAD  Y CARACTERISTICAS  TECNICAS, SEGUN PALETA DE COLORES INCLUYE: SEÑALIZACION, PROTECCION  DE  LA  SUPERFICIE ADYACENTE CON  MASQUINTAPE,  PAPEL  Y  PLASTICO,   LIMPIEZA Y PREPARACION  DE  LA  SUPERFICIE, RESANES, UNA BASE DE - LIJADO,  EMPLASTE SELLADOR VINILICO EN  PROPORCION    5 X 1 PARA SUPERFICIES LISAS Ó  3 X 1 PARA SUPERFICIES RUGOSAS DESPERDICIOS, ANDAMIOS,  MATERIALES,  MANO DE OBRA,  HERRA MIENTA, EQUIPO, ACARREOS  DENTRO Y FUERA DE  LA OBRA,  LIMPIEZA Y TODO LO NECESARIO PARA   SU CORRECTA EJECUCION.P.U.O.T. . P.U.O.T.','A',11.66,43.60,'C','2017-10-17 19:41:30.338171',37,2),(164,1508268343657394,'ACA-027D-CMA-01','PUERTA DE 1.00 M DE ANCHO Y 2.10 M DE ALTURA A BASE DE PERFIL RECTANGULAR DE 1\" Y 2\" Y TAPA DE LAMINA LISA CAL. 18 ANCLADO A MURO, CONSIDERANDO APLICACION DE PRIMMER, PINTURA ESMALTE HASTA CUBRIR ADECUADAMENTE  LA SUPERFICIE POR AMBOS LADOS, INCLUYE: SUMINISTRO DE MATERIAL, HERRAMIENTA, EQUIPO Y MANO DE OBRA. P.U.O.T.','A',1.00,2632.13,'C','2017-10-17 19:41:30.342106',38,4),(165,1508268343661411,'B-001','LIMPIA DE TERRENO PARA TRAZO DE EDIFICIOS, INCLUYE DESPALME, ACARREO DE ESCOMBRO FUERA DE LA OBRA CON CARGA A MANO. (U.C.T.T.)','A',33.18,7.31,'C','2017-10-17 19:41:30.346128',40,2),(166,1508268343665600,'3.1.B1','TRAZO Y NIVELACION  DE TERRENO CON EQUIPO TOPOGRAFICO ESTABLECIENDO EJES DE REFERENCIA Y BANCOS DE NIVEL, INCLUYE: MATERIALES, MANO DE OBRA, EQUIPO Y HERRAMIENTA P.U.O.T.','A',33.18,3.55,'C','2017-10-17 19:41:30.350313',40,2),(167,1508268343669678,'001-23','EXCAVACION A MANO EN CEPA HASTA 2.00 MTS. DE PROF. EN CUALQUIER TIPO DE MATERIAL; INCLUYE: AFINE DE TALUDES  Y FONDO,  INCLUIR ACARREOS DE MATERIAL SOBRANTE FUERA DE LA OBRA, INCLUYE: MANO DE OBRA, EQUIPO, HERRAMIENTA.  P.U.O.T.','A',18.10,194.96,'C','2017-10-17 19:41:30.354391',41,1),(168,1508268343673816,'BP-003','PLANTILLA DE CONCRETO HIDRAULICO SIMPLE DE 5 CMS. DE ESPESOR HECHO EN OBRA F\'C=100 KG/CM2 RESINTENCIA NORMAL, TAMAÑO MAXIMO AGREGADO DE 3/4\", INCLUYE: MATERIALES, HERRAMIENTAS, EQUIPO DE SEGURIDAD, MANO DE OBRA Y EQUIPO MENOR.','A',18.10,89.15,'C','2017-10-17 19:41:30.358530',41,2),(169,1508268343678354,'009-15-HM-01','LOSA DE CIMENTACION DE 15 CMS. DE ESPESOR, COLADA CON CONCRETO HIDRAULICO F`C=200KG/CM2, ARMADA CON ACERO FY=4200 KG/CM2 DEL NO. 3 @20 CMS. EN AMBOS SENTIDOS.  INCLUYE: CIMBRA ACABADO APARENTE, VACIADO, VIBRADO Y CURADO DEL CONCRETO, ACARREOS, CORTES Y DESPERDICIOS. P.U.O.T.','A',15.90,621.96,'C','2017-10-17 19:41:30.363064',41,2),(170,1508268343682863,'ARLISC-008-HM-01','MURO DE CONCRETO ARMADO DE 15 CMS. DE ESPESOR, ARMADO CON DOBLE PARRILLA DE VARILLA DE 3/8\'\'  A CADA 20 CMS. Y CONCRETO F C= 200 KG/CM2, INCLUYE: CIMBRA ACABADO APARENTE, VACIADO, VIBRADO Y CURADO DEL CONCRETO, ACARREOS, CORTES Y DESPERDICIOS. P.U.O.T.','A',14.20,957.66,'C','2017-10-17 19:41:30.367568',41,2),(171,1508268343687170,'AB-HM-IHS-01','SUMINISTRO Y COLOCACION DE TINA DE ACRILICO CON HIDROMASAJE DE 3.30 MTS. DE DIAMETRO, MARCA Y MODELO P0R ESPECIFICAR, ACABADO BLANCO MARFIL. INCLUYE:  MOTOBOMBA, SISTEMA DE DESAGUE Y NIVELACION,  TUBERIA, SALIDAS, CONEXIONES, DERIVACIONES Y RAMALEO, SUMINISTRO Y COLOCACION DE LOS MATERIALES EN EL SITIO DE SU UTILIZACION, MANO DE OBRA, EQUIPO Y HERRAMIENTA P.U.O.T.','A',1.00,200663.03,'C','2017-10-17 19:41:30.371882',42,5),(172,1508268343691066,'B-001','LIMPIA DE TERRENO PARA TRAZO DE EDIFICIOS, INCLUYE DESPALME, ACARREO DE ESCOMBRO FUERA DE LA OBRA CON CARGA A MANO. (U.C.T.T.)','A',302.60,7.31,'C','2017-10-17 19:41:30.375779',44,2),(173,1508268343695786,'3.1.B1','TRAZO Y NIVELACION  DE TERRENO CON EQUIPO TOPOGRAFICO ESTABLECIENDO EJES DE REFERENCIA Y BANCOS DE NIVEL, INCLUYE: MATERIALES, MANO DE OBRA, EQUIPO Y HERRAMIENTA P.U.O.T.','A',302.60,3.55,'C','2017-10-17 19:41:30.380463',44,2),(174,1508268343700063,'001-23','EXCAVACION A MANO EN CEPA HASTA 2.00 MTS. DE PROF. EN CUALQUIER TIPO DE MATERIAL; INCLUYE: AFINE DE TALUDES  Y FONDO,  INCLUIR ACARREOS DE MATERIAL SOBRANTE FUERA DE LA OBRA, INCLUYE: MANO DE OBRA, EQUIPO, HERRAMIENTA.  P.U.O.T.','A',130.72,194.96,'C','2017-10-17 19:41:30.384773',45,1),(175,1508268343704449,'093-05B-CA-01','BASE CON MATERIAL DE BANCO, CON UN ESPESOR DE 50 CMS. Y COMPACTADA AL 95% DE SU P.V.S.M., INCLUYE: SUMINISTRO Y ACARREO DEL MATERIAL PUESTO EN LA OBRA, ACAMELLONADO, INCORPORACIÓN DE AGUA Y SU ACARREO, MEZCLADO, TENDIDO, AFINE Y COMPACTACIÓN, MANO DE OBRA, EQUIPO Y HERRAMIENTA. P.U.O.T.','A',101.60,352.79,'C','2017-10-17 19:41:30.389154',45,1),(176,1508268343708907,'BP-003','PLANTILLA DE CONCRETO HIDRAULICO SIMPLE DE 5 CMS. DE ESPESOR HECHO EN OBRA F\'C=100 KG/CM2 RESINTENCIA NORMAL, TAMAÑO MAXIMO AGREGADO DE 3/4\", INCLUYE: MATERIALES, HERRAMIENTAS, EQUIPO DE SEGURIDAD, MANO DE OBRA Y EQUIPO MENOR.','A',101.92,89.15,'C','2017-10-17 19:41:30.393616',45,2),(177,1508268343712728,'CONISC-15-SP','ZAPATA CORRIDA DE 85X20 CMS. CON CONCRETO F\'C= 250 KG/CM2 AGREGADO DE 19 MM, HECHO EN OBRA, DE 0.85 MTS DE ANCHO,  PERALTE DE 0.20 MTS,  ARMADO CON ACERO DE REFUERZO # 3 @ 0.20 MTS. EN SENTIDO TRANSVERSAL Y 5 VAR No. 3 EN SENTIDO LONGITUDINAL, INCLUYE:  CIMBRA COMÚN, DESCIMBRADO, MANO DE OBRA, HERRAMIENTA, EQUIPO Y TODO LO NECESARIO PARA SU CORRECTA EJECUCIÓN. P.U.O.T.','A',137.16,653.24,'C','2017-10-17 19:41:30.397442',45,3),(178,1508268343716711,'ISC-046','CONTRATRABE DE 20X40 CMS. DE CONCRETO F´C= 200 KG/CM2 ARMADO CON 4 VARILLAS DEL No. 4 Y ESTRIBOS DEL No. 2 @ 20 CMS., CIMBRA COMÚN, INCLUYE: HABILITADO, ARMADO, CIMBRA Y DESCIMBRA, COLADO, MATERIAL, MANO DE OBRA, HERRAMIENTA, EQUIPO Y TODO LO NECESARIO PARA SU CORRECTA EJECUCIÓN. P.U.O.T.','A',137.16,381.64,'C','2017-10-17 19:41:30.401424',45,3),(179,1508268343720676,'DSCO-009-CA-01','TRABE DE LIGA DE CONCRETO DE 15X25 CMS. CON 6 VARILLAS DEL NO. 3 Y ESTRIBOS DEL NO. 2 @ 20 CMS, F\'C=200 KG/CM2; INCLUYE: CIMBRADO, DESCIMBRADO, MATERIAL, MANO DE OBRA, HERRAMIENTA, EQUIPO, ANDAMIOS, COLADO, CURADO, VIBRADO, ACARREOS, Y TODO LO NECESARIO PARA SU CORRECTA EJECUCION. P.U.O.T.','A',54.75,239.42,'C','2017-10-17 19:41:30.405391',45,3),(180,1508268343725514,'BP-005-CA-01','DADO DE CIMENTACION AISLADO DE SECCION 0.30 X 0.30 Y 0.50 MTS. DE ALTURA DE CONCRETO HIDRAULICO HECHO EN OBRA F\'C=250 KG/CM2 RESINTENCIA NORMAL, TAMAÑO MAXIMO AGREGADO DE 3/4\", REFORZADO 6 VARILLAS DE ACERO DEL No.3 (3/8\") Y ESTRIBOS DEL No. 2 (1/4\") A CADA 10 CMS. ACABADO COMUN, INCLUYE: VIBRADO, CURADO, CIMBRA Y DESCIMBRA, MATERIALES, HERRAMIENTAS, EQUIPO DE SEGURIDAD, MANO DE OBRA Y EQUIPO MENOR.','A',4.00,333.17,'C','2017-10-17 19:41:30.410216',45,4),(181,1508268343729571,'006-01B','RELLENO COMPACTADO CON PIZON DE MANO EN CAPAS DE 20 CM UTILIZANDO MATERIAL PRODUCTO DE LA EXCAVACION, CONSIDERANDO EL ACARREO DE MATERIAL EN CARRETILLA AL AREA DE TRABAJO. INCLUYE: AGUA, HERRAMIENTA, ACARREO Y MANO DE OBRA. P.U.O.T.','A',64.50,104.98,'C','2017-10-17 19:41:30.414287',45,1),(182,1508268343733454,'ALB-009','FIRME DE CONCRETO DE 8 CMS. DE ESPESOR ARMADO CON MALLA ELECTROSOLDADA 6-6/10-10 ACABADO ESCOBILLADO , FRAGUADO NORMAL PARA ESTRUCTURA, ARRIOSTRES Y ESTRUCTURA, ASI COMO PARA RESANE DE PISO DEMOLIDO. INCLUYE : MATERIALES Y SU ELEVACION,PROTECCION DEL AREA DONDE SE FABRICARA,COLOCACION VIBRADO, CURADO, ACARREO DE SOBRANTES A PIE DE CAMION, DESPERDICIOS, LIMPIEZA Y LO NECESARIO PARA SU CORRECTA EJECUCION. SI ES EN PIEDRAS INCLUYE VOLTEODOR DE 5 CM. PU.O.T. (CABALLERIZAS)','A',83.23,180.62,'C','2017-10-17 19:41:30.418168',46,2),(183,1508268343737938,'FIRM-100B-CA-01','FIRME DE CONCRETO  F\'C=100 KG/ CM2 DE 6 CMS  DE ESPESOR TEXTURA RUGOSA PARA RECIBIR ACABADO FINAL. REFORZADO CON MALLA ELECTROSOLDADA 6-6/10-10, INCLUYE: MATERIALES, MANO  DE  OBRA, COMPACTACIÓN, NIVELADO DE  LA SUPERFÍCIE,  CIMBRADO,   DESCIMBRADO, ACARREOS DENTRO  Y FUERA DE LA OBRA, HERRAMIENTA, EQUIPO, RETIRO DE MATERIAL SOBRANTE FUERA DE OBRA Y LIMPIEZA.  P.U.O.T. (BAÑADEROS)','A',118.52,143.66,'C','2017-10-17 19:41:30.422629',46,2),(184,1508268343741992,'ALB-011','CONSTRUCCIÓN DE CASTILLOS Y/O CADENAS DE 15X25 CMS. DE CONCRETO F´C=200KG/CM2., ARMADO CON 4 VS. DE 3/8\" Y ESTRIBOS DEL NO. 2 A CADA 15 CMS EN BARDA PERIMETRAL. INCLUYE: MATERIALES, MANO DE OBRA, EQUIPO, HERRAMIENTA, CHAFLANES, DESPERDICIOS, ACARREO DE SOBRANTES A PIE DE CAMION, LIMPIEZAS Y TODO LO NECESARIO PARA SU CORRECTA FABRICACION. (ACABADO APARENTE DE SER NECESARIO).','A',48.00,233.02,'C','2017-10-17 19:41:30.426702',46,3),(185,1508268343745831,'012-01','MURO DE BLOCK 12 X 20 X 40 CMS. EN 12 CMS. DE ESPESOR, ASENTADO CON MORTERO CEMENTO-ARENA PROP: 1:4, JUNTEADO DE 1.5 CMS, ACABADO COMUN EN AMBAS CARAS CON ESCALERILLA @ 3 HILADAS, CONSIDERANDO ANDAMIO DE CABALLETE PARA ALTURAS DE 1.50 A 3.00 MTS. INCLUYE: MATERIAL, HERRAMIENTA Y MANO DE OBRA. P.U.O.T.','A',150.00,207.56,'C','2017-10-17 19:41:30.430547',46,2),(186,1508268343749742,'AB-CA-EST-01','SUMINISTRO Y COLOCACION DE COLUMNA DE MADERA DE PINO DE PRIMERA CALIDAD, DE SECCION 0.30 X 0.30 Y 3.40 MTS. DE ALTURA. INLCUYE: ANCLAJE A DADO DE CIMENTACION CON PLACA DE ACERO DE 1/4\'\' DE ESPESOR, SEGUN DISEÑO ESTRUCTURAL,  TRATAMIENTO PARA MADERA A BASE DE PENTACLOROFENOL,  Y ACEITE DE LINAZA APLICADO CON BROCHA A DOS MANOS, MATERIAL, MANO DE OBRA, HERRAMIENTA, EQUIPO DE PROTECCIÓN CONTRA GASES TÓXICOS Y TODO LO NECESARIO PARA SU EJECUCIÓN. P.U.O.T.','A',4.00,7418.90,'C','2017-10-17 19:41:30.434458',46,4),(187,1508268343753953,'AB-CA-VIG-01','SUMINISTRO Y COLOCACION DE VIGA DE MADERA DE PINO DE PRIMERA CALIDAD, DE SECCION 0.10 X 0.20 X 6.00 MTS. @ 0.60 MTS. INCLUYE: ANCLAJE A TRABE CON CLAVO DE ACERO DE 4\'\', TRATAMIENTO PARA MADERA A BASE DE PENTACLOROFENOL,  Y ACEITE DE LINAZA APLICADO CON BROCHA A DOS MANOS, MATERIAL, MANO DE OBRA, HERRAMIENTA, EQUIPO DE PROTECCIÓN CONTRA GASES TÓXICOS Y TODO LO NECESARIO PARA SU EJECUCIÓN. P.U.O.T.','A',66.00,1776.52,'C','2017-10-17 19:41:30.438668',46,4),(188,1508268343758846,'PISO-PL01','PISO A BASE DE PIEDRA LAJA DE  1 A 4 CMS. DE ESPESOR  ASENTADO CON MORTERO DE CEMENTO ARENA CERNIDA 1:4 DE 3 CMS. DE ESPESOR PROMEDIO PARA NIVELAR, RELLENO EN JUNTAS DE 1 CMS.  COLOR ROJO ÓXIDO, INCLUYE: SUMINISTRO DE MATERIALES, CORTES, JUNTAS, ACARREOS, ELABORACIÓN DE MORTERO Y COLOCACIÓN. P.U.O.T. (BAÑADEROS)','A',106.00,393.40,'C','2017-10-17 19:41:30.443554',47,2),(189,1508268343763323,'ISC-0172','RECUBRIMIENTO DE PIEDRA LAJA EN MURO, ASENTADA CON MORTERO CEMENTO-ARENA 1:4, JUNTEADO COLOR SIMILAR A PIEDRA, CONSIDERANDO, CORTES, DESPERDICIOS Y LIMPIEZA DE LA SUPERFICIE. INCLUYE: SUMINISTRO DE MATERIAL, HERRAMIENTA Y MANO DE OBRA U.C.T.T.','A',40.00,285.19,'C','2017-10-17 19:41:30.447925',47,2),(190,1508268343767801,'068-51','ZOCLO DE 10X20 CM  MARCA  INTERCERAMIC, MODELO A ESCOGER ASENTADO CON  MORTERO CEMENTO1:4, LECHADO CON MEZCLA DE CEMENTO BLANCO-AGUA. CONSIDERANDO. RECORTE Y DESPERDICIO. INCLUYE:MATERIAL, HERRAMIENTA Y MANO DE OBRA. P.U.O.T.','A',38.00,38.10,'C','2017-10-17 19:41:30.452508',47,3),(191,1508268343771710,'AB-CA-CU-01','TRIPLAY DE 21MM. DE ESPESOR INCLUYE: TRATAMIENTO PARA MADERA A BASE DE PENTACLOROFENOL,  Y ACEITE DE LINAZA APLICADO CON BROCHA A DOS MANOS, MATERIAL, MANO DE OBRA, HERRAMIENTA, EQUIPO DE PROTECCIÓN CONTRA GASES TÓXICOS Y TODO LO NECESARIO PARA SU EJECUCIÓN. P.U.O.T.','A',300.00,350.22,'C','2017-10-17 19:41:30.456410',48,2),(192,1508268343775573,'024-16B','IMPERMEABILIZANTE AL-KOAT TIPO PA-40T SBS  DE 4.0 MM DE ESPESOR, ACABADO FINAL CON GRAVILLA CERAMICA COLOR TERRACOTA, CON APLICACION PREVIA DE PRIMARIA AL-KOAT BASE AGUA, COLOCADA LA MEMBRANA CON SOPLETE DE GAS, TRASLAPES DE 10 CM INC: LIMPIEZA PREVIA DE LA SUPERFICIE Y POSTERIOR A LA APLICACION (BARRIDO), MATERIAL, HERRAMIENTA Y MANO DE OBRA ( 5 AÑOS DE GARANTIA) P.U.O.T.','A',0.00,193.16,'C','2017-10-17 19:41:30.460285',48,2),(193,1508268343779426,'GCAISC-0045-CA-01','SUMINISTRO Y COLOCACION DE TEJA DE BARRO COLOR NATURAL DE 30X15X1.4 CM EN CUBIERTA INCLINADA. INCLUYE: CARGO DIRECTO POR EL COSTO DE LOS MATERIALES Y MANO DE OBRA QUE INTERVENGAN, FLETE A OBRA, DESPERDICIO, ACARREO HASTA EL LUGAR DE SU UTILIZACION, COLOCACION, ELEMENTOS DE FIJACION,  DESPERDICIOS , ELEVACIONES, LIMPIEZA Y RETIRO DE SOBRANTES FUERA DE OBRA, EQUIPO DE SEGURIDAD, INSTALACIONES ESPECIFICAS, DEPRECIACION Y DEMAS CARGOS DERIVADOS DEL USO DE HERRAMIENTA Y EQUIPO, EN CUALQUIER NIVEL. P.U.O.T.','A',300.00,308.19,'C','2017-10-17 19:41:30.464137',48,2),(194,1508268343783549,'AB-CA-CA-01','SUMINISTRO Y COLOCACION DE PUERTA DE MADERA DE PINO DE 3RA. TIPO CORREDIZA, DE DOS HOJAS CON VENTILA EXTERIOR PARA CABALLERIZA. CON DIMENSIONES DE 1.50 X 2.15 MTS. FABRICADA CON TABLA DE PINO DE 1\'\' A 1 1/2\'\' DE ESPESOR, Y HERRAJES SEGÚN DISEÑO. INCLUYE: COLOCACION, JUEGO DE BISAGRAS, RIELES Y CERROJOS, MATERIALES, MANO DE OBRA, HERRAMIENTA Y EQUIPO, P.U.O.T.','A',6.00,3550.28,'C','2017-10-17 19:41:30.468239',49,4),(195,1508268343787627,'INS-004','SALIDA SANITARIA, A UNA DISTANCIA PROMEDIO A 6.0 M, INCLUYE TUBERÍA DE 2,3 Y 4 SEGÚN REQUIERA, CODOS COPLES, TEES, MATERIAL DE CONSUMO, EXCAVACIONES, RELLENOS,INTERCONEXIONES,DERIVACIONES,DEMOLICIONES Y CONEXIONES A INSTALACIONES EXISTENTES, MATERIAL MANO DE OBRA, HERRAMIENTA Y TODO LO NECESARIO PARA SU CORRECTO FUNCIONAMIENTO INCLUYE PRUEBAS.','A',4.00,510.89,'C','2017-10-17 19:41:30.472342',50,6),(196,1508268343791977,'INS-003','SALIDA HIDRÁULICA A UNA DISTANCIA NO MAYOR A 6.0 M, INCLUYE TUBERÍA DE COBRE TIPO M EN 13 Y 19 MM (SEGÚN REQUIERA), CODOS, COPLES, TEES, YEES, MATERIAL DE CONSUMO, PRUEBAS, EXCAVACIONES, RELLENOS, INTERCONEXIONES, DERIVACIONES. DEMOLICIONES Y CONEXIONES A INSTALACIONES EXISTENTES, MANO DE OBRA, HERRAMIENTAS Y TODO LO NECESARIO PARA SU CORRECTA EJECUCIÓN.','A',2.00,822.89,'C','2017-10-17 19:41:30.476684',50,6),(197,1508268343796470,'094-067','TUBERIA DE CONCRETO SIMPLE DE 30 CM DE DIAMETRO,JUNTA HERMETICA PARA DRENAJE SANITARIO, INCLUYE: SUMINISTRO DE LA TUBERIA PUESTA EN EL LUGAR DE LOS TRABAJOS, MANIOBRAS Y BAJADO DE LOS TUBOS A LA ZANJA, COLOCACION,  JUNTEO Y NIVELADO, EQUIPO Y HERRAMIENTA, P.U.O.T.','A',30.00,155.48,'C','2017-10-17 19:41:30.481122',50,3),(198,1508268343800598,'IHE-CON23','REGISTRO DE 40X60X100 CMS (DESDE 0.80 HASTA 1.50 MTS DE PROFUNDIDAD) DE TABIQUE ROJO RECOCIDO 6 X 12 X 24 CMS., JUNTEADO CON MEZCLA CEMENTO ARENA 1:5 ACABADO PULIDO EN EL INTERIOR,SOBRE BASE DE PLANTILLA DE CONCRETO DE 5 CM Y CADENA DE SECCIÓN 10 X 12 CM  DE CONCRETO 100 KG/CM2 AGREGADO DE 20 MM, CEMENTO NORMAL, INCLUYE: MARCO Y CONTRAMARCO DE ANGULO DE FIERRO DE  1 1/4\" X  ESPESOR DE 1/8\",TAPA DE CONCRETO 100 KG/CM2 AGREGADO DE 20 MM, CEMENTO NORMAL ESPESOR DE LA TAPA 5 CM ,EXCAVACIÓN, MATERIALES, MANO DE OBRA, EQUIPO Y HERRAMIENTA.','A',3.00,1182.20,'C','2017-10-17 19:41:30.485278',50,4),(199,1508268343804398,'048-01','CENTRO DE CARGA QO2 O SIMILAR SQUARE\'D CON TAQUETES Y TORNILLOS. INCLUYE: MATERIAL, HERRAMIENTA Y MANO DE OBRA. P.U.O.T.','A',1.00,319.32,'C','2017-10-17 19:41:30.489113',51,4),(200,1508268343809452,'049-01','INTERRUPTOR TERMOMAGNETICO DE 1 POLO 15-50 AMP., INCLUYE: MATERIAL, MANO DE OBRA Y HERRAMIENTA U.C.T.T.','A',2.00,120.86,'C','2017-10-17 19:41:30.494159',51,4),(201,1508268343813265,'049-02','INTERRUPTOR DE CUCHILLAS 2X30 AMPERS. CONSIDERANDO PRUEBAS , FUSIBLES, TAQUETES, PIJAS. INCLUYE: MATERIAL, HERRAMIENTA Y MANO DE OBRA. U.C.T.T.','A',1.00,252.68,'C','2017-10-17 19:41:30.497980',51,4),(202,1508268343817140,'ISC-051','SALIDA ELÉCTRICA PARA CONTACTO Y/O LAMPARA CON UN DESARROLLO MÁXIMO DE 5.00 MTS. EL PRECIO INCLUYE: CABLE THW CAL. 12, CABLE DESNUDO CAL 14, TUBO CONDUIT PARED GRUESA 3/4\", CHALUPA,  MANO DE OBRA Y TODOS LOS MATERIALES PARA LA CORRECTA EJECUCIÓN DEL P.U.O.T.','A',15.00,401.75,'C','2017-10-17 19:41:30.501855',51,6),(203,1508268343821097,'5000006','SALIDA PARA APAGADOR SENCILLO, INCLUYE: POLIDUCTO DE 13  MM., CABLEADO, CHALUPA, TAPA, PLACA ENTUBADO, CABLEADO,  CANALETA, APAGADOR, CONEXION,  MATERIAL, MANO DE OBRA, HERRAMIENTA,  E- QUIPO Y TODO LO NECESARIO PARA SU EJECUCION. P.U.O.T.','A',3.00,455.00,'C','2017-10-17 19:41:30.505814',51,6),(204,1508268343825251,'3.1.B1','TRAZO Y NIVELACION  DE TERRENO CON EQUIPO TOPOGRAFICO ESTABLECIENDO EJES DE REFERENCIA Y BANCOS DE NIVEL, INCLUYE: MATERIALES, MANO DE OBRA, EQUIPO Y HERRAMIENTA P.U.O.T.','A',846.74,3.55,'C','2017-10-17 19:41:30.509965',53,2),(205,1508268343829684,'PRE-020B','DESPALME POR MEDIOS MECANICOS HASTA 10 CM EN MATERIAL I TODAS LAS ZONAS PARA QUITAR CAPA DE TIERRA VEGETAL, INCLUYE: DESENRAICE, MANO DE OBRA, HERRAMIENTA, EQUIPO, ACARREO DENTRO HASTA 20 MTS DE DISTANCIA.','A',846.74,1.84,'C','2017-10-17 19:41:30.514371',53,2),(206,1508268343833945,'093-39','EXCAVACION A MANO EN CEPA EN MATERIAL TIPO \"A\" Y/O \"B\" EN SECO PARA DESCARGAS PLUVIALES DE 0.00 A 2.00 M DE PROFUNDIDAD Y ANCHO DE 0.60 MTS, INCLUYE: AFINE DE FONDO, PLANTILLA DE ARENA DE 5 CMS. DE ESPESOR TUBO DE CONCRETO SIMPLE DE 20 CMS. DE DIAMETRO, JUNTEADO CON MORTERO CEMENTO-ARENA DE PROP 1:3, RELLENO CON MATERIAL PRODUCTO DE EXCAVACION, Y COMPACTACION EN CAPAS DE 20 CMS. DE ESPESOR CON PIZON DE MANO Y/O BAILARINA  MECANICA, MANO DE OBRA, MATERIALES, EQUIPO Y HERRAMIETA. P.U.O.T.','A',110.40,212.41,'C','2017-10-17 19:41:30.518656',54,3),(207,1508268343838079,'093-05B','BASE CON MATERIAL DE BANCO, CON UN ESPESOR DE 20 CMS. Y COMPACTADA AL 95% DE SU P.V.S.M., INCLUYE: SUMINISTRO Y ACARREO DEL MATERIAL PUESTO EN LA OBRA, ACAMELLONADO, INCORPORACIÓN DE AGUA Y SU ACARREO, MEZCLADO, TENDIDO, AFINE Y COMPACTACIÓN, MANO DE OBRA, EQUIPO Y HERRAMIENTA. P.U.O.T.','A',268.45,220.10,'C','2017-10-17 19:41:30.522793',54,1),(208,1508268343842010,'094-23','RIEGO DE IMPREGNACION A BASE DE EMULSION RL-2K, A RAZON DE 1.50 LTS/M2, INCLUYE: SUMINISTRO DE LA EMULSION, ACARREO Y APLICACION, MANO DE OBRA, EQUIPO Y HERRAMIENTA. P.U.O.T.','A',268.45,23.39,'C','2017-10-17 19:41:30.526723',54,2),(209,1508268343845806,'067-09C-CT-01','PISO O FIRME DE CONCRETO HECHO EN OBRA DE 15 CM DE ESPESOR, F`C= 150 KG/CM2  AGREGADO MAXIMO 19 MM. ARMADO CON MALLA ELECTROSOLDADA 6-6/10-10 ACABADO PULIDO. INCLUYE: MATERIAL, MANO DE OBRA, HERRAMIENTA Y TODO LO NECESARIO PARA SU CORRECTA REALIZACION.','A',680.75,315.55,'C','2017-10-17 19:41:30.530520',55,2),(210,1508268343849659,'QTZISC-002','CORTE DE ASFALTO DE 5 CM DE ESPESOR MEDIANTE CORTADORA DE DISCO DE DIAMANTE, INCLUYE: MANO DE OBRA, EQUIPO Y HERRAMIENTA. P.U.O.T.','A',387.60,4.31,'C','2017-10-17 19:41:30.534374',55,3),(211,1508268343854656,'084-30(CAMBIA)','PINTURA EPÓXICA APLICADA CON BROCHA EN CANCHA DE TENIS, CONSIDERANDO  PREPARACION DE LA SUPERFICIE, INCLUYE: MATERIAL, MANO DE OBRA, EQUIPO, HERRAMIENTA. P.U.O.T.','A',268.45,87.05,'C','2017-10-17 19:41:30.539342',56,2),(212,1508268343858914,'AB-CT-AC-01','RED DE TENIS DE NYLON  HAR TRU REVOLUTION NET INCLUYE: SUMINISTRO, COLOCACIÓN, MANO DE OBRA, HERRAMIENTA Y TODO LO NECESARIO PARA SU COLOCACIÓN P.U.O.T.','A',1.00,5563.90,'C','2017-10-17 19:41:30.543618',56,4),(213,1508268343862706,'AB-CT-AC-02','POSTES PARA TENIS MECÁNICOS INTERNOS COURTMAS ROYALE ','A',1.00,7842.30,'C','2017-10-17 19:41:30.547420',56,5),(214,1508268343866608,'AB-CT-AC-03','SUPERFICIE DE RECUBRIMIENTO ACRÍLICO PLEXIPAVE PARA CANCHA DE TENIS  INCLUYE: SUMINISTRO, COLOCACIÓN, MANO DE OBRA, HERRAMIENTA Y TODO LO NECESARIO PARA SU COLOCACIÓN P.U.O.T. ','A',268.45,580.33,'C','2017-10-17 19:41:30.551322',56,2),(215,1508268343870558,'094-83','REJILLA TRANSVERSAL CON MARCO Y CONTRAMARCO DE 3.80 X .80 M A BASE DE ANGULO DE 3\" X 3\" X 1/4\"  DE ESPESOR Y VIGAS IPS DE 3\" SOLDADAS AL MARCO A 45º @ 4 CMS. DE SEPARACION Y ANCLAS DE SOLERA DE 1\" X 1/4\" DE ESP. Y 7 CM DE LONGITUD EN ESQUINAS DE CONTRAMARCO. INCLUYE: CONSTRUCCION DE CAJA DE CAPTACION DE CONCRETO ARMADO DE F\'C=200 KG/CM2 DE 4 X 1 Y ALTURAS DE 4.5 M AL INICIO Y 1.15 M A LOS 3.10 M Y FINAL, CON MUROS Y LOSA DE FONDO DE 20 CM DE ESPESOR DOBLEMENTE ARMADO CON VARILLAS DEL #3 @ 20 CM EN AMBOS SENTIDOS, PLANTILLA DE CONCRETO SIMPLE DE F\'C=100 KG/CM2 DE 5 CM DE ESPESOR, CIMBRADO Y DESCIMBRADO Y TERMINADO DEL AREA COLADA, COLOCACION DE 3.0 M PROMEDIO DE TUBERIA DE CONCRETO SIMPLE DE 30 CM DE DIAMETRO JUNTEADO CON MORTERO CEMENTO-ARENA: ARENA PARA CONEXION DE POZO DE VISTA EXISTENTE, TRAZO, EXCAVACION A MANO CON RETIRO DEL MATERIAL PRODUCTO DE LA EXCAVACION A TIRO LIBRE, RELLENO COMPACTADO CON MATERIAL DE BANCO (TEPETATE) Y TODO LO NECESARIO PARA SU CORRECTA EJECUCCION P.U.O.T.','A',29.00,16825.42,'C','2017-10-17 19:41:30.555274',57,4),(216,1508268343875233,'ISC-035-IE-01','SUMINISTRO E INSTALACION DE LAMPARA SOBRE POSTE DE 6 MTS. DE ALTURA, PARA CANCHA, INCLUYE: POSTE ASTRIADO DE 6.00 MTS. DE ALTURA, BASE CAMISA DE 1.03 MTS. DE ALTURA Y LUMINARIO CON BALASTRO DE ADITIVOS METALICOS DE 250 W 220V. MARCA Y MODELO POR DEFINIR. INCLUYE:  INSTALACION COMPLETA, MATERIALES, MANO DE OBRA, HERRAMIENTA. (CANCHA).','A',12.00,4444.69,'C','2017-10-17 19:41:30.559934',59,4),(217,1508268343879414,'ISC-035-IE-02','SUMINISTRO E INSTALACION DE LAMPARA SOBRE POSTE DE 4 MTS. DE ALTURA, PARA CANCHA, INCLUYE: POSTE ASTRIADO DE 3.00 MTS. DE ALTURA, BASE CAMISA DE 1.03 MTS. DE ALTURA Y LUMINARIO CON BALASTRO DE ADITIVOS METALICOS DE 250 W 220V. MARCA Y MODELO POR DEFINIR. INCLUYE:  INSTALACION COMPLETA, MATERIALES, MANO DE OBRA, HERRAMIENTA. (CANCHA).','A',7.00,3552.19,'C','2017-10-17 19:41:30.564129',59,4),(218,1508268343883501,'ISC-0192-IE-01','REFLECTOR SUMERGIBLE PARA ALBERCA DE BAJO VOLTAJE, ACABADO INOXIDABLE, MARCA Y MODELO POR DEFINIR, INCLUYE, INSTALACION, MANO DE OBRA, EQUIPO Y HERRAMIENTA. (ALBERCA).','A',17.00,432.00,'C','2017-10-17 19:41:30.568216',59,4),(219,1508268343888136,'ARCISC-0080-IE-01','SUMINISTRO E INSTALACION DE REFLECTOR PARA INTEMPERIE CON FOCO ECONOMIZADOR DE 60 w TORNILLOS , ASI COMO ANDAMIO DE CABALLETE. MARCA Y MODELO POR DEFINIR. INCLUYE: MATERIAL, MANO DE OBRA Y HERRAMIENTA. P.U.O.T. (CASA).','A',7.00,387.06,'C','2017-10-17 19:41:30.572828',59,4),(220,1508268343892188,'ARB-001-IE-01','LAMPARA DE TIPO ARBOTANTE,  MARCA Y MODELO POR DEFINIR. INCLUYE: LAMPARA DE EXTERIOR, FOCO AHORRADOR DE ENERGIA, CABLE THW DEL NO. 12 MATERIALES PUESTOS EN EL SITIO DE LOS TRABAJOS, MANO DE OBRA, HERRAMIENTA, EQUIPO, PRUEBAS Y TODO LO NECESARIO PARA SU CORRECTA INSTALACION. (MUROS).','A',6.00,760.34,'C','2017-10-17 19:41:30.576895',59,4),(221,1508268343895992,'048-01F','CENTRO DE CARGA QO24 O SIMILAR SQUARE\'D CON TAQUETES Y TORNILLOS. INCLUYE: MATERIAL, HERRAMIENTA Y MANO DE OBRA. P.U.O.T.','A',1.00,4623.45,'C','2017-10-17 19:41:30.580703',59,4),(222,1508268343899990,'049-01','INTERRUPTOR TERMOMAGNETICO DE 1 POLO 15-50 AMP., INCLUYE: MATERIAL, MANO DE OBRA Y HERRAMIENTA U.C.T.T.','A',1.00,120.86,'C','2017-10-17 19:41:30.584628',59,4),(223,1508268343904443,'049-02','INTERRUPTOR DE CUCHILLAS 2X30 AMPERS. CONSIDERANDO PRUEBAS , FUSIBLES, TAQUETES, PIJAS. INCLUYE: MATERIAL, HERRAMIENTA Y MANO DE OBRA. U.C.T.T.','A',1.00,252.68,'C','2017-10-17 19:41:30.589153',59,4),(224,1508268343908954,'ARB-001-IE-02','LAMPARA DE TIPO ARBOTANTE,  MARCA Y MODELO POR DEFINIR. INCLUYE: LAMPARA DE EXTERIOR, FOCO AHORRADOR DE ENERGIA, CABLE THW DEL NO. 12 MATERIALES PUESTOS EN EL SITIO DE LOS TRABAJOS, MANO DE OBRA, HERRAMIENTA, EQUIPO, PRUEBAS Y TODO LO NECESARIO PARA SU CORRECTA INSTALACION. (GARAGE Y MOTOR LOBBY).','A',6.00,760.34,'C','2017-10-17 19:41:30.593659',59,4),(225,1508268343913460,'LUM-SL43-IE-01','LUMINARIO  DE EMPOTRAR EN PISO, MARCA Y MODELO POR DEFINIR. INCLUYE, REALIZACIÓN DE SALIDA ELÉCTRICA PARA ENERGIZAR LUMINARIA EMPOTRADA EN PISO, SUMINISTRO E INSTALACIÓN DE TUBO DE PVC SERVICIO PESADO EMPOTRANDO EN PISO ESCAVANDO RANURAS DE HASTA UNA PROFUNDIDAD DE 30 CMS, REALIZANDO RETIRO Y RECOLOCACIÓN O RESTITUCIÓN DE PISOS, CABLEADO ELÉCTRICO THW-LS DE BAJA EMISIÓN DE HUMOS, CONEXIONES ELÉCTRICAS, PRUEBAS DE CONTINUIDAD, INTERRUPTOR TERMOMÁGNETICO EN TABLERO DE DISTRIBUCIÓN ELÉCTRICA PROPORCIONAL AL CIRCUITO CORRESPONDIENTE, NIVELACIÓN, ACARREOS, LIMPIEZA, RETIRO DE MATERIAL SOBRANTE Y  TODO LO NECESARIO PARA SU CORRECTA INSTALACIÓN. (PERGOLA).','A',24.00,445.36,'C','2017-10-17 19:41:30.598129',59,4),(226,1508268343917648,'IE-CON03-IE-01','LUMINARIA COLGANTE DE ALUMINIO CON REFLECTOR INTERNO DE ALUMINIO CON PANTALLA INFERIOR REFRACTOR DE VIDRIO DE BOROSILICATO, DISPONIBLE EN CURVA III Y V ALTURA 30\" ANCHO 17\" MARCA Y MODELO POR DEFINIR, INCLUYE: COLOCACIÓN, SUMINISTRO, EQUIPO, HERRAMIENTA Y MANO DE OBRA. P.U.O.T. (CABALLERIZAS).','A',2.00,4908.75,'C','2017-10-17 19:41:30.602358',59,4),(227,1508268343921487,'ISC-0192-IE-02','REFLECTOR SUMERGIBLE PARA ALBERCA DE BAJO VOLTAJE, ACABADO INOXIDABLE, MARCA Y MODELO POR DEFINIR, INCLUYE, INSTALACION, MANO DE OBRA, EQUIPO Y HERRAMIENTA.  (CHORRO DE AGUA).','A',1.00,432.00,'C','2017-10-17 19:41:30.606201',59,4),(228,1508268343925797,'ISC-0194-IE-01','LAMPARA COLGANTE, MARCA Y MODELO POR DEFINIR. INCLUYE: LAMPARA DE EXTERIOR, FOCO AHORRADOR DE ENERGIA, CABLE THW DEL NO. 12 MATERIALES PUESTOS EN EL SITIO DE LOS TRABAJOS, MANO DE OBRA, HERRAMIENTA, EQUIPO, PRUEBAS Y TODO LO NECESARIO PARA SU CORRECTA INSTALACION. (ACCESO).','A',1.00,1691.59,'C','2017-10-17 19:41:30.610490',59,4),(229,1508268343929869,'059-03B','REGISTRO ELECTRICO DE 30 X 30 X 40 CMS. DE PROFUNDIDAD, CON MURO DE TABIQUE COMUN DE 5.5 X 12.5 X 25 CMS., ESPESOR DE MURO DE 12 CMS, JUNTEADO CON MORTERO CEMENTO-ARENA PROP: 1:4, APLANADO PULIDO INTERIOR Y TAPA DE CONCRETO  DE F`C=150 KG/CM2 T.M.A.3/4, TAPA DE 60X 60 CM Y MARCO DE 60 X 60 CMS. CON ANGULO 1/2\" CONSIDERANDO DREN CON TUBO DE PCV Y FONDO DE MATERIAL PETREO. INCLUYE:MATERIAL, HERRAMIENTA Y MANO DE OBRA. P.U.O.T.','A',1.00,891.03,'C','2017-10-17 19:41:30.614581',59,4),(230,1508268343933720,'ELE-003','CANALIZACIÓN SUBTERRÁNEA Y CABLEADO PARA INSTALACIÓN ELECTRICA CON POLIDUCTO ELÉCTRICO DE 2\" CABLE CALIBRE 6 THW, MARCA CONDUMEX ANTILLAMAS. INCLUYE: MATERIALES, HERRAMIENTA, EQUIPO, MANO DE OBRA Y TODO LO NECESARIO PARA SU CORRECTA EJECUCIÓN. P.U.O.T.','A',1.00,126.72,'C','2017-10-17 19:41:30.618435',59,3),(231,1508268343937543,'ISC-0192-IE-03','REFLECTOR SUMERGIBLE PARA ALBERCA DE BAJO VOLTAJE, ACABADO INOXIDABLE, MARCA Y MODELO POR DEFINIR, INCLUYE, INSTALACION, MANO DE OBRA, EQUIPO Y HERRAMIENTA.  (FUENTE DE PARED).','A',1.00,432.00,'C','2017-10-17 19:41:30.622259',59,4),(232,1508268343941895,'AB-IE-IE-01','LUMINARIO ORNAMENTAL EN ALUMINIO INYECTADO, MARCA CONSTRULITA, MODELO CUBIC. INCLUYE: LAMPARA TIPO LED DE 19W, DIFUSOR DE ACRILICO OPALINO,  CABLE THW DEL NO. 12, MATERIALES PUESTOS EN EL SITIO DE LOS TRABAJOS, MANO DE OBRA, HERRAMIENTA, EQUIPO, PRUEBAS Y TODO LO NECESARIO PARA SU CORRECTA INSTALACION. (GUARNICIONES).','A',15.00,9467.39,'C','2017-10-17 19:41:30.626599',59,4),(233,1508268343946598,'B-001','LIMPIA DE TERRENO PARA TRAZO DE EDIFICIOS, INCLUYE DESPALME, ACARREO DE ESCOMBRO FUERA DE LA OBRA CON CARGA A MANO. (U.C.T.T.)','A',75.12,7.31,'C','2017-10-17 19:41:30.631255',61,2),(234,1508268343951116,'3.1.B1','TRAZO Y NIVELACION  DE TERRENO CON EQUIPO TOPOGRAFICO ESTABLECIENDO EJES DE REFERENCIA Y BANCOS DE NIVEL, INCLUYE: MATERIALES, MANO DE OBRA, EQUIPO Y HERRAMIENTA P.U.O.T.','A',75.12,3.55,'C','2017-10-17 19:41:30.635817',61,2),(235,1508268343955032,'001-23','EXCAVACION A MANO EN CEPA HASTA 2.00 MTS. DE PROF. EN CUALQUIER TIPO DE MATERIAL; INCLUYE: AFINE DE TALUDES  Y FONDO,  INCLUIR ACARREOS DE MATERIAL SOBRANTE FUERA DE LA OBRA, INCLUYE: MANO DE OBRA, EQUIPO, HERRAMIENTA.  P.U.O.T.','A',11.05,194.96,'C','2017-10-17 19:41:30.639742',62,1),(236,1508268343959469,'BP-003','PLANTILLA DE CONCRETO HIDRAULICO SIMPLE DE 5 CMS. DE ESPESOR HECHO EN OBRA F\'C=100 KG/CM2 RESINTENCIA NORMAL, TAMAÑO MAXIMO AGREGADO DE 3/4\", INCLUYE: MATERIALES, HERRAMIENTAS, EQUIPO DE SEGURIDAD, MANO DE OBRA Y EQUIPO MENOR.','A',24.55,89.15,'C','2017-10-17 19:41:30.644169',62,2),(237,1508268343963364,'006-01B','RELLENO COMPACTADO CON PIZON DE MANO EN CAPAS DE 20 CM UTILIZANDO MATERIAL PRODUCTO DE LA EXCAVACION, CONSIDERANDO EL ACARREO DE MATERIAL EN CARRETILLA AL AREA DE TRABAJO. INCLUYE: AGUA, HERRAMIENTA, ACARREO Y MANO DE OBRA. P.U.O.T.','A',5.80,104.98,'C','2017-10-17 19:41:30.648075',62,1),(238,1508268343967649,'012-07','MURO DE PIEDRA BRAZA DE 30 A 40 CMS. DE ESPESOR ASENTADO CON MORTERO DE CEMENTO-ARENA 1:5 ACABADO COMUN. CONSIDERANDO ANDAMIO DE CABALLETE PARA ALTURAS DE 1.50 A 3.00 MTS. DE ALTURA. INCLUYE: MATERIAL, MANO DE OBRA, EQUIPO, ACARREOS Y  HERRAMIENTA. P.U.O.T.','A',9.14,1162.54,'C','2017-10-17 19:41:30.652355',62,1),(239,1508268343971478,'ALB-009','FIRME DE CONCRETO DE 8 CMS. DE ESPESOR ARMADO CON MALLA ELECTROSOLDADA 6-6/10-10 ACABADO ESCOBILLADO , FRAGUADO NORMAL PARA ESTRUCTURA, ARRIOSTRES Y ESTRUCTURA, ASI COMO PARA RESANE DE PISO DEMOLIDO. INCLUYE : MATERIALES Y SU ELEVACION,PROTECCION DEL AREA DONDE SE FABRICARA,COLOCACION VIBRADO, CURADO, ACARREO DE SOBRANTES A PIE DE CAMION, DESPERDICIOS, LIMPIEZA Y LO NECESARIO PARA SU CORRECTA EJECUCION. SI ES EN PIEDRAS INCLUYE VOLTEODOR DE 5 CM. PU.O.T. (CABALLERIZAS)','A',26.01,180.62,'C','2017-10-17 19:41:30.656194',63,2),(240,1508268343975854,'095-48','RAMPA DE CONCRETO F\'C= 150 KG/CM2 T.M.A. 3/4\" DE 8 CMS. DE ESPESOR, ARMADO CON MALLA ELECTROSOLDADA 6-6/10-10, INCLUYE: NIVELACIÓN DE LA SUPERFICIE, COMPACTACIÓN, MATERIALES, MANO DE OBRA, CIMBRADO Y DESCIMBRADO EN FRONTERAS, VIBRADO, CURADO Y TODO LO NECESARIO PARA SU CORRECTA EJECUCIÓN. U.C.T.T.','A',12.36,619.98,'C','2017-10-17 19:41:30.660558',63,2),(241,1508268343979802,'PISO-PL01','PISO A BASE DE PIEDRA LAJA DE  1 A 4 CMS. DE ESPESOR  ASENTADO CON MORTERO DE CEMENTO ARENA CERNIDA 1:4 DE 3 CMS. DE ESPESOR PROMEDIO PARA NIVELAR, RELLENO EN JUNTAS DE 1 CMS.  COLOR ROJO ÓXIDO, INCLUYE: SUMINISTRO DE MATERIALES, CORTES, JUNTAS, ACARREOS, ELABORACIÓN DE MORTERO Y COLOCACIÓN. P.U.O.T. (BAÑADEROS)','A',26.01,393.40,'C','2017-10-17 19:41:30.664443',64,2),(242,1508268343984476,'3.1.B1','TRAZO Y NIVELACION  DE TERRENO CON EQUIPO TOPOGRAFICO ESTABLECIENDO EJES DE REFERENCIA Y BANCOS DE NIVEL, INCLUYE: MATERIALES, MANO DE OBRA, EQUIPO Y HERRAMIENTA P.U.O.T.','A',1976.94,3.55,'C','2017-10-17 19:41:30.669180',66,2),(243,1508268343988707,'B-001','LIMPIA DE TERRENO PARA TRAZO DE EDIFICIOS, INCLUYE DESPALME, ACARREO DE ESCOMBRO FUERA DE LA OBRA CON CARGA A MANO. (U.C.T.T.)','A',1248.07,7.31,'C','2017-10-17 19:41:30.673386',66,2),(244,1508268343992977,'ARCISC-0106-JA-01','PLANTA DE ORNATO HIBISCUS @50CM CON UNA ALTURA DE 60CM. EN ZONAS JARDINERAS, INCLUYE: SUMINISTRO DE MATERIALES, TIERRA NEGRA, HERRAMIENTA, MANO DE OBRA, PLANTADO, EQUIPO Y TODO LO NECESARIO PARA SU CORRECTA EJECUCIÓN. COLOCACIÓN.P.U.O.T.','A',62.00,74.50,'C','2017-10-17 19:41:30.677681',68,4),(245,1508268343996993,'ARCISC-0106-JA-02','PLANTA DE ORNATO LLAMANDA ALLAMANDA CATHARTICA @65CM. CON UNA ALTURA DE 30 A50CM. EN ZONAS JARDINERAS, INCLUYE: SUMINISTRO DE MATERIALES, TIERRA NEGRA, HERRAMIENTA, MANO DE OBRA, PLANTADO, EQUIPO Y TODO LO NECESARIO PARA SU CORRECTA EJECUCIÓN. COLOCACIÓN.P.U.O.T','A',22.00,69.50,'C','2017-10-17 19:41:30.681695',68,4),(246,1508268344000982,'ARCISC-0106-JA-03','PLANTA DE ORNATO LLAMANDA DURANTA GOLDEN EN ZONAS JARDINERAS, INCLUYE: SUMINISTRO DE MATERIALES, TIERRA NEGRA, HERRAMIENTA, MANO DE OBRA, PLANTADO, EQUIPO Y TODO LO NECESARIO PARA SU CORRECTA EJECUCIÓN. COLOCACIÓN.P.U.O.T','A',180.00,39.50,'C','2017-10-17 19:41:30.685693',68,4),(247,1508268344005900,'ARCISC-0105-JA-01','SUMINISTRO Y PLANTADO DE  COCOS NUCIFERA CON UNA ALTURA DE 5M. INCLUYE: SUMINISTRO DE MATERIALES, MANO DE OBRA, EXCAVACIÓN DE CEPAS, RELLENO DE LA MISMA CON TIERRA VEGETAL, SIEMBRA, RIEGO DURANTE UN PERIODO MINIMO DE 20 DIAS PARA GARANTIZAR SU CORRECTO SEMBRADO, ABONO DE ARBOL, MATERIALES, MANO DE OBRA, HERRAMIENTA, EQUIPO Y TODO LO NECESARIO PARA SU CORRECTA EJECUCIÓN. P.U.O.T.','A',2.00,3548.67,'C','2017-10-17 19:41:30.690578',68,4),(248,1508268344010930,'ARCISC-0106-JA-04','PLANTA DE ORNATO LLAMANDA RAVENALA MADAGASCARIENSIS EN ZONAS JARDINERAS, INCLUYE: SUMINISTRO DE MATERIALES, TIERRA NEGRA, HERRAMIENTA, MANO DE OBRA, PLANTADO, EQUIPO Y TODO LO NECESARIO PARA SU CORRECTA EJECUCIÓN. COLOCACIÓN.P.U.O.T','A',2.00,1575.28,'C','2017-10-17 19:41:30.695624',68,4),(249,1508268344015120,'ARCISC-0106-JA-05','PLANTA DE ORNATO LLAMANDA TRANDESCANTIA PALLIDA EN ZONAS JARDINERAS, INCLUYE: SUMINISTRO DE MATERIALES, TIERRA NEGRA, HERRAMIENTA, MANO DE OBRA, PLANTADO, EQUIPO Y TODO LO NECESARIO PARA SU CORRECTA EJECUCIÓN. COLOCACIÓN.P.U.O.T','A',570.00,46.50,'C','2017-10-17 19:41:30.699824',68,4),(250,1508268344019434,'ARCISC-0106-JA-06','PLANTA DE ORNATO LLAMANDA CODIAEUM VARIEGATUM EN ZONAS JARDINERAS, INCLUYE: SUMINISTRO DE MATERIALES, TIERRA NEGRA, HERRAMIENTA, MANO DE OBRA, PLANTADO, EQUIPO Y TODO LO NECESARIO PARA SU CORRECTA EJECUCIÓN. COLOCACIÓN.P.U.O.T','A',21.00,174.50,'C','2017-10-17 19:41:30.704078',68,4),(251,1508268344024193,'ARCISC-0106-JA-07','PLANTA DE ORNATO LLAMANDA LANTANA CAMARA EN ZONAS JARDINERAS, INCLUYE: SUMINISTRO DE MATERIALES, TIERRA NEGRA, HERRAMIENTA, MANO DE OBRA, PLANTADO, EQUIPO Y TODO LO NECESARIO PARA SU CORRECTA EJECUCIÓN. COLOCACIÓN.P.U.O.T','A',18.00,54.50,'C','2017-10-17 19:41:30.708887',68,4),(252,1508268344028419,'ARCISC-0106-JA-08','PLANTA DE ORNATO LLAMANDA ALOCASIA MACRORRHIZA EN ZONAS JARDINERAS, INCLUYE: SUMINISTRO DE MATERIALES, TIERRA NEGRA, HERRAMIENTA, MANO DE OBRA, PLANTADO, EQUIPO Y TODO LO NECESARIO PARA SU CORRECTA EJECUCIÓN. COLOCACIÓN.P.U.O.T','A',20.00,99.50,'C','2017-10-17 19:41:30.713082',68,4),(253,1508268344032592,'087-06B','ARBOL DE JACARANDA MIMOSIFOLIA, DE ALTURA MINIMA DE 1.80 M, INCLUYE: TIERRA VEGETAL, SIEMBRA , ABONO, RIEGO DURANTE UN PERIODO MINIMO DE HASTA 20 DIAS PARA GARANTIZAR SU CORRECTO SEMBRADO, MATERIALES, MANO DE OBRA,EQUIPO, HERRAMIENTA,Y TODO LO NECESARIO PARA SU CORRECTA  EJECUCION, U.C.T.T.','A',1.00,174.50,'C','2017-10-17 19:41:30.717300',68,4),(254,1508268344037577,'ARCISC-0106-JA-09','PLANTA DE ORNATO LLAMANDA DURANTA REPENS. EN ZONAS JARDINERAS, INCLUYE: SUMINISTRO DE MATERIALES, TIERRA NEGRA, HERRAMIENTA, MANO DE OBRA, PLANTADO, EQUIPO Y TODO LO NECESARIO PARA SU CORRECTA EJECUCIÓN. COLOCACIÓN.P.U.O.T','A',57.00,39.50,'C','2017-10-17 19:41:30.722251',68,4),(255,1508268344041965,'ARCISC-0105-JA-02','SUMINISTRO Y PLANTADO DE BAMBUSA VULGARIS INCLUYE: SUMINISTRO DE MATERIALES, MANO DE OBRA, EXCAVACIÓN DE CEPAS DE .35X.35X.40 MTS, RELLENO DE LA MISMA CON TIERRA VEGETAL, SIEMBRA, RIEGO DURANTE UN PERIODO MINIMO DE 20 DIAS PARA GARANTIZAR SU CORRECTO SEMBRADO, ABONO DE ARBOL, MATERIALES, MANO DE OBRA, HERRAMIENTA, EQUIPO Y TODO LO NECESARIO PARA SU CORRECTA EJECUCIÓN. P.U.O.T.','A',57.00,254.50,'C','2017-10-17 19:41:30.726665',68,4),(256,1508268344046090,'ARCISC-0105-JA-03','SUMINISTRO Y PLANTADO DE CITRUS SINENSIS (NARANJO) DE 2MTS. DE ALTURA INCLUYE: SUMINISTRO DE MATERIALES, MANO DE OBRA, EXCAVACIÓN DE CEPAS, RELLENO DE LA MISMA CON TIERRA VEGETAL, SIEMBRA, RIEGO DURANTE UN PERIODO MINIMO DE 20 DIAS PARA GARANTIZAR SU CORRECTO SEMBRADO, ABONO DE ARBOL, MATERIALES, MANO DE OBRA, HERRAMIENTA, EQUIPO Y TODO LO NECESARIO PARA SU CORRECTA EJECUCIÓN. P.U.O.T.','A',2.00,335.24,'C','2017-10-17 19:41:30.730792',68,4),(257,1508268344050109,'ARCISC-0106-JA-10','PLANTA DE ORNATO LLAMANDA PLUMBAGO EN ZONAS JARDINERAS, INCLUYE: SUMINISTRO DE MATERIALES, TIERRA NEGRA, HERRAMIENTA, MANO DE OBRA, PLANTADO, EQUIPO Y TODO LO NECESARIO PARA SU CORRECTA EJECUCIÓN. COLOCACIÓN.P.U.O.T','A',4.00,64.50,'C','2017-10-17 19:41:30.734824',68,4),(258,1508268344054368,'ARCISC-0106-JA-11','PLANTA DE ORNATO LLAMANDA SANSEVIERIA TRIFASCIATA. EN ZONAS JARDINERAS, INCLUYE: SUMINISTRO DE MATERIALES, TIERRA NEGRA, HERRAMIENTA, MANO DE OBRA, PLANTADO, EQUIPO Y TODO LO NECESARIO PARA SU CORRECTA EJECUCIÓN. COLOCACIÓN.P.U.O.T','A',32.00,94.50,'C','2017-10-17 19:41:30.739075',68,4),(259,1508268344059771,'ARCISC-0031','PASTO EN ROLLO, CONSIDERANDO MEJORAMIENTO DE TERRENO A BASE DE TIERRA VEGETAL EN CAPAS DE 5 CMS, SUMINISTRO, ACARREOS LOCALES, EXTENDIDO, RIEGO CON AGUA DE PIPA Y MANO DE OBRA P.U.O.T.','A',132.00,48.60,'C','2017-10-17 19:41:30.744454',68,2),(260,1508268344065275,'ARCISC-0106-CA-01','PLANTA DE ORNATO HIBISCUS @60CM CON UNA ALTURA DE 60CM. EN ZONAS JARDINERAS, INCLUYE: SUMINISTRO DE MATERIALES, TIERRA NEGRA, HERRAMIENTA, MANO DE OBRA, PLANTADO, EQUIPO Y TODO LO NECESARIO PARA SU CORRECTA EJECUCIÓN. COLOCACIÓN.P.U.O.T.','A',133.00,74.50,'C','2017-10-17 19:41:30.749960',69,4),(261,1508268344069718,'ARCISC-0106-CA-02',' PLANTA DE ORNATO LLAMANDA ALLAMANDA CATHARTICA @50CM. CON UNA ALTURA DE 30 A50CM. EN ZONAS JARDINERAS, INCLUYE: SUMINISTRO DE MATERIALES, TIERRA NEGRA, HERRAMIENTA, MANO DE OBRA, PLANTADO, EQUIPO Y TODO LO NECESARIO PARA SU CORRECTA EJECUCIÓN. COLOCACIÓN.P.U.O.T','A',112.00,69.50,'C','2017-10-17 19:41:30.754420',69,4),(262,1508268344073864,'ARCISC-0105-CA-01','SUMINISTRO Y PLANTADO DE  COCOS NUCIFERA CON UNA ALTURA DE 5M. INCLUYE: SUMINISTRO DE MATERIALES, MANO DE OBRA, EXCAVACIÓN DE CEPAS, RELLENO DE LA MISMA CON TIERRA VEGETAL, SIEMBRA, RIEGO DURANTE UN PERIODO MINIMO DE 20 DIAS PARA GARANTIZAR SU CORRECTO SEMBRADO, ABONO DE ARBOL, MATERIALES, MANO DE OBRA, HERRAMIENTA, EQUIPO Y TODO LO NECESARIO PARA SU CORRECTA EJECUCIÓN. P.U.O.T.','A',5.00,3576.78,'C','2017-10-17 19:41:30.758570',69,4),(263,1508268344078165,'ARCISC-0105-CA-02','SUMINISTRO Y PLANTADO DE CITRUS SINENSIS (NARANJO) DE 2MTS. DE ALTURA INCLUYE: SUMINISTRO DE MATERIALES, MANO DE OBRA, EXCAVACIÓN DE CEPAS, RELLENO DE LA MISMA CON TIERRA VEGETAL, SIEMBRA, RIEGO DURANTE UN PERIODO MINIMO DE 20 DIAS PARA GARANTIZAR SU CORRECTO SEMBRADO, ABONO DE ARBOL, MATERIALES, MANO DE OBRA, HERRAMIENTA, EQUIPO Y TODO LO NECESARIO PARA SU CORRECTA EJECUCIÓN. P.U.O.T.','A',2.00,335.24,'C','2017-10-17 19:41:30.762857',69,4),(264,1508268344082194,'ARCISC-0106-CA-03','PLANTA DE ORNATO LLAMANDA RAVENALA MADAGASCARIENSIS EN ZONAS JARDINERAS, INCLUYE: SUMINISTRO DE MATERIALES, TIERRA NEGRA, HERRAMIENTA, MANO DE OBRA, PLANTADO, EQUIPO Y TODO LO NECESARIO PARA SU CORRECTA EJECUCIÓN. COLOCACIÓN.P.U.O.T.','A',3.00,1553.58,'C','2017-10-17 19:41:30.766904',69,4),(265,1508268344086901,'ARCISC-0106-CA-04','PLANTA DE ORNATO LLAMANDA TRANDESCANTIA PALLIDA EN ZONAS JARDINERAS, INCLUYE: SUMINISTRO DE MATERIALES, TIERRA NEGRA, HERRAMIENTA, MANO DE OBRA, PLANTADO, EQUIPO Y TODO LO NECESARIO PARA SU CORRECTA EJECUCIÓN. COLOCACIÓN.P.U.O.T.','A',386.00,46.50,'C','2017-10-17 19:41:30.771604',69,4),(266,1508268344090988,'ARCISC-0106-CA-05','PLANTA DE ORNATO LLAMANDA SANSEVIERIA TRIFASCIATA EN ZONAS JARDINERAS, INCLUYE: SUMINISTRO DE MATERIALES, TIERRA NEGRA, HERRAMIENTA, MANO DE OBRA, PLANTADO, EQUIPO Y TODO LO NECESARIO PARA SU CORRECTA EJECUCIÓN. COLOCACIÓN.P.U.O.T.','A',140.00,94.50,'C','2017-10-17 19:41:30.775695',69,4),(267,1508268344095366,'ARCISC-0106-CA-06','PLANTA DE ORNATO LLAMANDA DURANTA GOLDEN EN ZONAS JARDINERAS, INCLUYE: SUMINISTRO DE MATERIALES, TIERRA NEGRA, HERRAMIENTA, MANO DE OBRA, PLANTADO, EQUIPO Y TODO LO NECESARIO PARA SU CORRECTA EJECUCIÓN. COLOCACIÓN.P.U.O.T.','A',266.00,39.50,'C','2017-10-17 19:41:30.780070',69,4),(268,1508268344100038,'ARCISC-0106-CA-07','PLANTA DE ORNATOA LLAMANDA PYROSTEGIA IGNEA EN ZONAS JARDINERAS, INCLUYE: SUMINISTRO DE MATERIALES, TIERRA NEGRA, HERRAMIENTA, MANO DE OBRA, PLANTADO, EQUIPO Y TODO LO NECESARIO PARA SU CORRECTA EJECUCIÓN. COLOCACIÓN.P.U.O.T.','A',5.00,69.50,'C','2017-10-17 19:41:30.784716',69,4),(269,1508268344104322,'ARCISC-0106-CA-08','PLANTA DE ORNATO LLAMANDA CODIAEUM VARIEGATUM EN ZONAS JARDINERAS, INCLUYE: SUMINISTRO DE MATERIALES, TIERRA NEGRA, HERRAMIENTA, MANO DE OBRA, PLANTADO, EQUIPO Y TODO LO NECESARIO PARA SU CORRECTA EJECUCIÓN. COLOCACIÓN.P.U.O.T.','A',42.00,174.50,'C','2017-10-17 19:41:30.789026',69,4),(270,1508268344108551,'ARCISC-0106-CA-09','PLANTA DE ORNATO LLAMANDA GARDENIA JASMINOIDES EN ZONAS JARDINERAS, INCLUYE: SUMINISTRO DE MATERIALES, TIERRA NEGRA, HERRAMIENTA, MANO DE OBRA, PLANTADO, EQUIPO Y TODO LO NECESARIO PARA SU CORRECTA EJECUCIÓN. COLOCACIÓN.P.U.O.T.','A',30.00,69.50,'C','2017-10-17 19:41:30.793216',69,4),(271,1508268344112680,'ARCISC-0106-CA-10','PLANTA DE ORNATO LLAMANDA PLUMBAGO EN ZONAS JARDINERAS, INCLUYE: SUMINISTRO DE MATERIALES, TIERRA NEGRA, HERRAMIENTA, MANO DE OBRA, PLANTADO, EQUIPO Y TODO LO NECESARIO PARA SU CORRECTA EJECUCIÓN. COLOCACIÓN.P.U.O.T.','A',4.00,64.50,'C','2017-10-17 19:41:30.797390',69,4),(272,1508268344116697,'ARCISC-0105-CA-03','SUMINISTRO Y PLANTADO DE BAMBUSA VULGARIS INCLUYE: SUMINISTRO DE MATERIALES, MANO DE OBRA, EXCAVACIÓN DE CEPAS DE .35X.35X.40 MTS, RELLENO DE LA MISMA CON TIERRA VEGETAL, SIEMBRA, RIEGO DURANTE UN PERIODO MINIMO DE 20 DIAS PARA GARANTIZAR SU CORRECTO SEMBRADO, ABONO DE ARBOL, MATERIALES, MANO DE OBRA, HERRAMIENTA, EQUIPO Y TODO LO NECESARIO PARA SU CORRECTA EJECUCIÓN. P.U.O.T.','A',130.00,254.50,'C','2017-10-17 19:41:30.801399',69,4),(273,1508268344120711,'ARCISC-0106-CA-11','PLANTA DE ORNATO LLAMANDA ALOCASIA MACRORRHIZA. EN ZONAS JARDINERAS, INCLUYE: SUMINISTRO DE MATERIALES, TIERRA NEGRA, HERRAMIENTA, MANO DE OBRA, PLANTADO, EQUIPO Y TODO LO NECESARIO PARA SU CORRECTA EJECUCIÓN. COLOCACIÓN.P.U.O.T.','A',24.00,99.50,'C','2017-10-17 19:41:30.805421',69,4),(274,1508268344125041,'ARCISC-0031','PASTO EN ROLLO, CONSIDERANDO MEJORAMIENTO DE TERRENO A BASE DE TIERRA VEGETAL EN CAPAS DE 5 CMS, SUMINISTRO, ACARREOS LOCALES, EXTENDIDO, RIEGO CON AGUA DE PIPA Y MANO DE OBRA P.U.O.T.','A',362.00,48.60,'C','2017-10-17 19:41:30.809726',69,2),(275,1508268344129078,'ARCISC-0106-JT-01','PLANTA DE ORNATO HIBISCUS @50CM CON UNA ALTURA DE 60CM. EN ZONAS JARDINERAS, INCLUYE: SUMINISTRO DE MATERIALES, TIERRA NEGRA, HERRAMIENTA, MANO DE OBRA, PLANTADO, EQUIPO Y TODO LO NECESARIO PARA SU CORRECTA EJECUCIÓN. COLOCACIÓN.P.U.O.T.','A',12.00,74.50,'C','2017-10-17 19:41:30.813709',70,4),(276,1508268344134088,'ARCISC-0106-JT-02','PLANTA DE ORNATO LLAMANDA ALLAMANDA CATHARTICA @65CM. EN ZONAS JARDINERAS, INCLUYE: SUMINISTRO DE MATERIALES, TIERRA NEGRA, HERRAMIENTA, MANO DE OBRA, PLANTADO, EQUIPO Y TODO LO NECESARIO PARA SU CORRECTA EJECUCIÓN. COLOCACIÓN.P.U.O.T.','A',49.00,69.50,'C','2017-10-17 19:41:30.818786',70,4),(277,1508268344138073,'ARCISC-0106-JT-03','PLANTA DE ORNATO LLAMANDA TRANDESCANTIA PALLIDA EN ZONAS JARDINERAS, INCLUYE: SUMINISTRO DE MATERIALES, TIERRA NEGRA, HERRAMIENTA, MANO DE OBRA, PLANTADO, EQUIPO Y TODO LO NECESARIO PARA SU CORRECTA EJECUCIÓN. COLOCACIÓN.P.U.O.T.','A',363.00,46.50,'C','2017-10-17 19:41:30.822779',70,4),(278,1508268344142353,'ARCISC-0106-JT-04','PLANTA DE ORNATO LLAMANDA DURANTA REPENS EN ZONAS JARDINERAS, INCLUYE: SUMINISTRO DE MATERIALES, TIERRA NEGRA, HERRAMIENTA, MANO DE OBRA, PLANTADO, EQUIPO Y TODO LO NECESARIO PARA SU CORRECTA EJECUCIÓN. COLOCACIÓN.P.U.O.T.','A',6.00,39.50,'C','2017-10-17 19:41:30.827054',70,4),(279,1508268344146332,'ARCISC-0106-JT-05','PLANTA DE ORNATO LLAMANDA SANSEVIERIA TRIFASCIATA @40CM EN ZONAS JARDINERAS, INCLUYE: SUMINISTRO DE MATERIALES, TIERRA NEGRA, HERRAMIENTA, MANO DE OBRA, PLANTADO, EQUIPO Y TODO LO NECESARIO PARA SU CORRECTA EJECUCIÓN. COLOCACIÓN.P.U.O.T.','A',70.00,94.50,'C','2017-10-17 19:41:30.831046',70,4),(280,1508268344150401,'ARCISC-0106-JT-06','PLANTA DE ORNATO LLAMANDA DURANTA GOLDEN EN ZONAS JARDINERAS, INCLUYE: SUMINISTRO DE MATERIALES, TIERRA NEGRA, HERRAMIENTA, MANO DE OBRA, PLANTADO, EQUIPO Y TODO LO NECESARIO PARA SU CORRECTA EJECUCIÓN. COLOCACIÓN.P.U.O.T.','A',108.00,39.50,'C','2017-10-17 19:41:30.835106',70,4),(281,1508268344154969,'ARCISC-0106-JT-07','PLANTA DE ORNATO LLAMANDA LANTANA CAMARA EN ZONAS JARDINERAS, INCLUYE: SUMINISTRO DE MATERIALES, TIERRA NEGRA, HERRAMIENTA, MANO DE OBRA, PLANTADO, EQUIPO Y TODO LO NECESARIO PARA SU CORRECTA EJECUCIÓN. COLOCACIÓN.P.U.O.T.','A',11.00,54.50,'C','2017-10-17 19:41:30.839672',70,4),(282,1508268344159775,'ARCISC-0106-JT-08','PLANTA DE ORNATO LLAMANDA MUSA PARADISIACA EN ZONAS JARDINERAS, INCLUYE: SUMINISTRO DE MATERIALES, TIERRA NEGRA, HERRAMIENTA, MANO DE OBRA, PLANTADO, EQUIPO Y TODO LO NECESARIO PARA SU CORRECTA EJECUCIÓN. COLOCACIÓN.P.U.O.T.','A',7.00,174.50,'C','2017-10-17 19:41:30.844470',70,4),(283,1508268344163819,'ARCISC-0106-JT-09','PLANTA DE ORNATO LLAMANDA ABUTILON EN ZONAS JARDINERAS, INCLUYE: SUMINISTRO DE MATERIALES, TIERRA NEGRA, HERRAMIENTA, MANO DE OBRA, PLANTADO, EQUIPO Y TODO LO NECESARIO PARA SU CORRECTA EJECUCIÓN. COLOCACIÓN.P.U.O.T.','A',20.00,33.39,'C','2017-10-17 19:41:30.848523',70,4),(284,1508268344167956,'ARCISC-0106-JT-10','PLANTA DE ORNATO LLAMANDA CODIAEUM VARIEGATUM EN ZONAS JARDINERAS, INCLUYE: SUMINISTRO DE MATERIALES, TIERRA NEGRA, HERRAMIENTA, MANO DE OBRA, PLANTADO, EQUIPO Y TODO LO NECESARIO PARA SU CORRECTA EJECUCIÓN. COLOCACIÓN.P.U.O.T.','A',8.00,174.50,'C','2017-10-17 19:41:30.852658',70,4),(285,1508268344172043,'ARCISC-0106-JT-11','PLANTA DE ORNATO LLAMANDA CICADA EN ZONAS JARDINERAS, INCLUYE: SUMINISTRO DE MATERIALES, TIERRA NEGRA, HERRAMIENTA, MANO DE OBRA, PLANTADO, EQUIPO Y TODO LO NECESARIO PARA SU CORRECTA EJECUCIÓN. COLOCACIÓN.P.U.O.T.','A',5.00,1052.61,'C','2017-10-17 19:41:30.856694',70,4),(286,1508268344176442,'ARCISC-0106-JT-12','PLANTA DE ORNATO LLAMANDA GARDENIA JASMINOIDES EN ZONAS JARDINERAS, INCLUYE: SUMINISTRO DE MATERIALES, TIERRA NEGRA, HERRAMIENTA, MANO DE OBRA, PLANTADO, EQUIPO Y TODO LO NECESARIO PARA SU CORRECTA EJECUCIÓN. COLOCACIÓN.P.U.O.T.','A',27.00,69.50,'C','2017-10-17 19:41:30.861146',70,4),(287,1508268344180542,'ARCISC-0106-JT-13','PLANTA DE ORNATO LLAMANDA PITTOSPORUM TOBIRA EN ZONAS JARDINERAS, INCLUYE: SUMINISTRO DE MATERIALES, TIERRA NEGRA, HERRAMIENTA, MANO DE OBRA, PLANTADO, EQUIPO Y TODO LO NECESARIO PARA SU CORRECTA EJECUCIÓN. COLOCACIÓN.P.U.O.T.','A',8.00,69.50,'C','2017-10-17 19:41:30.865228',70,4),(288,1508268344184897,'ARCISC-0106-JT-14','PLANTA DE ORNATO LLAMANDA PLUMBAGO EN ZONAS JARDINERAS, INCLUYE: SUMINISTRO DE MATERIALES, TIERRA NEGRA, HERRAMIENTA, MANO DE OBRA, PLANTADO, EQUIPO Y TODO LO NECESARIO PARA SU CORRECTA EJECUCIÓN. COLOCACIÓN.P.U.O.T.','A',2.00,64.50,'C','2017-10-17 19:41:30.869601',70,4),(289,1508268344190238,'ARCISC-0106-JT-15','PLANTA DE ORNATO LLAMANDA TIBOUCHINA LEPIDOTA EN ZONAS JARDINERAS, INCLUYE: SUMINISTRO DE MATERIALES, TIERRA NEGRA, HERRAMIENTA, MANO DE OBRA, PLANTADO, EQUIPO Y TODO LO NECESARIO PARA SU CORRECTA EJECUCIÓN. COLOCACIÓN.P.U.O.T.','A',4.00,94.50,'C','2017-10-17 19:41:30.874911',70,4),(290,1508268344194807,'ARCISC-0105-JT-01','SUMINISTRO Y PLANTADO DE BAMBUSA VULGARIS INCLUYE: SUMINISTRO DE MATERIALES, MANO DE OBRA, EXCAVACIÓN DE CEPAS DE .35X.35X.40 MTS, RELLENO DE LA MISMA CON TIERRA VEGETAL, SIEMBRA, RIEGO DURANTE UN PERIODO MINIMO DE 20 DIAS PARA GARANTIZAR SU CORRECTO SEMBRADO, ABONO DE ARBOL, MATERIALES, MANO DE OBRA, HERRAMIENTA, EQUIPO Y TODO LO NECESARIO PARA SU CORRECTA EJECUCIÓN. P.U.O.T.','A',105.00,254.50,'C','2017-10-17 19:41:30.879504',70,4),(291,1508268344199125,'ARCISC-0106-JT-16','PLANTA DE ORNATO LLAMANDA BUGAMBILLLEA @60CM. EN ZONAS JARDINERAS, INCLUYE: SUMINISTRO DE MATERIALES, TIERRA NEGRA, HERRAMIENTA, MANO DE OBRA, PLANTADO, EQUIPO Y TODO LO NECESARIO PARA SU CORRECTA EJECUCIÓN. COLOCACIÓN.P.U.O.T.','A',56.00,94.50,'C','2017-10-17 19:41:30.883827',70,4),(292,1508268344203202,'AB-V-JT-01','SUMINISTRO Y COLOCACION DE GRAVA DE MARMOL BLANCO CON UN ESPESOR DE 4CM INCLUYE: MALLA ANIMALEZA, MATERIAL, MANO DE OBRA , ACARREOS Y TODO LO NECESARIO PARA SU CORRECTA EJECUCION.','A',5.35,70.48,'C','2017-10-17 19:41:30.887896',70,2),(293,1508268344208015,'001-10','EXCAVACION A MANO PARA DAR NIVELES DE PROYECTO EN CUALQUIER TIPO DE MATERIAL DE 0.00 A 2.00 MTS DE PROFUNDIDAD EN ZONAS URBANAS INCLUYE: EXTRACCION, AFINE DE TALUDES Y FONDO, APILE DE MATERIAL PRODUCTO DE EXCAVACION, CARGA CON MAQUINA Y ACARREO A TIRO LIBRE PROPUESTO POR EL CONTRATISTA, MANO DE OBRA, EQUIPO Y HERRAMIENTA. P.U.O.T.','A',332.00,194.87,'C','2017-10-17 19:41:30.892711',71,1),(294,1508268344212009,'006-02','RELLENO CON MATERIAL DE BANCO (TEPETATE) PARA DAR NIVELES DE PROYECTO INCLUYE: SUMINISTRO Y ACARREO DE MATERIAL PUESTO EN LA OBRA, COLOCACION, AFINE Y COMPACTACION CON PIZON DE MANO Y/O BAILARINA MECANICA, APLICACION DE AGUA Y SU ACARREO, MANO DE OBRA Y HERRAMIENTA. P.U.O.T.','A',99.60,272.67,'C','2017-10-17 19:41:30.896724',71,1),(295,1508268344216485,'AB-P-01','SUMINISTRO E INSTALACION DE FUENTE SOBRE MURO INCLUYE: MATERIALES, HERRAMIENTAS, INSTALACIONES, EQUIPO, MANO DE OBRA Y TODO LO NECESARIO PARA SU CORRECTA EJECUCION.','A',1.00,20664.70,'C','2017-10-17 19:41:30.901177',71,5),(296,1508268344221367,'001-23','EXCAVACION A MANO EN CEPA HASTA 2.00 MTS. DE PROF. EN CUALQUIER TIPO DE MATERIAL; INCLUYE: AFINE DE TALUDES  Y FONDO,  INCLUIR ACARREOS DE MATERIAL SOBRANTE FUERA DE LA OBRA, INCLUYE: MANO DE OBRA, EQUIPO, HERRAMIENTA.  P.U.O.T.','A',18.76,194.96,'C','2017-10-17 19:41:30.906069',72,1),(297,1508268344225900,'006-01B','RELLENO COMPACTADO CON PIZON DE MANO EN CAPAS DE 20 CM UTILIZANDO MATERIAL PRODUCTO DE LA EXCAVACION, CONSIDERANDO EL ACARREO DE MATERIAL EN CARRETILLA AL AREA DE TRABAJO. INCLUYE: AGUA, HERRAMIENTA, ACARREO Y MANO DE OBRA. P.U.O.T.','A',83.36,104.98,'C','2017-10-17 19:41:30.910597',72,1),(298,1508268344229912,'012-07','MURO DE PIEDRA BRAZA DE 30 A 40 CMS. DE ESPESOR ASENTADO CON MORTERO DE CEMENTO-ARENA 1:5 ACABADO COMUN. CONSIDERANDO ANDAMIO DE CABALLETE PARA ALTURAS DE 1.50 A 3.00 MTS. DE ALTURA. INCLUYE: MATERIAL, MANO DE OBRA, EQUIPO, ACARREOS Y  HERRAMIENTA. P.U.O.T.','A',27.74,1162.54,'C','2017-10-17 19:41:30.914625',72,1),(299,1508268344234074,'076-07E','ESCALON DE 18 CMS DE PERALTE X 30 CMS DE HUELLA Y NARIZ DE 3.0 CMS DE ANCHO X 7.0 CMS DE ESPESOR, DE CONCRETO HECHO EN OBRA DE F`C=250 KG/CM2, ARMADA CON ESCUADRAS DE VARILLAS DEL NO. 3 @ 20 CMS EN EL SENTIDO TRANSVERSAL ANCLADAS A RAMPA Y UNA VARILLA DEL NO. 3 EN SENTIDO LONGITUDINAL, ACABADO MARTELINADO. INCLUYE: MATERIALES, TRAZO, CORTES, TRASLAPES, DESPERDICIOS, HABILITADO, AMARRES,  VIBRADO, CHAFLAN PARA REMATE DE NARIZ, CIMBRA COMUN, DESCIMBRADO, HUMEDECIDO, MANO DE OBRA, EQUIPO, HERRAMIENTA, Y LIMPIEZA. (U.C.T.T.)','A',9.00,289.26,'C','2017-10-17 19:41:30.918780',72,3),(300,1508268344238072,'B-001','LIMPIA DE TERRENO PARA TRAZO DE EDIFICIOS, INCLUYE DESPALME, ACARREO DE ESCOMBRO FUERA DE LA OBRA CON CARGA A MANO. (U.C.T.T.)','A',728.87,7.31,'C','2017-10-17 19:41:30.922783',73,2),(301,1508268344242429,'001-10','EXCAVACION A MANO PARA DAR NIVELES DE PROYECTO EN CUALQUIER TIPO DE MATERIAL DE 0.00 A 2.00 MTS DE PROFUNDIDAD EN ZONAS URBANAS INCLUYE: EXTRACCION, AFINE DE TALUDES Y FONDO, APILE DE MATERIAL PRODUCTO DE EXCAVACION, CARGA CON MAQUINA Y ACARREO A TIRO LIBRE PROPUESTO POR EL CONTRATISTA, MANO DE OBRA, EQUIPO Y HERRAMIENTA. P.U.O.T.','A',145.77,194.87,'C','2017-10-17 19:41:30.927134',73,1),(302,1508268344246999,'006-02','RELLENO CON MATERIAL DE BANCO (TEPETATE) PARA DAR NIVELES DE PROYECTO INCLUYE: SUMINISTRO Y ACARREO DE MATERIAL PUESTO EN LA OBRA, COLOCACION, AFINE Y COMPACTACION CON PIZON DE MANO Y/O BAILARINA MECANICA, APLICACION DE AGUA Y SU ACARREO, MANO DE OBRA Y HERRAMIENTA. P.U.O.T.','A',157.10,272.67,'C','2017-10-17 19:41:30.931687',73,1),(303,1508268344251478,'AND-CON01','PISO DE CONCRETO HECHO EN OBRA DE 10 CMS DE ESPESOR F\'C= 150 KG/ CM2, CON  AGREGADO  DE GRANO DE MÁRMOL DEL NUMERO 3 COLOR  BLANCO, ACABADO LAVADO, INCLUYE: SUMINISTRO DE MATERIAL,  HERRAMIENTA,  EQUIPO, ACARREOS,  ELEVACIÓN  A  CUALQUIER ALTURA, NIVELACIÓN, CIMBRADO,   DESCIMBRADO,  COLADO, CURADO, LIMPIEZA, MANO DE OBRA Y TODO LO  NECESARIO  PARA  SU EJECUCIÓN.   P.U.O.T.','A',114.07,252.56,'C','2017-10-17 19:41:30.936177',73,2),(304,1508268344255488,'PIS-01C-B-01','ADOQUIN DE 20X10X5 CMS DE CANTOS LISOS.  ACABADO SEGUN DISEÑO. CON UNA TOLERANCIA MÁXIMA DE SUS MEDIDAS  DE   +/- 0.2 EN LARGO ANCHO Y +/- 0.3 CMS EN ESPESOR. INSTALADO SOBRE CAMA DE ARENA DE 5 CENTÍMETROS DE ESPESOR CON JUNTA DE 0.4 A 0.6 CENTÍMETROS RELLENADA SOBRE UN FILTRO DE DE 20 CM DE GRAVA DE 3/4 COMPACTADA CON BAILARINA.  INCLUYE: TRAZO, ALINEACIÓN, INSTALACIÓN, CORTES CON CORTADORA, VIBRADO CON MESA VIBRADORA, LIMPIEZA PARA  SELLADO Y SELLADO, LIMPIEZA FINAL, ACARREO DE MATERIAL, MATERIALES, HERRAMIENTA, EQUIPO Y MANO DE OBRA.','A',428.26,274.61,'C','2017-10-17 19:41:30.940202',73,2),(305,1508268344259872,'PISO-D01','PISO DE PIEDRA LAJA O PORFIDO SANGRE DE PICHON. DIFERENTES MEDIDAS IRREGULAR DE 1 A 4 CM: 5-7 CM, 7-9 CM, Y CORTADAS EN DISCO, CINCEL O GUILLOTINA. COLOR SEGÚN SUPERVISION CON FIRME DE 10 CMS DE ESPESOR CON CONCRETO DE 100 KG/CM2  INCLUYE HERRAMIENTA, EQUIPO Y MANO DE OBRA P.U.O.T','A',183.34,393.40,'C','2017-10-17 19:41:30.944564',73,2),(306,1508268344263794,'094-21-B-01','GUARNICION DE CONCRETO SIMPLE F\'C=200 KG/CM2 SECCION 10X20 CMS. INCLUYE:SUMINISTRO Y COLOCACION DEL CONCRETO, CIMBRA METALICA, ACABADO PULIDO DE LA CORONA Y VOLTEADOR EN LAS ARISTAS, DESCIMBRADO, MANO DE OBRA Y HERRAMIENTA P.U.O.T.','A',262.32,62.93,'C','2017-10-17 19:41:30.948499',73,3),(307,1508268344268158,'B-001','LIMPIA DE TERRENO PARA TRAZO DE EDIFICIOS, INCLUYE DESPALME, ACARREO DE ESCOMBRO FUERA DE LA OBRA CON CARGA A MANO. (U.C.T.T.)','A',58.71,7.31,'C','2017-10-17 19:41:30.952850',75,2),(308,1508268344272252,'3.1.B1','TRAZO Y NIVELACION  DE TERRENO CON EQUIPO TOPOGRAFICO ESTABLECIENDO EJES DE REFERENCIA Y BANCOS DE NIVEL, INCLUYE: MATERIALES, MANO DE OBRA, EQUIPO Y HERRAMIENTA P.U.O.T.','A',58.71,3.55,'C','2017-10-17 19:41:30.956918',75,2),(309,1508268344277037,'001-23','EXCAVACION A MANO EN CEPA HASTA 2.00 MTS. DE PROF. EN CUALQUIER TIPO DE MATERIAL; INCLUYE: AFINE DE TALUDES  Y FONDO,  INCLUIR ACARREOS DE MATERIAL SOBRANTE FUERA DE LA OBRA, INCLUYE: MANO DE OBRA, EQUIPO, HERRAMIENTA.  P.U.O.T.','A',8.59,194.96,'C','2017-10-17 19:41:30.961739',76,1),(310,1508268344282951,'093-05B-A-01','BASE CON MATERIAL DE BANCO, CON UN ESPESOR DE 50 CMS. Y COMPACTADA AL 95% DE SU P.V.S.M., INCLUYE: SUMINISTRO Y ACARREO DEL MATERIAL PUESTO EN LA OBRA, ACAMELLONADO, INCORPORACIÓN DE AGUA Y SU ACARREO, MEZCLADO, TENDIDO, AFINE Y COMPACTACIÓN, MANO DE OBRA, EQUIPO Y HERRAMIENTA. P.U.O.T.','A',4.90,264.33,'C','2017-10-17 19:41:30.967361',76,1),(311,1508268344288607,'BP-003','PLANTILLA DE CONCRETO HIDRAULICO SIMPLE DE 5 CMS. DE ESPESOR HECHO EN OBRA F\'C=100 KG/CM2 RESINTENCIA NORMAL, TAMAÑO MAXIMO AGREGADO DE 3/4\", INCLUYE: MATERIALES, HERRAMIENTAS, EQUIPO DE SEGURIDAD, MANO DE OBRA Y EQUIPO MENOR.','A',9.81,89.15,'C','2017-10-17 19:41:30.973267',76,2),(312,1508268344292996,'CIM-006G','ZAPATA AISLADA DE 0.80X0.80X0.20 MTS DE CONCRETO F\'C= 200 KG/CM2, ARMADA CON VARILLA DE NO.3 @ 20 CMS EN AMBOS SENTIDOS DE 20 CM DE ESPESOR, INCLUYE: EXCAVACION, CIMBRA, DESCIMBRA, AGUA, MATERIAL, HERRAMIENTA Y TODO LO NECESARIO PARA SU CORRECTA EJECUCION P.U.O.T.','A',6.00,629.42,'C','2017-10-17 19:41:30.977696',76,4),(313,1508268344297095,'BP-005-A-01','DADO DE CIMENTACION AISLADO DE SECCION 0.30 X 0.30 Y 0.50 MTS. DE ALTURA DE CONCRETO HIDRAULICO HECHO EN OBRA F\'C=250 KG/CM2 RESINTENCIA NORMAL, TAMAÑO MAXIMO AGREGADO DE 3/4\", REFORZADO 6 VARILLAS DE ACERO DEL No.3 (3/8\") Y ESTRIBOS DEL No. 2 (1/4\") A CADA 10 CMS. ACABADO COMUN, INCLUYE: VIBRADO, CURADO, CIMBRA Y DESCIMBRA, MATERIALES, HERRAMIENTAS, EQUIPO DE SEGURIDAD, MANO DE OBRA Y EQUIPO MENOR.','A',6.00,333.17,'C','2017-10-17 19:41:30.981796',76,4),(314,1508268344301252,'ISC-046','CONTRATRABE DE 20X40 CMS. DE CONCRETO F´C= 200 KG/CM2 ARMADO CON 4 VARILLAS DEL No. 4 Y ESTRIBOS DEL No. 2 @ 20 CMS., CIMBRA COMÚN, INCLUYE: HABILITADO, ARMADO, CIMBRA Y DESCIMBRA, COLADO, MATERIAL, MANO DE OBRA, HERRAMIENTA, EQUIPO Y TODO LO NECESARIO PARA SU CORRECTA EJECUCIÓN. P.U.O.T.','A',8.50,381.64,'C','2017-10-17 19:41:30.985956',76,3),(315,1508268344306289,'006-01B','RELLENO COMPACTADO CON PIZON DE MANO EN CAPAS DE 20 CM UTILIZANDO MATERIAL PRODUCTO DE LA EXCAVACION, CONSIDERANDO EL ACARREO DE MATERIAL EN CARRETILLA AL AREA DE TRABAJO. INCLUYE: AGUA, HERRAMIENTA, ACARREO Y MANO DE OBRA. P.U.O.T.','A',4.30,104.98,'C','2017-10-17 19:41:30.990981',76,1),(316,1508268344310395,'ALB-009-A-01','FIRME DE CONCRETO DE 10 CMS. DE ESPESOR ARMADO CON MALLA ELECTROSOLDADA 6-6/10-10 ACABADO DESLAVADO CON AGREGADO CERO GRUESO Y CEMENTO GRIS , FRAGUADO NORMAL PARA ESTRUCTURA Y ARRIOSTRES, ASI COMO PARA RESANE DE PISO DEMOLIDO. INCLUYE : MATERIALES Y SU ELEVACION,PROTECCION DEL AREA DONDE SE FABRICARA,COLOCACION VIBRADO, CURADO, ACARREO DE SOBRANTES A PIE DE CAMION, DESPERDICIOS, LIMPIEZA Y LO NECESARIO PARA SU CORRECTA EJECUCION. SI ES EN PIEDRAS INCLUYE VOLTEODOR DE 5 CM. PU.O.T. ','A',32.20,205.70,'C','2017-10-17 19:41:30.995097',77,2),(317,1508268344314658,'095-48-A-01','RAMPA DE CONCRETO F\'C= 150 KG/CM2 T.M.A. 3/4\" DE 10 CM. DE ESPESOR,  ARMADO CON MALLA ELECTROSOLDADA 6-6/10-10, ACABADO DESLAVADO CON AGREGADO CERO GRUESO Y CEMENTO GRIS INCLUYE: NIVELACIÓN DE LA SUPERFICIE, COMPACTACIÓN, MATERIALES, MANO DE OBRA, CIMBRADO Y DESCIMBRADO EN FRONTERAS, VIBRADO, CURADO Y TODO LO NECESARIO PARA SU CORRECTA EJECUCIÓN. U.C.T.T.','A',10.20,619.98,'C','2017-10-17 19:41:30.999356',77,2),(318,1508268344318801,'ALB-011','CONSTRUCCIÓN DE CASTILLOS Y/O CADENAS DE 15X25 CMS. DE CONCRETO F´C=200KG/CM2., ARMADO CON 4 VS. DE 3/8\" Y ESTRIBOS DEL NO. 2 A CADA 15 CMS EN BARDA PERIMETRAL. INCLUYE: MATERIALES, MANO DE OBRA, EQUIPO, HERRAMIENTA, CHAFLANES, DESPERDICIOS, ACARREO DE SOBRANTES A PIE DE CAMION, LIMPIEZAS Y TODO LO NECESARIO PARA SU CORRECTA FABRICACION. (ACABADO APARENTE DE SER NECESARIO).','A',41.00,233.02,'C','2017-10-17 19:41:31.003508',77,3),(319,1508268344323166,'012-01','MURO DE BLOCK 12 X 20 X 40 CMS. EN 12 CMS. DE ESPESOR, ASENTADO CON MORTERO CEMENTO-ARENA PROP: 1:4, JUNTEADO DE 1.5 CMS, ACABADO COMUN EN AMBAS CARAS CON ESCALERILLA @ 3 HILADAS, CONSIDERANDO ANDAMIO DE CABALLETE PARA ALTURAS DE 1.50 A 3.00 MTS. INCLUYE: MATERIAL, HERRAMIENTA Y MANO DE OBRA. P.U.O.T.','A',13.20,207.56,'C','2017-10-17 19:41:31.007864',77,2),(320,1508268344327311,'012-07','MURO DE PIEDRA BRAZA DE 30 A 40 CMS. DE ESPESOR ASENTADO CON MORTERO DE CEMENTO-ARENA 1:5 ACABADO COMUN. CONSIDERANDO ANDAMIO DE CABALLETE PARA ALTURAS DE 1.50 A 3.00 MTS. DE ALTURA. INCLUYE: MATERIAL, MANO DE OBRA, EQUIPO, ACARREOS Y  HERRAMIENTA. P.U.O.T.','A',5.04,1162.54,'C','2017-10-17 19:41:31.012014',77,1),(321,1508268344331761,'AB-ACC-ES-01','SUMINISTRO Y COLOCACION DE COLUMNA DE MADERA DE PINO DE PRIMERA CALIDAD, DE SECCION 0.30 X 0.30 MTS.Y ALTURA SEGUN PROYECTO. INLCUYE: ANCLAJE A DADO DE CIMENTACION CON PLACA DE ACERO DE 1/4\'\' DE ESPESOR, SEGUN DISEÑO ESTRUCTURAL,  TRATAMIENTO PARA MADERA A BASE DE PENTACLOROFENOL,  Y ACEITE DE LINAZA APLICADO CON BROCHA A DOS MANOS, MATERIAL, MANO DE OBRA, HERRAMIENTA, EQUIPO DE PROTECCIÓN CONTRA GASES TÓXICOS Y TODO LO NECESARIO PARA SU EJECUCIÓN. P.U.O.T.','A',6.00,7418.90,'C','2017-10-17 19:41:31.016466',77,4),(322,1508268344337037,'AB-ACC-VIG-01','SUMINISTRO Y COLOCACION DE TRABE DE MADERA DE PINO DE PRIMERA CALIDAD, DE SECCION 0.30 X 0.30 MTS. INCLUYE: ANCLAJE A COLUMNA CON PLACA DE ACERO DE 1/4\'\' DE ESPESOR, SEGÚN DISEÑO ESTRUCTURAL, TRATAMIENTO PARA MADERA A BASE DE PENTACLOROFENOL,  Y ACEITE DE LINAZA APLICADO CON BROCHA A DOS MANOS, MATERIAL, MANO DE OBRA, HERRAMIENTA, EQUIPO DE PROTECCIÓN CONTRA GASES TÓXICOS Y TODO LO NECESARIO PARA SU EJECUCIÓN. P.U.O.T.','A',16.29,7418.90,'C','2017-10-17 19:41:31.021627',77,3),(323,1508268344342443,'AB-ACC-VIG-02','SUMINISTRO Y COLOCACION DE VIGA DE MADERA DE PINO DE PRIMERA CALIDAD, DE SECCION 0.15 X 0.25 X 6.00 MTS. @ 0.40 MTS. INCLUYE: ANCLAJE A TRABE CON CLAVO DE ACERO DE 4\'\', TRATAMIENTO PARA MADERA A BASE DE PENTACLOROFENOL,  Y ACEITE DE LINAZA APLICADO CON BROCHA A DOS MANOS, MATERIAL, MANO DE OBRA, HERRAMIENTA, EQUIPO DE PROTECCIÓN CONTRA GASES TÓXICOS Y TODO LO NECESARIO PARA SU EJECUCIÓN. P.U.O.T.','A',14.40,3634.53,'C','2017-10-17 19:41:31.027124',77,4),(324,1508268344346678,'AB-ACC-C-01','TRIPLAY DE 21MM. DE ESPESOR INCLUYE: TRATAMIENTO PARA MADERA A BASE DE PENTACLOROFENOL,  Y ACEITE DE LINAZA APLICADO CON BROCHA A DOS MANOS, MATERIAL, MANO DE OBRA, HERRAMIENTA, EQUIPO DE PROTECCIÓN CONTRA GASES TÓXICOS Y TODO LO NECESARIO PARA SU EJECUCIÓN. P.U.O.T.','A',78.47,350.22,'C','2017-10-17 19:41:31.031377',78,2),(325,1508268344350683,'024-16B','IMPERMEABILIZANTE AL-KOAT TIPO PA-40T SBS  DE 4.0 MM DE ESPESOR, ACABADO FINAL CON GRAVILLA CERAMICA COLOR TERRACOTA, CON APLICACION PREVIA DE PRIMARIA AL-KOAT BASE AGUA, COLOCADA LA MEMBRANA CON SOPLETE DE GAS, TRASLAPES DE 10 CM INC: LIMPIEZA PREVIA DE LA SUPERFICIE Y POSTERIOR A LA APLICACION (BARRIDO), MATERIAL, HERRAMIENTA Y MANO DE OBRA ( 5 AÑOS DE GARANTIA) P.U.O.T.','A',78.47,193.16,'C','2017-10-17 19:41:31.035391',78,2),(326,1508268344355732,'GCAISC-0045-A-01','SUMINISTRO Y COLOCACION DE TEJA DE BARRO COLOR NATURAL DE 30X15X1.4 CM EN CUBIERTA INCLINADA. INCLUYE: CARGO DIRECTO POR EL COSTO DE LOS MATERIALES Y MANO DE OBRA QUE INTERVENGAN, FLETE A OBRA, DESPERDICIO, ACARREO HASTA EL LUGAR DE SU UTILIZACION, COLOCACION, ELEMENTOS DE FIJACION,  DESPERDICIOS , ELEVACIONES, LIMPIEZA Y RETIRO DE SOBRANTES FUERA DE OBRA, EQUIPO DE SEGURIDAD, INSTALACIONES ESPECIFICAS, DEPRECIACION Y DEMAS CARGOS DERIVADOS DEL USO DE HERRAMIENTA Y EQUIPO, EN CUALQUIER NIVEL. P.U.O.T.','A',78.47,308.19,'C','2017-10-17 19:41:31.040411',78,2),(327,1508268344360895,'ISC-030-A-01','PORTON PARA ACCESO EN DOS HOJAS  DE 5.00 X 2.40 MTS. A BASE DE MARCO DE PTR DE 2\" EN CALIBRE 18.INCLUYE: TEJUELOS CON BIVELES DE 1 1/2\" X 3/16\", BISAGRAS, PASADORES, CERROJO, CHAPA MCA. PHILLIPS MOD. 715, SOLDADURA, DISCOS DE CORTE, APLICACION DE UNA MANO DE PRIMMER Y DOS DE PINTURA ESMALTE, MANO DE OBRA, HERRAMIENTA, EQUIPO, ACARREOS, CORTES, DESPERDICIOS Y TODO LO NECESARIO PARA SU CORRECTA EJECUCIÓN. P.U.O.T.','A',1.00,10232.86,'C','2017-10-17 19:41:31.045570',79,4),(328,1508268344365163,'ACA-027D-A-01','PUERTA DE ACCESO DE 1.20 MTS.  DE ANCHO Y 2.10 MTS. DE ALTURA A BASE DE PERFIL RECTANGULAR DE 1\" Y 2\" Y TAPA DE LAMINA LISA CAL. 18 ANCLADO A MURO, CONSIDERNAOD APLICACIÓN DE PRIMMER PINTURA DE ESMALTE HASTA  CUBRIR ADECUADAMENTE LA SUPERFICIE POR AMBOS LADOS. INCLUYE: SUMINISTRO DE MATERIAL, HERRAMIENTA, EQUIPO Y MANO DE OBRA U.C.T.T.','A',1.00,2437.64,'C','2017-10-17 19:41:31.049872',79,4),(329,1508268344369553,'084-02C','PINTURA VINIL-ACRILICA PARA EXTERIOR EN MUROS,  MARCA COMEX A DOS MANOS,O SIMILAR EN  CALIDAD  Y CARACTERISTICAS  TECNICAS, SEGUN PALETA DE COLORES INCLUYE: SEÑALIZACION, PROTECCION  DE  LA  SUPERFICIE ADYACENTE CON  MASQUINTAPE,  PAPEL  Y  PLASTICO,   LIMPIEZA Y PREPARACION  DE  LA  SUPERFICIE, RESANES, UNA BASE DE - LIJADO,  EMPLASTE SELLADOR VINILICO EN  PROPORCION    5 X 1 PARA SUPERFICIES LISAS Ó  3 X 1 PARA SUPERFICIES RUGOSAS DESPERDICIOS, ANDAMIOS,  MATERIALES,  MANO DE OBRA,  HERRA MIENTA, EQUIPO, ACARREOS  DENTRO Y FUERA DE  LA OBRA,  LIMPIEZA Y TODO LO NECESARIO PARA   SU CORRECTA EJECUCION.P.U.O.T. . P.U.O.T.','A',26.40,43.60,'C','2017-10-17 19:41:31.054245',80,2),(330,1508268344374866,'AB-ACC-CO-01','SUMINISTRO Y COLOCACION DE NUMERO EXTERIOR, A BASE DE ALUMINIO ANODIZADO NATURAL,CON FIJACION OCULTA A MURO. INCLUYE: ELEMENTOS DE FIJACION, MATERIALES, MANO DE OBRA, HERRAMIENTA, EQUIPO Y TODO LO NECESARIO PARA SU CORRECTA EJECUCIÓN. P.U.O.T.','A',1.00,830.68,'C','2017-10-17 19:41:31.059565',81,4),(331,1508268344379259,'B-001','LIMPIA DE TERRENO PARA TRAZO DE EDIFICIOS, INCLUYE DESPALME, ACARREO DE ESCOMBRO FUERA DE LA OBRA CON CARGA A MANO. (U.C.T.T.)','A',17.93,7.31,'C','2017-10-17 19:41:31.063956',83,2),(332,1508268344383742,'3.1.B1','TRAZO Y NIVELACION  DE TERRENO CON EQUIPO TOPOGRAFICO ESTABLECIENDO EJES DE REFERENCIA Y BANCOS DE NIVEL, INCLUYE: MATERIALES, MANO DE OBRA, EQUIPO Y HERRAMIENTA P.U.O.T.','A',17.93,3.55,'C','2017-10-17 19:41:31.068447',83,2),(333,1508268344387706,'001-23','EXCAVACION A MANO EN CEPA HASTA 2.00 MTS. DE PROF. EN CUALQUIER TIPO DE MATERIAL; INCLUYE: AFINE DE TALUDES  Y FONDO,  INCLUIR ACARREOS DE MATERIAL SOBRANTE FUERA DE LA OBRA, INCLUYE: MANO DE OBRA, EQUIPO, HERRAMIENTA.  P.U.O.T.','A',18.82,194.96,'C','2017-10-17 19:41:31.072413',84,1),(334,1508268344392099,'093-05B-MPT-01','BASE CON MATERIAL DE BANCO, CON UN ESPESOR DE 50 CMS. Y COMPACTADA AL 95% DE SU P.V.S.M., INCLUYE: SUMINISTRO Y ACARREO DEL MATERIAL PUESTO EN LA OBRA, ACAMELLONADO, INCORPORACIÓN DE AGUA Y SU ACARREO, MEZCLADO, TENDIDO, AFINE Y COMPACTACIÓN, MANO DE OBRA, EQUIPO Y HERRAMIENTA. P.U.O.T.','A',8.97,264.33,'C','2017-10-17 19:41:31.076807',84,1),(335,1508268344396806,'BP-003','PLANTILLA DE CONCRETO HIDRAULICO SIMPLE DE 5 CMS. DE ESPESOR HECHO EN OBRA F\'C=100 KG/CM2 RESINTENCIA NORMAL, TAMAÑO MAXIMO AGREGADO DE 3/4\", INCLUYE: MATERIALES, HERRAMIENTAS, EQUIPO DE SEGURIDAD, MANO DE OBRA Y EQUIPO MENOR.','A',17.66,89.15,'C','2017-10-17 19:41:31.081411',84,2),(336,1508268344401368,'CONISC-15-SP','ZAPATA CORRIDA DE 85X20 CMS. CON CONCRETO F\'C= 250 KG/CM2 AGREGADO DE 19 MM, HECHO EN OBRA, DE 0.85 MTS DE ANCHO,  PERALTE DE 0.20 MTS,  ARMADO CON ACERO DE REFUERZO # 3 @ 0.20 MTS. EN SENTIDO TRANSVERSAL Y 5 VAR No. 3 EN SENTIDO LONGITUDINAL, INCLUYE:  CIMBRA COMÚN, DESCIMBRADO, MANO DE OBRA, HERRAMIENTA, EQUIPO Y TODO LO NECESARIO PARA SU CORRECTA EJECUCIÓN. P.U.O.T.','A',16.05,653.24,'C','2017-10-17 19:41:31.086073',84,3),(337,1508268344405209,'ISC-046-MPT-01','CONTRATRABE DE 30X40 CMS. DE CONCRETO F´C= 200 KG/CM2 ARMADO CON 4 VARILLAS DEL No. 4 Y ESTRIBOS DEL No. 2 @ 20 CMS., CIMBRA COMÚN, INCLUYE: HABILITADO, ARMADO, CIMBRA Y DESCIMBRA, COLADO, MATERIAL, MANO DE OBRA, HERRAMIENTA, EQUIPO Y TODO LO NECESARIO PARA SU CORRECTA EJECUCIÓN. P.U.O.T.','A',16.05,432.92,'C','2017-10-17 19:41:31.089925',84,3),(338,1508268344410483,'006-01B','RELLENO COMPACTADO CON PIZON DE MANO EN CAPAS DE 20 CM UTILIZANDO MATERIAL PRODUCTO DE LA EXCAVACION, CONSIDERANDO EL ACARREO DE MATERIAL EN CARRETILLA AL AREA DE TRABAJO. INCLUYE: AGUA, HERRAMIENTA, ACARREO Y MANO DE OBRA. P.U.O.T.','A',3.42,104.98,'C','2017-10-17 19:41:31.095175',84,1),(339,1508268344414681,'ALB-011','CONSTRUCCIÓN DE CASTILLOS Y/O CADENAS DE 15X25 CMS. DE CONCRETO F´C=200KG/CM2., ARMADO CON 4 VS. DE 3/8\" Y ESTRIBOS DEL NO. 2 A CADA 15 CMS EN BARDA PERIMETRAL. INCLUYE: MATERIALES, MANO DE OBRA, EQUIPO, HERRAMIENTA, CHAFLANES, DESPERDICIOS, ACARREO DE SOBRANTES A PIE DE CAMION, LIMPIEZAS Y TODO LO NECESARIO PARA SU CORRECTA FABRICACION. (ACABADO APARENTE DE SER NECESARIO).','A',40.00,233.02,'C','2017-10-17 19:41:31.099397',85,3),(340,1508268344418560,'012-01-MPT-01','MURO DE BLOCK 12 X 20 X 40 CMS. EN 40 CMS. DE ESPESOR, ASENTADO CON MORTERO CEMENTO-ARENA PROP: 1:4, JUNTEADO DE 1.5 CMS, ACABADO COMUN EN AMBAS CARAS CON ESCALERILLA @ 3 HILADAS, CONSIDERANDO ANDAMIO DE CABALLETE PARA ALTURAS DE 1.50 A 3.00 MTS. INCLUYE: MATERIAL, HERRAMIENTA Y MANO DE OBRA. P.U.O.T.','A',42.21,504.86,'C','2017-10-17 19:41:31.103276',85,2),(341,1508268344423099,'ARLISC-008-MPT-01','MURO DE CONCRETO ARMADO DE 40 CMS. DE ESPESOR, ARMADO CON DOBLE PARRILLA DE VARILLA DE 3/8\'\'  A CADA 20 CMS. Y CONCRETO F C= 200 KG/CM2, INCLUYE: CIMBRA ACABADO APARENTE, VACIADO, VIBRADO Y CURADO DEL CONCRETO, ACARREOS, CORTES Y DESPERDICIOS. P.U.O.T.','A',2.07,1356.30,'C','2017-10-17 19:41:31.107757',85,2),(342,1508268344428372,'3020186-MPT-01','REPELLADO  EN MUROS  A BASE DE MORTERO CEMENTO-ARENA PROP.1:3 2 CMS. DE  ESPESOR, PARA RECIBIR  ACABADO EN CANTERA.  INCLUYE:  SUMINISTRO  DE  MATERIAL,  MANO DE OBRA, HERRAMIENTA, EQUIPO, BO- QUILLAS,  ACARREOS,  DESPERDICIOS,   ANDAMIOS,  LIMPIEZA, Y TODO LO   NECESARIO  PARA  SU EJECUCION. P.U.O.T.','A',123.18,90.28,'C','2017-10-17 19:41:31.113051',85,2),(343,1508268344433201,'ACA-020B','RECUBRIMIENTO DE CANTERA EN MURO, ASENTADA CON MORTERO CEMENTO-ARENA 1:4, JUNTEADO COLOR SIMILAR A PIEDRA, COLOR GRIS AMERICA, CONSIDERANDO, CORTES, DESPERDICIOS Y LIMPIEZA DE LA SUPERFICIE. INCLUYE: SUMINISTRO DE MATERIAL, HERRAMIENTA Y MANO DE OBRA U.C.T.T.','A',123.18,297.79,'C','2017-10-17 19:41:31.117905',86,2),(344,1508268344437132,'ACA-020B-E','RECUBRIMIENTO DE CANTERA EN BASAMENTO, ASENTADA CON MORTERO CEMENTO-ARENA 1:4, JUNTEADO COLOR SIMILAR A PIEDRA, COLOR GRIS AMERICA, CONSIDERANDO, CORTES, DESPERDICIOS Y LIMPIEZA DE LA SUPERFICIE. INCLUYE: SUMINISTRO DE MATERIAL, HERRAMIENTA Y MANO DE OBRA P.U.O.T.','A',5.50,297.79,'C','2017-10-17 19:41:31.121847',87,2),(345,1508268344441795,'AB-FP-01','SUMINISTRO Y COLOCACION DE FUENTE DECORATIVA DE PARED, SEGUN DISEÑO, INCLUYE: INSTALACION, CONEXIONES, DERIVACIONES Y RAMALEO, SUMINISTRO Y COLOCACION DE MATERIALES EN EL SITIO DE SU UTILIZACION, MANO DE OBRA, EQUIPO, HERRAMIENTA. P.U.O.T.','A',1.00,20664.70,'C','2017-10-17 19:41:31.126479',88,4),(349,1508268344445463,'K1','LIMPIEZA GRUESA DURANTE LA OBRA, INCLUYE: MATERIAL, MANO DE OBRA, EQUIPO','A',3705.30,10.62,'C','2017-10-17 19:41:31.130497',91,2),(350,1508268344448629,'LIMP-001','LIMPIEZA FINA DE LA OBRA PARA SU ENTREGA , INCLUYE , MATERIAL MANO DE OBRA, HERRAMIENTA, ACARREO DE MATERIAL PRODUCTO DE LA MISMA A PIE DE CAMION Y LO NECESARIO PARA SU CORRECTA EJECUCION. LIMPIEZA DE CANCELERIA Y VIDRIOS, PUERTAS,BAÑOS,LAVADO DE PISOS Y PULIDO EN CASO DE SER NECESARIO, DEJANDO AREAS LISTAS PARA SU USO INMEDIATO.','A',3705.30,11.94,'C','2017-10-17 19:41:31.133658',91,2),(351,1508268344451412,'005-48','ACARREO DE MATERIALES SOBRANTES PRODUCTO DE EXCAVACIONES, DEMOLICIONES, LIMPIEZA DE OBRA (ESCOMBRO Y CASCAJO) A TIRO LIBRE PROPUESTO POR EL CONTRATISTA, INCLUYE:CARGA CON MAQUINA, MANO DE OBRA, EQUIPO Y HERRAMIENTA P.U.O.T.','A',0.00,99.41,'C','2017-10-17 19:41:31.136421',91,1),(352,1508279186767548,'GCAISC-0042','EXCAVACIÓN Y NIVELACIÓN DE TERRENO, DE 0 A 2.10 M DE PROFUNDIDAD. INCLUYE AFINE DE FONDOS Y TALUDES Y TRASPALEO DE MATERIAL PRODUCTO DE EXCAVACIÓN, INCLUYE MATERIALES, MANO DE OBRA EQUIPO Y HERRAMIENTA, TODO LO NECESARIO PAR SU CORRECTA EJECUCIÓN P.U.O.T.','A',555.75,104.45,'C','2017-10-17 22:42:13.452648',93,1),(353,1508279186770939,'005-48','ACARREO DE MATERIALES SOBRANTES PRODUCTO DE EXCAVACIONES, DEMOLICIONES, LIMPIEZA DE OBRA (ESCOMBRO Y CASCAJO) A TIRO LIBRE PROPUESTO POR EL CONTRATISTA, INCLUYE:CARGA CON MAQUINA, MANO DE OBRA, EQUIPO Y HERRAMIENTA P.U.O.T.','A',632.54,99.41,'C','2017-10-17 22:42:13.456003',93,1),(354,1508279186774116,'3.1.B1','TRAZO Y NIVELACION  DE TERRENO CON EQUIPO TOPOGRAFICO ESTABLECIENDO EJES DE REFERENCIA Y BANCOS DE NIVEL, INCLUYE: MATERIALES, MANO DE OBRA, EQUIPO Y HERRAMIENTA P.U.O.T.','A',850.00,3.55,'C','2017-10-17 22:42:13.459163',93,2),(355,1508279186777341,'0936-09B','PEDRAPLEN A BASE DE PIEDRA BOLA PRODUCTO DE CRIBA ESPESOR DE 25 CM, COMPACTADO AL 90% DE SU P.V.S.M. INCLUYE: SUMINISTRO DEL MATERIAL, TENDIDO, ACOMODO Y ASENTADO DEL MISMO CON EQUIPO MECANICO, MANO DE OBRA Y HERRAMIENTA. P.U.O.T.','A',91.00,216.12,'C','2017-10-17 22:42:13.462376',94,1),(356,1508279186780998,'093-04','SUB BASE CON MATERIAL DE BANCO, CON UN ESPESOR DE 15 A 20 CMS, COMPACTADA AL 90% DE SU P.V.S.M., INCLUYE:SUMINISTRO Y ACARREO DEL MATERIAL PUESTO EN LA OBRA, ACAMELLONADO, INCORPORACION DE AGUA Y SU ACARREO, MEZCLADO, TENDIDO, AFINE Y COMPACTACION . P.U.O.T.','A',171.00,213.99,'C','2017-10-17 22:42:13.466295',94,1),(357,1508279186784581,'093-05B','BASE CON MATERIAL DE BANCO, CON UN ESPESOR DE 20 CMS. Y COMPACTADA AL 95% DE SU P.V.S.M., INCLUYE: SUMINISTRO Y ACARREO DEL MATERIAL PUESTO EN LA OBRA, ACAMELLONADO, INCORPORACIÓN DE AGUA Y SU ACARREO, MEZCLADO, TENDIDO, AFINE Y COMPACTACIÓN, MANO DE OBRA, EQUIPO Y HERRAMIENTA. P.U.O.T.','A',598.50,220.10,'C','2017-10-17 22:42:13.469631',94,1),(358,1508279186787710,'AB-VS-CIM01','SUMNISTRO Y COLOCACIÓN GEOTEXTIL TEJIDO DE POLIESTER DE 350 gr/m2 TIPO PAVITEX 350 DE 2 mm. DE ESPESOR.  INCLUYE: SUMINISTRO, COLOCACION,  FIJACION AL TERRENO NATURAL, COCIDO CON HILO DE POLIESTER EN EL SITIO MATERIALES, MANO DE OBRA, EQUIPO Y HERRAMIENTA','A',855.00,26.83,'C','2017-10-17 22:42:13.472761',94,2),(359,1508279186790736,'AB-VS-CIM02','SUMINISTRO Y COLOCACIÓN DE GEOMALLA BIAXIAL BX15P EN TALUDES DE TERRAPLENES Y CORTES, SE SUJETARA CON VARILLAS, AMARRADAS CON ALAMBRE.  INCLUYE: FIJACION AL TERRENO NATURAL, MANO DE OBRA, EQUIPO, HERRAMIENTA Y TODO LO NECESARIO PARA SU CORRECTA COLOCACIÓN. P.U.O.T.','A',810.95,42.49,'C','2017-10-17 22:42:13.475797',94,2),(360,1508279186793717,'ARLISC-003','EXCAVACIÓN A MANO EN CEPA HASTA 2.00 MTS DE PROF. EN CUALQUIER TIPO DE MATERIAL; INCLUYE: AFINE DE TALUDES  Y FONDO,  INCLUIR ACARREOS DE MATERIAL SOBRANTE FUERA DE LA OBRA, INCLUYE: MANO DE OBRA, EQUIPO, HERRAMIENTA.  P.U.O.T.','A',134.40,166.39,'C','2017-10-17 22:42:13.478833',94,1),(361,1508279186796852,'KC-CON01','PLANTILLA DE CONCRETO F\'C=100 KG/CM2 DE 6 CMS DE ESPESOR CON ACARREO HORIZONTAL A UNA DISTANCIA DE 25.00 MTS CON  BOTE INCLUYE: PREPARACIÓN DE LA SUPERFICIE,NIVELACIÓN, MAESTREADO Y COLADO.','A',850.00,98.61,'C','2017-10-17 22:42:13.481901',94,2),(362,1508279186799943,'BP-006-1','CADENA DE DESPLANTE DE SECCION 20 X 40 CM. DE CONCRETO HIDRAULICO HECHO EN OBRA F\'C=200 KG/CM2 RESINTENCIA NORMAL, TAMAÑO MAXIMO AGREGADO DE 3/4\", REFORZADO 6 VARILLAS DE ACERO DEL No.4 (1/2\") Y ESTRIBOS DEL No. 2 (1/4\") A CADA 20 CM. ACABADO COMUN, INCLUYE: VIBRADO, CURADO, CIMBRA Y DESCIMBRA, MATERIALES, HERRAMIENTAS, EQUIPO DE SEGURIDAD, MANO DE OBRA Y EQUIPO MENOR.','A',123.30,392.98,'C','2017-10-17 22:42:13.484981',94,3),(363,1508279186803456,'03002003','CONTRATRABE DE CIMENTACION SEC CION  .20 X .40  MTS. CONCRETO F\'C=200 KG/CM² ARMADO CON 6 VA RILLAS # 4 FY= 4200 Y ESTRIBOS DEL N.2 @ 20 CMS. F\'Y= 2400 KG /CM2. INCLUYE: MATERIALES MANO DE OBRA, CIMBRA COMUN, DESCIM- BRADO, COLADO, CURADO, VIBRADO \'DESPERDICIOS,  ACARREOS DENTRO Y  FUERA DE LA OBRA, ELEVACIÓN A CUALQUIER  ALTURA, ANDAMIOS, HERRAMIENTA, EQUIPO, RETIRO DE MATERIAL  SOBRANTE FUERA DE LA OBRA, LIMPIEZA Y TODO LO NECE- SARIO  PARA SU CORRECTA EJECU- CION P.U.O.T.                  ','A',342.75,411.19,'C','2017-10-17 22:42:13.488518',94,3),(364,1508279186806653,'CIM-006','ZAPATA AISLADA DE 1.00X1.00X0.20 MTS DE CONCRETO HECHO EN OBRA FC=250KG/CM2 ARMADO CON VAR N.3 A 20CM AMBOS SENTIDOS FRAGUADO NORMAL PARA CIMENTACION, ARRIOSTRES Y ESTRUCTURA, ASI COMO PARA RESANE DE PISO DEMOLIDO. INCLUYE: MATERIALES Y SU ELEVACION, PROTECCION DEL AREA DONDE SE FABRICARA,COLOCACION, VIBRADO,CURADO,ACARREO DE SOBRANTES A PIE DE CAMION, DESPERDICIOS, LIMPIEZA Y LO NECESARIO PARA SU CORRECTA EJECUCION.','A',16.00,820.15,'C','2017-10-17 22:42:13.491697',94,4),(365,1508279186809793,'AB-VS-CIM03','CABEZAL DE 0.90X0.90X0.30 MTS DE CONCRETO HECHO EN OBRA FC=200KG/CM2 ARMADO CON VAR #5 @18CM AMBOS SENTIDOS FRAGUADO NORMAL PARA CIMENTACION, ARRIOSTRES Y ESTRUCTURA. INCLUYE: MATERIALES Y SU ELEVACION, PROTECCION DEL AREA DONDE SE FABRICARA,COLOCACION, VIBRADO,CURADO,ACARREO DE SOBRANTES A PIE DE CAMION, DESPERDICIOS, LIMPIEZA Y LO NECESARIO PARA SU CORRECTA EJECUCION.','A',16.00,864.31,'C','2017-10-17 22:42:13.494924',94,4),(366,1508279186813174,'AB-VS-CIM04','CAISSON  K1 DE 70 CMS DE DIAMETRO, CON CONCRETO ARMADO CON 8 VARILLAS DE \"5 F\'Y= 4200 KG/CM2, ESPIRAL  DEL \"3 TRANSVERSAL A  CADA 15 CMS., CON CONCRETO DE F\'C= 200 KG/CM2, INCLUYE: HABILITADO, ARMADO, CIMBRA Y DESCIMBRA, COLADO, MATERIAL, MANO DE OBRA, HERRAMIENTA, EQUIPO Y TODO LO NECESARIO PARA SU CORRECTA EJECUCION.','A',32.00,1815.06,'C','2017-10-17 22:42:13.498218',94,3),(367,1508279186816748,'094-101C','LOSA DE CONCRETO ARMADO DE 10 CM DE ESPESOR, CONCRETO HECHO EN OBRA F\'C=200 KG/CM2 ARMADO CON MALLA ELECTROSOLDADA DE 6-6/10-10 ACABADO ESCOBILLADO. INCLUYE: MATERIAL, HERRAMIENTA Y MANO DE OBRA. P.U.O.T','A',850.00,275.01,'C','2017-10-17 22:42:13.501813',94,2),(368,1508279186819911,'AB-VS-EST01','SUMINISTRO Y COLOCACIÓN DE COLUMNAS DE MADERA TALLADA, DISEÑO DEFINIDO POR EL CLIENTE DIRECTAMENTE CON PROVEEDORES, INCLUYE: MATERIALES, EQUIPO, HERRAMIENTAS, HERRAMIENTA MENOR, SELLADO, TRATAMIENTO DE MADERA, ACABADO FINAL Y TODO LO NECESARIO PARA SU CORRECTA EJECUCIÓN, P.U.O.T.','A',1.00,720000.00,'C','2017-10-17 22:42:13.504970',95,5),(369,1508279186823143,'03002003','CONTRATRABE DE CIMENTACION SEC CION  .20 X .40  MTS. CONCRETO F\'C=200 KG/CM² ARMADO CON 6 VA RILLAS # 4 FY= 4200 Y ESTRIBOS DEL N.2 @ 20 CMS. F\'Y= 2400 KG /CM2. INCLUYE: MATERIALES MANO DE OBRA, CIMBRA COMUN, DESCIM- BRADO, COLADO, CURADO, VIBRADO \'DESPERDICIOS,  ACARREOS DENTRO Y  FUERA DE LA OBRA, ELEVACIÓN A CUALQUIER  ALTURA, ANDAMIOS, HERRAMIENTA, EQUIPO, RETIRO DE MATERIAL  SOBRANTE FUERA DE LA OBRA, LIMPIEZA Y TODO LO NECE- SARIO  PARA SU CORRECTA EJECU- CION P.U.O.T.                  ','A',102.40,411.19,'C','2017-10-17 22:42:13.508293',95,3),(370,1508279186826347,'SUSSISC-009C','CASTILLO DE SECCION 15X30 CMS COLADA CON CONCRETO F\'C = 200 KG/CM2 T.M.A. ¾\" RESISTENCIA NORMAL, HECHO EN OBRA, ARMADA CON 4 VARILLAS DEL # 3 Y ESTRIBOS DE ACERO DE REFUERZO DEL # 2 @ 20 CM , CONSIDERANDO CIMBRA, DESCIMBRADO. INCLUYE: MATERIAL, HERRAMIENTA, MANO DE OBRA, EQUIPO Y TODO LO NECESARIO PAA SU CORRECTA EJECUCIÓN. P.U.O.T.','A',400.07,193.09,'C','2017-10-17 22:42:13.511388',95,3),(371,1508279186829368,'013-14G1','TRABE T-1 DE CONCRETO F\'C= 250 KG/CM2, SECCION DE 20 X 40 CM ARMADO CON 5 VARILLAS DEL # 4  Y 2 BASTONES DEL # 4 FY= 4200 KG/CM2, ESTRIBOS DEL # 3 @ 15 CM. INCLUYE: MATERIALES, CIMBRA Y DESCIMBRA, FABRICACIÓN Y VACIADO DE CONCRETO, VIBRADO, HERRAMIENTA, MANO DE OBRA, ACARREOS DENTRO Y FUERA DE LA OBRA, EQUIPO, HABILITADO Y ARMADO DE ACERO, DESPERDICIOS, LIMPIEZA. U.C.T.T.','A',12.00,501.64,'C','2017-10-17 22:42:13.514417',95,3),(372,1508279186832374,'ARCISC-0090','MURO DE TABIQUE DE 15 CMS DE ESPESOR Y 35 DE ALTO DE BARRO ROJO RECOCIDO, ACABADO COMÚN, JUNTEADO CON MORTERO CEMENTO.ARENA PROP. 1:4, PARA FORMAR ESCALÓN, INCLUYE: MATERIALES, MANO DE OBRA, LIMPIEZA DEL ÁREA PARA DESPLANTAR, ACARREOS A 1RA ESTACIÓN, DESPERDICIOS, HERRAMIENTA, EQUIPO Y TODO LO NECESARIO PARA SU CORRECTA EJECUCIÓN. P.U.O.T.','A',711.57,95.71,'C','2017-10-17 22:42:13.517418',95,2),(373,1508279186835558,'AB-VS-EST02','SUMINISTRO Y COLOCACON DE VIGAS DE MADERA DE ÉBANO, CON DIMENSIONES DE 15 × 25 CMS. INCLUYE: TRATAMIENTO PARA MADERA A BASE DE PENTACLOROFENOL,  Y ACEITE DE LINAZA APLICADO CON BROCHA A DOS MANOS, MATERIAL, MANO DE OBRA, HERRAMIENTA, EQUIPO DE PROTECCIÓN CONTRA GASES TÓXICOS Y TODO LO NECESARIO PARA SU EJECUCIÓN. P.U.O.T.','A',1467.37,611.56,'C','2017-10-17 22:42:13.520608',95,3),(374,1508279186838656,'AB-VS-EST03','SUMINISTRO Y COLOCACON DE VIGAS DE MADERA DE PINO, PARA SOSTENER CUBIERTA, DE 25 X 35 CM. INCLUYE: TRATAMIENTO PARA MADERA A BASE DE PENTACLOROFENOL,  Y ACEITE DE LINAZA APLICADO CON BROCHA A DOS MANOS, MATERIAL, MANO DE OBRA, HERRAMIENTA, EQUIPO DE PROTECCIÓN CONTRA GASES TÓXICOS Y TODO LO NECESARIO PARA SU EJECUCIÓN. P.U.O.T.','A',176.32,1322.96,'C','2017-10-17 22:42:13.523702',95,3),(375,1508279186841910,'AB-VS-EST04','CUBIERTA INCLINADA A BASE DE DUROCK PARA RECIBIR TEJAS DE BARRO, SOBRE VIGAS DE MADERA: INCLUYE: IMPERMEABILIZANTE,  MANO DE OBRA, UTILIZACIÓN DE LA HERRAMIENTA Y/O EQUIPO NECESARIO, ANDAMIOS, TRASPALEOS Y TODO LO NECESARIO PARA SU CORRECTA EJECUCIÓN. P.U.O.T.','A',874.06,375.37,'C','2017-10-17 22:42:13.527091',95,2),(376,1508279186845285,'GCAISC-0045','SUMINISTRO Y COLOCACION DE TEJA DE BARRO ESMALTADA COLOR VERDE DE 30X15X1.4 CM EN CUBIERTA INCLINADA. INCLUYE: CARGO DIRECTO POR EL COSTO DE LOS MATERIALES Y MANO DE OBRA QUE INTERVENGAN, FLETE A OBRA, DESPERDICIO, ACARREO HASTA EL LUGAR DE SU UTILIZACION, COLOCACION, ELEMENTOS DE FIJACION,  DESPERDICIOS , ELEVACIONES, LIMPIEZA Y RETIRO DE SOBRANTES FUERA DE OBRA, EQUIPO DE SEGURIDAD, INSTALACIONES ESPECIFICAS, DEPRECIACION Y DEMAS CARGOS DERIVADOS DEL USO DE HERRAMIENTA Y EQUIPO, EN CUALQUIER NIVEL. P.U.O.T.','A',874.06,117.26,'C','2017-10-17 22:42:13.530331',95,2),(377,1508279186848851,'LAC-C20','LOSACERO CAL 20 A BASE DE LAMINA GALVANIZADA CAL 20 CON MALLA  ELECTROSOLDADA CAL 6X6X 10/10  CON CONECTOR PARA CORTANTE TIPO NELSON, INCLUYE: CONCRETO PREMEZCLADO F`C=250 KG/CM2 RN, AGREGADO 20 MM. Y 38 MM. REVENIMIENTO 12 +/-3.5 CMS. BOMBEABLE, GRADO DE CALIDAD \"B\", CONCRETO ESTRUCTURAL, CLASE 1, CURADOS, CIMBRA, DESCIMBRADO, FRONTERAS, Y TODO LO NECESARIO PARA SU CORRECTA COLOCACION.','A',317.26,506.17,'C','2017-10-17 22:42:13.533913',95,2),(378,1508279186851876,'ISC-0058','RAMPA DE ESCALERA DE 1.00 MTS DE ANCHO CONSIDERANDO CIMBRA Y DESCIMBRA, ACERO DE REFUERZO FY=´4000 KG/CM2, DEL NO. 4,  ( 1/2\" DE Ø ), LOSA DE CONCRETO DE F´C= 250 KG/CM2 38MM, CURADO CON AGUA, INCLUYE: MATERIAL Y MANO DE OBRA','A',13.02,820.37,'C','2017-10-17 22:42:13.536926',95,2),(379,1508279186854966,'076-07D','ESCALON DE CONCRETO DE 17CM DE PERALTE, HUELLA DE 30CM, INCLUYE NARIZ Y CHAFLAN, DE 10 CM DE ESPESOR, CONCRETO F\'C=200 KG/CM2 T.M.A. ¾\" RESISTENCIA NORMAL,  ELABORADO EN OBRA, REFORZADO CON MALLA ELECTROSOLDADA 6*6 10/10 CON ACABADO ESCOBILLADO, MATERIAL, MANO DE OBRA, EQUIPO Y HERRAMIENTA. U.C.T.T.','A',30.40,176.25,'C','2017-10-17 22:42:13.540015',95,3),(380,1508279186858000,'AB-VS-EST05','CUNETA TIPO \"U\" DE 10 CM DE ESPESOR CON CONCRETO SIMPLE HECHO EN OBRA F\'C=150 KG/CM2, CON MALLA ELECTROSOLDADA 6-6/10X10, CON REVESTIMEINTO DE PIEDRA BOLA COMO ACABADO FINAL ASENTADO CON MORTERO 1:4. INCLUYE: EXACAVACIÓN, NIVELACIÓN, RELLENO CON MATERIAL PRODUCTO DE LA EXACAVACIÓN, MATERIALES, MANO DE OBRA, HERRAMIENTA Y EQUIPO. P.U.O.T.','A',131.40,456.82,'C','2017-10-17 22:42:13.543100',95,3),(381,1508279186860988,'SUSSISC-0015','MURETE DE BLOCK DE CONCRETO RBH-60 ENTERO DE 12 X 20 X 40 CM., ASENTADO CON MORTERO CEMENTO - ARENA 1:5, CON REFUERZO HORIZONTAL TIPO ESCALERILLA A CADA 2 HILADAS, ACABADO COMUN, INCLUYE: MATERIALES, ACARREOS, MANO DE OBRA, EQUIPO Y HERRAMIENTA.','A',8.00,182.76,'C','2017-10-17 22:42:13.546032',95,2),(382,1508279186864104,'LAMB-001','LAMBRIN DE AZULEJO DE 20 X 30 MARCA VITROMEX, MODELO A ESCOGER, PARA RECUBRIMIENTO EN MURO, ASENTADO CON CEMENTO CREST, JUNTEADO CON CEMENTO BLANC, CONSIDERANDO ANDAMIO DE CABALLETE PARA ALTURAS DE 1.50 A 3.00 MTS, RECORTE, EMBOQUILLADO. INCLUYE: MATERIAL, HERRAMIENTA Y MANO DE OBRA. P.U.O.T.','A',94.23,174.56,'C','2017-10-17 22:42:13.549146',96,2),(383,1508279186867136,'068-07','LOSETA ANTIDERRAPANTE MARCA INTERCERAMIC, EN ÁREA DE PISO DE BAÑO, INCLUYE: SUMINISTRO, COLOCACIÓN, TRAZO, CORTE, LOSETA INTERCERAMIC ANTIDERRAPANTE, PEGA AZULEJO INTERCERAMIC, BOQUILLA INTERCERAMIC, MANO DE OBRA, EQUIPO Y HERRAMIENTA, DESPERDICIOS. U.C.T.T.','A',16.28,211.17,'C','2017-10-17 22:42:13.552170',96,2),(384,1508279186870237,'068-01','LOSETA VIDRIADA  DE 30 X 30 CM. MARCA INTERCERAMIC, ASENTADA CON CEMENTO CREST Y LECHADEADO CON CEMENTO BLANCO. CONSIDERANDO CORTES, DESPERDICIOS Y LIMPIEZA DE LA SUPERFICIE CON AGUA Y JABÓN. INCLUYE: MATERIAL, HERRAMIENTA Y MANO DE OBRA. P.U.O.T.','A',55.09,211.17,'C','2017-10-17 22:42:13.555286',96,2),(385,1508279186873248,'068-06','LOSETA MARCA INTERCERAMIC ANTIDERRAPANTE DE 30 X 30 CM, ASENTADA  CON CEMENTO CREST,  JUNTAS DE 3MM. CONSIDERANDO: RECORTE Y DESPERDICIO. INCLUYE: MATERIAL, HERRAMIENTA Y MANO DE OBRA. P.U.O.T.','A',190.53,184.83,'C','2017-10-17 22:42:13.558286',96,2),(386,1508279186876562,'ULSISC-0050B','PISO DE LOSETA ANTIDERRAPANTE MARCA INTERCERAMIC LINEA ISLAND MODELO BALI DE 40X40 CM EN AREAS DE PSIO DE BAÑOS ASENTADO CON PEGAZULEJO INTERCERAMIC DE BAJA ABSORCION, BOQUILLA MARCA INTERCERAMIC, INCLUYE: SUMINISTRO DE MATERIALES, MANO DE OBRA, CORTES, DESPERDICIOS, HERRAMIENTA, EQUIPO, ACARREOS Y TODO LO NECESARIO PARA SU CORRECTA EJECUCIÓN. P.U.O.T.','A',34.48,201.54,'C','2017-10-17 22:42:13.561620',96,2),(387,1508279186879633,'068-11','LOSETA MARCA INTERCERAMIC DE 30X 30 CM. ASENTADA CON MORTERO CEMENTO-AREN PROP: 1:4 Y LECHADEADO CON CEMENTO BLANCO, CONSIDERANDO RECORTE Y DESPERDICIO. INCLUYE: MATERIAL, HERRAMIENTA Y MANO DE OBRA. P.U.O.T.','A',298.24,211.17,'C','2017-10-17 22:42:13.564678',96,2),(388,1508279186883250,'AB-VS-ACA01','CENEFA CON LOSETA MARCA VITROMEX, DISEÑO DEFINIDO POR EL CLIENTE, JUENTEADO CON MORTERO CEMENTO-ARENA PRP. 1:4.  INCLUYE: MATERIAL, MANO DE OBRA, EQUIPO Y HERRAMIENTA P.U.O.T.','A',260.00,53.80,'C','2017-10-17 22:42:13.568281',96,3),(389,1508279186886039,'068-06B','LOSETA DE CERÁMICA MODELO DESERT PEI-IV DE 33X33 CM., INTERCERAMIC, ASENTADO CON PEGA AZULEJO Ó CEMENTO CREST, CON JUNTA DE 6 MM. DE ESPESOR, INCLUYE: SUMINISTRO DE MATERIALES, COLOCACIÓN, CORTES RECTOS, REMATES, EMBOQUILLADOS A 45°, ACARREOS, MANO DE OBRA, HERRAMIENTA, EQUIPO Y LIMPIEZA. (U.C.T.T.)','A',393.57,138.96,'C','2017-10-17 22:42:13.571207',96,2),(390,1508279186889793,'KA-CON08','PINTURA VINÍLICA MARCA COMEX EN PLAFONES Y/O TRABES A 2 MANOS CONSIDERANDO PREPARACIÓN DE LA SUPERFICIE , APLICACIÓN DE SELLADOR Y ANDAMIO DE CABALLETE PARA ALTURAS DE 1.50 A 3.00 MTS. INCLUYE: MATERIAL, USO DE ANDAMIOS, MANO DE OBRA Y HERRAMIENTA. P.U.O.T.','A',396.65,53.08,'C','2017-10-17 22:42:13.574885',96,2),(391,1508279186894493,'084-02B','PINTURA VINIL-ACRILICA PARA INTERIOR EN MUROS,  MARCA COMEX A DOS MANOS,O SIMILAR EN  CALIDAD  Y CARACTERISTICAS  TECNICAS, SEGUN PALETA DE COLORES INCLUYE: SEÑALIZACION, PROTECCION  DE  LA  SUPERFICIE ADYACENTE CON  MASQUINTAPE,  PAPEL  Y  PLASTICO,   LIMPIEZA Y PREPARACION  DE  LA  SUPERFICIE, RESANES, UNA BASE DE - LIJADO,  EMPLASTE SELLADOR VINILICO EN  PROPORCION    5 X 1 PARA SUPERFICIES LISAS Ó  3 X 1 PARA SUPERFICIES RUGOSAS DESPERDICIOS, ANDAMIOS,  MATERIALES,  MANO DE OBRA,  HERRA MIENTA, EQUIPO, ACARREOS  DENTRO Y FUERA DE  LA OBRA,  LIMPIEZA Y TODO LO NECESARIO PARA   SU CORRECTA EJECUCION.P.U.O.T. . P.U.O.T.','A',1535.36,45.28,'C','2017-10-17 22:42:13.579563',96,2),(392,1508279186897613,'DSCO-013','PINTURA VINIL-ACRILICA PARA EXTERIOR EN MUROS,  MARCA COMEX A DOS MANOS,O SIMILAR EN  CALIDAD  Y CARACTERISTICAS  TECNICAS, SEGUN PALETA DE COLORES INCLUYE: SEÑALIZACION, PROTECCION  DE  LA  SUPERFICIE ADYACENTE CON  MASQUINTAPE,  PAPEL  Y  PLASTICO,   LIMPIEZA Y PREPARACION  DE  LA  SUPERFICIE, RESANES, UNA BASE DE - LIJADO,  EMPLASTE SELLADOR VINILICO EN  PROPORCION    5 X 1 PARA SUPERFICIES LISAS Ó  3 X 1 PARA SUPERFICIES RUGOSAS DESPERDICIOS, ANDAMIOS,  MATERIALES,  MANO DE OBRA,  HERRA MIENTA, EQUIPO, ACARREOS  DENTRO Y FUERA DE  LA OBRA,  LIMPIEZA Y TODO LO NECESARIO PARA   SU CORRECTA EJECUCION.P.U.O.T. . P.U.O.T.','A',421.79,37.36,'C','2017-10-17 22:42:13.582705',96,2),(393,1508279186901299,'068-51','ZOCLO DE 10X20 CM  MARCA  INTERCERAMIC, MODELO A ESCOGER ASENTADO CON  MORTERO CEMENTO1:4, LECHADO CON MEZCLA DE CEMENTO BLANCO-AGUA. CONSIDERANDO. RECORTE Y DESPERDICIO. INCLUYE:MATERIAL, HERRAMIENTA Y MANO DE OBRA. P.U.O.T.','A',416.08,38.10,'C','2017-10-17 22:42:13.586358',96,3),(394,1508279186905248,'MDT-001','FALSO PLAFON MARCA DUROCK O SIMILAR CON BASTIDOR A BASE DE POSTE CAL. 20 Y CANAL SUPERIOR E INFERIOR CAL. 22, SELLADO DE JUNTAS CON CEMENTO FLEXIBLE MARCA DUROCK O SIMILAR; INCLUYE:MATERIAL, ANDAMIOS, MANO DE OBRA, HERRAMIENTA Y MANO DE OBRA.','A',396.65,349.83,'C','2017-10-17 22:42:13.590304',96,2),(395,1508279186908328,'ACA-005B','PUERTA DE TAMBOR DE 0.65 A 1.10 X 2.10 MTS. A BASE DE BASTIDOR DE MADERA, PEINAZOS DE 25 X 50 MM. A CADA 30 CM. EN AMBOS SENTIDOS, UNION ESPIGA CAJA CON PEGAMENTO, FORRO DE TRIPLAY DE 1ª DE 6 MM. DE ESPESOR, MARCO SENCILLO DE MADERA DE PINO CON CHAMBRANAS, RESANADOR PRIMER PIROXILINA-CEMENTO BLANCO, PINTURA COMEX LACA, A 2 MANOS, INCLUYE: ACARREOS CORTES, DESPERDICIOS, FIJACION, 3 BISAGRAS LATONADAS TIPO DE LIBRO MCA. FALIAL O SIMILAR DE 76 X 76 MM., AJUSTE, MATERIAL, MANO DE OBRA, HERRAMIENTA, EQUIPO.','A',7.00,2711.69,'C','2017-10-17 22:42:13.593401',97,4),(396,1508279186912032,'AB-VS-CAR01','PUERTA DE MADERA MACIZA DE ÉBANO DE 2.50 X 2.20 M., UNION ESPIGA CAJA CON PEGAMENTO, 2 FIJOS Y 1 SENCILLO, MARCO SENCILLO DE MADERA DE ÉBANO CON CHAMBRANAS, BARNÍZ  DE COLOR A ELECCIÓN DEL CLIENTE.  INCLUYE: ACARREOS, CORTES, DESPERDICIOS, FIJACIÓN, 6 BISAGRAS LATONADAS TIPO DE LIBRO MCA. FALIAL O SIMILAR DE 76 X 76 MM., AJUSTE, MATERIAL, MANO DE OBRA, HERRAMIENTA, EQUIPO.','A',2.00,40679.51,'C','2017-10-17 22:42:13.597119',97,4),(397,1508279186915530,'AB-VS-CAR02','PUERTA MADERA DE ÉBANO DE 1.92 X 2.20 M. CON VITRAL AL CENTRO A DISEÑO DEL CLIENTE,  SELLADO PERIMETRAL CON SILICÓN, MARCO SENCILLO DE MADERA DE ÉBANO CON CHAMBRANAS, BARNÍZ DE COLOR A ELECCIÓN DEL CLIENTE. INCLUYE: ACARREOS, CORTES, DESPERDICIOS, FIJACIÓN, 6 BISAGRAS LATONADAS TIPO DE LIBRO MCA. FALIAL O SIMILAR DE 76 X 76 MM., AJUSTE, MATERIAL, MANO DE OBRA, HERRAMIENTA, EQUIPO.','A',3.00,32482.93,'C','2017-10-17 22:42:13.600590',97,4),(398,1508279186918489,'AB-VS-CAR03','VENTANA DE MADERA, CON CRISTAL CLARO DE 6 MM DE ESPESOR Y MOLDURAS SEGÚN DISEÑO. CONSIDERANDO APLICACIÓN DE BARNIZ DE COLOR A ELECCIÓN DEL CLIENTE. INCLUYE: SELLADO PERIMETRAL CON SILICÓN, MATERIALES, MANO DE OBRA, HERRAMIENTA, EQUIPO Y TODO LO NECESARIO PARA SU CORRECTA EJECUCIÓN. P.U.O.T.','A',31.10,579.82,'C','2017-10-17 22:42:13.603509',97,2),(399,1508279186922229,'AB-VS-CAR04','CANCELERIA  DE MADERA PARA VENTANAS CON VIDRIO DE 6 MM, SEGÚN DISEÑO. INCLUYE: SUMINISTRO DE MATERIAL, MANO DE OBRA, HERRAMIENTA, EQUIPO, ACARREOS, DESPERDICIOS, ACCESORIOS DE FIJACION, LIMPIEZA  Y  TODO LO NECESARIO PARA SU CORRECTA EJECUCION. P.U.O.T.','A',118.95,579.82,'C','2017-10-17 22:42:13.607509',97,2),(400,1508279186926146,'CLOSET-01','CLOSET TIPO TAMBOR DE TRIPLAY PINO DE 1A DE 6 MM DE 2.20 X 0.75 X 2.40 MTS. DE ALTURA A BASE DE BASTIDOR DE MADERA, PEINAZOS DE 25 X 50 MM. A CADA 30 CM. EN AMBOS SENTIDOS, UNION ESPIGA, CON 4 ENTREPAÑOS TIPO TAMBOR CON TRIPLAY DE PINO DE 1A DE 6MM. Y BASTIDOR DE MADERA, PEINAZOS DE 25 X 50 MM. A CADA 30 CM. EN AMBOS SENTIDOS, UNION ESPIGA, 2 PUERTAS CORREDIZAS, 3 MANOS DE BARNIZ, INCLUYE: BARNIZ, HERRAJES, MATERIAL, MANO DE OBRA, HERRAMIENTA, EQUIPO Y TODO LO NECESARIO PARA SU CORRECTO FUNCIONAMIENTO','A',15.00,11464.39,'C','2017-10-17 22:42:13.611200',97,4),(401,1508279186929064,'AB-VS-CAR05','COCINA INTEGRAL CONSTRUIDA CON MADERA, TERMINADO EN PINTURA DE ESMALTE COLOR ELEGIDO POE EL CLIENTE, FIJADA. INCLUYE ALACENA, CON PUERTAS ABATIBLES, CONSTRUIDA CON MADERA, SUMINISTRO Y COLOCACION.','A',1.00,115000.00,'C','2017-10-17 22:42:13.614087',97,4),(402,1508279186933136,'BAR-SP01','BARANDAL METÁLICO DE 0.90 MTS. DE ALTURA A BASE HERRERÍA, CON DOS BARRAS SUPERIOR E INFERIOR DE PERFIL TUBULAR DE 2 1/2\" (64 MM) C-250 CAL 14 Y BARROTES VERTICALES DE PERFIL TUBULAR DE 1 1/4\" (32 MM) C-125 CAL 14, CON SEPARACION DE 13 CMS ENTRE CENTROS DE BARRA Y CORTE DE ACUERDO A DISEÑO A 45º CON UN DESARROLLO DE 1.0 MTS C/U; ANCLADO A LOSA CON REDONDO DE 5/8\", ACABADO CON UNA MANO DE PRIMER ANTICORROSIVO Y DOS MANOS DE PINTURA DE ESMALTE 100 (ALQUIDÁLICO) MARCA COMEX O SIMILAR; INCLUYE: SUMINISTRO Y COLOCACIÓN, MATERIAL, HERRAMIENTA, EQUIPO,  MANO DE OBRA, ACARREO Y TODO LO NECESARIO PARA SU CORRECTA EJECUCIÓN. P.U.O.T.','A',8.93,816.34,'C','2017-10-17 22:42:13.618200',98,3),(403,1508279186936257,'BAR-001','BARANDAL TIPO COLONIAL A BASE DE SOLERA DE 3/4\" X 3/16\" CON CUADRADO 1/2\" EN ARREGLOS ANGULARES, CON NUDO CENTRAL INGLES, PASAMANO CAL 18 PINT 160; INCLUYE: PRIMMER ANTICORROSIVO, ACABADO EN  PINTURA ESMALTE COLOR A ELEGIR A DOS MANOS, MATERIAL , MANO DE OBRA, EQUIPO, HERRAMIENTA, ACARREOS Y TODO LO NECESARIO PARA SU CORRECTA EJECUCION. P.U.O.T.','A',23.14,1246.07,'C','2017-10-17 22:42:13.621299',98,3),(404,1508279186939581,'ISC-0078',' ESCALERA DE CARACOL HECHA A BASE DE ANGULO, SOLERA Y TUBO DE 3\" ALTURA MAX DE 6M CON PASAMANOS, INCLUYE: SUMINISTRO, COLOCACION, HERRAMIENTA Y EQUIPO.','A',1.00,8732.98,'C','2017-10-17 22:42:13.624635',98,4),(405,1508279186942493,'092-04.5','ACOMETIDA ELECTRICA, CONEXION DE TRANSFORMADOR A  DELEGACION O CASA HABITACION A UNA ALTURA  DE 6 MTS. INCLUYE: INSTALACION DE CABLE DE ALUMINO No 8 DE ALUMINIO A 2 HILOS, MATERIAL, MANO DE OBRA, HERRAMIENTA, EQUIPO, ELEVACIONES Y TODO LO NECESARIO PARA SU CORRECTA EJECUCIÓN. P.U.O.T.','A',1.00,1520.85,'C','2017-10-17 22:42:13.627513',99,4),(406,1508279186945191,'049-02','INTERRUPTOR DE CUCHILLAS 2X30 AMPERS. CONSIDERANDO PRUEBAS , FUSIBLES, TAQUETES, PIJAS. INCLUYE: MATERIAL, HERRAMIENTA Y MANO DE OBRA. U.C.T.T.','A',1.00,252.68,'C','2017-10-17 22:42:13.630196',99,4),(407,1508279186948224,'048-01D','CENTRO DE CARGA QO8 O SIMILAR SQUARE\'D CON TAQUETES Y TORNILLOS. INCLUYE: MATERIAL, HERRAMIENTA Y MANO DE OBRA. P.U.O.T.','A',1.00,487.32,'C','2017-10-17 22:42:13.633291',99,4),(408,1508279186950928,'INS-005','INTERRUPTOR TERMOMAGNETICO DE 30 AMPS 2 PIEZAS, PARA PROTECCION DE INSTALACION ELECTRICA, INCLUYE GABINETE, MATERIAL MARCA SQUARE, DEMOLICIONES, RESANES, PRUEBAS, CABLEADO ( 6MTS. MAXIMO DE INTERCONEXION ) Y TODO LO NECESARIO PARA SU CORRECTO FUNCIONAMIENTO.','A',8.00,822.44,'C','2017-10-17 22:42:13.635938',99,4),(409,1508279186953817,'INS-002','SALIDA ELECTRICA PARA CONTACTOS, INCLUYE MATERIALES Y MANO DE OBRA. INCLUYE ACCESORIOS BTICINO LINEA MODUS EN COLOR BLANCO. ( CABLE IUSA CAL. 12 TAPA, CONTACTO DOBLE EN COLOR BLANCO ), EXCAVACIONES A INSTALACIONES EXISTENTES.','A',40.00,357.94,'C','2017-10-17 22:42:13.638954',99,6),(410,1508279186957063,'05000006','SALIDA PARA APAGADOR SENCILLO, INCLUYE: POLIDUCTO DE 13  MM., CABLEADO, CHALUPA, TAPA, PLACA ENTUBADO, CABLEADO,  CANALETA, APAGADOR, CONEXION,  MATERIAL, MANO DE OBRA, HERRAMIENTA,  E- QUIPO Y TODO LO NECESARIO PARA SU EJECUCION. P.U.O.T.         ','A',40.00,455.00,'C','2017-10-17 22:42:13.642090',99,7),(411,1508279186959985,'ISC-051','SALIDA ELÉCTRICA PARA CONTACTO Y/O LAMPARA CON UN DESARROLLO MÁXIMO DE 5.00 MTS. EL PRECIO INCLUYE: CABLE THW CAL. 12, CABLE DESNUDO CAL 14, TUBO CONDUIT PARED GRUESA 3/4\", CHALUPA,  MANO DE OBRA Y TODOS LOS MATERIALES PARA LA CORRECTA EJECUCIÓN DEL P.U.O.T.','A',128.00,401.75,'C','2017-10-17 22:42:13.645008',99,6),(412,1508279186962767,'AB-VS-IE01','SALIDA ELÉCTRICA PARA PISO CON UN DESARROLLO MÁXIMO DE 5.00 MTS. EL PRECIO INCLUYE: CABLE THW CAL. 12, CABLE DESNUDO CAL 14, TUBO CONDUIT PARED GRUESA 3/4\", CHALUPA,  MANO DE OBRA Y TODOS LOS MATERIALES PARA LA CORRECTA EJECUCIÓN DEL P.U.O.T.','A',84.00,449.39,'C','2017-10-17 22:42:13.647810',99,6),(413,1508279186966135,'AB-VS-IE02','SUMINISTRO Y COLOCACION DE LUMINARIA,  MARCA TECNOLITE, MODELO CTL-0003/OP BAMBERA, CON UN TERMINADO CRISTAL OPALINO. INCLUYE: SUMINISTRO DE MATERIALES, HERRAMIENTA EQUIPO, ANDAMIOS, ELEVACIONES, ACCESORIOS, MANO DE OBRA Y TODO LO NECESARIO PARA SU CORRECTA EJECUCIÓN. P.U.O.T.','A',3.00,1757.30,'C','2017-10-17 22:42:13.651166',99,4),(414,1508279186968936,'AB-VS-IE03','SUMINISTRO Y COLOCACION DE LUMINARIA,  MARCA TECNOLITE, MODELO CLT-6021 BASTIA, CON UN TERMINADO DE ALUMINIO. INCLUYE: SUMINISTRO DE MATERIALES, HERRAMIENTA EQUIPO, ANDAMIOS, ELEVACIONES, ACCESORIOS, MANO DE OBRA Y TODO LO NECESARIO PARA SU CORRECTA EJECUCIÓN. P.U.O.T.','A',9.00,1295.90,'C','2017-10-17 22:42:13.653958',99,4),(415,1508279186973026,'AB-VS-IE04','SUMINISTRO Y COLOCACION DE LUMINARIA,  MARCA TECNOLITE, MODELO CLT-8160/M LOSANNA, CON UN TERMINADO DE MADERA. INCLUYE: SUMINISTRO DE MATERIALES, HERRAMIENTA EQUIPO, ANDAMIOS, ELEVACIONES, ACCESORIOS, MANO DE OBRA Y TODO LO NECESARIO PARA SU CORRECTA EJECUCIÓN. P.U.O.T.','A',15.00,2360.50,'C','2017-10-17 22:42:13.658115',99,4),(416,1508279186976035,'AB-VS-IE05','SUMINISTRO Y COLOCACION DE LUMINARIA,  MARCA TECNOLITE, MODELO PTL-5025/M FORLI, CON UN TERMINADO DE MADERA OSCURA. INCLUYE: SUMINISTRO DE MATERIALES, HERRAMIENTA EQUIPO, ANDAMIOS, ELEVACIONES, ACCESORIOS, MANO DE OBRA Y TODO LO NECESARIO PARA SU CORRECTA EJECUCIÓN. P.U.O.T.','A',37.00,728.10,'C','2017-10-17 22:42:13.661052',99,4),(417,1508279186978775,'AB-VS-IE06','SUMINISTRO Y COLOCACION DE LUMINARIA,  MARCA TECNOLITE, MODELO FTL-7356 SIENA II, CON UN TERMINADO NEGRO. INCLUYE: SUMINISTRO DE MATERIALES, HERRAMIENTA EQUIPO, ANDAMIOS, ELEVACIONES, ACCESORIOS, MANO DE OBRA Y TODO LO NECESARIO PARA SU CORRECTA EJECUCIÓN. P.U.O.T.','A',28.00,461.90,'C','2017-10-17 22:42:13.663832',99,4),(418,1508279186981972,'AB-VS-IE07','SUMINISTRO Y COLOCACION DE LUMINARIA, MARCA TECNOLITE, MODELO FTL-7355 SIENA, CON UN TERMINADO NEGRO. INCLUYE: SUMINISTRO DE MATERIALES, HERRAMIENTA EQUIPO, ANDAMIOS, ELEVACIONES, ACCESORIOS, MANO DE OBRA Y TODO LO NECESARIO PARA SU CORRECTA EJECUCIÓN. P.U.O.T.','A',43.00,437.32,'C','2017-10-17 22:42:13.666992',99,4),(419,1508279186984661,'AB-VS-IE08','SUMINISTRO Y COLOCACION DE LUMINARIA,  MARCA TECNOLITE, MODELO HLED-651/30 ORBIX, CON UN TERMINADO SATINADO. INCLUYE: SUMINISTRO DE MATERIALES, HERRAMIENTA EQUIPO, ANDAMIOS, ELEVACIONES, ACCESORIOS, MANO DE OBRA Y TODO LO NECESARIO PARA SU CORRECTA EJECUCIÓN. P.U.O.T.','A',41.00,1473.30,'C','2017-10-17 22:42:13.669675',99,4),(420,1508279186987674,'AB-VS-IE09','SUMINISTRO Y COLOCACION DE LUMINARIA,  MARCA TECNOLITE, MODELO YSNLED-368, CON UN TERMINADO BLANCO. INCLUYE: SUMINISTRO DE MATERIALES, HERRAMIENTA EQUIPO, ANDAMIOS, ELEVACIONES, ACCESORIOS, MANO DE OBRA Y TODO LO NECESARIO PARA SU CORRECTA EJECUCIÓN. P.U.O.T.','A',12.00,479.70,'C','2017-10-17 22:42:13.672696',99,4),(421,1508279186990407,'AB-VS-IE10','SUMINISTRO Y COLOCACION DE LUMINARIA,   MARCA TECNOLITE, MODELO HLED-804 ANSHAN II, CON UN TERMINADO BLANCO. INCLUYE: SUMINISTRO DE MATERIALES, HERRAMIENTA EQUIPO, ANDAMIOS, ELEVACIONES, ACCESORIOS, MANO DE OBRA Y TODO LO NECESARIO PARA SU CORRECTA EJECUCIÓN. P.U.O.T.','A',8.00,586.10,'C','2017-10-17 22:42:13.675426',99,4),(422,1508279186993102,'AB-VS-IE11','SUMINISTRO Y COLOCACION DE LUMINARIA, MARCA TECNOLITE, MODELO CTL-8100/S LERIDA, CON UN TERMINADO CRISTAL OPALINO. INCLUYE: SUMINISTRO DE MATERIALES, HERRAMIENTA EQUIPO, ANDAMIOS, ELEVACIONES, ACCESORIOS, MANO DE OBRA Y TODO LO NECESARIO PARA SU CORRECTA EJECUCIÓN. P.U.O.T.','A',8.00,577.30,'C','2017-10-17 22:42:13.678113',99,4),(423,1508279186996123,'040-93','CISTERNA PREFABRICADA CON CAPACIDAD DE 10,000 LTS. INC: ACCESORIOS, TALES COMO VALVULAS, CONEXIONES, BOMBA ELECTRICA ETC. MANO DE OBRA Y HERRAMIENTA. P.U.O.T.','A',1.00,19450.24,'C','2017-10-17 22:42:13.681153',100,4),(424,1508279186999788,'TIN-001','TINACO DE POLIETILENO DE ALTA DENSIDAD DE CAPACIDAD 1100 LTS. ROTOPLAS O SIMILAR, INCLUYE  SUMINISTRO DE MATERIALES, COLOCACIÓN, CONEXIONES, ACARREOS, ELEVACIÓN, MANO DE OBRA, HERRAMIENTA, EQUIPO, PRUEBAS, LIMPIEZA. (U.C.T.T.)','A',2.00,2312.27,'C','2017-10-17 22:42:13.684825',100,4),(425,1508279187002951,'INS-003','SALIDA HIDRÁULICA A UNA DISTANCIA NO MAYOR A 6.0 M, INCLUYE TUBERÍA DE COBRE TIPO M EN 13 Y 19 MM (SEGÚN REQUIERA), CODOS, COPLES, TEES, YEES, MATERIAL DE CONSUMO, PRUEBAS, EXCAVACIONES, RELLENOS, INTERCONEXIONES, DERIVACIONES. DEMOLICIONES Y CONEXIONES A INSTALACIONES EXISTENTES, MANO DE OBRA, HERRAMIENTAS Y TODO LO NECESARIO PARA SU CORRECTA EJECUCIÓN.','A',35.00,822.89,'C','2017-10-17 22:42:13.688018',100,6),(426,1508279187005929,'INS-004','SALIDA SANITARIA, A UNA DISTANCIA PROMEDIO A 6.0 M, INCLUYE TUBERÍA DE 2,3 Y 4 SEGÚN REQUIERA, CODOS COPLES, TEES, MATERIAL DE CONSUMO, EXCAVACIONES, RELLENOS,INTERCONEXIONES,DERIVACIONES,DEMOLICIONES Y CONEXIONES A INSTALACIONES EXISTENTES, MATERIAL MANO DE OBRA, HERRAMIENTA Y TODO LO NECESARIO PARA SU CORRECTO FUNCIONAMIENTO INCLUYE PRUEBAS.','A',31.00,510.89,'C','2017-10-17 22:42:13.690945',100,6),(427,1508279187008576,'AB-VS-IHS01','SUMINISTRO Y COLOCACION DE W.C., MODELO: NIZA, COLOR BLANCO. PROOVEDOR; CORONA. CON MEZCLADORA. INCLUYE: MATERIAL, HERRAMIENTA Y MANO DE OBRA. P.U.O.T.','A',8.00,1843.59,'C','2017-10-17 22:42:13.693587',100,4),(428,1508279187011505,'ULS-113','SUMINISTRO Y COLOCACION DE LAVABO OVALIN RONDALIN DE SOBREPONER, COLOR BLANCO INCLUYE: ACCESORIOS. CESPOL PARA LAVABO. LLAVE ANGULAR, CONTRAREJILLA, MATERIAL, MANO DE OBRA Y HERRAMIENTA. P.U.O.T.','A',8.00,1988.84,'C','2017-10-17 22:42:13.696540',100,4),(429,1508279187014339,'AB-VS-IHS02','SUMINISTRO Y COLOCACION DE REGADERA MODELO: TANA CUADRADA ULTRA DELGADA, COLOR CROMO. CON MEZCLADOR MODELO: LENA CROMADO. PROOVEDOR: CORONA. INCLUYE: MANO DE OBRA CALIFICADA, MATERIALES, HERRAMIENTA, PRUEBAS Y LIMPIEZA. ','A',7.00,1764.13,'C','2017-10-17 22:42:13.699421',100,4),(430,1508279187017436,'AB-VS-IHS03','SUMINISTRO Y COLOCACION DE LAVADERO CON LLAVE DE NARIZ. INCLUYE: MANO DE OBRA CALIFICADA, MATERIALES, HERRAMIENTA, PRUEBAS Y LIMPIEZA. ','A',1.00,362.08,'C','2017-10-17 22:42:13.702453',100,4),(431,1508279187020586,'AB-VS-IHS04','SUMINISTRO Y COLOCACION DE TINA DE HIDROMASAJE. MODELO: TINA CHATUR, SPA, MARCA KLIPEN, ACABADO BRILLANTE, COLOR BLANCO, LÍNEA PREMIUM, ESTILO DOBLE ISLA. INCLUYE: MANO DE OBRA CALIFICADA, MATERIALES, HERRAMIENTA, PRUEBAS Y LIMPIEZA. ','A',1.00,27945.85,'C','2017-10-17 22:42:13.705625',100,4),(432,1508279187023703,'AB-VS-IHS05','SUMINISTRO Y COLOCACIÓN DE PORTAPAPEL CROMADO MARCA DELTA. INCLUYE: MATERIAL, HERRAMIENTA Y MANO DE OBRA. P.U.O.T.','A',8.00,1323.40,'C','2017-10-17 22:42:13.708753',100,4),(433,1508279187027789,'AB-VS-IHS06','SUMINISTRO Y COLOCACIÓN DE TOALLERO DE BARRA MCA. DELTA CROMADA. INCLUYE: MATERIAL, HERRAMIENTA Y MANO DE OBRA. P.U.O.T.','A',8.00,936.48,'C','2017-10-17 22:42:13.712832',100,4),(434,1508279187031022,'AB-VS-IHS07','SUMINISTRO Y COLOCACIÓN DE JABONERA MCA. DELTA CROMADA. INCLUYE: MATERIAL, HERRAMIENTA Y MANO DE OBRA. P.U.O.T.','A',8.00,855.09,'C','2017-10-17 22:42:13.716195',100,4),(435,1508279187034409,'AB-VS-IHS08','SUMINISTRO Y COLOCACION DE CANCEL  DE ALUMINIO ANODIZADO NATURAL PARA BAÑO CON ACRILICO DE 1.42 X 2.20 M. INCLUYE: CORTES, DESPERDICIOS Y ACARREO DE MATERIALES AL SITIO DE SU UTILIZACION A CUALQUIER NIVEL','A',7.00,2057.98,'C','2017-10-17 22:42:13.719469',100,4),(436,1508279187037411,'AB-VS-IHS09','SUMINISTRO Y COLOCACION DE COLADERA HELVEX MOD. UNA BOCA 282-35-CHLI. INCLUYE: MATERIALES MENORES, PRUEBAS Y ACARREOS.','A',8.00,3267.67,'C','2017-10-17 22:42:13.722444',100,4),(437,1508279187040158,'094-48B','REGISTRO DE 40X60 CM Y  DE 1.00 A 1.50 CMS DE PROFUNDIDAD, CON MUROS DE TABIQUE COMUN DE 12.5 CM DE ESPESOR ASENTADO CON MORTERO CEMENTO-ARENA PROP: 1:5, APLANADO PULIDO INTERIOR CON CEMENTO GRIS, CONSIDERANDO: TAPA DE CONCRETO DE 60 X 40 CM Y CONTRAMARCO DE ANGULO 1 1/4\",  EXCAVACION, RELLENO, CONEXION DE TUBO. INCLUYE: MATERIAL, HERRAMIENTA Y MANO DE OBRA.  P.U.O.T.','A',15.00,1235.72,'C','2017-10-17 22:42:13.725175',100,4),(438,1508279187042888,'DSCO-026','BAJADA DE AGUAS PLUVIALES  DE PVC  DE 4\" CON UN DESARROLLO DE 4.00 MTS. INCLUYE: MATERIAL, MANO DE OBRA, HERRAMIENTA P.U.O.T.','A',1.00,169.88,'C','2017-10-17 22:42:13.727917',100,4),(439,1508279187045791,'GCAISC-0043','CONEXIÓN A LINEA DE DRENAJE MUNICIPAL, CON TUBERÍA DE ALBAÑAL DE 6\", INCLUYE EXCAVACIONES RELLENOS, DEMOLICIÓN Y REPOSICIÓN DE CARPETA ASFÁLTICA, LONGITUD ESTIMADA 4.5M (A LA CALLE DE PLAZA ESPAÑA), INCLUYE MATERIALES, MANO DE OBRA EQUIPO HERRAMIENTA Y TODO LO NECESARIO PARA SU CORRECTA EJECUCIÓN. P.U.O.T.','A',1.00,1549.43,'C','2017-10-17 22:42:13.730808',100,6),(440,1508279187048988,'094-55','CAJA PARA OPERACION DE VALVULAS. INCLUYE: PLANTILLA DE CONCRETO F\'C=100 KG/CM2 DE 10 CM DE ESPESOR, MURO DE TABIQUE RECOCIDO JUNTEADO CON MORTERO CEMENTO ARENA 1:3, SUMINISTRO Y HABILITADO DE ACERO DE REFUERZO, CORTES, AMARRES, CIMBRA DE MADERA O DESCIMBRADO, ELABORACION DE CONCRETO, VACIADO, COLADO, CURADO, SUMINISTRO DE LOS MATERIALES EN EL LUGAR DE LOS TRABAJOS Y TODO LO NECESARIO PARA SU CORRECTA EJECUCION.','A',1.00,1328.36,'C','2017-10-17 22:42:13.734021',100,4),(441,1508279187052022,'AB-VS-IHS10','SUMINISTRO Y COLOCACIÓN DE CALENTADOR DE 16 LTS AUTOMATICO BOSCH SIMILAR EN CARACTERISTICAS Y CALIDAD, INCLUYE: SOPORTE DE TUBO GALVANIZADO EMPOTRADO A MURO, RESANES, PRUEBAS DE FUNCIONAMIENTO, TODOS LOS MATERIALES QUE INTERVENGAN, MANO DE OBRA, HERRAMIENTA, EQUIPO, ACARREOS Y TODO LO NECESARIO PARA SU CORRECTA COLOCACIÓN. ','A',2.00,8562.27,'C','2017-10-17 22:42:13.737055',100,4),(442,1508279187054942,'AB-VS-IHS11','EQUIPO HIDRONEUMATICO DUPLEX, Q=3.03 L/S H= 22/32 MCA, INCLUYE:2 BOMBAS CENTRIFUGAS HORIZONTALES MCA. AURORA - PICSA 1X1+X7 /341, MOTOR ELECTRICO 3 HP, 3500 RPM, 60 HZ, 3F, 220/440 VOLTS, 1 TABLERO MCA. TC MODELO TPI-2BA-3-LB-SG-M-220 VOLTS, 1 TANQUE DE DIAFRAGMA MCA. WELL-X-TROL O EQ. DE 400 LTS. 1 JUEGO DE ACCESORIOS CON VALVULA DE ALIVIO WATT\'S 19MM Y AMORTIGUADOR DE GOLPE DE ARIETE','A',1.00,81086.00,'C','2017-10-17 22:42:13.739969',100,4),(443,1508279187057857,'ISC-018','SUMINISTRO Y COLOCACION DE TANQUE ESTACIONARIO CYTSA CAP. 300 LTS., INCLUYE: REGULADOR','A',1.00,3207.79,'C','2017-10-17 22:42:13.742970',100,4),(444,1508279187060902,'AB-VS-IHS12','SUMINISTRO Y COLOCACIÓN DE TRAMPA DE GRASA MARCA SKINCO, MODELO 250 I O SIMILAR EN CALIDAD Y CARACTERISTICAS, INCLUYE: EXCAVACIÓN, ARENA O TAMIZADO DE RELLENO, TAPA, CODO DE 2\" PARA LA ENTRADA DE AGUA, TE DE 2\" PARA LA SALIDA, TUBO DE 0.35 M, TUBO DE 0.45M, MANO DE OBRA, HERRAMIENTAS Y TODO LO NECESARIO PARA SU CORRECTA EJECUCIÓN. ','A',1.00,6912.37,'C','2017-10-17 22:42:13.745934',100,4),(445,1508279187063679,'AB-VS-IHS13','SUMINISTRO Y COLOCACIÓN DE POZO SÉPTICO MARCA SKINCO O SIMILAR EN CARACTERISTICAS Y CALIDAD, A BASE DE POLIETILENO DE 1000 Lts; INCLUYE; EXCAVACIÓN, RELLENO CON MATERIAL BLANDO, TAPA, CODO DE 4\" PARA ENTREDA, TE DE 4\" PARA LA SALIDA, HERRRAMIENTAS, EQUIPO Y TODO LO NECESARIO PARA SU CORRECTA INSTALACIÓN.','A',1.00,9255.23,'C','2017-10-17 22:42:13.748694',100,4),(446,1508279187067370,'AB-VS-IHA14','SUMINISTRO Y COLOCACIÓN DE TANQUE SÉPTICO MARCA SKINCO O SIMILAR EN CARACTERISTICAS Y CALIDAD, A BASE DE POLIETILENO DE 1000 Lts; INCLUYE; EXCAVACIÓN, RELLENO CON MATERIAL BLANDO, TAPA, CODO DE 4\" PARA ENTREDA, TE DE 4\" PARA LA SALIDA, HERRRAMIENTAS, EQUIPO Y TODO LO NECESARIO PARA SU CORRECTA INSTALACIÓN.','A',1.00,9799.79,'C','2017-10-17 22:42:13.752431',100,4),(447,1508279187070392,'AB-VS-EQ01','PREPARACIÓN PARA MINISPLIT DE 2 TON AHOGADA EN MURO, CON BASE DE HERRERIA, INCLUYE: INSTAQLACIÓN DE TUBERIAS, INTERCONEXIONES, AISLANTE DETALLADO Y LIMPIEZA DEL AREA, MANIOBRAS Y TODO LO NECESARIO PARA SU CORRECTA INSTALACIÓN. ','A',1.00,7685.82,'C','2017-10-17 22:42:13.755422',101,8),(448,1508279187073214,'AB-VS-EQ02','SIMINISTRO E INSTALACIÓN DE MINISPLIT DE 2 TON AHOGADA EN MURO, CON BASE DE HERRERÍA, INCLUYE: INSTALACIÓN DE TUBERÍAS, INTERCONEXIONES, AISLANTE DETALLADO Y LIMPIEZA DEL AREA, MANIOBRAS TODO LO NECESARIO PARA SU CORRECTA INSTALACIÓN.','A',1.00,24353.22,'C','2017-10-17 22:42:13.758256',101,4),(449,1508279187076366,'AB-VS-EQ03','SUMINISTRO Y COLOCACIÓN DE AIRE ACONDICIONADO TECHO, CONDUCTO OCULTO, INVERTER (53,900 Btu/h) MODELO ABNQ54GRLA0, DE 950 X 1380 X 330 MM, INCLUYE: HERRAMIENTAS, EQUIPO, ANDAMIOS, CORTES, LIMPIEZA Y TODO LO NECESARIO PARA SU CORRECTA INSTALACIÓN.','A',1.00,44102.38,'C','2017-10-17 22:42:13.761404',101,4),(450,1508279187079169,'AB-VS-EQ04','INSTALACIÓN DE CONDUCTOS PARA AIRE ACONDICIONADO CENTRALIZADO CON REJILLAS EN CADA ESPACIO DETERMINADO POR DISEÑO, INCLUYE: CORTES, REJILLAS, LIMPIEZA Y TODO LO NECESARIO PARA SU CORRECTA INSTALACIÓN.','A',0.00,1385.99,'C','2017-10-17 22:42:13.764223',101,3),(451,1508279187082849,'LIMP-001','LIMPIEZA FINA DE LA OBRA PARA SU ENTREGA , INCLUYE , MATERIAL MANO DE OBRA, HERRAMIENTA, ACARREO DE MATERIAL PRODUCTO DE LA MISMA A PIE DE CAMION Y LO NECESARIO PARA SU CORRECTA EJECUCION. LIMPIEZA DE CANCELERIA Y VIDRIOS, PUERTAS,BAÑOS,LAVADO DE PISOS Y PULIDO EN CASO DE SER NECESARIO, DEJANDO AREAS LISTAS PARA SU USO INMEDIATO.','A',1131.82,11.94,'C','2017-10-17 22:42:13.767994',102,2),(452,1508279187085916,'005-48','ACARREO DE MATERIALES SOBRANTES PRODUCTO DE EXCAVACIONES, DEMOLICIONES, LIMPIEZA DE OBRA (ESCOMBRO Y CASCAJO) A TIRO LIBRE PROPUESTO POR EL CONTRATISTA, INCLUYE:CARGA CON MAQUINA, MANO DE OBRA, EQUIPO Y HERRAMIENTA P.U.O.T.','A',147.14,99.41,'C','2017-10-17 22:42:13.770997',102,1),(453,1508279187088850,'B-001-P01','LIMPIA DE TERRENO PARA TRAZO DE EDIFICIOS, INCLUYE DESPALME, ACARREO DE ESCOMBRO FUERA DE LA OBRA CON CARGA A MANO. (U.C.T.T.)','A',145.50,7.31,'C','2017-10-17 22:42:13.773873',105,2),(454,1508279187092240,'3.1.B1','TRAZO Y NIVELACION  DE TERRENO CON EQUIPO TOPOGRAFICO ESTABLECIENDO EJES DE REFERENCIA Y BANCOS DE NIVEL, INCLUYE: MATERIALES, MANO DE OBRA, EQUIPO Y HERRAMIENTA P.U.O.T.','A',145.50,3.55,'C','2017-10-17 22:42:13.777302',105,2),(455,1508279187095757,'001-23-P01','EXCAVACION A MANO EN CEPA HASTA 2.00 MTS. DE PROF. EN CUALQUIER TIPO DE MATERIAL; INCLUYE: AFINE DE TALUDES  Y FONDO,  INCLUIR ACARREOS DE MATERIAL SOBRANTE FUERA DE LA OBRA, INCLUYE: MANO DE OBRA, EQUIPO, HERRAMIENTA.  P.U.O.T.','A',96.75,194.96,'C','2017-10-17 22:42:13.780814',106,1),(456,1508279187098716,'093-05B-CE-01','BASE CON MATERIAL DE BANCO, CON UN ESPESOR DE 50 CMS. Y COMPACTADA AL 95% DE SU P.V.S.M., INCLUYE: SUMINISTRO Y ACARREO DEL MATERIAL PUESTO EN LA OBRA, ACAMELLONADO, INCORPORACIÓN DE AGUA Y SU ACARREO, MEZCLADO, TENDIDO, AFINE Y COMPACTACIÓN, MANO DE OBRA, EQUIPO Y HERRAMIENTA. P.U.O.T.','A',16.67,264.33,'C','2017-10-17 22:42:13.783744',106,1),(457,1508279187101544,'BP-003','PLANTILLA DE CONCRETO HIDRAULICO SIMPLE DE 5 CMS. DE ESPESOR HECHO EN OBRA F\'C=100 KG/CM2 RESINTENCIA NORMAL, TAMAÑO MAXIMO AGREGADO DE 3/4\", INCLUYE: MATERIALES, HERRAMIENTAS, EQUIPO DE SEGURIDAD, MANO DE OBRA Y EQUIPO MENOR.','A',27.50,89.15,'C','2017-10-17 22:42:13.786562',106,2),(458,1508279187104232,'BP-006-1','CADENA DE DESPLANTE DE SECCION 20 X 40 CM. DE CONCRETO HIDRAULICO HECHO EN OBRA F\'C=200 KG/CM2 RESINTENCIA NORMAL, TAMAÑO MAXIMO AGREGADO DE 3/4\", REFORZADO 6 VARILLAS DE ACERO DEL No.4 (1/2\") Y ESTRIBOS DEL No. 2 (1/4\") A CADA 20 CM. ACABADO COMUN, INCLUYE: VIBRADO, CURADO, CIMBRA Y DESCIMBRA, MATERIALES, HERRAMIENTAS, EQUIPO DE SEGURIDAD, MANO DE OBRA Y EQUIPO MENOR.','A',55.57,392.98,'C','2017-10-17 22:42:13.789246',106,3),(459,1508279187107222,'009-15-01','LOSA DE CIMENTACION (SEGÚN DISEÑO DE 18.80 X 5.00 X 0.10 MTS. COLADA CON CONCRETO HIDRAULICO F`C=200KG/CM2, ARMADA CON ACERO FY=4200 KG/CM2 DEL NO. 3 @20 CMS. EN AMBOS SENTIDOS, CON CUADRO CASTILLOS PERIMETRALES DE 20 X 20 S20 CMS. Y UNO CENTRAL DE 40 X 20 X 20 CMS, ARMADOS, CON VARILLA SEL NO. 3 Y ESTRIBOS DEL NO. 2 10 CMS, INCLUYE: TAQUETES EXPANSIVOS GALVANIZADO TIPO HILTI KBII 1/4, EXCAVACION RELLENO, MATERIAL, MANO DE OBRA, EQUIPO, HERRAMIENTA Y TODO LO NESESARIO PARA SU CORRECTA  EJECUCION, P.U.O.T.','A',96.75,1109.31,'C','2017-10-17 22:42:13.792257',106,2),(460,1508279187110150,'AB-CE-ES-CE01','BASAMENTO CON DIMENSIONES DE 40 X 40 X 40 CMS. A BASE DE CONCRETO F\'c=200 Kg/cm2, ARMADO CON 8 VARILLAS DE 3/8\'\' Y ESTRIBOS 1/4\'\' @ 20 CMS. EN ACERO FY=4200 KG/CM2. INCLUYE: RECUBRIMIENTO A BASE DE PIEDRA LAJA ASENTADA CON MORTERO CEMENTO-ARENA EN PROPORCION 1:4, VIBRADO, CURADO, CIMBRA Y DESCIMBRA, MATERIALES, MANO DE OBRA, HERRAMIENTA, EQUIPO DE SEGURIDAD Y TODO LO NESESARIO PARA SU CORRECTA  EJECUCION, P.U.O.T.','A',8.00,584.39,'C','2017-10-17 22:42:13.795169',107,4),(461,1508279187112920,'AB-CE-ES-CE02','SUMINISTRO Y COLOCACION DE COLUMNA DE MADERA DE PINO DE PRIMERA CALIDAD, DE SECCION 0.30 X 0.30 Y 2.85 MTS. DE ALTURA. INLCUYE: ANCLAJE A BASAMENTO CON PLACA DE ACERO DE 1/4\'\' DE ESPESOR, SEGUN DISEÑO ESTRUCTURAL,  TRATAMIENTO PARA MADERA A BASE DE PENTACLOROFENOL,  Y ACEITE DE LINAZA APLICADO CON BROCHA A DOS MANOS, MATERIAL, MANO DE OBRA, HERRAMIENTA, EQUIPO DE PROTECCIÓN CONTRA GASES TÓXICOS Y TODO LO NECESARIO PARA SU EJECUCIÓN. P.U.O.T.','A',4.00,6966.68,'C','2017-10-17 22:42:13.797936',107,4),(462,1508279187116465,'AB-CE-ES-CE03','SUMINISTRO Y COLOCACION DE COLUMNA DE MADERA DE PINO DE PRIMERA CALIDAD, DE SECCION 0.30 X 0.30 Y 4.05 MTS. DE ALTURA, CON ACABADO NATURAL Y TRATAMIENTO CONTRA LA INTEMPERIE. INLCUYE: ANCLAJE A BASAMENTO CON PLACA DE ACERO DE 1/4\'\' DE ESPESOR, SEGUN DISEÑO ESTRUCTURAL,  TRATAMIENTO PARA MADERA A BASE DE PENTACLOROFENOL,  Y ACEITE DE LINAZA APLICADO CON BROCHA A DOS MANOS, MATERIAL, MANO DE OBRA, HERRAMIENTA, EQUIPO DE PROTECCIÓN CONTRA GASES TÓXICOS Y TODO LO NECESARIO PARA SU EJECUCIÓN. P.U.O.T.','A',4.00,10696.56,'C','2017-10-17 22:42:13.801492',107,4),(463,1508279187119187,'AB-VIG-01','SUMINISTRO Y COLOCACION DE TRABE DE MADERA DE PINO DE PRIMERA CALIDAD, DE SECCION 0.20 X 0.30 MTS. INCLUYE: ANCLAJE A COLUMNA CON PLACA DE ACERO DE 1/4\'\' DE ESPESOR, SEGÚN DISEÑO ESTRUCTURAL, TRATAMIENTO PARA MADERA A BASE DE PENTACLOROFENOL,  Y ACEITE DE LINAZA APLICADO CON BROCHA A DOS MANOS, MATERIAL, MANO DE OBRA, HERRAMIENTA, EQUIPO DE PROTECCIÓN CONTRA GASES TÓXICOS Y TODO LO NECESARIO PARA SU EJECUCIÓN. P.U.O.T.','A',39.60,1459.89,'C','2017-10-17 22:42:13.804198',107,3),(464,1508279187122106,'AB-VIG-02','SUMINISTRO Y COLOCACION DE VIGA DE MADERA DE PINO DE PRIMERA CALIDAD, DE SECCION 0.10 X 0.20 X 6.00 MTS. @ 0.40 MTS. INCLUYE: ANCLAJE A TRABE CON CLAVO DE ACERO DE 4\'\', TRATAMIENTO PARA MADERA A BASE DE PENTACLOROFENOL,  Y ACEITE DE LINAZA APLICADO CON BROCHA A DOS MANOS, MATERIAL, MANO DE OBRA, HERRAMIENTA, EQUIPO DE PROTECCIÓN CONTRA GASES TÓXICOS Y TODO LO NECESARIO PARA SU EJECUCIÓN. P.U.O.T.','A',48.00,1776.52,'C','2017-10-17 22:42:13.807144',107,4),(465,1508279187125066,'AB-CE-C-01','TRIPLAY DE 21MM. DE ESPESOR INCLUYE: TRATAMIENTO PARA MADERA A BASE DE PENTACLOROFENOL,  Y ACEITE DE LINAZA APLICADO CON BROCHA A DOS MANOS, MATERIAL, MANO DE OBRA, HERRAMIENTA, EQUIPO DE PROTECCIÓN CONTRA GASES TÓXICOS Y TODO LO NECESARIO PARA SU EJECUCIÓN. P.U.O.T.','A',118.70,350.22,'C','2017-10-17 22:42:13.810108',108,2),(466,1508279187127951,'024-16B','IMPERMEABILIZANTE AL-KOAT TIPO PA-40T SBS  DE 4.0 MM DE ESPESOR, ACABADO FINAL CON GRAVILLA CERAMICA COLOR TERRACOTA, CON APLICACION PREVIA DE PRIMARIA AL-KOAT BASE AGUA, COLOCADA LA MEMBRANA CON SOPLETE DE GAS, TRASLAPES DE 10 CM INC: LIMPIEZA PREVIA DE LA SUPERFICIE Y POSTERIOR A LA APLICACION (BARRIDO), MATERIAL, HERRAMIENTA Y MANO DE OBRA ( 5 AÑOS DE GARANTIA) P.U.O.T.','A',118.70,193.16,'C','2017-10-17 22:42:13.812962',108,2),(467,1508279187130612,'GCAISC-0045-C01','SUMINISTRO Y COLOCACION DE TEJA DE BARRO COLOR NATURAL DE 30X15X1.4 CM EN CUBIERTA INCLINADA. INCLUYE: CARGO DIRECTO POR EL COSTO DE LOS MATERIALES Y MANO DE OBRA QUE INTERVENGAN, FLETE A OBRA, DESPERDICIO, ACARREO HASTA EL LUGAR DE SU UTILIZACION, COLOCACION, ELEMENTOS DE FIJACION,  DESPERDICIOS , ELEVACIONES, LIMPIEZA Y RETIRO DE SOBRANTES FUERA DE OBRA, EQUIPO DE SEGURIDAD, INSTALACIONES ESPECIFICAS, DEPRECIACION Y DEMAS CARGOS DERIVADOS DEL USO DE HERRAMIENTA Y EQUIPO, EN CUALQUIER NIVEL. P.U.O.T.','A',118.70,308.19,'C','2017-10-17 22:42:13.815621',108,2),(468,1508279187133716,'B-001-P01','LIMPIA DE TERRENO PARA TRAZO DE EDIFICIOS, INCLUYE DESPALME, ACARREO DE ESCOMBRO FUERA DE LA OBRA CON CARGA A MANO. (U.C.T.T.)','A',116.00,7.31,'C','2017-10-17 22:42:13.818747',110,2),(469,1508279187136511,'3.1.B1','TRAZO Y NIVELACION  DE TERRENO CON EQUIPO TOPOGRAFICO ESTABLECIENDO EJES DE REFERENCIA Y BANCOS DE NIVEL, INCLUYE: MATERIALES, MANO DE OBRA, EQUIPO Y HERRAMIENTA P.U.O.T.','A',116.00,3.55,'C','2017-10-17 22:42:13.821600',110,2),(470,1508279187139811,'001-23-P01','EXCAVACION A MANO EN CEPA HASTA 2.00 MTS. DE PROF. EN CUALQUIER TIPO DE MATERIAL; INCLUYE: AFINE DE TALUDES  Y FONDO,  INCLUIR ACARREOS DE MATERIAL SOBRANTE FUERA DE LA OBRA, INCLUYE: MANO DE OBRA, EQUIPO, HERRAMIENTA.  P.U.O.T.','A',1.30,194.96,'C','2017-10-17 22:42:13.824826',111,1),(471,1508279187142432,'BP-003','PLANTILLA DE CONCRETO HIDRAULICO SIMPLE DE 5 CMS. DE ESPESOR HECHO EN OBRA F\'C=100 KG/CM2 RESINTENCIA NORMAL, TAMAÑO MAXIMO AGREGADO DE 3/4\", INCLUYE: MATERIALES, HERRAMIENTAS, EQUIPO DE SEGURIDAD, MANO DE OBRA Y EQUIPO MENOR.','A',1.08,89.15,'C','2017-10-17 22:42:13.827441',111,2),(472,1508279187145030,'BP-005-P-C01','DADO DE CIMENTACION AISLADO DE SECCION 0.30 X 0.30 Y 0.30 MTS. DE ALTURA DE CONCRETO HIDRAULICO HECHO EN OBRA F\'C=250 KG/CM2 RESINTENCIA NORMAL, TAMAÑO MAXIMO AGREGADO DE 3/4\", REFORZADO 6 VARILLAS DE ACERO DEL No.3 (3/8\") Y ESTRIBOS DEL No. 2 (1/4\") A CADA 10 CMS. ACABADO COMUN, INCLUYE: VIBRADO, CURADO, CIMBRA Y DESCIMBRA, MATERIALES, HERRAMIENTAS, EQUIPO DE SEGURIDAD, MANO DE OBRA Y EQUIPO MENOR.','A',12.00,209.90,'C','2017-10-17 22:42:13.830041',111,4),(473,1508279187148474,'AB-PE-CI-01','CONTRATRABE DE CIMENTACION SEC CION  0.20 X 0.40  MTS. CONCRETO F\'C=200 KG/CM² ARMADO CON 6 VA RILLAS # 4 FY= 4200 Y ESTRIBOS DEL N.2 @ 20 CMS. F\'Y= 2400 KG /CM2. INCLUYE: MATERIALES MANO DE OBRA, CIMBRA COMUN, DESCIMBRADO, COLADO, CURADO, VIBRADO \'DESPERDICIOS,  ACARREOS DENTRO Y  FUERA DE LA OBRA, ELEVACIÓN A CUALQUIER  ALTURA, ANDAMIOS, HERRAMIENTA, EQUIPO, RETIRO DE MATERIAL  SOBRANTE FUERA DE LA OBRA, LIMPIEZA Y TODO LO NECESARIO  PARA SU CORRECTA EJECUCION P.U.O.T.','A',29.00,351.93,'C','2017-10-17 22:42:13.833608',111,3),(474,1508279187152426,'006-01B','RELLENO COMPACTADO CON PIZON DE MANO EN CAPAS DE 20 CM UTILIZANDO MATERIAL PRODUCTO DE LA EXCAVACION, CONSIDERANDO EL ACARREO DE MATERIAL EN CARRETILLA AL AREA DE TRABAJO. INCLUYE: AGUA, HERRAMIENTA, ACARREO Y MANO DE OBRA. P.U.O.T.','A',0.22,104.98,'C','2017-10-17 22:42:13.837459',111,1),(475,1508279187155458,'AB-PE-EST-01','SUMINISTRO Y COLOCACION DE COLUMNA DE MADERA DE PINO DE PRIMERA CALIDAD, DE SECCION 0.30 X 0.30 Y 3.40 MTS. DE ALTURA. INLCUYE: ANCLAJE A DADO DE CIMENTACION CON PLACA DE ACERO DE 1/4\'\' DE ESPESOR, SEGUN DISEÑO ESTRUCTURAL,  TRATAMIENTO PARA MADERA A BASE DE PENTACLOROFENOL,  Y ACEITE DE LINAZA APLICADO CON BROCHA A DOS MANOS, MATERIAL, MANO DE OBRA, HERRAMIENTA, EQUIPO DE PROTECCIÓN CONTRA GASES TÓXICOS Y TODO LO NECESARIO PARA SU EJECUCIÓN. P.U.O.T.','A',12.00,7418.90,'C','2017-10-17 22:42:13.840481',112,4),(476,1508279187158139,'AB-PE-VIG-01','SUMINISTRO Y COLOCACION DE TRABE DE MADERA DE PINO DE PRIMERA CALIDAD, DE SECCION 0.20 X 0.30 MTS. INCLUYE: ANCLAJE A COLUMNA CON PLACA DE ACERO DE 1/4\'\' DE ESPESOR, SEGÚN DISEÑO ESTRUCTURAL, TRATAMIENTO PARA MADERA A BASE DE PENTACLOROFENOL,  Y ACEITE DE LINAZA APLICADO CON BROCHA A DOS MANOS, MATERIAL, MANO DE OBRA, HERRAMIENTA, EQUIPO DE PROTECCIÓN CONTRA GASES TÓXICOS Y TODO LO NECESARIO PARA SU EJECUCIÓN. P.U.O.T.','A',36.00,1459.89,'C','2017-10-17 22:42:13.843152',112,3),(477,1508279187160983,'AB-PE-VIG-02','SUMINISTRO Y COLOCACION DE VIGA DE MADERA DE PINO DE PRIMERA CALIDAD, DE SECCION 0.10 X 0.20 X 3.80 MTS. @ 0.40 MTS. INCLUYE: ANCLAJE A TRABE CON CLAVO DE ACERO DE 4\'\', TRATAMIENTO PARA MADERA A BASE DE PENTACLOROFENOL,  Y ACEITE DE LINAZA APLICADO CON BROCHA A DOS MANOS, MATERIAL, MANO DE OBRA, HERRAMIENTA, EQUIPO DE PROTECCIÓN CONTRA GASES TÓXICOS Y TODO LO NECESARIO PARA SU EJECUCIÓN. P.U.O.T.','A',89.00,1165.69,'C','2017-10-17 22:42:13.846001',112,4),(478,1508279187163809,'B-001','LIMPIA DE TERRENO PARA TRAZO DE EDIFICIOS, INCLUYE DESPALME, ACARREO DE ESCOMBRO FUERA DE LA OBRA CON CARGA A MANO. (U.C.T.T.)','A',46.25,7.31,'C','2017-10-17 22:42:13.848875',114,2),(479,1508279187166541,'3.1.B1','TRAZO Y NIVELACION  DE TERRENO CON EQUIPO TOPOGRAFICO ESTABLECIENDO EJES DE REFERENCIA Y BANCOS DE NIVEL, INCLUYE: MATERIALES, MANO DE OBRA, EQUIPO Y HERRAMIENTA P.U.O.T.','A',46.25,3.55,'C','2017-10-17 22:42:13.851550',114,2),(480,1508279187169147,'001-23','EXCAVACION A MANO EN CEPA HASTA 2.00 MTS. DE PROF. EN CUALQUIER TIPO DE MATERIAL; INCLUYE: AFINE DE TALUDES  Y FONDO,  INCLUIR ACARREOS DE MATERIAL SOBRANTE FUERA DE LA OBRA, INCLUYE: MANO DE OBRA, EQUIPO, HERRAMIENTA.  P.U.O.T.','A',5.71,194.96,'C','2017-10-17 22:42:13.854157',115,1),(481,1508279187171882,'BP-003','PLANTILLA DE CONCRETO HIDRAULICO SIMPLE DE 5 CMS. DE ESPESOR HECHO EN OBRA F\'C=100 KG/CM2 RESINTENCIA NORMAL, TAMAÑO MAXIMO AGREGADO DE 3/4\", INCLUYE: MATERIALES, HERRAMIENTAS, EQUIPO DE SEGURIDAD, MANO DE OBRA Y EQUIPO MENOR.','A',5.44,89.15,'C','2017-10-17 22:42:13.857139',115,2),(482,1508279187175121,'CIM-006F','ZAPATA AISLADA DE 0.80X0.80X0.20 MTS DE CONCRETO F\'C= 250 KG/CM2, ARMADA CON VARILLA DE NO.4 @ 15 CMS EN AMBOS SENTIDOS DE 20 CM DE ESPESOR, INCLUYE: CIMBRA, DESCIMBRA, AGUA, MATERIAL, HERRAMIENTA Y TODO LO NECESARIO PARA SU CORRECTA EJECUCION P.U.O.T.','A',4.00,629.42,'C','2017-10-17 22:42:13.860143',115,4),(483,1508279187177817,'3002003','CONTRATRABE DE CIMENTACION SEC CION  0.20 X 0.40  MTS. CONCRETO F\'C=200 KG/CM² ARMADO CON 6 VA RILLAS # 4 FY= 4200 Y ESTRIBOS DEL N.2 @ 20 CMS. F\'Y= 2400 KG /CM2. INCLUYE: MATERIALES MANO DE OBRA, CIMBRA COMUN, DESCIMBRADO, COLADO, CURADO, VIBRADO \'DESPERDICIOS,  ACARREOS DENTRO Y  FUERA DE LA OBRA, ELEVACIÓN A CUALQUIER  ALTURA, ANDAMIOS, HERRAMIENTA, EQUIPO, RETIRO DE MATERIAL  SOBRANTE FUERA DE LA OBRA, LIMPIEZA Y TODO LO NECESARIO  PARA SU CORRECTA EJECU- CION P.U.O.T.','A',14.40,444.80,'C','2017-10-17 22:42:13.862831',115,3),(484,1508279187180655,'ISC-045-ML01','DADO DE CONCRETO DE 0.40 X 0.40 X 1.00 MTS.  ARMADO CON 8 VARILLAS DEL N.4 Y ESTRIBOS DEL N.3 A 15 CM, CONCRETO F\'C=250KG/CM2 FRAGUADO NORMAL PARA CIMENTACIÓN, ARRIOSTRES Y ESTRUCTURA, ASÍ COMO PARA RESANE DE PISO DEMOLIDO. INCLUYE: MATERIAL Y SU ELEVACIÓN, PROTECCIÓN DEL ÁREA DONDE SE FABRICARÁ, COLOCACIÓN,VIBRADO,CURADO,ACARREO DE SOBRANTES A PIE DE CAMIÓN,DESPERDICIOS, LIMPIEZA Y LO NECESARIO PARA SU CORRECTA EJECUCIÓN. P.U.O.T.','A',4.00,766.60,'C','2017-10-17 22:42:13.865958',115,4),(485,1508279187183960,'006-01B','RELLENO COMPACTADO CON PIZON DE MANO EN CAPAS DE 20 CM UTILIZANDO MATERIAL PRODUCTO DE LA EXCAVACION, CONSIDERANDO EL ACARREO DE MATERIAL EN CARRETILLA AL AREA DE TRABAJO. INCLUYE: AGUA, HERRAMIENTA, ACARREO Y MANO DE OBRA. P.U.O.T.','A',2.16,104.98,'C','2017-10-17 22:42:13.868987',115,1),(486,1508279187186703,'AB-ML-EST-01','BASAMENTO CON DIMENSIONES DE 40 X 40 X 40 CMS. A BASE DE CONCRETO F\'c=200 Kg/cm2, ARMADO CON 8 VARILLAS DE 3/8\'\' Y ESTRIBOS 1/4\'\' @ 20 CMS. EN ACERO FY=4200 KG/CM2. INCLUYE: RECUBRIMIENTO A BASE DE PIEDRA LAJA ASENTADA CON MORTERO CEMENTO-ARENA EN PROPORCION 1:4, VIBRADO, CURADO, CIMBRA Y DESCIMBRA, MATERIALES, MANO DE OBRA, HERRAMIENTA, EQUIPO DE SEGURIDAD Y TODO LO NESESARIO PARA SU CORRECTA  EJECUCION, P.U.O.T.','A',4.00,584.39,'C','2017-10-17 22:42:13.871772',116,4),(487,1508279187189766,'AB-ML-EST-02','SUMINISTRO Y COLOCACION DE COLUMNA DE MADERA DE PINO DE PRIMERA CALIDAD, DE SECCION 0.30 X 0.30 Y 2.85 MTS. DE ALTURA. INLCUYE: ANCLAJE A BASAMENTO CON PLACA DE ACERO DE 1/4\'\' DE ESPESOR, SEGUN DISEÑO ESTRUCTURAL,  TRATAMIENTO PARA MADERA A BASE DE PENTACLOROFENOL,  Y ACEITE DE LINAZA APLICADO CON BROCHA A DOS MANOS, MATERIAL, MANO DE OBRA, HERRAMIENTA, EQUIPO DE PROTECCIÓN CONTRA GASES TÓXICOS Y TODO LO NECESARIO PARA SU EJECUCIÓN. P.U.O.T.','A',4.00,6966.68,'C','2017-10-17 22:42:13.874786',116,4),(488,1508279187192632,'AB-ML-VIG-01','SUMINISTRO Y COLOCACION DE TRABE DE MADERA DE PINO DE PRIMERA CALIDAD, DE SECCION 0.20 X 0.30 MTS. INCLUYE: ANCLAJE A COLUMNA CON PLACA DE ACERO DE 1/4\'\' DE ESPESOR, SEGÚN DISEÑO ESTRUCTURAL, TRATAMIENTO PARA MADERA A BASE DE PENTACLOROFENOL,  Y ACEITE DE LINAZA APLICADO CON BROCHA A DOS MANOS, MATERIAL, MANO DE OBRA, HERRAMIENTA, EQUIPO DE PROTECCIÓN CONTRA GASES TÓXICOS Y TODO LO NECESARIO PARA SU EJECUCIÓN. P.U.O.T.','A',36.80,1459.89,'C','2017-10-17 22:42:13.877733',116,3),(489,1508279187195654,'AB-ML-VIG-02','SUMINISTRO Y COLOCACION DE VIGA DE MADERA DE PINO DE PRIMERA CALIDAD, DE SECCION 0.10 X 0.20  MTS Y LONGITUD VARIABLE. @ 0.40 MTS. INCLUYE: ANCLAJE A TRABE CON CLAVO DE ACERO DE 4\'\', TRATAMIENTO PARA MADERA A BASE DE PENTACLOROFENOL,  Y ACEITE DE LINAZA APLICADO CON BROCHA A DOS MANOS, MATERIAL, MANO DE OBRA, HERRAMIENTA, EQUIPO DE PROTECCIÓN CONTRA GASES TÓXICOS Y TODO LO NECESARIO PARA SU EJECUCIÓN. P.U.O.T.','A',20.00,1776.52,'C','2017-10-17 22:42:13.880676',116,4),(490,1508279187198324,'AB-ML-CU-01','TRIPLAY DE 21MM. DE ESPESOR INCLUYE: TRATAMIENTO PARA MADERA A BASE DE PENTACLOROFENOL,  Y ACEITE DE LINAZA APLICADO CON BROCHA A DOS MANOS, MATERIAL, MANO DE OBRA, HERRAMIENTA, EQUIPO DE PROTECCIÓN CONTRA GASES TÓXICOS Y TODO LO NECESARIO PARA SU EJECUCIÓN. P.U.O.T.','A',47.60,350.22,'C','2017-10-17 22:42:13.883355',117,2),(491,1508279187200980,'024-16B','IMPERMEABILIZANTE AL-KOAT TIPO PA-40T SBS  DE 4.0 MM DE ESPESOR, ACABADO FINAL CON GRAVILLA CERAMICA COLOR TERRACOTA, CON APLICACION PREVIA DE PRIMARIA AL-KOAT BASE AGUA, COLOCADA LA MEMBRANA CON SOPLETE DE GAS, TRASLAPES DE 10 CM INC: LIMPIEZA PREVIA DE LA SUPERFICIE Y POSTERIOR A LA APLICACION (BARRIDO), MATERIAL, HERRAMIENTA Y MANO DE OBRA ( 5 AÑOS DE GARANTIA) P.U.O.T.','A',47.60,193.16,'C','2017-10-17 22:42:13.885989',117,2),(492,1508279187204518,'GCAISC-0045-ML01','SUMINISTRO Y COLOCACION DE TEJA DE BARRO COLOR NATURAL DE 30X15X1.4 CM EN CUBIERTA INCLINADA. INCLUYE: CARGO DIRECTO POR EL COSTO DE LOS MATERIALES Y MANO DE OBRA QUE INTERVENGAN, FLETE A OBRA, DESPERDICIO, ACARREO HASTA EL LUGAR DE SU UTILIZACION, COLOCACION, ELEMENTOS DE FIJACION,  DESPERDICIOS , ELEVACIONES, LIMPIEZA Y RETIRO DE SOBRANTES FUERA DE OBRA, EQUIPO DE SEGURIDAD, INSTALACIONES ESPECIFICAS, DEPRECIACION Y DEMAS CARGOS DERIVADOS DEL USO DE HERRAMIENTA Y EQUIPO, EN CUALQUIER NIVEL. P.U.O.T.','A',47.60,308.19,'C','2017-10-17 22:42:13.889548',117,2),(493,1508279187207284,'B-001','LIMPIA DE TERRENO PARA TRAZO DE EDIFICIOS, INCLUYE DESPALME, ACARREO DE ESCOMBRO FUERA DE LA OBRA CON CARGA A MANO. (U.C.T.T.)','A',465.57,7.31,'C','2017-10-17 22:42:13.892295',119,2),(494,1508279187210006,'3.1.B1','TRAZO Y NIVELACION  DE TERRENO CON EQUIPO TOPOGRAFICO ESTABLECIENDO EJES DE REFERENCIA Y BANCOS DE NIVEL, INCLUYE: MATERIALES, MANO DE OBRA, EQUIPO Y HERRAMIENTA P.U.O.T.','A',465.57,3.55,'C','2017-10-17 22:42:13.895018',119,2),(495,1508279187212873,'001-23','EXCAVACION A MANO EN CEPA HASTA 2.00 MTS. DE PROF. EN CUALQUIER TIPO DE MATERIAL; INCLUYE: AFINE DE TALUDES  Y FONDO,  INCLUIR ACARREOS DE MATERIAL SOBRANTE FUERA DE LA OBRA, INCLUYE: MANO DE OBRA, EQUIPO, HERRAMIENTA.  P.U.O.T.','A',426.20,194.96,'C','2017-10-17 22:42:13.897905',120,1),(496,1508279187215633,'BP-003','PLANTILLA DE CONCRETO HIDRAULICO SIMPLE DE 5 CMS. DE ESPESOR HECHO EN OBRA F\'C=100 KG/CM2 RESINTENCIA NORMAL, TAMAÑO MAXIMO AGREGADO DE 3/4\", INCLUYE: MATERIALES, HERRAMIENTAS, EQUIPO DE SEGURIDAD, MANO DE OBRA Y EQUIPO MENOR.','A',355.17,89.15,'C','2017-10-17 22:42:13.900642',120,2),(497,1508279187218245,'009-15-AL-01','LOSA DE CIMENTACION DE 15 CMS. DE ESPESOR, COLADA CON CONCRETO HIDRAULICO F`C=200KG/CM2, ARMADA CON ACERO FY=4200 KG/CM2 DEL NO. 3 @20 CMS. EN AMBOS SENTIDOS.  INCLUYE: CIMBRA ACABADO APARENTE, VACIADO, VIBRADO Y CURADO DEL CONCRETO, ACARREOS, CORTES Y DESPERDICIOS. P.U.O.T.','A',335.68,621.96,'C','2017-10-17 22:42:13.903247',120,2),(498,1508279187221427,'ARLISC-008-AL-01','MURO DE CONCRETO ARMADO DE 15 CMS. DE ESPESOR, ARMADO CON DOBLE PARRILLA DE VARILLA DE 3/8\'\'  A CADA 20 CMS. Y CONCRETO F C= 200 KG/CM2, INCLUYE: CIMBRA ACABADO APARENTE, VACIADO, VIBRADO Y CURADO DEL CONCRETO, ACARREOS, CORTES Y DESPERDICIOS. P.U.O.T.','A',123.66,957.66,'C','2017-10-17 22:42:13.906463',120,2),(499,1508279187224201,'AB-AL-AC-01','SUMINISTRO Y COLOCACION A PLOMO, REGLA Y NIVEL DE AZULEJO EN PISO Y MUROS DE ALBERCA, MARCA Y MODELO POR ESPECIFICAR. ASENTADO CON PEGAZULEJO  DE BAJA ABSORCION. INCLUYE: SUMINISTRO DE MATERIALES, BOQUILLA, MANO DE OBRA, CORTES, DESPERDICIOS, HERRAMIENTA, EQUIPO, ACARREOS Y TODO LO NECESARIO PARA SU CORRECTA EJECUCIÓN. P.U.O.T.','A',459.34,351.41,'C','2017-10-17 22:42:13.909204',121,2),(500,1508279187226817,'AB-AL-IHS-02','SUMINISTRO Y COLOCACION DE FUENTE DECORATIVA SEGÚN DISEÑO. INCLUYE: INSTALACION, CONEXIONES, DERIVACIONES Y RAMALEO, SUMINISTRO Y COLOCACION DE LOS MATERIALES EN EL SITIO DE SU UTILIZACION, MANO DE OBRA, EQUIPO Y HERRAMIENTA P.U.O.T.','A',1.00,20664.70,'C','2017-10-17 22:42:13.911823',122,4),(501,1508279187229799,'B-001','LIMPIA DE TERRENO PARA TRAZO DE EDIFICIOS, INCLUYE DESPALME, ACARREO DE ESCOMBRO FUERA DE LA OBRA CON CARGA A MANO. (U.C.T.T.)','A',7.84,7.31,'C','2017-10-17 22:42:13.914822',124,2),(502,1508279187233228,'3.1.B1','TRAZO Y NIVELACION  DE TERRENO CON EQUIPO TOPOGRAFICO ESTABLECIENDO EJES DE REFERENCIA Y BANCOS DE NIVEL, INCLUYE: MATERIALES, MANO DE OBRA, EQUIPO Y HERRAMIENTA P.U.O.T.','A',7.84,3.55,'C','2017-10-17 22:42:13.918250',124,2),(503,1508279187235949,'001-23','EXCAVACION A MANO EN CEPA HASTA 2.00 MTS. DE PROF. EN CUALQUIER TIPO DE MATERIAL; INCLUYE: AFINE DE TALUDES  Y FONDO,  INCLUIR ACARREOS DE MATERIAL SOBRANTE FUERA DE LA OBRA, INCLUYE: MANO DE OBRA, EQUIPO, HERRAMIENTA.  P.U.O.T.','A',1.78,194.96,'C','2017-10-17 22:42:13.921131',125,1),(504,1508279187239186,'093-05B-CMA-01','BASE CON MATERIAL DE BANCO, CON UN ESPESOR DE 50 CMS. Y COMPACTADA AL 95% DE SU P.V.S.M., INCLUYE: SUMINISTRO Y ACARREO DEL MATERIAL PUESTO EN LA OBRA, ACAMELLONADO, INCORPORACIÓN DE AGUA Y SU ACARREO, MEZCLADO, TENDIDO, AFINE Y COMPACTACIÓN, MANO DE OBRA, EQUIPO Y HERRAMIENTA. P.U.O.T.','A',1.62,352.79,'C','2017-10-17 22:42:13.924215',125,1),(505,1508279187241977,'BP-003','PLANTILLA DE CONCRETO HIDRAULICO SIMPLE DE 5 CMS. DE ESPESOR HECHO EN OBRA F\'C=100 KG/CM2 RESINTENCIA NORMAL, TAMAÑO MAXIMO AGREGADO DE 3/4\", INCLUYE: MATERIALES, HERRAMIENTAS, EQUIPO DE SEGURIDAD, MANO DE OBRA Y EQUIPO MENOR.','A',1.28,89.15,'C','2017-10-17 22:42:13.926994',125,2),(506,1508279187244837,'ISC-046','CONTRATRABE DE 20X40 CMS. DE CONCRETO F´C= 200 KG/CM2 ARMADO CON 4 VARILLAS DEL No. 4 Y ESTRIBOS DEL No. 2 @ 20 CMS., CIMBRA COMÚN, INCLUYE: HABILITADO, ARMADO, CIMBRA Y DESCIMBRA, COLADO, MATERIAL, MANO DE OBRA, HERRAMIENTA, EQUIPO Y TODO LO NECESARIO PARA SU CORRECTA EJECUCIÓN. P.U.O.T.','A',6.40,381.64,'C','2017-10-17 22:42:13.929869',125,3),(507,1508279187247774,'009-15-CMA-01','LOSA DE CIMENTACION (SEGUN DISEÑO DE 1.80 X 1.80 X 0.10 M) COLADA CON CONCRETO HIDRAULICO F\'c=200KGS/CM2, ARMADA CON ACERO F\'y=4200 KGS/CM2 DEL No. 3 @ 20 CM EN AMBOS SENTIDOS, CON CUATRO CASTILLOS PERIMETRALES DE 20 X 20 X 20 CM Y UNO CENTRAL DE 40 X 20 X 20 CM ARMADOS CON VARILLA DEL #3 Y ESTRIBOS DEL #2 @ 10 CM, INCLUYE: TAQUETES EXPANSIVOS GALVANIZADOS TIPO HILTI KBII 1/4\", EXCAVACION , RELLENO, MATERIAL, MANO DE OBRA, EQUIPO, HERRAMIENTA Y TODO LO NECESARIO PARA SU CORRECTA EJECUCION. P.U.O.T.','A',3.24,1684.17,'C','2017-10-17 22:42:13.932808',125,2),(508,1508279187250555,'ALB-011','CONSTRUCCIÓN DE CASTILLOS Y/O CADENAS DE 15X25 CMS. DE CONCRETO F´C=200KG/CM2., ARMADO CON 4 VS. DE 3/8\" Y ESTRIBOS DEL NO. 2 A CADA 15 CMS EN BARDA PERIMETRAL. INCLUYE: MATERIALES, MANO DE OBRA, EQUIPO, HERRAMIENTA, CHAFLANES, DESPERDICIOS, ACARREO DE SOBRANTES A PIE DE CAMION, LIMPIEZAS Y TODO LO NECESARIO PARA SU CORRECTA FABRICACION. (ACABADO APARENTE DE SER NECESARIO).','A',16.40,233.02,'C','2017-10-17 22:42:13.935567',126,3),(509,1508279187253596,'012-01','MURO DE BLOCK 12 X 20 X 40 CMS. EN 12 CMS. DE ESPESOR, ASENTADO CON MORTERO CEMENTO-ARENA PROP: 1:4, JUNTEADO DE 1.5 CMS, ACABADO COMUN EN AMBAS CARAS CON ESCALERILLA @ 3 HILADAS, CONSIDERANDO ANDAMIO DE CABALLETE PARA ALTURAS DE 1.50 A 3.00 MTS. INCLUYE: MATERIAL, HERRAMIENTA Y MANO DE OBRA. P.U.O.T.','A',11.66,207.56,'C','2017-10-17 22:42:13.938637',126,2),(510,1508279187256407,'009-15B','LOSA DE CONCRETO ARMADO HECHO  EN OBRA  F\'C= 250 KG/CM2  R.N,  REV. DE 10 CMS DE ESPESOR, AGREGADO MÁX. 3/4\", ARMADO CON VARILLA DE 3/8\" A CADA 15 CMS EN AMBOS SENTIDOS, INCLUYE: CIMBRA APARENTE Y DESCIMBRA, BASTONES, BAYONETAS, GANCHOS, TRASLAPES, COLADO, GOTERO, VIBRADO, CURADO, MATERIALES, MANO DE  OBRA, HERRAMIENTA, EQUIPO, PERFILADA Y AFINADA.','A',3.24,541.20,'C','2017-10-17 22:42:13.941416',126,2),(511,1508279187259167,'3020056','APLANADO FINO CON MORTERO  CEMENTO:ARENA PROPORCION 1:4 CON UN  ESPESOR PROMEDIO DE 2 CMS. EN MUROS, PLAFONES TRABES, COLUMNAS, INCLUYE: MATERIAL, MANO DE OBRA, HERRAMIENTA, EQUI- PO,  ANDAMIOS, REMATES,  EMBOQUILLADOS, LIMPIEZA,  ACARREOS DENTRO Y FUERA DE LA OBRA ELEVACION  A  CUALQUIER   ALTURA, DESPERDICIOS,  PREPARACIÓN  DE LA SUPERFICIE, LIMPIEZA Y TODO LO NECESARIO PARA SU CORRECTA  EJECUCIÓN. P.U.O.T.','A',23.32,89.83,'C','2017-10-17 22:42:13.944172',127,2),(512,1508279187262140,'KA-CON05','REPELLADO EN MUROS A PLOMO Y REGLA CON MORTERO HIDRÁULICO- ARENA PROP: 1:3, ESPESOR PROMEDIO DE 2 CM, CONSIDERANDO ANDAMIO DE CABALLETE PARA ALTURAS DE 1.50 A 3.00 MTS. INCLUYE: MATERIAL, HERRAMIENTA, Y MANO DE OBRA. P.U.O.T.','A',23.32,87.28,'C','2017-10-17 22:42:13.947166',127,2),(513,1508279187265833,'084-02B','PINTURA VINIL-ACRILICA PARA INTERIOR EN MUROS,  MARCA COMEX A DOS MANOS,O SIMILAR EN  CALIDAD  Y CARACTERISTICAS  TECNICAS, SEGUN PALETA DE COLORES INCLUYE: SEÑALIZACION, PROTECCION  DE  LA  SUPERFICIE ADYACENTE CON  MASQUINTAPE,  PAPEL  Y  PLASTICO,   LIMPIEZA Y PREPARACION  DE  LA  SUPERFICIE, RESANES, UNA BASE DE - LIJADO,  EMPLASTE SELLADOR VINILICO EN  PROPORCION    5 X 1 PARA SUPERFICIES LISAS Ó  3 X 1 PARA SUPERFICIES RUGOSAS DESPERDICIOS, ANDAMIOS,  MATERIALES,  MANO DE OBRA,  HERRA MIENTA, EQUIPO, ACARREOS  DENTRO Y FUERA DE  LA OBRA,  LIMPIEZA Y TODO LO NECESARIO PARA   SU CORRECTA EJECUCION.P.U.O.T. . P.U.O.T.','A',11.66,45.28,'C','2017-10-17 22:42:13.950888',128,2),(514,1508279187268771,'084-02C','PINTURA VINIL-ACRILICA PARA EXTERIOR EN MUROS,  MARCA COMEX A DOS MANOS,O SIMILAR EN  CALIDAD  Y CARACTERISTICAS  TECNICAS, SEGUN PALETA DE COLORES INCLUYE: SEÑALIZACION, PROTECCION  DE  LA  SUPERFICIE ADYACENTE CON  MASQUINTAPE,  PAPEL  Y  PLASTICO,   LIMPIEZA Y PREPARACION  DE  LA  SUPERFICIE, RESANES, UNA BASE DE - LIJADO,  EMPLASTE SELLADOR VINILICO EN  PROPORCION    5 X 1 PARA SUPERFICIES LISAS Ó  3 X 1 PARA SUPERFICIES RUGOSAS DESPERDICIOS, ANDAMIOS,  MATERIALES,  MANO DE OBRA,  HERRA MIENTA, EQUIPO, ACARREOS  DENTRO Y FUERA DE  LA OBRA,  LIMPIEZA Y TODO LO NECESARIO PARA   SU CORRECTA EJECUCION.P.U.O.T. . P.U.O.T.','A',11.66,43.60,'C','2017-10-17 22:42:13.953805',128,2),(515,1508279187271690,'ACA-027D-CMA-01','PUERTA DE 1.00 M DE ANCHO Y 2.10 M DE ALTURA A BASE DE PERFIL RECTANGULAR DE 1\" Y 2\" Y TAPA DE LAMINA LISA CAL. 18 ANCLADO A MURO, CONSIDERANDO APLICACION DE PRIMMER, PINTURA ESMALTE HASTA CUBRIR ADECUADAMENTE  LA SUPERFICIE POR AMBOS LADOS, INCLUYE: SUMINISTRO DE MATERIAL, HERRAMIENTA, EQUIPO Y MANO DE OBRA. P.U.O.T.','A',1.00,2632.13,'C','2017-10-17 22:42:13.956709',129,4),(516,1508279187274363,'B-001','LIMPIA DE TERRENO PARA TRAZO DE EDIFICIOS, INCLUYE DESPALME, ACARREO DE ESCOMBRO FUERA DE LA OBRA CON CARGA A MANO. (U.C.T.T.)','A',33.18,7.31,'C','2017-10-17 22:42:13.959375',131,2),(517,1508279187277286,'3.1.B1','TRAZO Y NIVELACION  DE TERRENO CON EQUIPO TOPOGRAFICO ESTABLECIENDO EJES DE REFERENCIA Y BANCOS DE NIVEL, INCLUYE: MATERIALES, MANO DE OBRA, EQUIPO Y HERRAMIENTA P.U.O.T.','A',33.18,3.55,'C','2017-10-17 22:42:13.962315',131,2),(518,1508279187280030,'001-23','EXCAVACION A MANO EN CEPA HASTA 2.00 MTS. DE PROF. EN CUALQUIER TIPO DE MATERIAL; INCLUYE: AFINE DE TALUDES  Y FONDO,  INCLUIR ACARREOS DE MATERIAL SOBRANTE FUERA DE LA OBRA, INCLUYE: MANO DE OBRA, EQUIPO, HERRAMIENTA.  P.U.O.T.','A',18.10,194.96,'C','2017-10-17 22:42:13.965042',132,1),(519,1508279187282697,'BP-003','PLANTILLA DE CONCRETO HIDRAULICO SIMPLE DE 5 CMS. DE ESPESOR HECHO EN OBRA F\'C=100 KG/CM2 RESINTENCIA NORMAL, TAMAÑO MAXIMO AGREGADO DE 3/4\", INCLUYE: MATERIALES, HERRAMIENTAS, EQUIPO DE SEGURIDAD, MANO DE OBRA Y EQUIPO MENOR.','A',18.10,89.15,'C','2017-10-17 22:42:13.967707',132,2),(520,1508279187285513,'009-15-HM-01','LOSA DE CIMENTACION DE 15 CMS. DE ESPESOR, COLADA CON CONCRETO HIDRAULICO F`C=200KG/CM2, ARMADA CON ACERO FY=4200 KG/CM2 DEL NO. 3 @20 CMS. EN AMBOS SENTIDOS.  INCLUYE: CIMBRA ACABADO APARENTE, VACIADO, VIBRADO Y CURADO DEL CONCRETO, ACARREOS, CORTES Y DESPERDICIOS. P.U.O.T.','A',15.90,621.96,'C','2017-10-17 22:42:13.970543',132,2),(521,1508279187288265,'ARLISC-008-HM-01','MURO DE CONCRETO ARMADO DE 15 CMS. DE ESPESOR, ARMADO CON DOBLE PARRILLA DE VARILLA DE 3/8\'\'  A CADA 20 CMS. Y CONCRETO F C= 200 KG/CM2, INCLUYE: CIMBRA ACABADO APARENTE, VACIADO, VIBRADO Y CURADO DEL CONCRETO, ACARREOS, CORTES Y DESPERDICIOS. P.U.O.T.','A',14.20,957.66,'C','2017-10-17 22:42:13.973287',132,2),(522,1508279187290939,'AB-HM-IHS-01','SUMINISTRO Y COLOCACION DE TINA DE ACRILICO CON HIDROMASAJE DE 3.30 MTS. DE DIAMETRO, MARCA Y MODELO P0R ESPECIFICAR, ACABADO BLANCO MARFIL. INCLUYE:  MOTOBOMBA, SISTEMA DE DESAGUE Y NIVELACION,  TUBERIA, SALIDAS, CONEXIONES, DERIVACIONES Y RAMALEO, SUMINISTRO Y COLOCACION DE LOS MATERIALES EN EL SITIO DE SU UTILIZACION, MANO DE OBRA, EQUIPO Y HERRAMIENTA P.U.O.T.','A',1.00,200663.03,'C','2017-10-17 22:42:13.975952',133,5),(523,1508279187293814,'B-001','LIMPIA DE TERRENO PARA TRAZO DE EDIFICIOS, INCLUYE DESPALME, ACARREO DE ESCOMBRO FUERA DE LA OBRA CON CARGA A MANO. (U.C.T.T.)','A',302.60,7.31,'C','2017-10-17 22:42:13.978843',135,2),(524,1508279187296538,'3.1.B1','TRAZO Y NIVELACION  DE TERRENO CON EQUIPO TOPOGRAFICO ESTABLECIENDO EJES DE REFERENCIA Y BANCOS DE NIVEL, INCLUYE: MATERIALES, MANO DE OBRA, EQUIPO Y HERRAMIENTA P.U.O.T.','A',302.60,3.55,'C','2017-10-17 22:42:13.981559',135,2),(525,1508279187300012,'001-23','EXCAVACION A MANO EN CEPA HASTA 2.00 MTS. DE PROF. EN CUALQUIER TIPO DE MATERIAL; INCLUYE: AFINE DE TALUDES  Y FONDO,  INCLUIR ACARREOS DE MATERIAL SOBRANTE FUERA DE LA OBRA, INCLUYE: MANO DE OBRA, EQUIPO, HERRAMIENTA.  P.U.O.T.','A',130.72,194.96,'C','2017-10-17 22:42:13.985053',136,1),(526,1508279187303258,'093-05B-CA-01','BASE CON MATERIAL DE BANCO, CON UN ESPESOR DE 50 CMS. Y COMPACTADA AL 95% DE SU P.V.S.M., INCLUYE: SUMINISTRO Y ACARREO DEL MATERIAL PUESTO EN LA OBRA, ACAMELLONADO, INCORPORACIÓN DE AGUA Y SU ACARREO, MEZCLADO, TENDIDO, AFINE Y COMPACTACIÓN, MANO DE OBRA, EQUIPO Y HERRAMIENTA. P.U.O.T.','A',101.60,352.79,'C','2017-10-17 22:42:13.988323',136,1),(527,1508279187306126,'BP-003','PLANTILLA DE CONCRETO HIDRAULICO SIMPLE DE 5 CMS. DE ESPESOR HECHO EN OBRA F\'C=100 KG/CM2 RESINTENCIA NORMAL, TAMAÑO MAXIMO AGREGADO DE 3/4\", INCLUYE: MATERIALES, HERRAMIENTAS, EQUIPO DE SEGURIDAD, MANO DE OBRA Y EQUIPO MENOR.','A',101.92,89.15,'C','2017-10-17 22:42:13.991144',136,2),(528,1508279187308863,'CONISC-15-SP','ZAPATA CORRIDA DE 85X20 CMS. CON CONCRETO F\'C= 250 KG/CM2 AGREGADO DE 19 MM, HECHO EN OBRA, DE 0.85 MTS DE ANCHO,  PERALTE DE 0.20 MTS,  ARMADO CON ACERO DE REFUERZO # 3 @ 0.20 MTS. EN SENTIDO TRANSVERSAL Y 5 VAR No. 3 EN SENTIDO LONGITUDINAL, INCLUYE:  CIMBRA COMÚN, DESCIMBRADO, MANO DE OBRA, HERRAMIENTA, EQUIPO Y TODO LO NECESARIO PARA SU CORRECTA EJECUCIÓN. P.U.O.T.','A',137.16,653.24,'C','2017-10-17 22:42:13.993894',136,3),(529,1508279187311620,'ISC-046','CONTRATRABE DE 20X40 CMS. DE CONCRETO F´C= 200 KG/CM2 ARMADO CON 4 VARILLAS DEL No. 4 Y ESTRIBOS DEL No. 2 @ 20 CMS., CIMBRA COMÚN, INCLUYE: HABILITADO, ARMADO, CIMBRA Y DESCIMBRA, COLADO, MATERIAL, MANO DE OBRA, HERRAMIENTA, EQUIPO Y TODO LO NECESARIO PARA SU CORRECTA EJECUCIÓN. P.U.O.T.','A',137.16,381.64,'C','2017-10-17 22:42:13.996633',136,3),(530,1508279187314256,'DSCO-009-CA-01','TRABE DE LIGA DE CONCRETO DE 15X25 CMS. CON 6 VARILLAS DEL NO. 3 Y ESTRIBOS DEL NO. 2 @ 20 CMS, F\'C=200 KG/CM2; INCLUYE: CIMBRADO, DESCIMBRADO, MATERIAL, MANO DE OBRA, HERRAMIENTA, EQUIPO, ANDAMIOS, COLADO, CURADO, VIBRADO, ACARREOS, Y TODO LO NECESARIO PARA SU CORRECTA EJECUCION. P.U.O.T.','A',54.75,239.42,'C','2017-10-17 22:42:13.999292',136,3),(531,1508279187317214,'BP-005-CA-01','DADO DE CIMENTACION AISLADO DE SECCION 0.30 X 0.30 Y 0.50 MTS. DE ALTURA DE CONCRETO HIDRAULICO HECHO EN OBRA F\'C=250 KG/CM2 RESINTENCIA NORMAL, TAMAÑO MAXIMO AGREGADO DE 3/4\", REFORZADO 6 VARILLAS DE ACERO DEL No.3 (3/8\") Y ESTRIBOS DEL No. 2 (1/4\") A CADA 10 CMS. ACABADO COMUN, INCLUYE: VIBRADO, CURADO, CIMBRA Y DESCIMBRA, MATERIALES, HERRAMIENTAS, EQUIPO DE SEGURIDAD, MANO DE OBRA Y EQUIPO MENOR.','A',4.00,333.17,'C','2017-10-17 22:42:14.002236',136,4),(532,1508279187320012,'006-01B','RELLENO COMPACTADO CON PIZON DE MANO EN CAPAS DE 20 CM UTILIZANDO MATERIAL PRODUCTO DE LA EXCAVACION, CONSIDERANDO EL ACARREO DE MATERIAL EN CARRETILLA AL AREA DE TRABAJO. INCLUYE: AGUA, HERRAMIENTA, ACARREO Y MANO DE OBRA. P.U.O.T.','A',64.50,104.98,'C','2017-10-17 22:42:14.005158',136,1),(533,1508279187322895,'ALB-009','FIRME DE CONCRETO DE 8 CMS. DE ESPESOR ARMADO CON MALLA ELECTROSOLDADA 6-6/10-10 ACABADO ESCOBILLADO , FRAGUADO NORMAL PARA ESTRUCTURA, ARRIOSTRES Y ESTRUCTURA, ASI COMO PARA RESANE DE PISO DEMOLIDO. INCLUYE : MATERIALES Y SU ELEVACION,PROTECCION DEL AREA DONDE SE FABRICARA,COLOCACION VIBRADO, CURADO, ACARREO DE SOBRANTES A PIE DE CAMION, DESPERDICIOS, LIMPIEZA Y LO NECESARIO PARA SU CORRECTA EJECUCION. SI ES EN PIEDRAS INCLUYE VOLTEODOR DE 5 CM. PU.O.T. (CABALLERIZAS)','A',83.23,180.62,'C','2017-10-17 22:42:14.007901',137,2),(534,1508279187325921,'FIRM-100B-CA-01','FIRME DE CONCRETO  F\'C=100 KG/ CM2 DE 6 CMS  DE ESPESOR TEXTURA RUGOSA PARA RECIBIR ACABADO FINAL. REFORZADO CON MALLA ELECTROSOLDADA 6-6/10-10, INCLUYE: MATERIALES, MANO  DE  OBRA, COMPACTACIÓN, NIVELADO DE  LA SUPERFÍCIE,  CIMBRADO,   DESCIMBRADO, ACARREOS DENTRO  Y FUERA DE LA OBRA, HERRAMIENTA, EQUIPO, RETIRO DE MATERIAL SOBRANTE FUERA DE OBRA Y LIMPIEZA.  P.U.O.T. (BAÑADEROS)','A',118.52,143.66,'C','2017-10-17 22:42:14.010953',137,2),(535,1508279187328709,'ALB-011','CONSTRUCCIÓN DE CASTILLOS Y/O CADENAS DE 15X25 CMS. DE CONCRETO F´C=200KG/CM2., ARMADO CON 4 VS. DE 3/8\" Y ESTRIBOS DEL NO. 2 A CADA 15 CMS EN BARDA PERIMETRAL. INCLUYE: MATERIALES, MANO DE OBRA, EQUIPO, HERRAMIENTA, CHAFLANES, DESPERDICIOS, ACARREO DE SOBRANTES A PIE DE CAMION, LIMPIEZAS Y TODO LO NECESARIO PARA SU CORRECTA FABRICACION. (ACABADO APARENTE DE SER NECESARIO).','A',48.00,233.02,'C','2017-10-17 22:42:14.013723',137,3),(536,1508279187332419,'012-01','MURO DE BLOCK 12 X 20 X 40 CMS. EN 12 CMS. DE ESPESOR, ASENTADO CON MORTERO CEMENTO-ARENA PROP: 1:4, JUNTEADO DE 1.5 CMS, ACABADO COMUN EN AMBAS CARAS CON ESCALERILLA @ 3 HILADAS, CONSIDERANDO ANDAMIO DE CABALLETE PARA ALTURAS DE 1.50 A 3.00 MTS. INCLUYE: MATERIAL, HERRAMIENTA Y MANO DE OBRA. P.U.O.T.','A',150.00,207.56,'C','2017-10-17 22:42:14.017517',137,2),(537,1508279187335450,'AB-CA-EST-01','SUMINISTRO Y COLOCACION DE COLUMNA DE MADERA DE PINO DE PRIMERA CALIDAD, DE SECCION 0.30 X 0.30 Y 3.40 MTS. DE ALTURA. INLCUYE: ANCLAJE A DADO DE CIMENTACION CON PLACA DE ACERO DE 1/4\'\' DE ESPESOR, SEGUN DISEÑO ESTRUCTURAL,  TRATAMIENTO PARA MADERA A BASE DE PENTACLOROFENOL,  Y ACEITE DE LINAZA APLICADO CON BROCHA A DOS MANOS, MATERIAL, MANO DE OBRA, HERRAMIENTA, EQUIPO DE PROTECCIÓN CONTRA GASES TÓXICOS Y TODO LO NECESARIO PARA SU EJECUCIÓN. P.U.O.T.','A',4.00,7418.90,'C','2017-10-17 22:42:14.020475',137,4),(538,1508279187338323,'AB-CA-VIG-01','SUMINISTRO Y COLOCACION DE VIGA DE MADERA DE PINO DE PRIMERA CALIDAD, DE SECCION 0.10 X 0.20 X 6.00 MTS. @ 0.60 MTS. INCLUYE: ANCLAJE A TRABE CON CLAVO DE ACERO DE 4\'\', TRATAMIENTO PARA MADERA A BASE DE PENTACLOROFENOL,  Y ACEITE DE LINAZA APLICADO CON BROCHA A DOS MANOS, MATERIAL, MANO DE OBRA, HERRAMIENTA, EQUIPO DE PROTECCIÓN CONTRA GASES TÓXICOS Y TODO LO NECESARIO PARA SU EJECUCIÓN. P.U.O.T.','A',66.00,1776.52,'C','2017-10-17 22:42:14.023347',137,4),(539,1508279187341380,'PISO-PL01','PISO A BASE DE PIEDRA LAJA DE  1 A 4 CMS. DE ESPESOR  ASENTADO CON MORTERO DE CEMENTO ARENA CERNIDA 1:4 DE 3 CMS. DE ESPESOR PROMEDIO PARA NIVELAR, RELLENO EN JUNTAS DE 1 CMS.  COLOR ROJO ÓXIDO, INCLUYE: SUMINISTRO DE MATERIALES, CORTES, JUNTAS, ACARREOS, ELABORACIÓN DE MORTERO Y COLOCACIÓN. P.U.O.T. (BAÑADEROS)','A',106.00,393.40,'C','2017-10-17 22:42:14.026415',138,2),(540,1508279187344230,'ISC-0172','RECUBRIMIENTO DE PIEDRA LAJA EN MURO, ASENTADA CON MORTERO CEMENTO-ARENA 1:4, JUNTEADO COLOR SIMILAR A PIEDRA, CONSIDERANDO, CORTES, DESPERDICIOS Y LIMPIEZA DE LA SUPERFICIE. INCLUYE: SUMINISTRO DE MATERIAL, HERRAMIENTA Y MANO DE OBRA U.C.T.T.','A',40.00,285.19,'C','2017-10-17 22:42:14.029245',138,2),(541,1508279187347063,'068-51','ZOCLO DE 10X20 CM  MARCA  INTERCERAMIC, MODELO A ESCOGER ASENTADO CON  MORTERO CEMENTO1:4, LECHADO CON MEZCLA DE CEMENTO BLANCO-AGUA. CONSIDERANDO. RECORTE Y DESPERDICIO. INCLUYE:MATERIAL, HERRAMIENTA Y MANO DE OBRA. P.U.O.T.','A',38.00,38.10,'C','2017-10-17 22:42:14.032099',138,3),(542,1508279187350385,'AB-CA-CU-01','TRIPLAY DE 21MM. DE ESPESOR INCLUYE: TRATAMIENTO PARA MADERA A BASE DE PENTACLOROFENOL,  Y ACEITE DE LINAZA APLICADO CON BROCHA A DOS MANOS, MATERIAL, MANO DE OBRA, HERRAMIENTA, EQUIPO DE PROTECCIÓN CONTRA GASES TÓXICOS Y TODO LO NECESARIO PARA SU EJECUCIÓN. P.U.O.T.','A',300.00,350.22,'C','2017-10-17 22:42:14.035422',139,2),(543,1508279187353781,'024-16B','IMPERMEABILIZANTE AL-KOAT TIPO PA-40T SBS  DE 4.0 MM DE ESPESOR, ACABADO FINAL CON GRAVILLA CERAMICA COLOR TERRACOTA, CON APLICACION PREVIA DE PRIMARIA AL-KOAT BASE AGUA, COLOCADA LA MEMBRANA CON SOPLETE DE GAS, TRASLAPES DE 10 CM INC: LIMPIEZA PREVIA DE LA SUPERFICIE Y POSTERIOR A LA APLICACION (BARRIDO), MATERIAL, HERRAMIENTA Y MANO DE OBRA ( 5 AÑOS DE GARANTIA) P.U.O.T.','A',0.00,193.16,'C','2017-10-17 22:42:14.038841',139,2),(544,1508279187356937,'GCAISC-0045-CA-01','SUMINISTRO Y COLOCACION DE TEJA DE BARRO COLOR NATURAL DE 30X15X1.4 CM EN CUBIERTA INCLINADA. INCLUYE: CARGO DIRECTO POR EL COSTO DE LOS MATERIALES Y MANO DE OBRA QUE INTERVENGAN, FLETE A OBRA, DESPERDICIO, ACARREO HASTA EL LUGAR DE SU UTILIZACION, COLOCACION, ELEMENTOS DE FIJACION,  DESPERDICIOS , ELEVACIONES, LIMPIEZA Y RETIRO DE SOBRANTES FUERA DE OBRA, EQUIPO DE SEGURIDAD, INSTALACIONES ESPECIFICAS, DEPRECIACION Y DEMAS CARGOS DERIVADOS DEL USO DE HERRAMIENTA Y EQUIPO, EN CUALQUIER NIVEL. P.U.O.T.','A',300.00,308.19,'C','2017-10-17 22:42:14.041978',139,2),(545,1508279187359784,'AB-CA-CA-01','SUMINISTRO Y COLOCACION DE PUERTA DE MADERA DE PINO DE 3RA. TIPO CORREDIZA, DE DOS HOJAS CON VENTILA EXTERIOR PARA CABALLERIZA. CON DIMENSIONES DE 1.50 X 2.15 MTS. FABRICADA CON TABLA DE PINO DE 1\'\' A 1 1/2\'\' DE ESPESOR, Y HERRAJES SEGÚN DISEÑO. INCLUYE: COLOCACION, JUEGO DE BISAGRAS, RIELES Y CERROJOS, MATERIALES, MANO DE OBRA, HERRAMIENTA Y EQUIPO, P.U.O.T.','A',6.00,3550.28,'C','2017-10-17 22:42:14.044807',140,4),(546,1508279187362583,'INS-004','SALIDA SANITARIA, A UNA DISTANCIA PROMEDIO A 6.0 M, INCLUYE TUBERÍA DE 2,3 Y 4 SEGÚN REQUIERA, CODOS COPLES, TEES, MATERIAL DE CONSUMO, EXCAVACIONES, RELLENOS,INTERCONEXIONES,DERIVACIONES,DEMOLICIONES Y CONEXIONES A INSTALACIONES EXISTENTES, MATERIAL MANO DE OBRA, HERRAMIENTA Y TODO LO NECESARIO PARA SU CORRECTO FUNCIONAMIENTO INCLUYE PRUEBAS.','A',4.00,510.89,'C','2017-10-17 22:42:14.047738',141,6),(547,1508279187365939,'INS-003','SALIDA HIDRÁULICA A UNA DISTANCIA NO MAYOR A 6.0 M, INCLUYE TUBERÍA DE COBRE TIPO M EN 13 Y 19 MM (SEGÚN REQUIERA), CODOS, COPLES, TEES, YEES, MATERIAL DE CONSUMO, PRUEBAS, EXCAVACIONES, RELLENOS, INTERCONEXIONES, DERIVACIONES. DEMOLICIONES Y CONEXIONES A INSTALACIONES EXISTENTES, MANO DE OBRA, HERRAMIENTAS Y TODO LO NECESARIO PARA SU CORRECTA EJECUCIÓN.','A',2.00,822.89,'C','2017-10-17 22:42:14.050984',141,6),(548,1508279187368699,'094-067','TUBERIA DE CONCRETO SIMPLE DE 30 CM DE DIAMETRO,JUNTA HERMETICA PARA DRENAJE SANITARIO, INCLUYE: SUMINISTRO DE LA TUBERIA PUESTA EN EL LUGAR DE LOS TRABAJOS, MANIOBRAS Y BAJADO DE LOS TUBOS A LA ZANJA, COLOCACION,  JUNTEO Y NIVELADO, EQUIPO Y HERRAMIENTA, P.U.O.T.','A',30.00,155.48,'C','2017-10-17 22:42:14.053713',141,3),(549,1508279187371487,'IHE-CON23','REGISTRO DE 40X60X100 CMS (DESDE 0.80 HASTA 1.50 MTS DE PROFUNDIDAD) DE TABIQUE ROJO RECOCIDO 6 X 12 X 24 CMS., JUNTEADO CON MEZCLA CEMENTO ARENA 1:5 ACABADO PULIDO EN EL INTERIOR,SOBRE BASE DE PLANTILLA DE CONCRETO DE 5 CM Y CADENA DE SECCIÓN 10 X 12 CM  DE CONCRETO 100 KG/CM2 AGREGADO DE 20 MM, CEMENTO NORMAL, INCLUYE: MARCO Y CONTRAMARCO DE ANGULO DE FIERRO DE  1 1/4\" X  ESPESOR DE 1/8\",TAPA DE CONCRETO 100 KG/CM2 AGREGADO DE 20 MM, CEMENTO NORMAL ESPESOR DE LA TAPA 5 CM ,EXCAVACIÓN, MATERIALES, MANO DE OBRA, EQUIPO Y HERRAMIENTA.','A',3.00,1182.20,'C','2017-10-17 22:42:14.056510',141,4),(550,1508279187375279,'048-01','CENTRO DE CARGA QO2 O SIMILAR SQUARE\'D CON TAQUETES Y TORNILLOS. INCLUYE: MATERIAL, HERRAMIENTA Y MANO DE OBRA. P.U.O.T.','A',1.00,319.32,'C','2017-10-17 22:42:14.060309',142,4),(551,1508279187377936,'049-01','INTERRUPTOR TERMOMAGNETICO DE 1 POLO 15-50 AMP., INCLUYE: MATERIAL, MANO DE OBRA Y HERRAMIENTA U.C.T.T.','A',2.00,120.86,'C','2017-10-17 22:42:14.062965',142,4),(552,1508279187382000,'049-02','INTERRUPTOR DE CUCHILLAS 2X30 AMPERS. CONSIDERANDO PRUEBAS , FUSIBLES, TAQUETES, PIJAS. INCLUYE: MATERIAL, HERRAMIENTA Y MANO DE OBRA. U.C.T.T.','A',1.00,252.68,'C','2017-10-17 22:42:14.067184',142,4),(553,1508279187385344,'ISC-051','SALIDA ELÉCTRICA PARA CONTACTO Y/O LAMPARA CON UN DESARROLLO MÁXIMO DE 5.00 MTS. EL PRECIO INCLUYE: CABLE THW CAL. 12, CABLE DESNUDO CAL 14, TUBO CONDUIT PARED GRUESA 3/4\", CHALUPA,  MANO DE OBRA Y TODOS LOS MATERIALES PARA LA CORRECTA EJECUCIÓN DEL P.U.O.T.','A',15.00,401.75,'C','2017-10-17 22:42:14.070361',142,6),(554,1508279187388681,'5000006','SALIDA PARA APAGADOR SENCILLO, INCLUYE: POLIDUCTO DE 13  MM., CABLEADO, CHALUPA, TAPA, PLACA ENTUBADO, CABLEADO,  CANALETA, APAGADOR, CONEXION,  MATERIAL, MANO DE OBRA, HERRAMIENTA,  E- QUIPO Y TODO LO NECESARIO PARA SU EJECUCION. P.U.O.T.','A',3.00,455.00,'C','2017-10-17 22:42:14.073760',142,6),(555,1508279187391730,'3.1.B1','TRAZO Y NIVELACION  DE TERRENO CON EQUIPO TOPOGRAFICO ESTABLECIENDO EJES DE REFERENCIA Y BANCOS DE NIVEL, INCLUYE: MATERIALES, MANO DE OBRA, EQUIPO Y HERRAMIENTA P.U.O.T.','A',846.74,3.55,'C','2017-10-17 22:42:14.076763',144,2),(556,1508279187394353,'PRE-020B','DESPALME POR MEDIOS MECANICOS HASTA 10 CM EN MATERIAL I TODAS LAS ZONAS PARA QUITAR CAPA DE TIERRA VEGETAL, INCLUYE: DESENRAICE, MANO DE OBRA, HERRAMIENTA, EQUIPO, ACARREO DENTRO HASTA 20 MTS DE DISTANCIA.','A',846.74,1.84,'C','2017-10-17 22:42:14.079357',144,2),(557,1508279187397300,'093-39','EXCAVACION A MANO EN CEPA EN MATERIAL TIPO \"A\" Y/O \"B\" EN SECO PARA DESCARGAS PLUVIALES DE 0.00 A 2.00 M DE PROFUNDIDAD Y ANCHO DE 0.60 MTS, INCLUYE: AFINE DE FONDO, PLANTILLA DE ARENA DE 5 CMS. DE ESPESOR TUBO DE CONCRETO SIMPLE DE 20 CMS. DE DIAMETRO, JUNTEADO CON MORTERO CEMENTO-ARENA DE PROP 1:3, RELLENO CON MATERIAL PRODUCTO DE EXCAVACION, Y COMPACTACION EN CAPAS DE 20 CMS. DE ESPESOR CON PIZON DE MANO Y/O BAILARINA  MECANICA, MANO DE OBRA, MATERIALES, EQUIPO Y HERRAMIETA. P.U.O.T.','A',110.40,212.41,'C','2017-10-17 22:42:14.082324',145,3),(558,1508279187400088,'093-05B','BASE CON MATERIAL DE BANCO, CON UN ESPESOR DE 20 CMS. Y COMPACTADA AL 95% DE SU P.V.S.M., INCLUYE: SUMINISTRO Y ACARREO DEL MATERIAL PUESTO EN LA OBRA, ACAMELLONADO, INCORPORACIÓN DE AGUA Y SU ACARREO, MEZCLADO, TENDIDO, AFINE Y COMPACTACIÓN, MANO DE OBRA, EQUIPO Y HERRAMIENTA. P.U.O.T.','A',268.45,220.10,'C','2017-10-17 22:42:14.085099',145,1),(559,1508279187402714,'094-23','RIEGO DE IMPREGNACION A BASE DE EMULSION RL-2K, A RAZON DE 1.50 LTS/M2, INCLUYE: SUMINISTRO DE LA EMULSION, ACARREO Y APLICACION, MANO DE OBRA, EQUIPO Y HERRAMIENTA. P.U.O.T.','A',268.45,23.39,'C','2017-10-17 22:42:14.087720',145,2),(560,1508279187405972,'067-09C-CT-01','PISO O FIRME DE CONCRETO HECHO EN OBRA DE 15 CM DE ESPESOR, F`C= 150 KG/CM2  AGREGADO MAXIMO 19 MM. ARMADO CON MALLA ELECTROSOLDADA 6-6/10-10 ACABADO PULIDO. INCLUYE: MATERIAL, MANO DE OBRA, HERRAMIENTA Y TODO LO NECESARIO PARA SU CORRECTA REALIZACION.','A',680.75,315.55,'C','2017-10-17 22:42:14.091010',146,2),(561,1508279187408764,'QTZISC-002','CORTE DE ASFALTO DE 5 CM DE ESPESOR MEDIANTE CORTADORA DE DISCO DE DIAMANTE, INCLUYE: MANO DE OBRA, EQUIPO Y HERRAMIENTA. P.U.O.T.','A',387.60,4.31,'C','2017-10-17 22:42:14.093799',146,3),(562,1508279187411446,'084-30(CAMBIA)','PINTURA EPÓXICA APLICADA CON BROCHA EN CANCHA DE TENIS, CONSIDERANDO  PREPARACION DE LA SUPERFICIE, INCLUYE: MATERIAL, MANO DE OBRA, EQUIPO, HERRAMIENTA. P.U.O.T.','A',268.45,87.05,'C','2017-10-17 22:42:14.096457',147,2),(563,1508279187415021,'AB-CT-AC-01','RED DE TENIS DE NYLON  HAR TRU REVOLUTION NET INCLUYE: SUMINISTRO, COLOCACIÓN, MANO DE OBRA, HERRAMIENTA Y TODO LO NECESARIO PARA SU COLOCACIÓN P.U.O.T.','A',1.00,5563.90,'C','2017-10-17 22:42:14.100120',147,4),(564,1508279187418035,'AB-CT-AC-02','POSTES PARA TENIS MECÁNICOS INTERNOS COURTMAS ROYALE ','A',1.00,7842.30,'C','2017-10-17 22:42:14.103048',147,5),(565,1508279187421377,'AB-CT-AC-03','SUPERFICIE DE RECUBRIMIENTO ACRÍLICO PLEXIPAVE PARA CANCHA DE TENIS  INCLUYE: SUMINISTRO, COLOCACIÓN, MANO DE OBRA, HERRAMIENTA Y TODO LO NECESARIO PARA SU COLOCACIÓN P.U.O.T. ','A',268.45,580.33,'C','2017-10-17 22:42:14.106428',147,2),(566,1508279187424207,'094-83','REJILLA TRANSVERSAL CON MARCO Y CONTRAMARCO DE 3.80 X .80 M A BASE DE ANGULO DE 3\" X 3\" X 1/4\"  DE ESPESOR Y VIGAS IPS DE 3\" SOLDADAS AL MARCO A 45º @ 4 CMS. DE SEPARACION Y ANCLAS DE SOLERA DE 1\" X 1/4\" DE ESP. Y 7 CM DE LONGITUD EN ESQUINAS DE CONTRAMARCO. INCLUYE: CONSTRUCCION DE CAJA DE CAPTACION DE CONCRETO ARMADO DE F\'C=200 KG/CM2 DE 4 X 1 Y ALTURAS DE 4.5 M AL INICIO Y 1.15 M A LOS 3.10 M Y FINAL, CON MUROS Y LOSA DE FONDO DE 20 CM DE ESPESOR DOBLEMENTE ARMADO CON VARILLAS DEL #3 @ 20 CM EN AMBOS SENTIDOS, PLANTILLA DE CONCRETO SIMPLE DE F\'C=100 KG/CM2 DE 5 CM DE ESPESOR, CIMBRADO Y DESCIMBRADO Y TERMINADO DEL AREA COLADA, COLOCACION DE 3.0 M PROMEDIO DE TUBERIA DE CONCRETO SIMPLE DE 30 CM DE DIAMETRO JUNTEADO CON MORTERO CEMENTO-ARENA: ARENA PARA CONEXION DE POZO DE VISTA EXISTENTE, TRAZO, EXCAVACION A MANO CON RETIRO DEL MATERIAL PRODUCTO DE LA EXCAVACION A TIRO LIBRE, RELLENO COMPACTADO CON MATERIAL DE BANCO (TEPETATE) Y TODO LO NECESARIO PARA SU CORRECTA EJECUCCION P.U.O.T.','A',29.00,16825.42,'C','2017-10-17 22:42:14.109225',148,4),(567,1508279187426851,'ISC-035-IE-01','SUMINISTRO E INSTALACION DE LAMPARA SOBRE POSTE DE 6 MTS. DE ALTURA, PARA CANCHA, INCLUYE: POSTE ASTRIADO DE 6.00 MTS. DE ALTURA, BASE CAMISA DE 1.03 MTS. DE ALTURA Y LUMINARIO CON BALASTRO DE ADITIVOS METALICOS DE 250 W 220V. MARCA Y MODELO POR DEFINIR. INCLUYE:  INSTALACION COMPLETA, MATERIALES, MANO DE OBRA, HERRAMIENTA. (CANCHA).','A',12.00,4444.69,'C','2017-10-17 22:42:14.111856',150,4),(568,1508279187429888,'ISC-035-IE-02','SUMINISTRO E INSTALACION DE LAMPARA SOBRE POSTE DE 4 MTS. DE ALTURA, PARA CANCHA, INCLUYE: POSTE ASTRIADO DE 3.00 MTS. DE ALTURA, BASE CAMISA DE 1.03 MTS. DE ALTURA Y LUMINARIO CON BALASTRO DE ADITIVOS METALICOS DE 250 W 220V. MARCA Y MODELO POR DEFINIR. INCLUYE:  INSTALACION COMPLETA, MATERIALES, MANO DE OBRA, HERRAMIENTA. (CANCHA).','A',7.00,3552.19,'C','2017-10-17 22:42:14.114912',150,4),(569,1508279187432698,'ISC-0192-IE-01','REFLECTOR SUMERGIBLE PARA ALBERCA DE BAJO VOLTAJE, ACABADO INOXIDABLE, MARCA Y MODELO POR DEFINIR, INCLUYE, INSTALACION, MANO DE OBRA, EQUIPO Y HERRAMIENTA. (ALBERCA).','A',17.00,432.00,'C','2017-10-17 22:42:14.117772',150,4),(570,1508279187435419,'ARCISC-0080-IE-01','SUMINISTRO E INSTALACION DE REFLECTOR PARA INTEMPERIE CON FOCO ECONOMIZADOR DE 60 w TORNILLOS , ASI COMO ANDAMIO DE CABALLETE. MARCA Y MODELO POR DEFINIR. INCLUYE: MATERIAL, MANO DE OBRA Y HERRAMIENTA. P.U.O.T. (CASA).','A',7.00,387.06,'C','2017-10-17 22:42:14.120424',150,4),(571,1508279187438603,'ARB-001-IE-01','LAMPARA DE TIPO ARBOTANTE,  MARCA Y MODELO POR DEFINIR. INCLUYE: LAMPARA DE EXTERIOR, FOCO AHORRADOR DE ENERGIA, CABLE THW DEL NO. 12 MATERIALES PUESTOS EN EL SITIO DE LOS TRABAJOS, MANO DE OBRA, HERRAMIENTA, EQUIPO, PRUEBAS Y TODO LO NECESARIO PARA SU CORRECTA INSTALACION. (MUROS).','A',6.00,760.34,'C','2017-10-17 22:42:14.123628',150,4),(572,1508279187441246,'048-01F','CENTRO DE CARGA QO24 O SIMILAR SQUARE\'D CON TAQUETES Y TORNILLOS. INCLUYE: MATERIAL, HERRAMIENTA Y MANO DE OBRA. P.U.O.T.','A',1.00,4623.45,'C','2017-10-17 22:42:14.126251',150,4),(573,1508279187444063,'049-01','INTERRUPTOR TERMOMAGNETICO DE 1 POLO 15-50 AMP., INCLUYE: MATERIAL, MANO DE OBRA Y HERRAMIENTA U.C.T.T.','A',1.00,120.86,'C','2017-10-17 22:42:14.129258',150,4),(574,1508279187447470,'049-02','INTERRUPTOR DE CUCHILLAS 2X30 AMPERS. CONSIDERANDO PRUEBAS , FUSIBLES, TAQUETES, PIJAS. INCLUYE: MATERIAL, HERRAMIENTA Y MANO DE OBRA. U.C.T.T.','A',1.00,252.68,'C','2017-10-17 22:42:14.132741',150,4),(575,1508279187450957,'ARB-001-IE-02','LAMPARA DE TIPO ARBOTANTE,  MARCA Y MODELO POR DEFINIR. INCLUYE: LAMPARA DE EXTERIOR, FOCO AHORRADOR DE ENERGIA, CABLE THW DEL NO. 12 MATERIALES PUESTOS EN EL SITIO DE LOS TRABAJOS, MANO DE OBRA, HERRAMIENTA, EQUIPO, PRUEBAS Y TODO LO NECESARIO PARA SU CORRECTA INSTALACION. (GARAGE Y MOTOR LOBBY).','A',6.00,760.34,'C','2017-10-17 22:42:14.135973',150,4),(576,1508279187454552,'LUM-SL43-IE-01','LUMINARIO  DE EMPOTRAR EN PISO, MARCA Y MODELO POR DEFINIR. INCLUYE, REALIZACIÓN DE SALIDA ELÉCTRICA PARA ENERGIZAR LUMINARIA EMPOTRADA EN PISO, SUMINISTRO E INSTALACIÓN DE TUBO DE PVC SERVICIO PESADO EMPOTRANDO EN PISO ESCAVANDO RANURAS DE HASTA UNA PROFUNDIDAD DE 30 CMS, REALIZANDO RETIRO Y RECOLOCACIÓN O RESTITUCIÓN DE PISOS, CABLEADO ELÉCTRICO THW-LS DE BAJA EMISIÓN DE HUMOS, CONEXIONES ELÉCTRICAS, PRUEBAS DE CONTINUIDAD, INTERRUPTOR TERMOMÁGNETICO EN TABLERO DE DISTRIBUCIÓN ELÉCTRICA PROPORCIONAL AL CIRCUITO CORRESPONDIENTE, NIVELACIÓN, ACARREOS, LIMPIEZA, RETIRO DE MATERIAL SOBRANTE Y  TODO LO NECESARIO PARA SU CORRECTA INSTALACIÓN. (PERGOLA).','A',24.00,445.36,'C','2017-10-17 22:42:14.139604',150,4),(577,1508279187457406,'IE-CON03-IE-01','LUMINARIA COLGANTE DE ALUMINIO CON REFLECTOR INTERNO DE ALUMINIO CON PANTALLA INFERIOR REFRACTOR DE VIDRIO DE BOROSILICATO, DISPONIBLE EN CURVA III Y V ALTURA 30\" ANCHO 17\" MARCA Y MODELO POR DEFINIR, INCLUYE: COLOCACIÓN, SUMINISTRO, EQUIPO, HERRAMIENTA Y MANO DE OBRA. P.U.O.T. (CABALLERIZAS).','A',2.00,4908.75,'C','2017-10-17 22:42:14.142448',150,4),(578,1508279187460906,'ISC-0192-IE-02','REFLECTOR SUMERGIBLE PARA ALBERCA DE BAJO VOLTAJE, ACABADO INOXIDABLE, MARCA Y MODELO POR DEFINIR, INCLUYE, INSTALACION, MANO DE OBRA, EQUIPO Y HERRAMIENTA.  (CHORRO DE AGUA).','A',1.00,432.00,'C','2017-10-17 22:42:14.146053',150,4),(579,1508279187464068,'ISC-0194-IE-01','LAMPARA COLGANTE, MARCA Y MODELO POR DEFINIR. INCLUYE: LAMPARA DE EXTERIOR, FOCO AHORRADOR DE ENERGIA, CABLE THW DEL NO. 12 MATERIALES PUESTOS EN EL SITIO DE LOS TRABAJOS, MANO DE OBRA, HERRAMIENTA, EQUIPO, PRUEBAS Y TODO LO NECESARIO PARA SU CORRECTA INSTALACION. (ACCESO).','A',1.00,1691.59,'C','2017-10-17 22:42:14.149091',150,4),(580,1508279187466694,'059-03B','REGISTRO ELECTRICO DE 30 X 30 X 40 CMS. DE PROFUNDIDAD, CON MURO DE TABIQUE COMUN DE 5.5 X 12.5 X 25 CMS., ESPESOR DE MURO DE 12 CMS, JUNTEADO CON MORTERO CEMENTO-ARENA PROP: 1:4, APLANADO PULIDO INTERIOR Y TAPA DE CONCRETO  DE F`C=150 KG/CM2 T.M.A.3/4, TAPA DE 60X 60 CM Y MARCO DE 60 X 60 CMS. CON ANGULO 1/2\" CONSIDERANDO DREN CON TUBO DE PCV Y FONDO DE MATERIAL PETREO. INCLUYE:MATERIAL, HERRAMIENTA Y MANO DE OBRA. P.U.O.T.','A',1.00,891.03,'C','2017-10-17 22:42:14.151697',150,4),(581,1508279187470084,'ELE-003','CANALIZACIÓN SUBTERRÁNEA Y CABLEADO PARA INSTALACIÓN ELECTRICA CON POLIDUCTO ELÉCTRICO DE 2\" CABLE CALIBRE 6 THW, MARCA CONDUMEX ANTILLAMAS. INCLUYE: MATERIALES, HERRAMIENTA, EQUIPO, MANO DE OBRA Y TODO LO NECESARIO PARA SU CORRECTA EJECUCIÓN. P.U.O.T.','A',1.00,126.72,'C','2017-10-17 22:42:14.155161',150,3),(582,1508279187473321,'ISC-0192-IE-03','REFLECTOR SUMERGIBLE PARA ALBERCA DE BAJO VOLTAJE, ACABADO INOXIDABLE, MARCA Y MODELO POR DEFINIR, INCLUYE, INSTALACION, MANO DE OBRA, EQUIPO Y HERRAMIENTA.  (FUENTE DE PARED).','A',1.00,432.00,'C','2017-10-17 22:42:14.158346',150,4),(583,1508279187476059,'AB-IE-IE-01','LUMINARIO ORNAMENTAL EN ALUMINIO INYECTADO, MARCA CONSTRULITA, MODELO CUBIC. INCLUYE: LAMPARA TIPO LED DE 19W, DIFUSOR DE ACRILICO OPALINO,  CABLE THW DEL NO. 12, MATERIALES PUESTOS EN EL SITIO DE LOS TRABAJOS, MANO DE OBRA, HERRAMIENTA, EQUIPO, PRUEBAS Y TODO LO NECESARIO PARA SU CORRECTA INSTALACION. (GUARNICIONES).','A',15.00,9467.39,'C','2017-10-17 22:42:14.161077',150,4),(584,1508279187478746,'B-001','LIMPIA DE TERRENO PARA TRAZO DE EDIFICIOS, INCLUYE DESPALME, ACARREO DE ESCOMBRO FUERA DE LA OBRA CON CARGA A MANO. (U.C.T.T.)','A',75.12,7.31,'C','2017-10-17 22:42:14.163757',152,2),(585,1508279187481654,'3.1.B1','TRAZO Y NIVELACION  DE TERRENO CON EQUIPO TOPOGRAFICO ESTABLECIENDO EJES DE REFERENCIA Y BANCOS DE NIVEL, INCLUYE: MATERIALES, MANO DE OBRA, EQUIPO Y HERRAMIENTA P.U.O.T.','A',75.12,3.55,'C','2017-10-17 22:42:14.166950',152,2),(586,1508279187484835,'001-23','EXCAVACION A MANO EN CEPA HASTA 2.00 MTS. DE PROF. EN CUALQUIER TIPO DE MATERIAL; INCLUYE: AFINE DE TALUDES  Y FONDO,  INCLUIR ACARREOS DE MATERIAL SOBRANTE FUERA DE LA OBRA, INCLUYE: MANO DE OBRA, EQUIPO, HERRAMIENTA.  P.U.O.T.','A',11.05,194.96,'C','2017-10-17 22:42:14.169849',153,1),(587,1508279187487737,'BP-003','PLANTILLA DE CONCRETO HIDRAULICO SIMPLE DE 5 CMS. DE ESPESOR HECHO EN OBRA F\'C=100 KG/CM2 RESINTENCIA NORMAL, TAMAÑO MAXIMO AGREGADO DE 3/4\", INCLUYE: MATERIALES, HERRAMIENTAS, EQUIPO DE SEGURIDAD, MANO DE OBRA Y EQUIPO MENOR.','A',24.55,89.15,'C','2017-10-17 22:42:14.172746',153,2),(588,1508279187490331,'006-01B','RELLENO COMPACTADO CON PIZON DE MANO EN CAPAS DE 20 CM UTILIZANDO MATERIAL PRODUCTO DE LA EXCAVACION, CONSIDERANDO EL ACARREO DE MATERIAL EN CARRETILLA AL AREA DE TRABAJO. INCLUYE: AGUA, HERRAMIENTA, ACARREO Y MANO DE OBRA. P.U.O.T.','A',5.80,104.98,'C','2017-10-17 22:42:14.175335',153,1),(589,1508279187492936,'012-07','MURO DE PIEDRA BRAZA DE 30 A 40 CMS. DE ESPESOR ASENTADO CON MORTERO DE CEMENTO-ARENA 1:5 ACABADO COMUN. CONSIDERANDO ANDAMIO DE CABALLETE PARA ALTURAS DE 1.50 A 3.00 MTS. DE ALTURA. INCLUYE: MATERIAL, MANO DE OBRA, EQUIPO, ACARREOS Y  HERRAMIENTA. P.U.O.T.','A',9.14,1162.54,'C','2017-10-17 22:42:14.177994',153,1),(590,1508279187495690,'ALB-009','FIRME DE CONCRETO DE 8 CMS. DE ESPESOR ARMADO CON MALLA ELECTROSOLDADA 6-6/10-10 ACABADO ESCOBILLADO , FRAGUADO NORMAL PARA ESTRUCTURA, ARRIOSTRES Y ESTRUCTURA, ASI COMO PARA RESANE DE PISO DEMOLIDO. INCLUYE : MATERIALES Y SU ELEVACION,PROTECCION DEL AREA DONDE SE FABRICARA,COLOCACION VIBRADO, CURADO, ACARREO DE SOBRANTES A PIE DE CAMION, DESPERDICIOS, LIMPIEZA Y LO NECESARIO PARA SU CORRECTA EJECUCION. SI ES EN PIEDRAS INCLUYE VOLTEODOR DE 5 CM. PU.O.T. (CABALLERIZAS)','A',26.01,180.62,'C','2017-10-17 22:42:14.180697',154,2),(591,1508279187498438,'095-48','RAMPA DE CONCRETO F\'C= 150 KG/CM2 T.M.A. 3/4\" DE 8 CMS. DE ESPESOR, ARMADO CON MALLA ELECTROSOLDADA 6-6/10-10, INCLUYE: NIVELACIÓN DE LA SUPERFICIE, COMPACTACIÓN, MATERIALES, MANO DE OBRA, CIMBRADO Y DESCIMBRADO EN FRONTERAS, VIBRADO, CURADO Y TODO LO NECESARIO PARA SU CORRECTA EJECUCIÓN. U.C.T.T.','A',12.36,619.98,'C','2017-10-17 22:42:14.183441',154,2),(592,1508279187501051,'PISO-PL01','PISO A BASE DE PIEDRA LAJA DE  1 A 4 CMS. DE ESPESOR  ASENTADO CON MORTERO DE CEMENTO ARENA CERNIDA 1:4 DE 3 CMS. DE ESPESOR PROMEDIO PARA NIVELAR, RELLENO EN JUNTAS DE 1 CMS.  COLOR ROJO ÓXIDO, INCLUYE: SUMINISTRO DE MATERIALES, CORTES, JUNTAS, ACARREOS, ELABORACIÓN DE MORTERO Y COLOCACIÓN. P.U.O.T. (BAÑADEROS)','A',26.01,393.40,'C','2017-10-17 22:42:14.186055',155,2),(593,1508279187504680,'3.1.B1','TRAZO Y NIVELACION  DE TERRENO CON EQUIPO TOPOGRAFICO ESTABLECIENDO EJES DE REFERENCIA Y BANCOS DE NIVEL, INCLUYE: MATERIALES, MANO DE OBRA, EQUIPO Y HERRAMIENTA P.U.O.T.','A',1976.94,3.55,'C','2017-10-17 22:42:14.189732',157,2),(594,1508279187509145,'B-001','LIMPIA DE TERRENO PARA TRAZO DE EDIFICIOS, INCLUYE DESPALME, ACARREO DE ESCOMBRO FUERA DE LA OBRA CON CARGA A MANO. (U.C.T.T.)','A',1248.07,7.31,'C','2017-10-17 22:42:14.194183',157,2),(595,1508279187511824,'ARCISC-0106-JA-01','PLANTA DE ORNATO HIBISCUS @50CM CON UNA ALTURA DE 60CM. EN ZONAS JARDINERAS, INCLUYE: SUMINISTRO DE MATERIALES, TIERRA NEGRA, HERRAMIENTA, MANO DE OBRA, PLANTADO, EQUIPO Y TODO LO NECESARIO PARA SU CORRECTA EJECUCIÓN. COLOCACIÓN.P.U.O.T.','A',62.00,74.50,'C','2017-10-17 22:42:14.196828',159,4),(596,1508279187514749,'ARCISC-0106-JA-02','PLANTA DE ORNATO LLAMANDA ALLAMANDA CATHARTICA @65CM. CON UNA ALTURA DE 30 A50CM. EN ZONAS JARDINERAS, INCLUYE: SUMINISTRO DE MATERIALES, TIERRA NEGRA, HERRAMIENTA, MANO DE OBRA, PLANTADO, EQUIPO Y TODO LO NECESARIO PARA SU CORRECTA EJECUCIÓN. COLOCACIÓN.P.U.O.T','A',22.00,69.50,'C','2017-10-17 22:42:14.199788',159,4),(597,1508279187517361,'ARCISC-0106-JA-03','PLANTA DE ORNATO LLAMANDA DURANTA GOLDEN EN ZONAS JARDINERAS, INCLUYE: SUMINISTRO DE MATERIALES, TIERRA NEGRA, HERRAMIENTA, MANO DE OBRA, PLANTADO, EQUIPO Y TODO LO NECESARIO PARA SU CORRECTA EJECUCIÓN. COLOCACIÓN.P.U.O.T','A',180.00,39.50,'C','2017-10-17 22:42:14.202398',159,4),(598,1508279187520184,'ARCISC-0105-JA-01','SUMINISTRO Y PLANTADO DE  COCOS NUCIFERA CON UNA ALTURA DE 5M. INCLUYE: SUMINISTRO DE MATERIALES, MANO DE OBRA, EXCAVACIÓN DE CEPAS, RELLENO DE LA MISMA CON TIERRA VEGETAL, SIEMBRA, RIEGO DURANTE UN PERIODO MINIMO DE 20 DIAS PARA GARANTIZAR SU CORRECTO SEMBRADO, ABONO DE ARBOL, MATERIALES, MANO DE OBRA, HERRAMIENTA, EQUIPO Y TODO LO NECESARIO PARA SU CORRECTA EJECUCIÓN. P.U.O.T.','A',2.00,3548.67,'C','2017-10-17 22:42:14.205200',159,4),(599,1508279187522897,'ARCISC-0106-JA-04','PLANTA DE ORNATO LLAMANDA RAVENALA MADAGASCARIENSIS EN ZONAS JARDINERAS, INCLUYE: SUMINISTRO DE MATERIALES, TIERRA NEGRA, HERRAMIENTA, MANO DE OBRA, PLANTADO, EQUIPO Y TODO LO NECESARIO PARA SU CORRECTA EJECUCIÓN. COLOCACIÓN.P.U.O.T','A',2.00,1575.28,'C','2017-10-17 22:42:14.207904',159,4),(600,1508279187526974,'ARCISC-0106-JA-05','PLANTA DE ORNATO LLAMANDA TRANDESCANTIA PALLIDA EN ZONAS JARDINERAS, INCLUYE: SUMINISTRO DE MATERIALES, TIERRA NEGRA, HERRAMIENTA, MANO DE OBRA, PLANTADO, EQUIPO Y TODO LO NECESARIO PARA SU CORRECTA EJECUCIÓN. COLOCACIÓN.P.U.O.T','A',570.00,46.50,'C','2017-10-17 22:42:14.212068',159,4),(601,1508279187530673,'ARCISC-0106-JA-06','PLANTA DE ORNATO LLAMANDA CODIAEUM VARIEGATUM EN ZONAS JARDINERAS, INCLUYE: SUMINISTRO DE MATERIALES, TIERRA NEGRA, HERRAMIENTA, MANO DE OBRA, PLANTADO, EQUIPO Y TODO LO NECESARIO PARA SU CORRECTA EJECUCIÓN. COLOCACIÓN.P.U.O.T','A',21.00,174.50,'C','2017-10-17 22:42:14.215902',159,4),(602,1508279187534354,'ARCISC-0106-JA-07','PLANTA DE ORNATO LLAMANDA LANTANA CAMARA EN ZONAS JARDINERAS, INCLUYE: SUMINISTRO DE MATERIALES, TIERRA NEGRA, HERRAMIENTA, MANO DE OBRA, PLANTADO, EQUIPO Y TODO LO NECESARIO PARA SU CORRECTA EJECUCIÓN. COLOCACIÓN.P.U.O.T','A',18.00,54.50,'C','2017-10-17 22:42:14.219396',159,4),(603,1508279187537159,'ARCISC-0106-JA-08','PLANTA DE ORNATO LLAMANDA ALOCASIA MACRORRHIZA EN ZONAS JARDINERAS, INCLUYE: SUMINISTRO DE MATERIALES, TIERRA NEGRA, HERRAMIENTA, MANO DE OBRA, PLANTADO, EQUIPO Y TODO LO NECESARIO PARA SU CORRECTA EJECUCIÓN. COLOCACIÓN.P.U.O.T','A',20.00,99.50,'C','2017-10-17 22:42:14.222177',159,4),(604,1508279187539831,'087-06B','ARBOL DE JACARANDA MIMOSIFOLIA, DE ALTURA MINIMA DE 1.80 M, INCLUYE: TIERRA VEGETAL, SIEMBRA , ABONO, RIEGO DURANTE UN PERIODO MINIMO DE HASTA 20 DIAS PARA GARANTIZAR SU CORRECTO SEMBRADO, MATERIALES, MANO DE OBRA,EQUIPO, HERRAMIENTA,Y TODO LO NECESARIO PARA SU CORRECTA  EJECUCION, U.C.T.T.','A',1.00,174.50,'C','2017-10-17 22:42:14.224833',159,4),(605,1508279187542380,'ARCISC-0106-JA-09','PLANTA DE ORNATO LLAMANDA DURANTA REPENS. EN ZONAS JARDINERAS, INCLUYE: SUMINISTRO DE MATERIALES, TIERRA NEGRA, HERRAMIENTA, MANO DE OBRA, PLANTADO, EQUIPO Y TODO LO NECESARIO PARA SU CORRECTA EJECUCIÓN. COLOCACIÓN.P.U.O.T','A',57.00,39.50,'C','2017-10-17 22:42:14.227382',159,4),(606,1508279187544949,'ARCISC-0105-JA-02','SUMINISTRO Y PLANTADO DE BAMBUSA VULGARIS INCLUYE: SUMINISTRO DE MATERIALES, MANO DE OBRA, EXCAVACIÓN DE CEPAS DE .35X.35X.40 MTS, RELLENO DE LA MISMA CON TIERRA VEGETAL, SIEMBRA, RIEGO DURANTE UN PERIODO MINIMO DE 20 DIAS PARA GARANTIZAR SU CORRECTO SEMBRADO, ABONO DE ARBOL, MATERIALES, MANO DE OBRA, HERRAMIENTA, EQUIPO Y TODO LO NECESARIO PARA SU CORRECTA EJECUCIÓN. P.U.O.T.','A',57.00,254.50,'C','2017-10-17 22:42:14.229951',159,4),(607,1508279187547504,'ARCISC-0105-JA-03','SUMINISTRO Y PLANTADO DE CITRUS SINENSIS (NARANJO) DE 2MTS. DE ALTURA INCLUYE: SUMINISTRO DE MATERIALES, MANO DE OBRA, EXCAVACIÓN DE CEPAS, RELLENO DE LA MISMA CON TIERRA VEGETAL, SIEMBRA, RIEGO DURANTE UN PERIODO MINIMO DE 20 DIAS PARA GARANTIZAR SU CORRECTO SEMBRADO, ABONO DE ARBOL, MATERIALES, MANO DE OBRA, HERRAMIENTA, EQUIPO Y TODO LO NECESARIO PARA SU CORRECTA EJECUCIÓN. P.U.O.T.','A',2.00,335.24,'C','2017-10-17 22:42:14.232591',159,4),(608,1508279187550180,'ARCISC-0106-JA-10','PLANTA DE ORNATO LLAMANDA PLUMBAGO EN ZONAS JARDINERAS, INCLUYE: SUMINISTRO DE MATERIALES, TIERRA NEGRA, HERRAMIENTA, MANO DE OBRA, PLANTADO, EQUIPO Y TODO LO NECESARIO PARA SU CORRECTA EJECUCIÓN. COLOCACIÓN.P.U.O.T','A',4.00,64.50,'C','2017-10-17 22:42:14.235184',159,4),(609,1508279187553327,'ARCISC-0106-JA-11','PLANTA DE ORNATO LLAMANDA SANSEVIERIA TRIFASCIATA. EN ZONAS JARDINERAS, INCLUYE: SUMINISTRO DE MATERIALES, TIERRA NEGRA, HERRAMIENTA, MANO DE OBRA, PLANTADO, EQUIPO Y TODO LO NECESARIO PARA SU CORRECTA EJECUCIÓN. COLOCACIÓN.P.U.O.T','A',32.00,94.50,'C','2017-10-17 22:42:14.238388',159,4),(610,1508279187556326,'ARCISC-0031','PASTO EN ROLLO, CONSIDERANDO MEJORAMIENTO DE TERRENO A BASE DE TIERRA VEGETAL EN CAPAS DE 5 CMS, SUMINISTRO, ACARREOS LOCALES, EXTENDIDO, RIEGO CON AGUA DE PIPA Y MANO DE OBRA P.U.O.T.','A',132.00,48.60,'C','2017-10-17 22:42:14.241341',159,2),(611,1508279187558996,'ARCISC-0106-CA-01','PLANTA DE ORNATO HIBISCUS @60CM CON UNA ALTURA DE 60CM. EN ZONAS JARDINERAS, INCLUYE: SUMINISTRO DE MATERIALES, TIERRA NEGRA, HERRAMIENTA, MANO DE OBRA, PLANTADO, EQUIPO Y TODO LO NECESARIO PARA SU CORRECTA EJECUCIÓN. COLOCACIÓN.P.U.O.T.','A',133.00,74.50,'C','2017-10-17 22:42:14.244030',160,4),(612,1508279187561565,'ARCISC-0106-CA-02',' PLANTA DE ORNATO LLAMANDA ALLAMANDA CATHARTICA @50CM. CON UNA ALTURA DE 30 A50CM. EN ZONAS JARDINERAS, INCLUYE: SUMINISTRO DE MATERIALES, TIERRA NEGRA, HERRAMIENTA, MANO DE OBRA, PLANTADO, EQUIPO Y TODO LO NECESARIO PARA SU CORRECTA EJECUCIÓN. COLOCACIÓN.P.U.O.T','A',112.00,69.50,'C','2017-10-17 22:42:14.246565',160,4),(613,1508279187564866,'ARCISC-0105-CA-01','SUMINISTRO Y PLANTADO DE  COCOS NUCIFERA CON UNA ALTURA DE 5M. INCLUYE: SUMINISTRO DE MATERIALES, MANO DE OBRA, EXCAVACIÓN DE CEPAS, RELLENO DE LA MISMA CON TIERRA VEGETAL, SIEMBRA, RIEGO DURANTE UN PERIODO MINIMO DE 20 DIAS PARA GARANTIZAR SU CORRECTO SEMBRADO, ABONO DE ARBOL, MATERIALES, MANO DE OBRA, HERRAMIENTA, EQUIPO Y TODO LO NECESARIO PARA SU CORRECTA EJECUCIÓN. P.U.O.T.','A',5.00,3576.78,'C','2017-10-17 22:42:14.249923',160,4),(614,1508279187567689,'ARCISC-0105-CA-02','SUMINISTRO Y PLANTADO DE CITRUS SINENSIS (NARANJO) DE 2MTS. DE ALTURA INCLUYE: SUMINISTRO DE MATERIALES, MANO DE OBRA, EXCAVACIÓN DE CEPAS, RELLENO DE LA MISMA CON TIERRA VEGETAL, SIEMBRA, RIEGO DURANTE UN PERIODO MINIMO DE 20 DIAS PARA GARANTIZAR SU CORRECTO SEMBRADO, ABONO DE ARBOL, MATERIALES, MANO DE OBRA, HERRAMIENTA, EQUIPO Y TODO LO NECESARIO PARA SU CORRECTA EJECUCIÓN. P.U.O.T.','A',2.00,335.24,'C','2017-10-17 22:42:14.252694',160,4),(615,1508279187570386,'ARCISC-0106-CA-03','PLANTA DE ORNATO LLAMANDA RAVENALA MADAGASCARIENSIS EN ZONAS JARDINERAS, INCLUYE: SUMINISTRO DE MATERIALES, TIERRA NEGRA, HERRAMIENTA, MANO DE OBRA, PLANTADO, EQUIPO Y TODO LO NECESARIO PARA SU CORRECTA EJECUCIÓN. COLOCACIÓN.P.U.O.T.','A',3.00,1553.58,'C','2017-10-17 22:42:14.255433',160,4),(616,1508279187573295,'ARCISC-0106-CA-04','PLANTA DE ORNATO LLAMANDA TRANDESCANTIA PALLIDA EN ZONAS JARDINERAS, INCLUYE: SUMINISTRO DE MATERIALES, TIERRA NEGRA, HERRAMIENTA, MANO DE OBRA, PLANTADO, EQUIPO Y TODO LO NECESARIO PARA SU CORRECTA EJECUCIÓN. COLOCACIÓN.P.U.O.T.','A',386.00,46.50,'C','2017-10-17 22:42:14.258310',160,4),(617,1508279187575908,'ARCISC-0106-CA-05','PLANTA DE ORNATO LLAMANDA SANSEVIERIA TRIFASCIATA EN ZONAS JARDINERAS, INCLUYE: SUMINISTRO DE MATERIALES, TIERRA NEGRA, HERRAMIENTA, MANO DE OBRA, PLANTADO, EQUIPO Y TODO LO NECESARIO PARA SU CORRECTA EJECUCIÓN. COLOCACIÓN.P.U.O.T.','A',140.00,94.50,'C','2017-10-17 22:42:14.261122',160,4),(618,1508279187579537,'ARCISC-0106-CA-06','PLANTA DE ORNATO LLAMANDA DURANTA GOLDEN EN ZONAS JARDINERAS, INCLUYE: SUMINISTRO DE MATERIALES, TIERRA NEGRA, HERRAMIENTA, MANO DE OBRA, PLANTADO, EQUIPO Y TODO LO NECESARIO PARA SU CORRECTA EJECUCIÓN. COLOCACIÓN.P.U.O.T.','A',266.00,39.50,'C','2017-10-17 22:42:14.264642',160,4),(619,1508279187583032,'ARCISC-0106-CA-07','PLANTA DE ORNATOA LLAMANDA PYROSTEGIA IGNEA EN ZONAS JARDINERAS, INCLUYE: SUMINISTRO DE MATERIALES, TIERRA NEGRA, HERRAMIENTA, MANO DE OBRA, PLANTADO, EQUIPO Y TODO LO NECESARIO PARA SU CORRECTA EJECUCIÓN. COLOCACIÓN.P.U.O.T.','A',5.00,69.50,'C','2017-10-17 22:42:14.268099',160,4),(620,1508279187586113,'ARCISC-0106-CA-08','PLANTA DE ORNATO LLAMANDA CODIAEUM VARIEGATUM EN ZONAS JARDINERAS, INCLUYE: SUMINISTRO DE MATERIALES, TIERRA NEGRA, HERRAMIENTA, MANO DE OBRA, PLANTADO, EQUIPO Y TODO LO NECESARIO PARA SU CORRECTA EJECUCIÓN. COLOCACIÓN.P.U.O.T.','A',42.00,174.50,'C','2017-10-17 22:42:14.271147',160,4),(621,1508279187588968,'ARCISC-0106-CA-09','PLANTA DE ORNATO LLAMANDA GARDENIA JASMINOIDES EN ZONAS JARDINERAS, INCLUYE: SUMINISTRO DE MATERIALES, TIERRA NEGRA, HERRAMIENTA, MANO DE OBRA, PLANTADO, EQUIPO Y TODO LO NECESARIO PARA SU CORRECTA EJECUCIÓN. COLOCACIÓN.P.U.O.T.','A',30.00,69.50,'C','2017-10-17 22:42:14.274032',160,4),(622,1508279187591944,'ARCISC-0106-CA-10','PLANTA DE ORNATO LLAMANDA PLUMBAGO EN ZONAS JARDINERAS, INCLUYE: SUMINISTRO DE MATERIALES, TIERRA NEGRA, HERRAMIENTA, MANO DE OBRA, PLANTADO, EQUIPO Y TODO LO NECESARIO PARA SU CORRECTA EJECUCIÓN. COLOCACIÓN.P.U.O.T.','A',4.00,64.50,'C','2017-10-17 22:42:14.276948',160,4),(623,1508279187594557,'ARCISC-0105-CA-03','SUMINISTRO Y PLANTADO DE BAMBUSA VULGARIS INCLUYE: SUMINISTRO DE MATERIALES, MANO DE OBRA, EXCAVACIÓN DE CEPAS DE .35X.35X.40 MTS, RELLENO DE LA MISMA CON TIERRA VEGETAL, SIEMBRA, RIEGO DURANTE UN PERIODO MINIMO DE 20 DIAS PARA GARANTIZAR SU CORRECTO SEMBRADO, ABONO DE ARBOL, MATERIALES, MANO DE OBRA, HERRAMIENTA, EQUIPO Y TODO LO NECESARIO PARA SU CORRECTA EJECUCIÓN. P.U.O.T.','A',130.00,254.50,'C','2017-10-17 22:42:14.279562',160,4),(624,1508279187597130,'ARCISC-0106-CA-11','PLANTA DE ORNATO LLAMANDA ALOCASIA MACRORRHIZA. EN ZONAS JARDINERAS, INCLUYE: SUMINISTRO DE MATERIALES, TIERRA NEGRA, HERRAMIENTA, MANO DE OBRA, PLANTADO, EQUIPO Y TODO LO NECESARIO PARA SU CORRECTA EJECUCIÓN. COLOCACIÓN.P.U.O.T.','A',24.00,99.50,'C','2017-10-17 22:42:14.282144',160,4),(625,1508279187600329,'ARCISC-0031','PASTO EN ROLLO, CONSIDERANDO MEJORAMIENTO DE TERRENO A BASE DE TIERRA VEGETAL EN CAPAS DE 5 CMS, SUMINISTRO, ACARREOS LOCALES, EXTENDIDO, RIEGO CON AGUA DE PIPA Y MANO DE OBRA P.U.O.T.','A',362.00,48.60,'C','2017-10-17 22:42:14.285351',160,2),(626,1508279187602965,'ARCISC-0106-JT-01','PLANTA DE ORNATO HIBISCUS @50CM CON UNA ALTURA DE 60CM. EN ZONAS JARDINERAS, INCLUYE: SUMINISTRO DE MATERIALES, TIERRA NEGRA, HERRAMIENTA, MANO DE OBRA, PLANTADO, EQUIPO Y TODO LO NECESARIO PARA SU CORRECTA EJECUCIÓN. COLOCACIÓN.P.U.O.T.','A',12.00,74.50,'C','2017-10-17 22:42:14.287968',161,4),(627,1508279187606069,'ARCISC-0106-JT-02','PLANTA DE ORNATO LLAMANDA ALLAMANDA CATHARTICA @65CM. EN ZONAS JARDINERAS, INCLUYE: SUMINISTRO DE MATERIALES, TIERRA NEGRA, HERRAMIENTA, MANO DE OBRA, PLANTADO, EQUIPO Y TODO LO NECESARIO PARA SU CORRECTA EJECUCIÓN. COLOCACIÓN.P.U.O.T.','A',49.00,69.50,'C','2017-10-17 22:42:14.291087',161,4),(628,1508279187608649,'ARCISC-0106-JT-03','PLANTA DE ORNATO LLAMANDA TRANDESCANTIA PALLIDA EN ZONAS JARDINERAS, INCLUYE: SUMINISTRO DE MATERIALES, TIERRA NEGRA, HERRAMIENTA, MANO DE OBRA, PLANTADO, EQUIPO Y TODO LO NECESARIO PARA SU CORRECTA EJECUCIÓN. COLOCACIÓN.P.U.O.T.','A',363.00,46.50,'C','2017-10-17 22:42:14.293650',161,4),(629,1508279187611161,'ARCISC-0106-JT-04','PLANTA DE ORNATO LLAMANDA DURANTA REPENS EN ZONAS JARDINERAS, INCLUYE: SUMINISTRO DE MATERIALES, TIERRA NEGRA, HERRAMIENTA, MANO DE OBRA, PLANTADO, EQUIPO Y TODO LO NECESARIO PARA SU CORRECTA EJECUCIÓN. COLOCACIÓN.P.U.O.T.','A',6.00,39.50,'C','2017-10-17 22:42:14.296164',161,4),(630,1508279187614155,'ARCISC-0106-JT-05','PLANTA DE ORNATO LLAMANDA SANSEVIERIA TRIFASCIATA @40CM EN ZONAS JARDINERAS, INCLUYE: SUMINISTRO DE MATERIALES, TIERRA NEGRA, HERRAMIENTA, MANO DE OBRA, PLANTADO, EQUIPO Y TODO LO NECESARIO PARA SU CORRECTA EJECUCIÓN. COLOCACIÓN.P.U.O.T.','A',70.00,94.50,'C','2017-10-17 22:42:14.299191',161,4),(631,1508279187617043,'ARCISC-0106-JT-06','PLANTA DE ORNATO LLAMANDA DURANTA GOLDEN EN ZONAS JARDINERAS, INCLUYE: SUMINISTRO DE MATERIALES, TIERRA NEGRA, HERRAMIENTA, MANO DE OBRA, PLANTADO, EQUIPO Y TODO LO NECESARIO PARA SU CORRECTA EJECUCIÓN. COLOCACIÓN.P.U.O.T.','A',108.00,39.50,'C','2017-10-17 22:42:14.302058',161,4),(632,1508279187619698,'ARCISC-0106-JT-07','PLANTA DE ORNATO LLAMANDA LANTANA CAMARA EN ZONAS JARDINERAS, INCLUYE: SUMINISTRO DE MATERIALES, TIERRA NEGRA, HERRAMIENTA, MANO DE OBRA, PLANTADO, EQUIPO Y TODO LO NECESARIO PARA SU CORRECTA EJECUCIÓN. COLOCACIÓN.P.U.O.T.','A',11.00,54.50,'C','2017-10-17 22:42:14.304701',161,4),(633,1508279187622298,'ARCISC-0106-JT-08','PLANTA DE ORNATO LLAMANDA MUSA PARADISIACA EN ZONAS JARDINERAS, INCLUYE: SUMINISTRO DE MATERIALES, TIERRA NEGRA, HERRAMIENTA, MANO DE OBRA, PLANTADO, EQUIPO Y TODO LO NECESARIO PARA SU CORRECTA EJECUCIÓN. COLOCACIÓN.P.U.O.T.','A',7.00,174.50,'C','2017-10-17 22:42:14.307303',161,4),(634,1508279187624958,'ARCISC-0106-JT-09','PLANTA DE ORNATO LLAMANDA ABUTILON EN ZONAS JARDINERAS, INCLUYE: SUMINISTRO DE MATERIALES, TIERRA NEGRA, HERRAMIENTA, MANO DE OBRA, PLANTADO, EQUIPO Y TODO LO NECESARIO PARA SU CORRECTA EJECUCIÓN. COLOCACIÓN.P.U.O.T.','A',20.00,33.39,'C','2017-10-17 22:42:14.309963',161,4),(635,1508279187627975,'ARCISC-0106-JT-10','PLANTA DE ORNATO LLAMANDA CODIAEUM VARIEGATUM EN ZONAS JARDINERAS, INCLUYE: SUMINISTRO DE MATERIALES, TIERRA NEGRA, HERRAMIENTA, MANO DE OBRA, PLANTADO, EQUIPO Y TODO LO NECESARIO PARA SU CORRECTA EJECUCIÓN. COLOCACIÓN.P.U.O.T.','A',8.00,174.50,'C','2017-10-17 22:42:14.312973',161,4),(636,1508279187630750,'ARCISC-0106-JT-11','PLANTA DE ORNATO LLAMANDA CICADA EN ZONAS JARDINERAS, INCLUYE: SUMINISTRO DE MATERIALES, TIERRA NEGRA, HERRAMIENTA, MANO DE OBRA, PLANTADO, EQUIPO Y TODO LO NECESARIO PARA SU CORRECTA EJECUCIÓN. COLOCACIÓN.P.U.O.T.','A',5.00,1052.61,'C','2017-10-17 22:42:14.315767',161,4),(637,1508279187634050,'ARCISC-0106-JT-12','PLANTA DE ORNATO LLAMANDA GARDENIA JASMINOIDES EN ZONAS JARDINERAS, INCLUYE: SUMINISTRO DE MATERIALES, TIERRA NEGRA, HERRAMIENTA, MANO DE OBRA, PLANTADO, EQUIPO Y TODO LO NECESARIO PARA SU CORRECTA EJECUCIÓN. COLOCACIÓN.P.U.O.T.','A',27.00,69.50,'C','2017-10-17 22:42:14.319081',161,4),(638,1508279187636985,'ARCISC-0106-JT-13','PLANTA DE ORNATO LLAMANDA PITTOSPORUM TOBIRA EN ZONAS JARDINERAS, INCLUYE: SUMINISTRO DE MATERIALES, TIERRA NEGRA, HERRAMIENTA, MANO DE OBRA, PLANTADO, EQUIPO Y TODO LO NECESARIO PARA SU CORRECTA EJECUCIÓN. COLOCACIÓN.P.U.O.T.','A',8.00,69.50,'C','2017-10-17 22:42:14.321998',161,4),(639,1508279187641380,'ARCISC-0106-JT-14','PLANTA DE ORNATO LLAMANDA PLUMBAGO EN ZONAS JARDINERAS, INCLUYE: SUMINISTRO DE MATERIALES, TIERRA NEGRA, HERRAMIENTA, MANO DE OBRA, PLANTADO, EQUIPO Y TODO LO NECESARIO PARA SU CORRECTA EJECUCIÓN. COLOCACIÓN.P.U.O.T.','A',2.00,64.50,'C','2017-10-17 22:42:14.326460',161,4),(640,1508279187644063,'ARCISC-0106-JT-15','PLANTA DE ORNATO LLAMANDA TIBOUCHINA LEPIDOTA EN ZONAS JARDINERAS, INCLUYE: SUMINISTRO DE MATERIALES, TIERRA NEGRA, HERRAMIENTA, MANO DE OBRA, PLANTADO, EQUIPO Y TODO LO NECESARIO PARA SU CORRECTA EJECUCIÓN. COLOCACIÓN.P.U.O.T.','A',4.00,94.50,'C','2017-10-17 22:42:14.329065',161,4),(641,1508279187646696,'ARCISC-0105-JT-01','SUMINISTRO Y PLANTADO DE BAMBUSA VULGARIS INCLUYE: SUMINISTRO DE MATERIALES, MANO DE OBRA, EXCAVACIÓN DE CEPAS DE .35X.35X.40 MTS, RELLENO DE LA MISMA CON TIERRA VEGETAL, SIEMBRA, RIEGO DURANTE UN PERIODO MINIMO DE 20 DIAS PARA GARANTIZAR SU CORRECTO SEMBRADO, ABONO DE ARBOL, MATERIALES, MANO DE OBRA, HERRAMIENTA, EQUIPO Y TODO LO NECESARIO PARA SU CORRECTA EJECUCIÓN. P.U.O.T.','A',105.00,254.50,'C','2017-10-17 22:42:14.331697',161,4),(642,1508279187649334,'ARCISC-0106-JT-16','PLANTA DE ORNATO LLAMANDA BUGAMBILLLEA @60CM. EN ZONAS JARDINERAS, INCLUYE: SUMINISTRO DE MATERIALES, TIERRA NEGRA, HERRAMIENTA, MANO DE OBRA, PLANTADO, EQUIPO Y TODO LO NECESARIO PARA SU CORRECTA EJECUCIÓN. COLOCACIÓN.P.U.O.T.','A',56.00,94.50,'C','2017-10-17 22:42:14.334341',161,4),(643,1508279187651913,'AB-V-JT-01','SUMINISTRO Y COLOCACION DE GRAVA DE MARMOL BLANCO CON UN ESPESOR DE 4CM INCLUYE: MALLA ANIMALEZA, MATERIAL, MANO DE OBRA , ACARREOS Y TODO LO NECESARIO PARA SU CORRECTA EJECUCION.','A',5.35,70.48,'C','2017-10-17 22:42:14.336948',161,2),(644,1508279187655448,'001-10','EXCAVACION A MANO PARA DAR NIVELES DE PROYECTO EN CUALQUIER TIPO DE MATERIAL DE 0.00 A 2.00 MTS DE PROFUNDIDAD EN ZONAS URBANAS INCLUYE: EXTRACCION, AFINE DE TALUDES Y FONDO, APILE DE MATERIAL PRODUCTO DE EXCAVACION, CARGA CON MAQUINA Y ACARREO A TIRO LIBRE PROPUESTO POR EL CONTRATISTA, MANO DE OBRA, EQUIPO Y HERRAMIENTA. P.U.O.T.','A',332.00,194.87,'C','2017-10-17 22:42:14.340484',162,1),(645,1508279187658076,'006-02','RELLENO CON MATERIAL DE BANCO (TEPETATE) PARA DAR NIVELES DE PROYECTO INCLUYE: SUMINISTRO Y ACARREO DE MATERIAL PUESTO EN LA OBRA, COLOCACION, AFINE Y COMPACTACION CON PIZON DE MANO Y/O BAILARINA MECANICA, APLICACION DE AGUA Y SU ACARREO, MANO DE OBRA Y HERRAMIENTA. P.U.O.T.','A',99.60,272.67,'C','2017-10-17 22:42:14.343079',162,1),(646,1508279187660639,'AB-P-01','SUMINISTRO E INSTALACION DE FUENTE SOBRE MURO INCLUYE: MATERIALES, HERRAMIENTAS, INSTALACIONES, EQUIPO, MANO DE OBRA Y TODO LO NECESARIO PARA SU CORRECTA EJECUCION.','A',1.00,20664.70,'C','2017-10-17 22:42:14.345644',162,5),(647,1508279187663340,'001-23','EXCAVACION A MANO EN CEPA HASTA 2.00 MTS. DE PROF. EN CUALQUIER TIPO DE MATERIAL; INCLUYE: AFINE DE TALUDES  Y FONDO,  INCLUIR ACARREOS DE MATERIAL SOBRANTE FUERA DE LA OBRA, INCLUYE: MANO DE OBRA, EQUIPO, HERRAMIENTA.  P.U.O.T.','A',18.76,194.96,'C','2017-10-17 22:42:14.348343',163,1),(648,1508279187665860,'006-01B','RELLENO COMPACTADO CON PIZON DE MANO EN CAPAS DE 20 CM UTILIZANDO MATERIAL PRODUCTO DE LA EXCAVACION, CONSIDERANDO EL ACARREO DE MATERIAL EN CARRETILLA AL AREA DE TRABAJO. INCLUYE: AGUA, HERRAMIENTA, ACARREO Y MANO DE OBRA. P.U.O.T.','A',83.36,104.98,'C','2017-10-17 22:42:14.350914',163,1),(649,1508279187668725,'012-07','MURO DE PIEDRA BRAZA DE 30 A 40 CMS. DE ESPESOR ASENTADO CON MORTERO DE CEMENTO-ARENA 1:5 ACABADO COMUN. CONSIDERANDO ANDAMIO DE CABALLETE PARA ALTURAS DE 1.50 A 3.00 MTS. DE ALTURA. INCLUYE: MATERIAL, MANO DE OBRA, EQUIPO, ACARREOS Y  HERRAMIENTA. P.U.O.T.','A',27.74,1162.54,'C','2017-10-17 22:42:14.353724',163,1),(650,1508279187671544,'076-07E','ESCALON DE 18 CMS DE PERALTE X 30 CMS DE HUELLA Y NARIZ DE 3.0 CMS DE ANCHO X 7.0 CMS DE ESPESOR, DE CONCRETO HECHO EN OBRA DE F`C=250 KG/CM2, ARMADA CON ESCUADRAS DE VARILLAS DEL NO. 3 @ 20 CMS EN EL SENTIDO TRANSVERSAL ANCLADAS A RAMPA Y UNA VARILLA DEL NO. 3 EN SENTIDO LONGITUDINAL, ACABADO MARTELINADO. INCLUYE: MATERIALES, TRAZO, CORTES, TRASLAPES, DESPERDICIOS, HABILITADO, AMARRES,  VIBRADO, CHAFLAN PARA REMATE DE NARIZ, CIMBRA COMUN, DESCIMBRADO, HUMEDECIDO, MANO DE OBRA, EQUIPO, HERRAMIENTA, Y LIMPIEZA. (U.C.T.T.)','A',9.00,289.26,'C','2017-10-17 22:42:14.356545',163,3),(651,1508279187674277,'B-001','LIMPIA DE TERRENO PARA TRAZO DE EDIFICIOS, INCLUYE DESPALME, ACARREO DE ESCOMBRO FUERA DE LA OBRA CON CARGA A MANO. (U.C.T.T.)','A',728.87,7.31,'C','2017-10-17 22:42:14.359273',164,2),(652,1508279187676965,'001-10','EXCAVACION A MANO PARA DAR NIVELES DE PROYECTO EN CUALQUIER TIPO DE MATERIAL DE 0.00 A 2.00 MTS DE PROFUNDIDAD EN ZONAS URBANAS INCLUYE: EXTRACCION, AFINE DE TALUDES Y FONDO, APILE DE MATERIAL PRODUCTO DE EXCAVACION, CARGA CON MAQUINA Y ACARREO A TIRO LIBRE PROPUESTO POR EL CONTRATISTA, MANO DE OBRA, EQUIPO Y HERRAMIENTA. P.U.O.T.','A',145.77,194.87,'C','2017-10-17 22:42:14.361967',164,1),(653,1508279187679542,'006-02','RELLENO CON MATERIAL DE BANCO (TEPETATE) PARA DAR NIVELES DE PROYECTO INCLUYE: SUMINISTRO Y ACARREO DE MATERIAL PUESTO EN LA OBRA, COLOCACION, AFINE Y COMPACTACION CON PIZON DE MANO Y/O BAILARINA MECANICA, APLICACION DE AGUA Y SU ACARREO, MANO DE OBRA Y HERRAMIENTA. P.U.O.T.','A',157.10,272.67,'C','2017-10-17 22:42:14.364543',164,1),(654,1508279187682991,'AND-CON01','PISO DE CONCRETO HECHO EN OBRA DE 10 CMS DE ESPESOR F\'C= 150 KG/ CM2, CON  AGREGADO  DE GRANO DE MÁRMOL DEL NUMERO 3 COLOR  BLANCO, ACABADO LAVADO, INCLUYE: SUMINISTRO DE MATERIAL,  HERRAMIENTA,  EQUIPO, ACARREOS,  ELEVACIÓN  A  CUALQUIER ALTURA, NIVELACIÓN, CIMBRADO,   DESCIMBRADO,  COLADO, CURADO, LIMPIEZA, MANO DE OBRA Y TODO LO  NECESARIO  PARA  SU EJECUCIÓN.   P.U.O.T.','A',114.07,252.56,'C','2017-10-17 22:42:14.368021',164,2),(655,1508279187685723,'PIS-01C-B-01','ADOQUIN DE 20X10X5 CMS DE CANTOS LISOS.  ACABADO SEGUN DISEÑO. CON UNA TOLERANCIA MÁXIMA DE SUS MEDIDAS  DE   +/- 0.2 EN LARGO ANCHO Y +/- 0.3 CMS EN ESPESOR. INSTALADO SOBRE CAMA DE ARENA DE 5 CENTÍMETROS DE ESPESOR CON JUNTA DE 0.4 A 0.6 CENTÍMETROS RELLENADA SOBRE UN FILTRO DE DE 20 CM DE GRAVA DE 3/4 COMPACTADA CON BAILARINA.  INCLUYE: TRAZO, ALINEACIÓN, INSTALACIÓN, CORTES CON CORTADORA, VIBRADO CON MESA VIBRADORA, LIMPIEZA PARA  SELLADO Y SELLADO, LIMPIEZA FINAL, ACARREO DE MATERIAL, MATERIALES, HERRAMIENTA, EQUIPO Y MANO DE OBRA.','A',428.26,274.61,'C','2017-10-17 22:42:14.370726',164,2),(656,1508279187688545,'PISO-D01','PISO DE PIEDRA LAJA O PORFIDO SANGRE DE PICHON. DIFERENTES MEDIDAS IRREGULAR DE 1 A 4 CM: 5-7 CM, 7-9 CM, Y CORTADAS EN DISCO, CINCEL O GUILLOTINA. COLOR SEGÚN SUPERVISION CON FIRME DE 10 CMS DE ESPESOR CON CONCRETO DE 100 KG/CM2  INCLUYE HERRAMIENTA, EQUIPO Y MANO DE OBRA P.U.O.T','A',183.34,393.40,'C','2017-10-17 22:42:14.373644',164,2),(657,1508279187692300,'094-21-B-01','GUARNICION DE CONCRETO SIMPLE F\'C=200 KG/CM2 SECCION 10X20 CMS. INCLUYE:SUMINISTRO Y COLOCACION DEL CONCRETO, CIMBRA METALICA, ACABADO PULIDO DE LA CORONA Y VOLTEADOR EN LAS ARISTAS, DESCIMBRADO, MANO DE OBRA Y HERRAMIENTA P.U.O.T.','A',262.32,62.93,'C','2017-10-17 22:42:14.377361',164,3),(658,1508279187695528,'B-001','LIMPIA DE TERRENO PARA TRAZO DE EDIFICIOS, INCLUYE DESPALME, ACARREO DE ESCOMBRO FUERA DE LA OBRA CON CARGA A MANO. (U.C.T.T.)','A',58.71,7.31,'C','2017-10-17 22:42:14.380564',166,2),(659,1508279187698505,'3.1.B1','TRAZO Y NIVELACION  DE TERRENO CON EQUIPO TOPOGRAFICO ESTABLECIENDO EJES DE REFERENCIA Y BANCOS DE NIVEL, INCLUYE: MATERIALES, MANO DE OBRA, EQUIPO Y HERRAMIENTA P.U.O.T.','A',58.71,3.55,'C','2017-10-17 22:42:14.383525',166,2),(660,1508279187701360,'001-23','EXCAVACION A MANO EN CEPA HASTA 2.00 MTS. DE PROF. EN CUALQUIER TIPO DE MATERIAL; INCLUYE: AFINE DE TALUDES  Y FONDO,  INCLUIR ACARREOS DE MATERIAL SOBRANTE FUERA DE LA OBRA, INCLUYE: MANO DE OBRA, EQUIPO, HERRAMIENTA.  P.U.O.T.','A',8.59,194.96,'C','2017-10-17 22:42:14.386360',167,1),(661,1508279187704224,'093-05B-A-01','BASE CON MATERIAL DE BANCO, CON UN ESPESOR DE 50 CMS. Y COMPACTADA AL 95% DE SU P.V.S.M., INCLUYE: SUMINISTRO Y ACARREO DEL MATERIAL PUESTO EN LA OBRA, ACAMELLONADO, INCORPORACIÓN DE AGUA Y SU ACARREO, MEZCLADO, TENDIDO, AFINE Y COMPACTACIÓN, MANO DE OBRA, EQUIPO Y HERRAMIENTA. P.U.O.T.','A',4.90,264.33,'C','2017-10-17 22:42:14.389229',167,1),(662,1508279187706979,'BP-003','PLANTILLA DE CONCRETO HIDRAULICO SIMPLE DE 5 CMS. DE ESPESOR HECHO EN OBRA F\'C=100 KG/CM2 RESINTENCIA NORMAL, TAMAÑO MAXIMO AGREGADO DE 3/4\", INCLUYE: MATERIALES, HERRAMIENTAS, EQUIPO DE SEGURIDAD, MANO DE OBRA Y EQUIPO MENOR.','A',9.81,89.15,'C','2017-10-17 22:42:14.391979',167,2),(663,1508279187710111,'CIM-006G','ZAPATA AISLADA DE 0.80X0.80X0.20 MTS DE CONCRETO F\'C= 200 KG/CM2, ARMADA CON VARILLA DE NO.3 @ 20 CMS EN AMBOS SENTIDOS DE 20 CM DE ESPESOR, INCLUYE: EXCAVACION, CIMBRA, DESCIMBRA, AGUA, MATERIAL, HERRAMIENTA Y TODO LO NECESARIO PARA SU CORRECTA EJECUCION P.U.O.T.','A',6.00,629.42,'C','2017-10-17 22:42:14.395155',167,4),(664,1508279187713172,'BP-005-A-01','DADO DE CIMENTACION AISLADO DE SECCION 0.30 X 0.30 Y 0.50 MTS. DE ALTURA DE CONCRETO HIDRAULICO HECHO EN OBRA F\'C=250 KG/CM2 RESINTENCIA NORMAL, TAMAÑO MAXIMO AGREGADO DE 3/4\", REFORZADO 6 VARILLAS DE ACERO DEL No.3 (3/8\") Y ESTRIBOS DEL No. 2 (1/4\") A CADA 10 CMS. ACABADO COMUN, INCLUYE: VIBRADO, CURADO, CIMBRA Y DESCIMBRA, MATERIALES, HERRAMIENTAS, EQUIPO DE SEGURIDAD, MANO DE OBRA Y EQUIPO MENOR.','A',6.00,333.17,'C','2017-10-17 22:42:14.398209',167,4),(665,1508279187717654,'ISC-046','CONTRATRABE DE 20X40 CMS. DE CONCRETO F´C= 200 KG/CM2 ARMADO CON 4 VARILLAS DEL No. 4 Y ESTRIBOS DEL No. 2 @ 20 CMS., CIMBRA COMÚN, INCLUYE: HABILITADO, ARMADO, CIMBRA Y DESCIMBRA, COLADO, MATERIAL, MANO DE OBRA, HERRAMIENTA, EQUIPO Y TODO LO NECESARIO PARA SU CORRECTA EJECUCIÓN. P.U.O.T.','A',8.50,381.64,'C','2017-10-17 22:42:14.402746',167,3),(666,1508279187720847,'006-01B','RELLENO COMPACTADO CON PIZON DE MANO EN CAPAS DE 20 CM UTILIZANDO MATERIAL PRODUCTO DE LA EXCAVACION, CONSIDERANDO EL ACARREO DE MATERIAL EN CARRETILLA AL AREA DE TRABAJO. INCLUYE: AGUA, HERRAMIENTA, ACARREO Y MANO DE OBRA. P.U.O.T.','A',4.30,104.98,'C','2017-10-17 22:42:14.405885',167,1),(667,1508279187723558,'ALB-009-A-01','FIRME DE CONCRETO DE 10 CMS. DE ESPESOR ARMADO CON MALLA ELECTROSOLDADA 6-6/10-10 ACABADO DESLAVADO CON AGREGADO CERO GRUESO Y CEMENTO GRIS , FRAGUADO NORMAL PARA ESTRUCTURA Y ARRIOSTRES, ASI COMO PARA RESANE DE PISO DEMOLIDO. INCLUYE : MATERIALES Y SU ELEVACION,PROTECCION DEL AREA DONDE SE FABRICARA,COLOCACION VIBRADO, CURADO, ACARREO DE SOBRANTES A PIE DE CAMION, DESPERDICIOS, LIMPIEZA Y LO NECESARIO PARA SU CORRECTA EJECUCION. SI ES EN PIEDRAS INCLUYE VOLTEODOR DE 5 CM. PU.O.T. ','A',32.20,205.70,'C','2017-10-17 22:42:14.408560',168,2),(668,1508279187726110,'095-48-A-01','RAMPA DE CONCRETO F\'C= 150 KG/CM2 T.M.A. 3/4\" DE 10 CM. DE ESPESOR,  ARMADO CON MALLA ELECTROSOLDADA 6-6/10-10, ACABADO DESLAVADO CON AGREGADO CERO GRUESO Y CEMENTO GRIS INCLUYE: NIVELACIÓN DE LA SUPERFICIE, COMPACTACIÓN, MATERIALES, MANO DE OBRA, CIMBRADO Y DESCIMBRADO EN FRONTERAS, VIBRADO, CURADO Y TODO LO NECESARIO PARA SU CORRECTA EJECUCIÓN. U.C.T.T.','A',10.20,619.98,'C','2017-10-17 22:42:14.411112',168,2),(669,1508279187728697,'ALB-011','CONSTRUCCIÓN DE CASTILLOS Y/O CADENAS DE 15X25 CMS. DE CONCRETO F´C=200KG/CM2., ARMADO CON 4 VS. DE 3/8\" Y ESTRIBOS DEL NO. 2 A CADA 15 CMS EN BARDA PERIMETRAL. INCLUYE: MATERIALES, MANO DE OBRA, EQUIPO, HERRAMIENTA, CHAFLANES, DESPERDICIOS, ACARREO DE SOBRANTES A PIE DE CAMION, LIMPIEZAS Y TODO LO NECESARIO PARA SU CORRECTA FABRICACION. (ACABADO APARENTE DE SER NECESARIO).','A',41.00,233.02,'C','2017-10-17 22:42:14.413698',168,3),(670,1508279187731269,'012-01','MURO DE BLOCK 12 X 20 X 40 CMS. EN 12 CMS. DE ESPESOR, ASENTADO CON MORTERO CEMENTO-ARENA PROP: 1:4, JUNTEADO DE 1.5 CMS, ACABADO COMUN EN AMBAS CARAS CON ESCALERILLA @ 3 HILADAS, CONSIDERANDO ANDAMIO DE CABALLETE PARA ALTURAS DE 1.50 A 3.00 MTS. INCLUYE: MATERIAL, HERRAMIENTA Y MANO DE OBRA. P.U.O.T.','A',13.20,207.56,'C','2017-10-17 22:42:14.416283',168,2),(671,1508279187733949,'012-07','MURO DE PIEDRA BRAZA DE 30 A 40 CMS. DE ESPESOR ASENTADO CON MORTERO DE CEMENTO-ARENA 1:5 ACABADO COMUN. CONSIDERANDO ANDAMIO DE CABALLETE PARA ALTURAS DE 1.50 A 3.00 MTS. DE ALTURA. INCLUYE: MATERIAL, MANO DE OBRA, EQUIPO, ACARREOS Y  HERRAMIENTA. P.U.O.T.','A',5.04,1162.54,'C','2017-10-17 22:42:14.419000',168,1),(672,1508279187736855,'AB-ACC-ES-01','SUMINISTRO Y COLOCACION DE COLUMNA DE MADERA DE PINO DE PRIMERA CALIDAD, DE SECCION 0.30 X 0.30 MTS.Y ALTURA SEGUN PROYECTO. INLCUYE: ANCLAJE A DADO DE CIMENTACION CON PLACA DE ACERO DE 1/4\'\' DE ESPESOR, SEGUN DISEÑO ESTRUCTURAL,  TRATAMIENTO PARA MADERA A BASE DE PENTACLOROFENOL,  Y ACEITE DE LINAZA APLICADO CON BROCHA A DOS MANOS, MATERIAL, MANO DE OBRA, HERRAMIENTA, EQUIPO DE PROTECCIÓN CONTRA GASES TÓXICOS Y TODO LO NECESARIO PARA SU EJECUCIÓN. P.U.O.T.','A',6.00,7418.90,'C','2017-10-17 22:42:14.421935',168,4),(673,1508279187739890,'AB-ACC-VIG-01','SUMINISTRO Y COLOCACION DE TRABE DE MADERA DE PINO DE PRIMERA CALIDAD, DE SECCION 0.30 X 0.30 MTS. INCLUYE: ANCLAJE A COLUMNA CON PLACA DE ACERO DE 1/4\'\' DE ESPESOR, SEGÚN DISEÑO ESTRUCTURAL, TRATAMIENTO PARA MADERA A BASE DE PENTACLOROFENOL,  Y ACEITE DE LINAZA APLICADO CON BROCHA A DOS MANOS, MATERIAL, MANO DE OBRA, HERRAMIENTA, EQUIPO DE PROTECCIÓN CONTRA GASES TÓXICOS Y TODO LO NECESARIO PARA SU EJECUCIÓN. P.U.O.T.','A',16.29,7418.90,'C','2017-10-17 22:42:14.424893',168,3),(674,1508279187742645,'AB-ACC-VIG-02','SUMINISTRO Y COLOCACION DE VIGA DE MADERA DE PINO DE PRIMERA CALIDAD, DE SECCION 0.15 X 0.25 X 6.00 MTS. @ 0.40 MTS. INCLUYE: ANCLAJE A TRABE CON CLAVO DE ACERO DE 4\'\', TRATAMIENTO PARA MADERA A BASE DE PENTACLOROFENOL,  Y ACEITE DE LINAZA APLICADO CON BROCHA A DOS MANOS, MATERIAL, MANO DE OBRA, HERRAMIENTA, EQUIPO DE PROTECCIÓN CONTRA GASES TÓXICOS Y TODO LO NECESARIO PARA SU EJECUCIÓN. P.U.O.T.','A',14.40,3634.53,'C','2017-10-17 22:42:14.427660',168,4),(675,1508279187745399,'AB-ACC-C-01','TRIPLAY DE 21MM. DE ESPESOR INCLUYE: TRATAMIENTO PARA MADERA A BASE DE PENTACLOROFENOL,  Y ACEITE DE LINAZA APLICADO CON BROCHA A DOS MANOS, MATERIAL, MANO DE OBRA, HERRAMIENTA, EQUIPO DE PROTECCIÓN CONTRA GASES TÓXICOS Y TODO LO NECESARIO PARA SU EJECUCIÓN. P.U.O.T.','A',78.47,350.22,'C','2017-10-17 22:42:14.430396',169,2),(676,1508279187748655,'024-16B','IMPERMEABILIZANTE AL-KOAT TIPO PA-40T SBS  DE 4.0 MM DE ESPESOR, ACABADO FINAL CON GRAVILLA CERAMICA COLOR TERRACOTA, CON APLICACION PREVIA DE PRIMARIA AL-KOAT BASE AGUA, COLOCADA LA MEMBRANA CON SOPLETE DE GAS, TRASLAPES DE 10 CM INC: LIMPIEZA PREVIA DE LA SUPERFICIE Y POSTERIOR A LA APLICACION (BARRIDO), MATERIAL, HERRAMIENTA Y MANO DE OBRA ( 5 AÑOS DE GARANTIA) P.U.O.T.','A',78.47,193.16,'C','2017-10-17 22:42:14.433706',169,2),(677,1508279187751518,'GCAISC-0045-A-01','SUMINISTRO Y COLOCACION DE TEJA DE BARRO COLOR NATURAL DE 30X15X1.4 CM EN CUBIERTA INCLINADA. INCLUYE: CARGO DIRECTO POR EL COSTO DE LOS MATERIALES Y MANO DE OBRA QUE INTERVENGAN, FLETE A OBRA, DESPERDICIO, ACARREO HASTA EL LUGAR DE SU UTILIZACION, COLOCACION, ELEMENTOS DE FIJACION,  DESPERDICIOS , ELEVACIONES, LIMPIEZA Y RETIRO DE SOBRANTES FUERA DE OBRA, EQUIPO DE SEGURIDAD, INSTALACIONES ESPECIFICAS, DEPRECIACION Y DEMAS CARGOS DERIVADOS DEL USO DE HERRAMIENTA Y EQUIPO, EN CUALQUIER NIVEL. P.U.O.T.','A',78.47,308.19,'C','2017-10-17 22:42:14.436517',169,2),(678,1508279187754973,'ISC-030-A-01','PORTON PARA ACCESO EN DOS HOJAS  DE 5.00 X 2.40 MTS. A BASE DE MARCO DE PTR DE 2\" EN CALIBRE 18.INCLUYE: TEJUELOS CON BIVELES DE 1 1/2\" X 3/16\", BISAGRAS, PASADORES, CERROJO, CHAPA MCA. PHILLIPS MOD. 715, SOLDADURA, DISCOS DE CORTE, APLICACION DE UNA MANO DE PRIMMER Y DOS DE PINTURA ESMALTE, MANO DE OBRA, HERRAMIENTA, EQUIPO, ACARREOS, CORTES, DESPERDICIOS Y TODO LO NECESARIO PARA SU CORRECTA EJECUCIÓN. P.U.O.T.','A',1.00,10232.86,'C','2017-10-17 22:42:14.440018',170,4),(679,1508279187757755,'ACA-027D-A-01','PUERTA DE ACCESO DE 1.20 MTS.  DE ANCHO Y 2.10 MTS. DE ALTURA A BASE DE PERFIL RECTANGULAR DE 1\" Y 2\" Y TAPA DE LAMINA LISA CAL. 18 ANCLADO A MURO, CONSIDERNAOD APLICACIÓN DE PRIMMER PINTURA DE ESMALTE HASTA  CUBRIR ADECUADAMENTE LA SUPERFICIE POR AMBOS LADOS. INCLUYE: SUMINISTRO DE MATERIAL, HERRAMIENTA, EQUIPO Y MANO DE OBRA U.C.T.T.','A',1.00,2437.64,'C','2017-10-17 22:42:14.442763',170,4),(680,1508279187760397,'084-02C','PINTURA VINIL-ACRILICA PARA EXTERIOR EN MUROS,  MARCA COMEX A DOS MANOS,O SIMILAR EN  CALIDAD  Y CARACTERISTICAS  TECNICAS, SEGUN PALETA DE COLORES INCLUYE: SEÑALIZACION, PROTECCION  DE  LA  SUPERFICIE ADYACENTE CON  MASQUINTAPE,  PAPEL  Y  PLASTICO,   LIMPIEZA Y PREPARACION  DE  LA  SUPERFICIE, RESANES, UNA BASE DE - LIJADO,  EMPLASTE SELLADOR VINILICO EN  PROPORCION    5 X 1 PARA SUPERFICIES LISAS Ó  3 X 1 PARA SUPERFICIES RUGOSAS DESPERDICIOS, ANDAMIOS,  MATERIALES,  MANO DE OBRA,  HERRA MIENTA, EQUIPO, ACARREOS  DENTRO Y FUERA DE  LA OBRA,  LIMPIEZA Y TODO LO NECESARIO PARA   SU CORRECTA EJECUCION.P.U.O.T. . P.U.O.T.','A',26.40,43.60,'C','2017-10-17 22:42:14.445400',171,2),(681,1508279187763108,'AB-ACC-CO-01','SUMINISTRO Y COLOCACION DE NUMERO EXTERIOR, A BASE DE ALUMINIO ANODIZADO NATURAL,CON FIJACION OCULTA A MURO. INCLUYE: ELEMENTOS DE FIJACION, MATERIALES, MANO DE OBRA, HERRAMIENTA, EQUIPO Y TODO LO NECESARIO PARA SU CORRECTA EJECUCIÓN. P.U.O.T.','A',1.00,830.68,'C','2017-10-17 22:42:14.448111',172,4),(682,1508279187766119,'B-001','LIMPIA DE TERRENO PARA TRAZO DE EDIFICIOS, INCLUYE DESPALME, ACARREO DE ESCOMBRO FUERA DE LA OBRA CON CARGA A MANO. (U.C.T.T.)','A',17.93,7.31,'C','2017-10-17 22:42:14.451155',174,2),(683,1508279187769020,'3.1.B1','TRAZO Y NIVELACION  DE TERRENO CON EQUIPO TOPOGRAFICO ESTABLECIENDO EJES DE REFERENCIA Y BANCOS DE NIVEL, INCLUYE: MATERIALES, MANO DE OBRA, EQUIPO Y HERRAMIENTA P.U.O.T.','A',17.93,3.55,'C','2017-10-17 22:42:14.454033',174,2),(684,1508279187771789,'001-23','EXCAVACION A MANO EN CEPA HASTA 2.00 MTS. DE PROF. EN CUALQUIER TIPO DE MATERIAL; INCLUYE: AFINE DE TALUDES  Y FONDO,  INCLUIR ACARREOS DE MATERIAL SOBRANTE FUERA DE LA OBRA, INCLUYE: MANO DE OBRA, EQUIPO, HERRAMIENTA.  P.U.O.T.','A',18.82,194.96,'C','2017-10-17 22:42:14.456791',175,1),(685,1508279187774494,'093-05B-MPT-01','BASE CON MATERIAL DE BANCO, CON UN ESPESOR DE 50 CMS. Y COMPACTADA AL 95% DE SU P.V.S.M., INCLUYE: SUMINISTRO Y ACARREO DEL MATERIAL PUESTO EN LA OBRA, ACAMELLONADO, INCORPORACIÓN DE AGUA Y SU ACARREO, MEZCLADO, TENDIDO, AFINE Y COMPACTACIÓN, MANO DE OBRA, EQUIPO Y HERRAMIENTA. P.U.O.T.','A',8.97,264.33,'C','2017-10-17 22:42:14.459535',175,1),(686,1508279187777379,'BP-003','PLANTILLA DE CONCRETO HIDRAULICO SIMPLE DE 5 CMS. DE ESPESOR HECHO EN OBRA F\'C=100 KG/CM2 RESINTENCIA NORMAL, TAMAÑO MAXIMO AGREGADO DE 3/4\", INCLUYE: MATERIALES, HERRAMIENTAS, EQUIPO DE SEGURIDAD, MANO DE OBRA Y EQUIPO MENOR.','A',17.66,89.15,'C','2017-10-17 22:42:14.462380',175,2),(687,1508279187780266,'CONISC-15-SP','ZAPATA CORRIDA DE 85X20 CMS. CON CONCRETO F\'C= 250 KG/CM2 AGREGADO DE 19 MM, HECHO EN OBRA, DE 0.85 MTS DE ANCHO,  PERALTE DE 0.20 MTS,  ARMADO CON ACERO DE REFUERZO # 3 @ 0.20 MTS. EN SENTIDO TRANSVERSAL Y 5 VAR No. 3 EN SENTIDO LONGITUDINAL, INCLUYE:  CIMBRA COMÚN, DESCIMBRADO, MANO DE OBRA, HERRAMIENTA, EQUIPO Y TODO LO NECESARIO PARA SU CORRECTA EJECUCIÓN. P.U.O.T.','A',16.05,653.24,'C','2017-10-17 22:42:14.465268',175,3),(688,1508279187783574,'ISC-046-MPT-01','CONTRATRABE DE 30X40 CMS. DE CONCRETO F´C= 200 KG/CM2 ARMADO CON 4 VARILLAS DEL No. 4 Y ESTRIBOS DEL No. 2 @ 20 CMS., CIMBRA COMÚN, INCLUYE: HABILITADO, ARMADO, CIMBRA Y DESCIMBRA, COLADO, MATERIAL, MANO DE OBRA, HERRAMIENTA, EQUIPO Y TODO LO NECESARIO PARA SU CORRECTA EJECUCIÓN. P.U.O.T.','A',16.05,432.92,'C','2017-10-17 22:42:14.468603',175,3),(689,1508279187786174,'006-01B','RELLENO COMPACTADO CON PIZON DE MANO EN CAPAS DE 20 CM UTILIZANDO MATERIAL PRODUCTO DE LA EXCAVACION, CONSIDERANDO EL ACARREO DE MATERIAL EN CARRETILLA AL AREA DE TRABAJO. INCLUYE: AGUA, HERRAMIENTA, ACARREO Y MANO DE OBRA. P.U.O.T.','A',3.42,104.98,'C','2017-10-17 22:42:14.471180',175,1),(690,1508279187789690,'ALB-011','CONSTRUCCIÓN DE CASTILLOS Y/O CADENAS DE 15X25 CMS. DE CONCRETO F´C=200KG/CM2., ARMADO CON 4 VS. DE 3/8\" Y ESTRIBOS DEL NO. 2 A CADA 15 CMS EN BARDA PERIMETRAL. INCLUYE: MATERIALES, MANO DE OBRA, EQUIPO, HERRAMIENTA, CHAFLANES, DESPERDICIOS, ACARREO DE SOBRANTES A PIE DE CAMION, LIMPIEZAS Y TODO LO NECESARIO PARA SU CORRECTA FABRICACION. (ACABADO APARENTE DE SER NECESARIO).','A',40.00,233.02,'C','2017-10-17 22:42:14.474712',176,3),(691,1508279187792389,'012-01-MPT-01','MURO DE BLOCK 12 X 20 X 40 CMS. EN 40 CMS. DE ESPESOR, ASENTADO CON MORTERO CEMENTO-ARENA PROP: 1:4, JUNTEADO DE 1.5 CMS, ACABADO COMUN EN AMBAS CARAS CON ESCALERILLA @ 3 HILADAS, CONSIDERANDO ANDAMIO DE CABALLETE PARA ALTURAS DE 1.50 A 3.00 MTS. INCLUYE: MATERIAL, HERRAMIENTA Y MANO DE OBRA. P.U.O.T.','A',42.21,504.86,'C','2017-10-17 22:42:14.477390',176,2),(692,1508279187794961,'ARLISC-008-MPT-01','MURO DE CONCRETO ARMADO DE 40 CMS. DE ESPESOR, ARMADO CON DOBLE PARRILLA DE VARILLA DE 3/8\'\'  A CADA 20 CMS. Y CONCRETO F C= 200 KG/CM2, INCLUYE: CIMBRA ACABADO APARENTE, VACIADO, VIBRADO Y CURADO DEL CONCRETO, ACARREOS, CORTES Y DESPERDICIOS. P.U.O.T.','A',2.07,1356.30,'C','2017-10-17 22:42:14.479964',176,2),(693,1508279187797612,'3020186-MPT-01','REPELLADO  EN MUROS  A BASE DE MORTERO CEMENTO-ARENA PROP.1:3 2 CMS. DE  ESPESOR, PARA RECIBIR  ACABADO EN CANTERA.  INCLUYE:  SUMINISTRO  DE  MATERIAL,  MANO DE OBRA, HERRAMIENTA, EQUIPO, BO- QUILLAS,  ACARREOS,  DESPERDICIOS,   ANDAMIOS,  LIMPIEZA, Y TODO LO   NECESARIO  PARA  SU EJECUCION. P.U.O.T.','A',123.18,90.28,'C','2017-10-17 22:42:14.482611',176,2),(694,1508279187800456,'ACA-020B','RECUBRIMIENTO DE CANTERA EN MURO, ASENTADA CON MORTERO CEMENTO-ARENA 1:4, JUNTEADO COLOR SIMILAR A PIEDRA, COLOR GRIS AMERICA, CONSIDERANDO, CORTES, DESPERDICIOS Y LIMPIEZA DE LA SUPERFICIE. INCLUYE: SUMINISTRO DE MATERIAL, HERRAMIENTA Y MANO DE OBRA U.C.T.T.','A',123.18,297.79,'C','2017-10-17 22:42:14.485458',177,2),(695,1508279187803234,'ACA-020B-E','RECUBRIMIENTO DE CANTERA EN BASAMENTO, ASENTADA CON MORTERO CEMENTO-ARENA 1:4, JUNTEADO COLOR SIMILAR A PIEDRA, COLOR GRIS AMERICA, CONSIDERANDO, CORTES, DESPERDICIOS Y LIMPIEZA DE LA SUPERFICIE. INCLUYE: SUMINISTRO DE MATERIAL, HERRAMIENTA Y MANO DE OBRA P.U.O.T.','A',5.50,297.79,'C','2017-10-17 22:42:14.488418',178,2),(696,1508279187806820,'AB-FP-01','SUMINISTRO Y COLOCACION DE FUENTE DECORATIVA DE PARED, SEGUN DISEÑO, INCLUYE: INSTALACION, CONEXIONES, DERIVACIONES Y RAMALEO, SUMINISTRO Y COLOCACION DE MATERIALES EN EL SITIO DE SU UTILIZACION, MANO DE OBRA, EQUIPO, HERRAMIENTA. P.U.O.T.','A',1.00,20664.70,'C','2017-10-17 22:42:14.491844',179,4),(697,1508279187809446,'K1','LIMPIEZA GRUESA DURANTE LA OBRA, INCLUYE: MATERIAL, MANO DE OBRA, EQUIPO','A',3705.30,10.62,'C','2017-10-17 22:42:14.494450',181,2),(698,1508279187811963,'LIMP-001','LIMPIEZA FINA DE LA OBRA PARA SU ENTREGA , INCLUYE , MATERIAL MANO DE OBRA, HERRAMIENTA, ACARREO DE MATERIAL PRODUCTO DE LA MISMA A PIE DE CAMION Y LO NECESARIO PARA SU CORRECTA EJECUCION. LIMPIEZA DE CANCELERIA Y VIDRIOS, PUERTAS,BAÑOS,LAVADO DE PISOS Y PULIDO EN CASO DE SER NECESARIO, DEJANDO AREAS LISTAS PARA SU USO INMEDIATO.','A',3705.30,11.94,'C','2017-10-17 22:42:14.496966',181,2),(699,1508279187814929,'005-48','ACARREO DE MATERIALES SOBRANTES PRODUCTO DE EXCAVACIONES, DEMOLICIONES, LIMPIEZA DE OBRA (ESCOMBRO Y CASCAJO) A TIRO LIBRE PROPUESTO POR EL CONTRATISTA, INCLUYE:CARGA CON MAQUINA, MANO DE OBRA, EQUIPO Y HERRAMIENTA P.U.O.T.','A',0.00,99.41,'C','2017-10-17 22:42:14.499977',181,1);
/*!40000 ALTER TABLE `ERP_concept_input` ENABLE KEYS */;
UNLOCK TABLES;

--
-- Table structure for table `ERP_contact`
--

DROP TABLE IF EXISTS `ERP_contact`;
/*!40101 SET @saved_cs_client     = @@character_set_client */;
/*!40101 SET character_set_client = utf8 */;
CREATE TABLE `ERP_contact` (
  `id` int(11) NOT NULL AUTO_INCREMENT,
  `version` bigint(20) NOT NULL,
  `name` varchar(200) NOT NULL,
  `rfc` varchar(20) DEFAULT NULL,
  `street` varchar(200) NOT NULL,
  `number` varchar(8) NOT NULL,
  `colony` varchar(200) NOT NULL,
  `post_code` int(11) NOT NULL,
  `phone_number_1` varchar(20) DEFAULT NULL,
  `phone_number_2` varchar(20) DEFAULT NULL,
  `email` varchar(100) DEFAULT NULL,
  `contractor_id` int(11) NOT NULL,
  `country_id` int(11) NOT NULL,
  `state_id` int(11) NOT NULL,
  `town_id` int(11) NOT NULL,
  PRIMARY KEY (`id`),
  KEY `ERP_contact_03c540b8` (`contractor_id`),
  KEY `ERP_contact_93bfec8a` (`country_id`),
  KEY `ERP_contact_d5582625` (`state_id`),
  KEY `ERP_contact_9534176a` (`town_id`),
  CONSTRAINT `ERP_contact_contractor_id_a95861a9_fk_ERP_contratista_id` FOREIGN KEY (`contractor_id`) REFERENCES `ERP_contratista` (`id`),
  CONSTRAINT `ERP_contact_country_id_9d6ce58b_fk_ERP_pais_id` FOREIGN KEY (`country_id`) REFERENCES `ERP_pais` (`id`),
  CONSTRAINT `ERP_contact_state_id_d5e1958d_fk_ERP_estado_id` FOREIGN KEY (`state_id`) REFERENCES `ERP_estado` (`id`),
  CONSTRAINT `ERP_contact_town_id_8be9dcb9_fk_ERP_municipio_id` FOREIGN KEY (`town_id`) REFERENCES `ERP_municipio` (`id`)
) ENGINE=InnoDB AUTO_INCREMENT=5 DEFAULT CHARSET=latin1;
/*!40101 SET character_set_client = @saved_cs_client */;

--
-- Dumping data for table `ERP_contact`
--

LOCK TABLES `ERP_contact` WRITE;
/*!40000 ALTER TABLE `ERP_contact` DISABLE KEYS */;
INSERT INTO `ERP_contact` VALUES (1,1508264414319143,'Laura Hernández','LR1293813','Morelos','23','Independencia',123432,'2324354','','laura@crestcom.com',2,1,15,3),(4,1508278615587587,'Laura Diaz','DDFH34874','1 de Mayo','34','Centro',50187,'7222362352','7222365746','lara@edicomex.com',4,1,15,3);
/*!40000 ALTER TABLE `ERP_contact` ENABLE KEYS */;
UNLOCK TABLES;

--
-- Table structure for table `ERP_contractconcepts`
--

DROP TABLE IF EXISTS `ERP_contractconcepts`;
/*!40101 SET @saved_cs_client     = @@character_set_client */;
/*!40101 SET character_set_client = utf8 */;
CREATE TABLE `ERP_contractconcepts` (
  `id` int(11) NOT NULL AUTO_INCREMENT,
  `amount` decimal(12,2) NOT NULL,
  `concept_id` int(11) NOT NULL,
  `contract_id` int(11) NOT NULL,
  PRIMARY KEY (`id`),
  KEY `ERP_contractconcepts_concept_id_7a6e5991_fk_ERP_concept_input_id` (`concept_id`),
  KEY `ERP_contractconcepts_567128e5` (`contract_id`),
  CONSTRAINT `ERP_contractc_contract_id_bf5b9dd7_fk_ERP_contratocontratista_id` FOREIGN KEY (`contract_id`) REFERENCES `ERP_contratocontratista` (`id`),
  CONSTRAINT `ERP_contractconcepts_concept_id_7a6e5991_fk_ERP_concept_input_id` FOREIGN KEY (`concept_id`) REFERENCES `ERP_concept_input` (`id`)
) ENGINE=InnoDB AUTO_INCREMENT=7 DEFAULT CHARSET=latin1;
/*!40101 SET character_set_client = @saved_cs_client */;

--
-- Dumping data for table `ERP_contractconcepts`
--

LOCK TABLES `ERP_contractconcepts` WRITE;
/*!40000 ALTER TABLE `ERP_contractconcepts` DISABLE KEYS */;
INSERT INTO `ERP_contractconcepts` VALUES (1,130.72,144,1),(2,101.92,145,1),(3,335.68,146,1),(4,355.17,496,2),(5,335.68,497,2),(6,426.20,495,2);
/*!40000 ALTER TABLE `ERP_contractconcepts` ENABLE KEYS */;
UNLOCK TABLES;

--
-- Table structure for table `ERP_contratista`
--

DROP TABLE IF EXISTS `ERP_contratista`;
/*!40101 SET @saved_cs_client     = @@character_set_client */;
/*!40101 SET character_set_client = utf8 */;
CREATE TABLE `ERP_contratista` (
  `id` int(11) NOT NULL AUTO_INCREMENT,
  `version` bigint(20) NOT NULL,
  `nombreContratista` varchar(50) NOT NULL,
  `calle` varchar(50) NOT NULL,
  `numero` varchar(10) NOT NULL,
  `colonia` varchar(50) NOT NULL,
  `cp` varchar(20) NOT NULL,
  `telefono` varchar(30) DEFAULT NULL,
  `telefono_dos` varchar(30) DEFAULT NULL,
  `email` varchar(60) NOT NULL,
  `rfc` varchar(20) NOT NULL,
  `last_edit_date` datetime(6) NOT NULL,
  `estado_id` int(11) NOT NULL,
  `municipio_id` int(11) NOT NULL,
  `pais_id` int(11) NOT NULL,
  PRIMARY KEY (`id`),
  KEY `ERP_contratista_2c189993` (`estado_id`),
  KEY `ERP_contratista_40924980` (`municipio_id`),
  KEY `ERP_contratista_847ec16e` (`pais_id`),
  CONSTRAINT `ERP_contratista_estado_id_eb5f47a1_fk_ERP_estado_id` FOREIGN KEY (`estado_id`) REFERENCES `ERP_estado` (`id`),
  CONSTRAINT `ERP_contratista_municipio_id_9229a4a1_fk_ERP_municipio_id` FOREIGN KEY (`municipio_id`) REFERENCES `ERP_municipio` (`id`),
  CONSTRAINT `ERP_contratista_pais_id_a40fecd7_fk_ERP_pais_id` FOREIGN KEY (`pais_id`) REFERENCES `ERP_pais` (`id`)
) ENGINE=InnoDB AUTO_INCREMENT=5 DEFAULT CHARSET=latin1;
/*!40101 SET character_set_client = @saved_cs_client */;

--
-- Dumping data for table `ERP_contratista`
--

LOCK TABLES `ERP_contratista` WRITE;
/*!40000 ALTER TABLE `ERP_contratista` DISABLE KEYS */;
INSERT INTO `ERP_contratista` VALUES (1,1508263925251547,'Libra','Tollocan','143','Morelos','50186','7221089878','7221089879','contacto@libra.com','LBR21239','2017-10-17 18:27:51.936417',15,3,1),(2,1508264517122797,'Crestcom','1 de Mayo','98','Centro','70354','7222736251','7222736253','contacto@crestcom.com','CRSTCM12','2017-10-17 18:37:43.807474',16,4,1),(4,1508278519039162,'EDICOMEX','Morelos','45','Centro','80786','7222736473','7222435634','contacto@edicomex.com','EDICMX92837','2017-10-17 22:31:05.724035',16,4,1);
/*!40000 ALTER TABLE `ERP_contratista` ENABLE KEYS */;
UNLOCK TABLES;

--
-- Table structure for table `ERP_contratocontratista`
--

DROP TABLE IF EXISTS `ERP_contratocontratista`;
/*!40101 SET @saved_cs_client     = @@character_set_client */;
/*!40101 SET character_set_client = utf8 */;
CREATE TABLE `ERP_contratocontratista` (
  `id` int(11) NOT NULL AUTO_INCREMENT,
  `version` bigint(20) NOT NULL,
  `clave_contrato` varchar(32) NOT NULL,
  `dependencia` varchar(50) NOT NULL,
  `fecha_firma` date NOT NULL,
  `dias_pactados` varchar(50) NOT NULL,
  `fecha_inicio` date NOT NULL,
  `fecha_termino` date NOT NULL,
  `lugar_ejecucion` longtext NOT NULL,
  `monto_contrato` decimal(20,2) NOT NULL,
  `porcentaje_iva` decimal(5,2) NOT NULL,
  `observaciones` longtext NOT NULL,
  `no_licitacion` varchar(50) NOT NULL,
  `objeto_contrato` longtext NOT NULL,
  `last_edit_date` datetime(6) NOT NULL,
  `contratista_id` int(11) NOT NULL,
  `line_item_id` int(11) NOT NULL,
  `modalidad_contrato_id` int(11) NOT NULL,
  `project_id` int(11) NOT NULL,
  PRIMARY KEY (`id`),
  KEY `ERP_contratocontra_contratista_id_914b24a6_fk_ERP_contratista_id` (`contratista_id`),
  KEY `ERP_contratocontratista_a469d365` (`line_item_id`),
  KEY `ERP_contratocontratista_fcda3533` (`modalidad_contrato_id`),
  KEY `ERP_contratocontratista_b098ad43` (`project_id`),
  CONSTRAINT `ERP_c_modalidad_contrato_id_44bd0744_fk_ERP_modalidadcontrato_id` FOREIGN KEY (`modalidad_contrato_id`) REFERENCES `ERP_modalidadcontrato` (`id`),
  CONSTRAINT `ERP_contratocontra_contratista_id_914b24a6_fk_ERP_contratista_id` FOREIGN KEY (`contratista_id`) REFERENCES `ERP_contratista` (`id`),
  CONSTRAINT `ERP_contratocontratista_line_item_id_cf13fec6_fk_ERP_lineitem_id` FOREIGN KEY (`line_item_id`) REFERENCES `ERP_lineitem` (`id`),
  CONSTRAINT `ERP_contratocontratista_project_id_331d37bc_fk_ERP_project_id` FOREIGN KEY (`project_id`) REFERENCES `ERP_project` (`id`)
) ENGINE=InnoDB AUTO_INCREMENT=3 DEFAULT CHARSET=latin1;
/*!40101 SET character_set_client = @saved_cs_client */;

--
-- Dumping data for table `ERP_contratocontratista`
--

LOCK TABLES `ERP_contratocontratista` WRITE;
/*!40000 ALTER TABLE `ERP_contratocontratista` DISABLE KEYS */;
INSERT INTO `ERP_contratocontratista` VALUES (1,1508268922817680,'C1','Privado','2017-10-17','365','2017-10-17','2018-10-17','Texto de prueba',323535.00,16.00,'Observaciones de prueba','L1','Texto de prueba','2017-10-17 19:49:58.289666',1,29,1,1),(2,1508279543549452,'C2','Privado','2017-10-17','365','2017-10-17','2018-10-17','Prueba',323535.00,16.00,'Prueba','1','Prueba','2017-10-17 22:48:10.234552',4,120,1,2);
/*!40000 ALTER TABLE `ERP_contratocontratista` ENABLE KEYS */;
UNLOCK TABLES;

--
-- Table structure for table `ERP_departamento`
--

DROP TABLE IF EXISTS `ERP_departamento`;
/*!40101 SET @saved_cs_client     = @@character_set_client */;
/*!40101 SET character_set_client = utf8 */;
CREATE TABLE `ERP_departamento` (
  `id` int(11) NOT NULL AUTO_INCREMENT,
  `version` bigint(20) NOT NULL,
  `nombreDepartamento` longtext NOT NULL,
  `descripcion` longtext NOT NULL,
  `last_edit_date` datetime(6) NOT NULL,
  PRIMARY KEY (`id`)
) ENGINE=InnoDB DEFAULT CHARSET=latin1;
/*!40101 SET character_set_client = @saved_cs_client */;

--
-- Dumping data for table `ERP_departamento`
--

LOCK TABLES `ERP_departamento` WRITE;
/*!40000 ALTER TABLE `ERP_departamento` DISABLE KEYS */;
/*!40000 ALTER TABLE `ERP_departamento` ENABLE KEYS */;
UNLOCK TABLES;

--
-- Table structure for table `ERP_documentofuente`
--

DROP TABLE IF EXISTS `ERP_documentofuente`;
/*!40101 SET @saved_cs_client     = @@character_set_client */;
/*!40101 SET character_set_client = utf8 */;
CREATE TABLE `ERP_documentofuente` (
  `id` int(11) NOT NULL AUTO_INCREMENT,
  `version` bigint(20) NOT NULL,
  `descripcion` varchar(50) NOT NULL,
  `documento` varchar(100) NOT NULL,
  `tipoProyectoDetalle_id` int(11) NOT NULL,
  PRIMARY KEY (`id`),
  KEY `ERP_documentofuente_1d48274f` (`tipoProyectoDetalle_id`),
  CONSTRAINT `ER_tipoProyectoDetalle_id_58d6333c_fk_ERP_tipoproyectodetalle_id` FOREIGN KEY (`tipoProyectoDetalle_id`) REFERENCES `ERP_tipoproyectodetalle` (`id`)
) ENGINE=InnoDB DEFAULT CHARSET=latin1;
/*!40101 SET character_set_client = @saved_cs_client */;

--
-- Dumping data for table `ERP_documentofuente`
--

LOCK TABLES `ERP_documentofuente` WRITE;
/*!40000 ALTER TABLE `ERP_documentofuente` DISABLE KEYS */;
/*!40000 ALTER TABLE `ERP_documentofuente` ENABLE KEYS */;
UNLOCK TABLES;

--
-- Table structure for table `ERP_empleado`
--

DROP TABLE IF EXISTS `ERP_empleado`;
/*!40101 SET @saved_cs_client     = @@character_set_client */;
/*!40101 SET character_set_client = utf8 */;
CREATE TABLE `ERP_empleado` (
  `id` int(11) NOT NULL AUTO_INCREMENT,
  `version` bigint(20) NOT NULL,
  `nombreEmpleado` varchar(50) NOT NULL,
  `calle` longtext NOT NULL,
  `numero` varchar(10) NOT NULL,
  `colonia` longtext NOT NULL,
  `cp` varchar(20) NOT NULL,
  `rfc` longtext NOT NULL,
  `fecha_contrato` datetime(6) NOT NULL,
  `sueldo_inicial` decimal(20,2) NOT NULL,
  `sueldo_actual` decimal(20,2) NOT NULL,
  `antiguedad` varchar(50) NOT NULL,
  `last_edit_date` datetime(6) NOT NULL,
  `estado_id` int(11) NOT NULL,
  `modalidad_contrato_id` int(11) NOT NULL,
  `municipio_id` int(11) NOT NULL,
  `pais_id` int(11) NOT NULL,
  `puesto_id` int(11) NOT NULL,
  PRIMARY KEY (`id`),
  KEY `ERP_empleado_2c189993` (`estado_id`),
  KEY `ERP_empleado_fcda3533` (`modalidad_contrato_id`),
  KEY `ERP_empleado_40924980` (`municipio_id`),
  KEY `ERP_empleado_847ec16e` (`pais_id`),
  KEY `ERP_empleado_c486491b` (`puesto_id`),
  CONSTRAINT `ERP_e_modalidad_contrato_id_7b11ae46_fk_ERP_modalidadcontrato_id` FOREIGN KEY (`modalidad_contrato_id`) REFERENCES `ERP_modalidadcontrato` (`id`),
  CONSTRAINT `ERP_empleado_estado_id_2ed7bd6b_fk_ERP_estado_id` FOREIGN KEY (`estado_id`) REFERENCES `ERP_estado` (`id`),
  CONSTRAINT `ERP_empleado_municipio_id_960ed5c6_fk_ERP_municipio_id` FOREIGN KEY (`municipio_id`) REFERENCES `ERP_municipio` (`id`),
  CONSTRAINT `ERP_empleado_pais_id_c7801b8b_fk_ERP_pais_id` FOREIGN KEY (`pais_id`) REFERENCES `ERP_pais` (`id`),
  CONSTRAINT `ERP_empleado_puesto_id_0cf1e904_fk_ERP_puesto_id` FOREIGN KEY (`puesto_id`) REFERENCES `ERP_puesto` (`id`)
) ENGINE=InnoDB DEFAULT CHARSET=latin1;
/*!40101 SET character_set_client = @saved_cs_client */;

--
-- Dumping data for table `ERP_empleado`
--

LOCK TABLES `ERP_empleado` WRITE;
/*!40000 ALTER TABLE `ERP_empleado` DISABLE KEYS */;
/*!40000 ALTER TABLE `ERP_empleado` ENABLE KEYS */;
UNLOCK TABLES;

--
-- Table structure for table `ERP_empresa`
--

DROP TABLE IF EXISTS `ERP_empresa`;
/*!40101 SET @saved_cs_client     = @@character_set_client */;
/*!40101 SET character_set_client = utf8 */;
CREATE TABLE `ERP_empresa` (
  `id` int(11) NOT NULL AUTO_INCREMENT,
  `version` bigint(20) NOT NULL,
  `nombreEmpresa` varchar(50) NOT NULL,
  `calle` varchar(50) NOT NULL,
  `numero` varchar(10) NOT NULL,
  `colonia` varchar(50) NOT NULL,
  `cp` varchar(20) NOT NULL,
  `telefono` varchar(30) DEFAULT NULL,
  `telefono_dos` varchar(30) DEFAULT NULL,
  `email` varchar(60) NOT NULL,
  `rfc` varchar(20) NOT NULL,
  `type` varchar(2) NOT NULL,
  `last_edit_date` datetime(6) NOT NULL,
  `estado_id` int(11) NOT NULL,
  `municipio_id` int(11) NOT NULL,
  `pais_id` int(11) NOT NULL,
  PRIMARY KEY (`id`),
  KEY `ERP_empresa_2c189993` (`estado_id`),
  KEY `ERP_empresa_40924980` (`municipio_id`),
  KEY `ERP_empresa_847ec16e` (`pais_id`),
  CONSTRAINT `ERP_empresa_estado_id_b130c82b_fk_ERP_estado_id` FOREIGN KEY (`estado_id`) REFERENCES `ERP_estado` (`id`),
  CONSTRAINT `ERP_empresa_municipio_id_3ca8d8f0_fk_ERP_municipio_id` FOREIGN KEY (`municipio_id`) REFERENCES `ERP_municipio` (`id`),
  CONSTRAINT `ERP_empresa_pais_id_d70f36c1_fk_ERP_pais_id` FOREIGN KEY (`pais_id`) REFERENCES `ERP_pais` (`id`)
) ENGINE=InnoDB AUTO_INCREMENT=2 DEFAULT CHARSET=latin1;
/*!40101 SET character_set_client = @saved_cs_client */;

--
-- Dumping data for table `ERP_empresa`
--

LOCK TABLES `ERP_empresa` WRITE;
/*!40000 ALTER TABLE `ERP_empresa` DISABLE KEYS */;
INSERT INTO `ERP_empresa` VALUES (1,1508264869014473,'Liverpool','Mario Pani','1800','Roma','647362','7222324561','','contacto@liverpool.com','L1VRP00L','pr','2017-10-17 18:43:35.699158',16,4,1);
/*!40000 ALTER TABLE `ERP_empresa` ENABLE KEYS */;
UNLOCK TABLES;

--
-- Table structure for table `ERP_estado`
--

DROP TABLE IF EXISTS `ERP_estado`;
/*!40101 SET @saved_cs_client     = @@character_set_client */;
/*!40101 SET character_set_client = utf8 */;
CREATE TABLE `ERP_estado` (
  `id` int(11) NOT NULL AUTO_INCREMENT,
  `nombreEstado` varchar(200) NOT NULL,
  `latitud` double NOT NULL,
  `longitud` double NOT NULL,
  `pais_id` int(11) NOT NULL,
  PRIMARY KEY (`id`),
  KEY `ERP_estado_847ec16e` (`pais_id`),
  CONSTRAINT `ERP_estado_pais_id_eb07b34f_fk_ERP_pais_id` FOREIGN KEY (`pais_id`) REFERENCES `ERP_pais` (`id`)
) ENGINE=InnoDB AUTO_INCREMENT=17 DEFAULT CHARSET=latin1;
/*!40101 SET character_set_client = @saved_cs_client */;

--
-- Dumping data for table `ERP_estado`
--

LOCK TABLES `ERP_estado` WRITE;
/*!40000 ALTER TABLE `ERP_estado` DISABLE KEYS */;
INSERT INTO `ERP_estado` VALUES (15,'Estado de México',99.0228,-100.234,1),(16,'Jalisco',6,6,1);
/*!40000 ALTER TABLE `ERP_estado` ENABLE KEYS */;
UNLOCK TABLES;

--
-- Table structure for table `ERP_estimate`
--

DROP TABLE IF EXISTS `ERP_estimate`;
/*!40101 SET @saved_cs_client     = @@character_set_client */;
/*!40101 SET character_set_client = utf8 */;
CREATE TABLE `ERP_estimate` (
  `id` int(11) NOT NULL AUTO_INCREMENT,
  `version` bigint(20) NOT NULL,
  `start_date` date DEFAULT NULL,
  `end_date` date DEFAULT NULL,
  `period` date DEFAULT NULL,
  `last_edit_date` datetime(6) NOT NULL,
  `contract_amount_override` decimal(20,2) NOT NULL,
  `advance_payment_amount` decimal(20,2) NOT NULL,
  `advance_payment_date` date DEFAULT NULL,
  `advance_payment_status` varchar(2) NOT NULL,
  `lock_status` varchar(1) NOT NULL,
  `contract_id` int(11) NOT NULL,
  `deduction_amount` decimal(20,2) NOT NULL,
  `deduction_comments` longtext NOT NULL,
  PRIMARY KEY (`id`),
  KEY `ERP_estimate_contract_id_5d334904_fk_ERP_contratocontratista_id` (`contract_id`),
  CONSTRAINT `ERP_estimate_contract_id_5d334904_fk_ERP_contratocontratista_id` FOREIGN KEY (`contract_id`) REFERENCES `ERP_contratocontratista` (`id`)
) ENGINE=InnoDB AUTO_INCREMENT=3 DEFAULT CHARSET=latin1;
/*!40101 SET character_set_client = @saved_cs_client */;

--
-- Dumping data for table `ERP_estimate`
--

LOCK TABLES `ERP_estimate` WRITE;
/*!40000 ALTER TABLE `ERP_estimate` DISABLE KEYS */;
INSERT INTO `ERP_estimate` VALUES (1,1510546361693737,'2017-10-17','2017-10-17','2017-10-17','2017-11-13 04:28:28.378407',0.00,23535.00,'2017-10-17','P','C',1,15000.00,'<ul>\r\n<li>Raz&oacute;n 1</li>\r\n<li>Raz&oacute;n 2</li>\r\n</ul>'),(2,1508280739883730,'2017-10-17','2018-10-17','2017-10-17','2017-10-17 23:08:06.568367',0.00,23535.00,'2017-10-17','P','U',2,0.00,'0');
/*!40000 ALTER TABLE `ERP_estimate` ENABLE KEYS */;
UNLOCK TABLES;

--
-- Table structure for table `ERP_estimateadvanceauthorization`
--

DROP TABLE IF EXISTS `ERP_estimateadvanceauthorization`;
/*!40101 SET @saved_cs_client     = @@character_set_client */;
/*!40101 SET character_set_client = utf8 */;
CREATE TABLE `ERP_estimateadvanceauthorization` (
  `id` int(11) NOT NULL AUTO_INCREMENT,
  `version` bigint(20) NOT NULL,
  `full_name` varchar(256) NOT NULL,
  `estimate_id` int(11) NOT NULL,
  `user_id` int(11) NOT NULL,
  PRIMARY KEY (`id`),
  KEY `ERP_estimateadvanceautho_estimate_id_3bbc1b3d_fk_ERP_estimate_id` (`estimate_id`),
  KEY `ERP_estimateadvanceauthorizatio_user_id_1b7a5c32_fk_auth_user_id` (`user_id`),
  CONSTRAINT `ERP_estimateadvanceautho_estimate_id_3bbc1b3d_fk_ERP_estimate_id` FOREIGN KEY (`estimate_id`) REFERENCES `ERP_estimate` (`id`),
  CONSTRAINT `ERP_estimateadvanceauthorizatio_user_id_1b7a5c32_fk_auth_user_id` FOREIGN KEY (`user_id`) REFERENCES `auth_user` (`id`)
) ENGINE=InnoDB AUTO_INCREMENT=5 DEFAULT CHARSET=latin1;
/*!40101 SET character_set_client = @saved_cs_client */;

--
-- Dumping data for table `ERP_estimateadvanceauthorization`
--

LOCK TABLES `ERP_estimateadvanceauthorization` WRITE;
/*!40000 ALTER TABLE `ERP_estimateadvanceauthorization` DISABLE KEYS */;
INSERT INTO `ERP_estimateadvanceauthorization` VALUES (1,1508269369907998,'Presidente: Presidente Salcedo',1,21),(2,1508270062262355,'Director General: Director De obras',1,18),(3,1508280209327775,'Presidente: Presidente Salcedo',2,21),(4,1508280354548087,'Director General: Jefe De Administración',2,20);
/*!40000 ALTER TABLE `ERP_estimateadvanceauthorization` ENABLE KEYS */;
UNLOCK TABLES;

--
-- Table structure for table `ERP_lineitem`
--

DROP TABLE IF EXISTS `ERP_lineitem`;
/*!40101 SET @saved_cs_client     = @@character_set_client */;
/*!40101 SET character_set_client = utf8 */;
CREATE TABLE `ERP_lineitem` (
  `id` int(11) NOT NULL AUTO_INCREMENT,
  `version` bigint(20) NOT NULL,
  `description` varchar(255) NOT NULL,
  `key` varchar(15) NOT NULL,
  `last_edit_date` datetime(6) NOT NULL,
  `parent_line_item_id` int(11) DEFAULT NULL,
  `project_id` int(11) NOT NULL,
  `top_parent_line_item_id` int(11) DEFAULT NULL,
  PRIMARY KEY (`id`),
  UNIQUE KEY `ERP_lineitem_project_id_c87bea0e_uniq` (`project_id`,`key`),
  KEY `ERP_lineitem_parent_line_item_id_54a8cb46_fk_ERP_lineitem_id` (`parent_line_item_id`),
  KEY `ERP_lineitem_b098ad43` (`project_id`),
  KEY `ERP_lineitem_15294256` (`top_parent_line_item_id`),
  CONSTRAINT `ERP_lineitem_parent_line_item_id_54a8cb46_fk_ERP_lineitem_id` FOREIGN KEY (`parent_line_item_id`) REFERENCES `ERP_lineitem` (`id`),
  CONSTRAINT `ERP_lineitem_project_id_750c9b07_fk_ERP_project_id` FOREIGN KEY (`project_id`) REFERENCES `ERP_project` (`id`),
  CONSTRAINT `ERP_lineitem_top_parent_line_item_id_af51a659_fk_ERP_lineitem_id` FOREIGN KEY (`top_parent_line_item_id`) REFERENCES `ERP_lineitem` (`id`)
) ENGINE=InnoDB AUTO_INCREMENT=182 DEFAULT CHARSET=latin1;
/*!40101 SET character_set_client = @saved_cs_client */;

--
-- Dumping data for table `ERP_lineitem`
--

LOCK TABLES `ERP_lineitem` WRITE;
/*!40000 ALTER TABLE `ERP_lineitem` DISABLE KEYS */;
INSERT INTO `ERP_lineitem` VALUES (1,1508267698452445,'CATALOGO VILLA SOFIA INTERIOR','1','2017-10-17 19:30:45.137286',NULL,1,NULL),(2,1508267698455548,'PRELIMINARES','1.1','2017-10-17 19:30:45.140400',1,1,1),(3,1508267698458188,'CIMENTACION','1.2','2017-10-17 19:30:45.143032',1,1,1),(4,1508267698460660,'ESTRUCTURA','1.3','2017-10-17 19:30:45.145509',1,1,1),(5,1508267698463620,'ACABADOS','1.4','2017-10-17 19:30:45.148485',1,1,1),(6,1508267698466155,'CARPINTERÍA','1.5','2017-10-17 19:30:45.150999',1,1,1),(7,1508267698468504,'HERRERÍA','1.6','2017-10-17 19:30:45.153348',1,1,1),(8,1508267698470864,'INSTALACIÓN ELÉCTRICA','1.7','2017-10-17 19:30:45.155706',1,1,1),(9,1508267698473355,'INSTALACIÓN HIDROSANITARIA','1.8','2017-10-17 19:30:45.158197',1,1,1),(10,1508267698475831,'EQUIPO','1.9','2017-10-17 19:30:45.160673',1,1,1),(11,1508267698478384,'LIMPIEZA','1.10','2017-10-17 19:30:45.163227',1,1,1),(12,1508267698479630,'CATALOGO VILLA SOFIA EXTERIOR','2','2017-10-17 19:30:45.164463',NULL,1,NULL),(13,1508267698482468,'CUBIERTA ESTACIONAMIENTO','2.1','2017-10-17 19:30:45.167326',12,1,12),(14,1508267698485214,'PRELIMINARES','2.1.1','2017-10-17 19:30:45.170059',13,1,12),(15,1508267698487555,'CIMENTACION','2.1.2','2017-10-17 19:30:45.172397',13,1,12),(16,1508267698489767,'ESTRUCTURA','2.1.3','2017-10-17 19:30:45.174613',13,1,12),(17,1508267698491981,'CUBIERTA','2.1.4','2017-10-17 19:30:45.176823',13,1,12),(18,1508267698494343,'PERGOLADO','2.2','2017-10-17 19:30:45.179187',12,1,12),(19,1508267698496643,'PRELIMINARES','2.2.1','2017-10-17 19:30:45.181485',18,1,12),(20,1508267698499063,'CIMENTACION','2.2.2','2017-10-17 19:30:45.183905',18,1,12),(21,1508267698501280,'ESTRUCTURA','2.2.3','2017-10-17 19:30:45.186121',18,1,12),(22,1508267698503475,'MOTOR LOBBY','2.3','2017-10-17 19:30:45.188317',12,1,12),(23,1508267698505698,'PRELIMINARES','2.3.1','2017-10-17 19:30:45.190539',22,1,12),(24,1508267698507989,'CIMENTACION','2.3.2','2017-10-17 19:30:45.192831',22,1,12),(25,1508267698510287,'ESTRUCTURA','2.3.3','2017-10-17 19:30:45.195130',22,1,12),(26,1508267698512578,'CUBIERTA','2.3.4','2017-10-17 19:30:45.197419',22,1,12),(27,1508267698515021,'ALBERCA','2.4','2017-10-17 19:30:45.199870',12,1,12),(28,1508267698517963,'PRELIMINARES','2.4.1','2017-10-17 19:30:45.202807',27,1,12),(29,1508267698520236,'CIMENTACION','2.4.2','2017-10-17 19:30:45.205078',27,1,12),(30,1508267698522463,'ACABADOS','2.4.3','2017-10-17 19:30:45.207305',27,1,12),(31,1508267698524714,'INSTALACION HIDROSANITARIA','2.4.4','2017-10-17 19:30:45.209557',27,1,12),(32,1508267698527736,'CUARTO DE MAQUINAS ALBERCA','2.5','2017-10-17 19:30:45.212587',12,1,12),(33,1508267698530212,'PRELIMINARES','2.5.1','2017-10-17 19:30:45.215072',32,1,12),(34,1508267698532707,'CIMENTACION','2.5.2','2017-10-17 19:30:45.217566',32,1,12),(35,1508267698535100,'ESTRUCTURA','2.5.3','2017-10-17 19:30:45.219942',32,1,12),(36,1508267698537356,'ALBAÑILERIA','2.5.4','2017-10-17 19:30:45.222198',32,1,12),(37,1508267698539571,'ACABADOS','2.5.5','2017-10-17 19:30:45.224413',32,1,12),(38,1508267698542089,'HERRERIA','2.5.6','2017-10-17 19:30:45.226931',32,1,12),(39,1508267698544352,'HIDROMASAJE','2.6','2017-10-17 19:30:45.229194',12,1,12),(40,1508267698546586,'PRELIMINARES','2.6.1','2017-10-17 19:30:45.231428',39,1,12),(41,1508267698549518,'CIMENTACION','2.6.2','2017-10-17 19:30:45.234368',39,1,12),(42,1508267698551959,'INSTALACION HIDROSANITARIA','2.6.3','2017-10-17 19:30:45.236806',39,1,12),(43,1508267698554512,'CABALLERIZAS','2.7','2017-10-17 19:30:45.239353',12,1,12),(44,1508267698556814,'PRELIMINARES','2.7.1','2017-10-17 19:30:45.241656',43,1,12),(45,1508267698559116,'CIMENTACION','2.7.2','2017-10-17 19:30:45.243958',43,1,12),(46,1508267698561616,'ESTRUCTURA','2.7.3','2017-10-17 19:30:45.246459',43,1,12),(47,1508267698564213,'ACABADOS','2.7.4','2017-10-17 19:30:45.249056',43,1,12),(48,1508267698566584,'CUBIERTA','2.7.5','2017-10-17 19:30:45.251426',43,1,12),(49,1508267698568933,'CARPINTERIA','2.7.7','2017-10-17 19:30:45.253774',43,1,12),(50,1508267698571734,'INSTALACION HIDROSANITARIA','2.7.8','2017-10-17 19:30:45.256621',43,1,12),(51,1508267698574204,'INSTALACION ELECTRICA','2.7.9','2017-10-17 19:30:45.259046',43,1,12),(52,1508267698576554,'CANCHA DE TENIS','2.8','2017-10-17 19:30:45.261395',12,1,12),(53,1508267698578803,'PRELIMINARES','2.8.1','2017-10-17 19:30:45.263644',52,1,12),(54,1508267698581470,'CIMENTACION','2.8.2','2017-10-17 19:30:45.266320',52,1,12),(55,1508267698583981,'ESTRUCTURA','2.8.3','2017-10-17 19:30:45.268823',52,1,12),(56,1508267698586225,'ACABADOS','2.8.4','2017-10-17 19:30:45.271067',52,1,12),(57,1508267698588826,'INSTALACION HIDROSANITARIA','2.8.5','2017-10-17 19:30:45.273715',52,1,12),(58,1508267698591581,'INSTALACION ELECTRICA','2.9','2017-10-17 19:30:45.276425',12,1,12),(59,1508267698594874,'INSTALACION ELECTRICA','2.9.1','2017-10-17 19:30:45.279723',58,1,12),(60,1508267698597620,'FOGATERO','2.10','2017-10-17 19:30:45.282465',12,1,12),(61,1508267698600079,'PRELIMINARES','2.10.1','2017-10-17 19:30:45.284921',60,1,12),(62,1508267698602326,'CIMENTACION','2.10.2','2017-10-17 19:30:45.287167',60,1,12),(63,1508267698604789,'ESTRUCTURA','2.10.3','2017-10-17 19:30:45.289673',60,1,12),(64,1508267698607442,'ACABADOS','2.10.4','2017-10-17 19:30:45.292285',60,1,12),(65,1508267698609800,'OBRAS EXTERIORES','2.11','2017-10-17 19:30:45.294652',12,1,12),(66,1508267698612156,'PRELIMINARES','2.11.1','2017-10-17 19:30:45.296999',65,1,12),(67,1508267698614538,'VEGETACION','2.11.2','2017-10-17 19:30:45.299381',65,1,12),(68,1508267698616883,'JARDIN ACCESO','2.11.2.1','2017-10-17 19:30:45.301727',67,1,12),(69,1508267698619236,'CANCHAS Y ALBERCA','2.11.2.2','2017-10-17 19:30:45.304079',67,1,12),(70,1508267698621860,'JARDIN TRASERO Y PATIO','2.11.2.3','2017-10-17 19:30:45.306704',67,1,12),(71,1508267698624184,'PASEO','2.11.3','2017-10-17 19:30:45.309026',65,1,12),(72,1508267698626559,'JARDINERAS (BARRERA ACUSTICA)','2.11.4','2017-10-17 19:30:45.311401',65,1,12),(73,1508267698629260,'BANQUETAS','2.11.5','2017-10-17 19:30:45.314124',65,1,12),(74,1508267698632331,'ACCESO','2.12','2017-10-17 19:30:45.317205',12,1,12),(75,1508267698634898,'PRELIMINARES','2.12.1','2017-10-17 19:30:45.319741',74,1,12),(76,1508267698637461,'CIMENTACION','2.12.2','2017-10-17 19:30:45.322317',74,1,12),(77,1508267698639908,'ESTRUCTURA','2.12.3','2017-10-17 19:30:45.324751',74,1,12),(78,1508267698642275,'CUBIERTA','2.12.4','2017-10-17 19:30:45.327119',74,1,12),(79,1508267698644714,'HERRERIA','2.12.5','2017-10-17 19:30:45.329559',74,1,12),(80,1508267698647203,'ACABADOS','2.12.6','2017-10-17 19:30:45.332046',74,1,12),(81,1508267698649601,'COMPLEMENTOS','2.12.7','2017-10-17 19:30:45.334445',74,1,12),(82,1508267698652052,'MUROS EN PATIO TRASERO','2.13','2017-10-17 19:30:45.336906',12,1,12),(83,1508267698654958,'PRELIMINARES','2.13.1','2017-10-17 19:30:45.339805',82,1,12),(84,1508267698657368,'CIMENTACION','2.13.2','2017-10-17 19:30:45.342209',82,1,12),(85,1508267698659658,'ESTRUCTURA','2.13.3','2017-10-17 19:30:45.344499',82,1,12),(86,1508267698662283,'ACABADOS','2.13.4','2017-10-17 19:30:45.347128',82,1,12),(87,1508267698665001,'ESCULTURA','2.14','2017-10-17 19:30:45.349909',12,1,12),(88,1508267698667966,'FUENTE DE PARED','2.15','2017-10-17 19:30:45.352817',12,1,12),(89,1508267698670701,'LIMPIEZA','2.16','2017-10-17 19:30:45.355547',12,1,12),(91,1508268342927982,'LIMPIEZA','2.16.1','2017-10-17 19:41:29.612829',89,1,12),(92,1508279186480643,'CATALOGO VILLA SOFIA INTERIOR','1','2017-10-17 22:42:13.165482',NULL,2,NULL),(93,1508279186483960,'PRELIMINARES','1.1','2017-10-17 22:42:13.168808',1,2,1),(94,1508279186486695,'CIMENTACION','1.2','2017-10-17 22:42:13.171542',1,2,1),(95,1508279186489410,'ESTRUCTURA','1.3','2017-10-17 22:42:13.174269',1,2,1),(96,1508279186491899,'ACABADOS','1.4','2017-10-17 22:42:13.176743',1,2,1),(97,1508279186494429,'CARPINTERÍA','1.5','2017-10-17 22:42:13.179271',1,2,1),(98,1508279186497815,'HERRERÍA','1.6','2017-10-17 22:42:13.182688',1,2,1),(99,1508279186500553,'INSTALACIÓN ELÉCTRICA','1.7','2017-10-17 22:42:13.185397',1,2,1),(100,1508279186503138,'INSTALACIÓN HIDROSANITARIA','1.8','2017-10-17 22:42:13.187980',1,2,1),(101,1508279186505893,'EQUIPO','1.9','2017-10-17 22:42:13.190748',1,2,1),(102,1508279186508683,'LIMPIEZA','1.10','2017-10-17 22:42:13.193537',1,2,1),(103,1508279186509991,'CATALOGO VILLA SOFIA EXTERIOR','2','2017-10-17 22:42:13.194824',NULL,2,NULL),(104,1508279186512638,'CUBIERTA ESTACIONAMIENTO','2.1','2017-10-17 22:42:13.197480',12,2,12),(105,1508279186515877,'PRELIMINARES','2.1.1','2017-10-17 22:42:13.200727',13,2,12),(106,1508279186518435,'CIMENTACION','2.1.2','2017-10-17 22:42:13.203278',13,2,12),(107,1508279186521072,'ESTRUCTURA','2.1.3','2017-10-17 22:42:13.205917',13,2,12),(108,1508279186523615,'CUBIERTA','2.1.4','2017-10-17 22:42:13.208459',13,2,12),(109,1508279186526077,'PERGOLADO','2.2','2017-10-17 22:42:13.210920',12,2,12),(110,1508279186528685,'PRELIMINARES','2.2.1','2017-10-17 22:42:13.213533',18,2,12),(111,1508279186531602,'CIMENTACION','2.2.2','2017-10-17 22:42:13.216452',18,2,12),(112,1508279186534320,'ESTRUCTURA','2.2.3','2017-10-17 22:42:13.219164',18,2,12),(113,1508279186537099,'MOTOR LOBBY','2.3','2017-10-17 22:42:13.221942',12,2,12),(114,1508279186539824,'PRELIMINARES','2.3.1','2017-10-17 22:42:13.224669',22,2,12),(115,1508279186542477,'CIMENTACION','2.3.2','2017-10-17 22:42:13.227318',22,2,12),(116,1508279186544914,'ESTRUCTURA','2.3.3','2017-10-17 22:42:13.229755',22,2,12),(117,1508279186547379,'CUBIERTA','2.3.4','2017-10-17 22:42:13.232221',22,2,12),(118,1508279186550494,'ALBERCA','2.4','2017-10-17 22:42:13.235338',12,2,12),(119,1508279186553001,'PRELIMINARES','2.4.1','2017-10-17 22:42:13.237874',27,2,12),(120,1508279186555789,'CIMENTACION','2.4.2','2017-10-17 22:42:13.240633',27,2,12),(121,1508279186558234,'ACABADOS','2.4.3','2017-10-17 22:42:13.243077',27,2,12),(122,1508279186560652,'INSTALACION HIDROSANITARIA','2.4.4','2017-10-17 22:42:13.245495',27,2,12),(123,1508279186563403,'CUARTO DE MAQUINAS ALBERCA','2.5','2017-10-17 22:42:13.248267',12,2,12),(124,1508279186566183,'PRELIMINARES','2.5.1','2017-10-17 22:42:13.251026',32,2,12),(125,1508279186568633,'CIMENTACION','2.5.2','2017-10-17 22:42:13.253475',32,2,12),(126,1508279186571308,'ESTRUCTURA','2.5.3','2017-10-17 22:42:13.256151',32,2,12),(127,1508279186573946,'ALBAÑILERIA','2.5.4','2017-10-17 22:42:13.258795',32,2,12),(128,1508279186576606,'ACABADOS','2.5.5','2017-10-17 22:42:13.261481',32,2,12),(129,1508279186579098,'HERRERIA','2.5.6','2017-10-17 22:42:13.263939',32,2,12),(130,1508279186581678,'HIDROMASAJE','2.6','2017-10-17 22:42:13.266531',12,2,12),(131,1508279186584553,'PRELIMINARES','2.6.1','2017-10-17 22:42:13.269401',39,2,12),(132,1508279186587224,'CIMENTACION','2.6.2','2017-10-17 22:42:13.272068',39,2,12),(133,1508279186589641,'INSTALACION HIDROSANITARIA','2.6.3','2017-10-17 22:42:13.274482',39,2,12),(134,1508279186592049,'CABALLERIZAS','2.7','2017-10-17 22:42:13.276890',12,2,12),(135,1508279186594706,'PRELIMINARES','2.7.1','2017-10-17 22:42:13.279592',43,2,12),(136,1508279186597334,'CIMENTACION','2.7.2','2017-10-17 22:42:13.282175',43,2,12),(137,1508279186599858,'ESTRUCTURA','2.7.3','2017-10-17 22:42:13.284698',43,2,12),(138,1508279186602411,'ACABADOS','2.7.4','2017-10-17 22:42:13.287259',43,2,12),(139,1508279186605731,'CUBIERTA','2.7.5','2017-10-17 22:42:13.290575',43,2,12),(140,1508279186608159,'CARPINTERIA','2.7.7','2017-10-17 22:42:13.293001',43,2,12),(141,1508279186610620,'INSTALACION HIDROSANITARIA','2.7.8','2017-10-17 22:42:13.295461',43,2,12),(142,1508279186613147,'INSTALACION ELECTRICA','2.7.9','2017-10-17 22:42:13.297989',43,2,12),(143,1508279186615539,'CANCHA DE TENIS','2.8','2017-10-17 22:42:13.300381',12,2,12),(144,1508279186618548,'PRELIMINARES','2.8.1','2017-10-17 22:42:13.303390',52,2,12),(145,1508279186621184,'CIMENTACION','2.8.2','2017-10-17 22:42:13.306027',52,2,12),(146,1508279186623642,'ESTRUCTURA','2.8.3','2017-10-17 22:42:13.308484',52,2,12),(147,1508279186626173,'ACABADOS','2.8.4','2017-10-17 22:42:13.311015',52,2,12),(148,1508279186629165,'INSTALACION HIDROSANITARIA','2.8.5','2017-10-17 22:42:13.314006',52,2,12),(149,1508279186632570,'INSTALACION ELECTRICA','2.9','2017-10-17 22:42:13.317416',12,2,12),(150,1508279186635459,'INSTALACION ELECTRICA','2.9.1','2017-10-17 22:42:13.320304',58,2,12),(151,1508279186638090,'FOGATERO','2.10','2017-10-17 22:42:13.322932',12,2,12),(152,1508279186640502,'PRELIMINARES','2.10.1','2017-10-17 22:42:13.325344',60,2,12),(153,1508279186643091,'CIMENTACION','2.10.2','2017-10-17 22:42:13.327932',60,2,12),(154,1508279186645525,'ESTRUCTURA','2.10.3','2017-10-17 22:42:13.330366',60,2,12),(155,1508279186647971,'ACABADOS','2.10.4','2017-10-17 22:42:13.332812',60,2,12),(156,1508279186650859,'OBRAS EXTERIORES','2.11','2017-10-17 22:42:13.335707',12,2,12),(157,1508279186653513,'PRELIMINARES','2.11.1','2017-10-17 22:42:13.338355',65,2,12),(158,1508279186656335,'VEGETACION','2.11.2','2017-10-17 22:42:13.341176',65,2,12),(159,1508279186659232,'JARDIN ACCESO','2.11.2.1','2017-10-17 22:42:13.344074',67,2,12),(160,1508279186661857,'CANCHAS Y ALBERCA','2.11.2.2','2017-10-17 22:42:13.346700',67,2,12),(161,1508279186664483,'JARDIN TRASERO Y PATIO','2.11.2.3','2017-10-17 22:42:13.349326',67,2,12),(162,1508279186668006,'PASEO','2.11.3','2017-10-17 22:42:13.352853',65,2,12),(163,1508279186670933,'JARDINERAS (BARRERA ACUSTICA)','2.11.4','2017-10-17 22:42:13.355778',65,2,12),(164,1508279186673971,'BANQUETAS','2.11.5','2017-10-17 22:42:13.358817',65,2,12),(165,1508279186676776,'ACCESO','2.12','2017-10-17 22:42:13.361618',12,2,12),(166,1508279186679186,'PRELIMINARES','2.12.1','2017-10-17 22:42:13.364028',74,2,12),(167,1508279186682036,'CIMENTACION','2.12.2','2017-10-17 22:42:13.366880',74,2,12),(168,1508279186684551,'ESTRUCTURA','2.12.3','2017-10-17 22:42:13.369393',74,2,12),(169,1508279186687022,'CUBIERTA','2.12.4','2017-10-17 22:42:13.371864',74,2,12),(170,1508279186689482,'HERRERIA','2.12.5','2017-10-17 22:42:13.374322',74,2,12),(171,1508279186691890,'ACABADOS','2.12.6','2017-10-17 22:42:13.376733',74,2,12),(172,1508279186694328,'COMPLEMENTOS','2.12.7','2017-10-17 22:42:13.379168',74,2,12),(173,1508279186696890,'MUROS EN PATIO TRASERO','2.13','2017-10-17 22:42:13.381732',12,2,12),(174,1508279186700116,'PRELIMINARES','2.13.1','2017-10-17 22:42:13.384960',82,2,12),(175,1508279186702769,'CIMENTACION','2.13.2','2017-10-17 22:42:13.387613',82,2,12),(176,1508279186705345,'ESTRUCTURA','2.13.3','2017-10-17 22:42:13.390187',82,2,12),(177,1508279186707867,'ACABADOS','2.13.4','2017-10-17 22:42:13.392709',82,2,12),(178,1508279186710294,'ESCULTURA','2.14','2017-10-17 22:42:13.395136',12,2,12),(179,1508279186712683,'FUENTE DE PARED','2.15','2017-10-17 22:42:13.397537',12,2,12),(180,1508279186715326,'LIMPIEZA','2.16','2017-10-17 22:42:13.400167',12,2,12),(181,1508279186717906,'LIMPIEZA','2.16.1','2017-10-17 22:42:13.402747',89,2,12);
/*!40000 ALTER TABLE `ERP_lineitem` ENABLE KEYS */;
UNLOCK TABLES;

--
-- Table structure for table `ERP_logfile`
--

DROP TABLE IF EXISTS `ERP_logfile`;
/*!40101 SET @saved_cs_client     = @@character_set_client */;
/*!40101 SET character_set_client = utf8 */;
CREATE TABLE `ERP_logfile` (
  `id` int(11) NOT NULL AUTO_INCREMENT,
  `version` bigint(20) NOT NULL,
  `file` varchar(100) DEFAULT NULL,
  `last_edit_date` datetime(6) NOT NULL,
  `progress_estimate_log_id` int(11) NOT NULL,
  PRIMARY KEY (`id`),
  KEY `ERP_logfile_031d45d8` (`progress_estimate_log_id`),
  CONSTRAINT `progress_estimate_log_id_7ee4dd8e_fk_ERP_progressestimatelog_id` FOREIGN KEY (`progress_estimate_log_id`) REFERENCES `ERP_progressestimatelog` (`id`)
) ENGINE=InnoDB AUTO_INCREMENT=24 DEFAULT CHARSET=latin1;
/*!40101 SET character_set_client = @saved_cs_client */;

--
-- Dumping data for table `ERP_logfile`
--

LOCK TABLES `ERP_logfile` WRITE;
/*!40000 ALTER TABLE `ERP_logfile` DISABLE KEYS */;
INSERT INTO `ERP_logfile` VALUES (1,1508272578074816,'','2017-10-17 20:52:04.759654',1),(2,1508272590136077,'','2017-10-17 20:52:16.820920',2),(3,1508273023675998,'bitacoras_de_proyecto/COM/log.pdf','2017-10-17 20:59:30.359981',3),(4,1508273023677710,'bitacoras_de_proyecto/COM/log_QPuMiIn.pdf','2017-10-17 20:59:30.362007',3),(5,1508273023679200,'bitacoras_de_proyecto/COM/log_zE0FywV.pdf','2017-10-17 20:59:30.364404',3),(6,1508281540036954,'bitacoras_de_proyecto/CC01/log.pdf','2017-10-17 23:21:26.722526',4),(7,1508281540038466,'bitacoras_de_proyecto/CC01/log_SrEydhc.pdf','2017-10-17 23:21:26.723740',4),(8,1510548261120072,'bitacoras_de_proyecto/COM/Screen_Shot_2017-11-12_at_23.00.03.png','2017-11-13 05:00:07.803141',5),(9,1510548261121982,'','2017-11-13 05:00:07.806835',5),(10,1510549005394132,'','2017-11-13 05:12:32.078973',1),(11,1510549112928656,'','2017-11-13 05:14:19.613497',5),(12,1510549160782872,'','2017-11-13 05:15:07.467711',5),(13,1510549242838630,'','2017-11-13 05:16:29.523465',5),(14,1510549263794092,'','2017-11-13 05:16:50.478929',5),(15,1510549286156193,'','2017-11-13 05:17:12.841036',5),(16,1510549332276096,'','2017-11-13 05:17:58.960942',5),(17,1510549375415796,'','2017-11-13 05:18:42.100637',5),(18,1510549392172446,'','2017-11-13 05:18:58.857283',5),(19,1510549429973041,'','2017-11-13 05:19:36.657936',5),(20,1510549467789801,'','2017-11-13 05:20:14.474644',5),(21,1510549535315628,'','2017-11-13 05:21:22.000466',5),(22,1510549559646283,'','2017-11-13 05:21:46.331120',5),(23,1510550303708696,'','2017-11-13 05:34:10.393533',5);
/*!40000 ALTER TABLE `ERP_logfile` ENABLE KEYS */;
UNLOCK TABLES;

--
-- Table structure for table `ERP_modalidadcontrato`
--

DROP TABLE IF EXISTS `ERP_modalidadcontrato`;
/*!40101 SET @saved_cs_client     = @@character_set_client */;
/*!40101 SET character_set_client = utf8 */;
CREATE TABLE `ERP_modalidadcontrato` (
  `id` int(11) NOT NULL AUTO_INCREMENT,
  `version` bigint(20) NOT NULL,
  `modalidadContrato` varchar(250) NOT NULL,
  `duracionContrato` varchar(20) NOT NULL,
  `last_edit_date` datetime(6) NOT NULL,
  PRIMARY KEY (`id`)
) ENGINE=InnoDB AUTO_INCREMENT=4 DEFAULT CHARSET=latin1;
/*!40101 SET character_set_client = @saved_cs_client */;

--
-- Dumping data for table `ERP_modalidadcontrato`
--

LOCK TABLES `ERP_modalidadcontrato` WRITE;
/*!40000 ALTER TABLE `ERP_modalidadcontrato` DISABLE KEYS */;
INSERT INTO `ERP_modalidadcontrato` VALUES (1,0,'Anual','1 año','2017-09-07 18:46:55.731517'),(2,0,'Semestral','6 meses','2017-09-07 18:46:55.731517'),(3,0,'Mensual','1 mes','2017-09-07 18:46:55.731517');
/*!40000 ALTER TABLE `ERP_modalidadcontrato` ENABLE KEYS */;
UNLOCK TABLES;

--
-- Table structure for table `ERP_municipio`
--

DROP TABLE IF EXISTS `ERP_municipio`;
/*!40101 SET @saved_cs_client     = @@character_set_client */;
/*!40101 SET character_set_client = utf8 */;
CREATE TABLE `ERP_municipio` (
  `id` int(11) NOT NULL AUTO_INCREMENT,
  `nombreMunicipio` varchar(200) NOT NULL,
  `latitud` double NOT NULL,
  `longitud` double NOT NULL,
  `estado_id` int(11) NOT NULL,
  PRIMARY KEY (`id`),
  KEY `ERP_municipio_estado_id_4c86d996_fk_ERP_estado_id` (`estado_id`),
  CONSTRAINT `ERP_municipio_estado_id_4c86d996_fk_ERP_estado_id` FOREIGN KEY (`estado_id`) REFERENCES `ERP_estado` (`id`)
) ENGINE=InnoDB AUTO_INCREMENT=5 DEFAULT CHARSET=latin1;
/*!40101 SET character_set_client = @saved_cs_client */;

--
-- Dumping data for table `ERP_municipio`
--

LOCK TABLES `ERP_municipio` WRITE;
/*!40000 ALTER TABLE `ERP_municipio` DISABLE KEYS */;
INSERT INTO `ERP_municipio` VALUES (1,'Metepec',99.455,-102.4234,15),(2,'Toluca',99.6633,-102.66373,15),(3,'Ecatepec',99.6633,-102.66373,15),(4,'Guadalajara',99.6633,-102.66373,16);
/*!40000 ALTER TABLE `ERP_municipio` ENABLE KEYS */;
UNLOCK TABLES;

--
-- Table structure for table `ERP_pais`
--

DROP TABLE IF EXISTS `ERP_pais`;
/*!40101 SET @saved_cs_client     = @@character_set_client */;
/*!40101 SET character_set_client = utf8 */;
CREATE TABLE `ERP_pais` (
  `id` int(11) NOT NULL AUTO_INCREMENT,
  `nombrePais` varchar(200) NOT NULL,
  `latitud` double NOT NULL,
  `longitud` double NOT NULL,
  PRIMARY KEY (`id`)
) ENGINE=InnoDB AUTO_INCREMENT=2 DEFAULT CHARSET=latin1;
/*!40101 SET character_set_client = @saved_cs_client */;

--
-- Dumping data for table `ERP_pais`
--

LOCK TABLES `ERP_pais` WRITE;
/*!40000 ALTER TABLE `ERP_pais` DISABLE KEYS */;
INSERT INTO `ERP_pais` VALUES (1,'Mexico',99,-102.3232);
/*!40000 ALTER TABLE `ERP_pais` ENABLE KEYS */;
UNLOCK TABLES;

--
-- Table structure for table `ERP_paymentschedule`
--

DROP TABLE IF EXISTS `ERP_paymentschedule`;
/*!40101 SET @saved_cs_client     = @@character_set_client */;
/*!40101 SET character_set_client = utf8 */;
CREATE TABLE `ERP_paymentschedule` (
  `id` int(11) NOT NULL AUTO_INCREMENT,
  `month` int(11) NOT NULL,
  `year` int(11) NOT NULL,
  `amount` decimal(20,2) NOT NULL,
  `project_id` int(11) NOT NULL,
  PRIMARY KEY (`id`),
  UNIQUE KEY `ERP_paymentschedule_project_id_8460207c_uniq` (`project_id`,`year`,`month`),
  KEY `ERP_paymentschedule_b098ad43` (`project_id`),
  CONSTRAINT `ERP_paymentschedule_project_id_734423fc_fk_ERP_project_id` FOREIGN KEY (`project_id`) REFERENCES `ERP_project` (`id`)
) ENGINE=InnoDB AUTO_INCREMENT=23 DEFAULT CHARSET=latin1;
/*!40101 SET character_set_client = @saved_cs_client */;

--
-- Dumping data for table `ERP_paymentschedule`
--

LOCK TABLES `ERP_paymentschedule` WRITE;
/*!40000 ALTER TABLE `ERP_paymentschedule` DISABLE KEYS */;
INSERT INTO `ERP_paymentschedule` VALUES (1,10,2017,1000000.00,1),(2,11,2017,1000000.00,1),(3,12,2017,1000000.00,1),(4,1,2018,1000000.00,1),(5,2,2018,1000000.00,1),(6,3,2018,1000000.00,1),(7,4,2018,1000000.00,1),(8,5,2018,1000000.00,1),(9,6,2018,1000000.00,1),(10,7,2018,1000000.00,1),(11,8,2018,1000000.00,1),(12,9,2018,1000000.00,1),(13,10,2018,1000000.00,1),(14,11,2018,1000000.00,1),(15,10,2017,60000.00,2),(16,11,2017,60000.00,2),(17,12,2017,60000.00,2),(18,1,2018,60000.00,2),(19,2,2018,60000.00,2),(20,3,2018,60000.00,2),(21,4,2018,60000.00,2),(22,5,2018,60000.00,2);
/*!40000 ALTER TABLE `ERP_paymentschedule` ENABLE KEYS */;
UNLOCK TABLES;

--
-- Table structure for table `ERP_progressestimate`
--

DROP TABLE IF EXISTS `ERP_progressestimate`;
/*!40101 SET @saved_cs_client     = @@character_set_client */;
/*!40101 SET character_set_client = utf8 */;
CREATE TABLE `ERP_progressestimate` (
  `id` int(11) NOT NULL AUTO_INCREMENT,
  `version` bigint(20) NOT NULL,
  `key` varchar(9) NOT NULL,
  `amount` decimal(20,6) NOT NULL,
  `generator_amount` decimal(20,2) NOT NULL,
  `generator_file` varchar(100) DEFAULT NULL,
  `last_edit_date` datetime(6) NOT NULL,
  `type` varchar(1) NOT NULL,
  `payment_status` varchar(2) NOT NULL,
  `estimate_id` int(11) NOT NULL,
  PRIMARY KEY (`id`),
  KEY `ERP_progressestimate_estimate_id_5aa6c6bd_fk_ERP_estimate_id` (`estimate_id`),
  CONSTRAINT `ERP_progressestimate_estimate_id_5aa6c6bd_fk_ERP_estimate_id` FOREIGN KEY (`estimate_id`) REFERENCES `ERP_estimate` (`id`)
) ENGINE=InnoDB AUTO_INCREMENT=12 DEFAULT CHARSET=latin1;
/*!40101 SET character_set_client = @saved_cs_client */;

--
-- Dumping data for table `ERP_progressestimate`
--

LOCK TABLES `ERP_progressestimate` WRITE;
/*!40000 ALTER TABLE `ERP_progressestimate` DISABLE KEYS */;
INSERT INTO `ERP_progressestimate` VALUES (4,1508280597910882,'A1',100000.000000,0.00,'','2017-10-17 23:05:44.595573','P','P',2),(5,1508281145677336,'A2',135293.000000,0.00,'','2017-10-17 23:14:52.362032','P','P',2),(6,1508281152671432,'FINIQUITO',65707.000000,0.00,'','2017-10-17 23:14:59.356123','S','P',2),(11,1510546361696912,'Finiquito',285000.000000,0.00,'','2017-11-13 04:28:28.381976','P','NP',1);
/*!40000 ALTER TABLE `ERP_progressestimate` ENABLE KEYS */;
UNLOCK TABLES;

--
-- Table structure for table `ERP_progressestimateauthorization`
--

DROP TABLE IF EXISTS `ERP_progressestimateauthorization`;
/*!40101 SET @saved_cs_client     = @@character_set_client */;
/*!40101 SET character_set_client = utf8 */;
CREATE TABLE `ERP_progressestimateauthorization` (
  `id` int(11) NOT NULL AUTO_INCREMENT,
  `version` bigint(20) NOT NULL,
  `full_name` varchar(256) NOT NULL,
  `progress_estimate_id` int(11) NOT NULL,
  `user_id` int(11) NOT NULL,
  PRIMARY KEY (`id`),
  KEY `ERP_pro_progress_estimate_id_4e360379_fk_ERP_progressestimate_id` (`progress_estimate_id`),
  KEY `ERP_progressestimateauthorizati_user_id_b0cb3655_fk_auth_user_id` (`user_id`),
  CONSTRAINT `ERP_pro_progress_estimate_id_4e360379_fk_ERP_progressestimate_id` FOREIGN KEY (`progress_estimate_id`) REFERENCES `ERP_progressestimate` (`id`),
  CONSTRAINT `ERP_progressestimateauthorizati_user_id_b0cb3655_fk_auth_user_id` FOREIGN KEY (`user_id`) REFERENCES `auth_user` (`id`)
) ENGINE=InnoDB AUTO_INCREMENT=7 DEFAULT CHARSET=latin1;
/*!40101 SET character_set_client = @saved_cs_client */;

--
-- Dumping data for table `ERP_progressestimateauthorization`
--

LOCK TABLES `ERP_progressestimateauthorization` WRITE;
/*!40000 ALTER TABLE `ERP_progressestimateauthorization` DISABLE KEYS */;
INSERT INTO `ERP_progressestimateauthorization` VALUES (4,1508280255894954,'Presidente: Presidente Salcedo',4,21),(5,1508281103095442,'Presidente: Presidente Salcedo',5,21),(6,1508281106025323,'Presidente: Presidente Salcedo',6,21);
/*!40000 ALTER TABLE `ERP_progressestimateauthorization` ENABLE KEYS */;
UNLOCK TABLES;

--
-- Table structure for table `ERP_progressestimatelog`
--

DROP TABLE IF EXISTS `ERP_progressestimatelog`;
/*!40101 SET @saved_cs_client     = @@character_set_client */;
/*!40101 SET character_set_client = utf8 */;
CREATE TABLE `ERP_progressestimatelog` (
  `id` int(11) NOT NULL AUTO_INCREMENT,
  `version` bigint(20) NOT NULL,
  `description` longtext NOT NULL,
  `register_date` datetime(6) NOT NULL,
  `date` datetime(6) DEFAULT NULL,
  `last_edit_date` datetime(6) NOT NULL,
  `project_id` int(11) NOT NULL,
  `user_id` int(11) DEFAULT NULL,
  `status` varchar(1) NOT NULL,
  PRIMARY KEY (`id`),
  KEY `ERP_progressestimatelog_b098ad43` (`project_id`),
  KEY `ERP_progressestimatelog_e8701ad4` (`user_id`),
  CONSTRAINT `ERP_progressestimatelog_project_id_c4ee66a1_fk_ERP_project_id` FOREIGN KEY (`project_id`) REFERENCES `ERP_project` (`id`),
  CONSTRAINT `ERP_progressestimatelog_user_id_f83a4111_fk_auth_user_id` FOREIGN KEY (`user_id`) REFERENCES `auth_user` (`id`)
) ENGINE=InnoDB AUTO_INCREMENT=6 DEFAULT CHARSET=latin1;
/*!40101 SET character_set_client = @saved_cs_client */;

--
-- Dumping data for table `ERP_progressestimatelog`
--

LOCK TABLES `ERP_progressestimatelog` WRITE;
/*!40000 ALTER TABLE `ERP_progressestimatelog` DISABLE KEYS */;
INSERT INTO `ERP_progressestimatelog` VALUES (1,1510549005391379,'Bitácora 1','2017-10-17 20:52:04.758374','2017-10-17 20:46:23.745226','2017-11-13 05:12:32.076021',1,1,'N'),(2,1508272590134440,'Bitácora 2','2017-10-17 20:52:16.819284','2017-10-17 20:46:23.745226','2017-10-17 20:52:16.819332',1,21,'N'),(3,1508273023672797,'Bitácora 3','2017-10-17 20:53:08.091398','2017-10-17 20:46:23.745226','2017-10-17 20:59:30.357413',1,21,'N'),(4,1508281540035426,'Bitácora','2017-10-17 23:21:26.720264','2017-10-17 20:59:01.902823','2017-10-17 23:21:26.720308',2,2,'N'),(5,1510550303705143,'OKOKOK','2017-11-13 04:49:37.778710','2017-11-13 04:43:07.081813','2017-11-13 05:34:10.389771',1,1,'R');
/*!40000 ALTER TABLE `ERP_progressestimatelog` ENABLE KEYS */;
UNLOCK TABLES;

--
-- Table structure for table `ERP_project`
--

DROP TABLE IF EXISTS `ERP_project`;
/*!40101 SET @saved_cs_client     = @@character_set_client */;
/*!40101 SET character_set_client = utf8 */;
CREATE TABLE `ERP_project` (
  `id` int(11) NOT NULL AUTO_INCREMENT,
  `version` bigint(20) NOT NULL,
  `key` varchar(255) NOT NULL,
  `nombreProyecto` varchar(100) NOT NULL,
  `fecha_inicial` date NOT NULL,
  `fecha_final` date NOT NULL,
  `portada` varchar(100) DEFAULT NULL,
  `ubicacion_calle` varchar(200) NOT NULL,
  `ubicacion_numero` varchar(8) NOT NULL,
  `ubicacion_colonia` varchar(200) NOT NULL,
  `ubicacion_cp` int(11) NOT NULL,
  `latitud` double DEFAULT NULL,
  `longitud` double DEFAULT NULL,
  `area_superficie_escritura` decimal(20,2) NOT NULL,
  `area_superficie_levantamiento` decimal(20,2) NOT NULL,
  `estadolegal_documento_propiedad` varchar(200) DEFAULT NULL,
  `estadolegal_gravamen` varchar(200) DEFAULT NULL,
  `estadolegal_predial` varchar(200) DEFAULT NULL,
  `estadolegal_agua` varchar(200) DEFAULT NULL,
  `documento_propiedad` varchar(100) DEFAULT NULL,
  `documento_gravamen` varchar(100) DEFAULT NULL,
  `documento_predial` varchar(100) DEFAULT NULL,
  `documento_agua` varchar(100) DEFAULT NULL,
  `restriccion_vial` varchar(200) DEFAULT NULL,
  `restriccion_cna` varchar(200) DEFAULT NULL,
  `restriccion_cfe` varchar(200) DEFAULT NULL,
  `restriccion_pemex` varchar(200) DEFAULT NULL,
  `restriccion_inha` varchar(200) DEFAULT NULL,
  `restriccion_otros` varchar(200) DEFAULT NULL,
  `restriccion_observaciones` varchar(200) DEFAULT NULL,
  `usosuelo_pmdu` varchar(200) DEFAULT NULL,
  `usosuelo_densidad` varchar(200) DEFAULT NULL,
  `usosuelo_loteminimo` decimal(20,2) DEFAULT NULL,
  `usosuelo_m2construccion` decimal(20,2) DEFAULT NULL,
  `usosuelo_arealibre` varchar(200) DEFAULT NULL,
  `usosuelo_altura` varchar(200) DEFAULT NULL,
  `usosuelo_densidadrequerida` varchar(200) DEFAULT NULL,
  `hidraulica_fuente` varchar(200) DEFAULT NULL,
  `hidraulica_distancia` varchar(200) DEFAULT NULL,
  `hidraulica_observaciones` varchar(200) DEFAULT NULL,
  `hidraulica_documento` varchar(100) DEFAULT NULL,
  `sanitaria_tipo` varchar(200) DEFAULT NULL,
  `sanitaria_responsable` varchar(200) DEFAULT NULL,
  `sanitaria_observaciones` varchar(200) DEFAULT NULL,
  `sanitaria_documento` varchar(100) DEFAULT NULL,
  `pluvial_tipo` varchar(200) DEFAULT NULL,
  `pluvial_responsable` varchar(200) DEFAULT NULL,
  `pluvial_observaciones` varchar(200) DEFAULT NULL,
  `pluvial_documento` varchar(100) DEFAULT NULL,
  `vial_viaacceso` varchar(200) DEFAULT NULL,
  `vial_distancia` varchar(200) DEFAULT NULL,
  `vial_carriles` varchar(200) DEFAULT NULL,
  `vial_seccion` varchar(200) DEFAULT NULL,
  `vial_tipopavimento` varchar(200) DEFAULT NULL,
  `vial_estadoconstruccion` varchar(200) DEFAULT NULL,
  `vial_observaciones` varchar(200) DEFAULT NULL,
  `vial_documento` varchar(100) DEFAULT NULL,
  `electricidad_tipo` varchar(200) DEFAULT NULL,
  `electricidad_distancia` varchar(200) DEFAULT NULL,
  `electricidad_observaciones` varchar(200) DEFAULT NULL,
  `electricidad_documento` varchar(100) DEFAULT NULL,
  `alumbradopublico_tipo` varchar(200) DEFAULT NULL,
  `alumbradopublico_distancia` varchar(200) DEFAULT NULL,
  `alumbradopublico_observaciones` varchar(200) DEFAULT NULL,
  `alumbradopublico_documento` varchar(100) DEFAULT NULL,
  `telefonia_distancia` varchar(200) DEFAULT NULL,
  `telefonia_observaciones` varchar(200) DEFAULT NULL,
  `telefonia_documento` varchar(100) DEFAULT NULL,
  `tvcable_distancia` varchar(200) DEFAULT NULL,
  `tvcable_observaciones` varchar(200) DEFAULT NULL,
  `equipamiento_a100` varchar(200) DEFAULT NULL,
  `equipamiento_a200` varchar(200) DEFAULT NULL,
  `equipamiento_a500` varchar(200) DEFAULT NULL,
  `equipamiento_regional` varchar(200) DEFAULT NULL,
  `costo_predio` decimal(20,2) DEFAULT NULL,
  `costo_m2` decimal(20,2) DEFAULT NULL,
  `costo_escrituras` decimal(20,2) DEFAULT NULL,
  `costo_levantamiento` decimal(20,2) DEFAULT NULL,
  `estudiomercado_demanda` varchar(200) DEFAULT NULL,
  `estudiomercado_oferta` varchar(200) DEFAULT NULL,
  `estudiomercado_conclusiones` varchar(200) DEFAULT NULL,
  `estudiomercado_recomendaciones` varchar(200) DEFAULT NULL,
  `definicionproyecto_alternativa` varchar(200) DEFAULT NULL,
  `definicionproyecto_tamano` varchar(200) DEFAULT NULL,
  `definicionproyecto_programa` varchar(200) DEFAULT NULL,
  `programayarea_areaprivativa` decimal(20,2) DEFAULT NULL,
  `programayarea_caseta` decimal(20,2) DEFAULT NULL,
  `programayarea_jardin` decimal(20,2) DEFAULT NULL,
  `programayarea_vialidad` decimal(20,2) DEFAULT NULL,
  `programayarea_areaverde` decimal(20,2) DEFAULT NULL,
  `programayarea_estacionamientovisita` decimal(20,2) DEFAULT NULL,
  `programayarea_afectacion` decimal(20,2) DEFAULT NULL,
  `programayarea_documento` varchar(100) DEFAULT NULL,
  `last_edit_date` datetime(6) NOT NULL,
  `empresa_id` int(11) DEFAULT NULL,
  `tipo_construccion_id` int(11) NOT NULL,
  `ubicacion_estado_id` int(11) NOT NULL,
  `ubicacion_municipio_id` int(11) NOT NULL,
  `ubicacion_pais_id` int(11) NOT NULL,
  PRIMARY KEY (`id`),
  UNIQUE KEY `key` (`key`),
  KEY `ERP_project_e8f8b1ef` (`empresa_id`),
  KEY `ERP_project_dd860332` (`tipo_construccion_id`),
  KEY `ERP_project_8a7cea10` (`ubicacion_estado_id`),
  KEY `ERP_project_b46c2717` (`ubicacion_municipio_id`),
  KEY `ERP_project_a5ca04d3` (`ubicacion_pais_id`),
  CONSTRAINT `ERP_pro_tipo_construccion_id_52687a31_fk_ERP_tipoconstruccion_id` FOREIGN KEY (`tipo_construccion_id`) REFERENCES `ERP_tipoconstruccion` (`id`),
  CONSTRAINT `ERP_project_empresa_id_5b483d33_fk_ERP_empresa_id` FOREIGN KEY (`empresa_id`) REFERENCES `ERP_empresa` (`id`),
  CONSTRAINT `ERP_project_ubicacion_estado_id_97cb272b_fk_ERP_estado_id` FOREIGN KEY (`ubicacion_estado_id`) REFERENCES `ERP_estado` (`id`),
  CONSTRAINT `ERP_project_ubicacion_municipio_id_12f37362_fk_ERP_municipio_id` FOREIGN KEY (`ubicacion_municipio_id`) REFERENCES `ERP_municipio` (`id`),
  CONSTRAINT `ERP_project_ubicacion_pais_id_f5a96570_fk_ERP_pais_id` FOREIGN KEY (`ubicacion_pais_id`) REFERENCES `ERP_pais` (`id`)
) ENGINE=InnoDB AUTO_INCREMENT=3 DEFAULT CHARSET=latin1;
/*!40101 SET character_set_client = @saved_cs_client */;

--
-- Dumping data for table `ERP_project`
--

LOCK TABLES `ERP_project` WRITE;
/*!40000 ALTER TABLE `ERP_project` DISABLE KEYS */;
INSERT INTO `ERP_project` VALUES (1,1508271752836533,'COM','Comercializadora','2017-10-17','2018-11-17','documentos_del_proyecto/COM/cover_comercializadora.jpg','Leona Vicario','352','Centro',50180,19.2615354,-99.6153769,0.00,0.00,'','','','','','','','','','','','','','','','','',0.00,0.00,'','','','','','','','','','','','','','','','','','','','','','','','','','','','','','','','','','','','','','','','',0.00,0.00,0.00,0.00,'','','','','','','',0.00,0.00,0.00,0.00,0.00,0.00,0.00,'','2017-10-17 20:38:19.520963',1,1,15,2,1),(2,1508281355250904,'CC01','Centro Comercial','2017-10-17','2018-05-17','documentos_del_proyecto/CC01/cover_comercializadora.jpg','Tollocan','123','Centro',40237,19.2615353,-99.6153769,0.00,0.00,'','','','','','','','','','','','','','','','','',0.00,0.00,'','','','','','','','','','','','','','','','','','','','','','','','','','','','','','','','','','','','','','','','',0.00,0.00,0.00,0.00,'','','','','','','',0.00,0.00,0.00,0.00,0.00,0.00,0.00,'','2017-10-17 23:18:21.935321',1,1,15,2,1);
/*!40000 ALTER TABLE `ERP_project` ENABLE KEYS */;
UNLOCK TABLES;

--
-- Table structure for table `ERP_projectsections`
--

DROP TABLE IF EXISTS `ERP_projectsections`;
/*!40101 SET @saved_cs_client     = @@character_set_client */;
/*!40101 SET character_set_client = utf8 */;
CREATE TABLE `ERP_projectsections` (
  `id` int(11) NOT NULL AUTO_INCREMENT,
  `status` int(11) NOT NULL,
  `last_edit_date` datetime(6) NOT NULL,
  `project_id` int(11) NOT NULL,
  `section_id` int(11) NOT NULL,
  PRIMARY KEY (`id`),
  KEY `ERP_projectsections_project_id_dbddddf1_fk_ERP_project_id` (`project_id`),
  KEY `ERP_projectsections_730f6511` (`section_id`),
  CONSTRAINT `ERP_projectsections_project_id_dbddddf1_fk_ERP_project_id` FOREIGN KEY (`project_id`) REFERENCES `ERP_project` (`id`),
  CONSTRAINT `ERP_projectsections_section_id_f3f5af7b_fk_ERP_section_id` FOREIGN KEY (`section_id`) REFERENCES `ERP_section` (`id`)
) ENGINE=InnoDB AUTO_INCREMENT=57 DEFAULT CHARSET=latin1;
/*!40101 SET character_set_client = @saved_cs_client */;

--
-- Dumping data for table `ERP_projectsections`
--

LOCK TABLES `ERP_projectsections` WRITE;
/*!40000 ALTER TABLE `ERP_projectsections` DISABLE KEYS */;
INSERT INTO `ERP_projectsections` VALUES (1,1,'2017-10-17 19:15:15.197520',1,1),(2,1,'2017-10-17 19:15:15.198735',1,2),(3,1,'2017-10-17 19:15:15.200229',1,3),(4,1,'2017-10-17 19:15:15.201751',1,4),(5,1,'2017-10-17 19:15:15.203085',1,5),(6,1,'2017-10-17 19:15:15.204370',1,6),(7,1,'2017-10-17 19:15:15.205620',1,7),(8,1,'2017-10-17 19:15:15.206811',1,8),(9,1,'2017-10-17 19:15:15.208006',1,9),(10,1,'2017-10-17 19:15:15.209189',1,10),(11,1,'2017-10-17 19:15:15.210741',1,11),(12,1,'2017-10-17 19:15:15.212121',1,12),(13,1,'2017-10-17 19:15:15.213325',1,13),(14,1,'2017-10-17 19:15:15.214547',1,14),(15,1,'2017-10-17 19:15:15.215783',1,15),(16,1,'2017-10-17 19:15:15.216972',1,16),(17,1,'2017-10-17 19:15:15.218158',1,17),(18,1,'2017-10-17 19:15:15.219341',1,18),(19,1,'2017-10-17 19:15:15.220534',1,19),(20,0,'2017-10-17 19:15:15.221849',1,20),(21,0,'2017-10-17 19:15:15.223091',1,21),(22,1,'2017-10-17 19:15:15.224317',1,22),(23,1,'2017-10-17 19:15:15.225529',1,23),(24,1,'2017-10-17 19:15:15.226785',1,24),(25,1,'2017-10-17 19:15:15.228038',1,25),(26,1,'2017-10-17 19:15:15.229322',1,26),(27,1,'2017-10-17 19:15:15.230546',1,27),(28,1,'2017-10-17 19:15:15.231770',1,28),(29,1,'2017-10-17 22:39:07.418391',2,1),(30,1,'2017-10-17 22:39:07.420019',2,2),(31,1,'2017-10-17 22:39:07.421699',2,3),(32,1,'2017-10-17 22:39:07.422849',2,4),(33,1,'2017-10-17 22:39:07.423971',2,5),(34,1,'2017-10-17 22:39:07.425314',2,6),(35,1,'2017-10-17 22:39:07.426611',2,7),(36,1,'2017-10-17 22:39:07.427788',2,8),(37,1,'2017-10-17 22:39:07.429104',2,9),(38,1,'2017-10-17 22:39:07.430288',2,10),(39,1,'2017-10-17 22:39:07.431621',2,11),(40,1,'2017-10-17 22:39:07.432914',2,12),(41,1,'2017-10-17 22:39:07.434168',2,13),(42,1,'2017-10-17 22:39:07.435525',2,14),(43,1,'2017-10-17 22:39:07.436752',2,15),(44,1,'2017-10-17 22:39:07.438068',2,16),(45,1,'2017-10-17 22:39:07.439240',2,17),(46,1,'2017-10-17 22:39:07.440407',2,18),(47,1,'2017-10-17 22:39:07.441596',2,19),(48,1,'2017-10-17 22:39:07.442737',2,20),(49,1,'2017-10-17 22:39:07.443859',2,21),(50,1,'2017-10-17 22:39:07.445026',2,22),(51,1,'2017-10-17 22:39:07.446182',2,23),(52,1,'2017-10-17 22:39:07.447355',2,24),(53,1,'2017-10-17 22:39:07.448509',2,25),(54,1,'2017-10-17 22:39:07.449651',2,26),(55,1,'2017-10-17 22:39:07.450766',2,27),(56,1,'2017-10-17 22:39:07.451884',2,28);
/*!40000 ALTER TABLE `ERP_projectsections` ENABLE KEYS */;
UNLOCK TABLES;

--
-- Table structure for table `ERP_propietario`
--

DROP TABLE IF EXISTS `ERP_propietario`;
/*!40101 SET @saved_cs_client     = @@character_set_client */;
/*!40101 SET character_set_client = utf8 */;
CREATE TABLE `ERP_propietario` (
  `id` int(11) NOT NULL AUTO_INCREMENT,
  `version` bigint(20) NOT NULL,
  `nombrePropietario` varchar(200) NOT NULL,
  `rfc` varchar(20) DEFAULT NULL,
  `calle` varchar(200) NOT NULL,
  `numero` varchar(8) NOT NULL,
  `colonia` varchar(200) NOT NULL,
  `cp` int(11) NOT NULL,
  `telefono1` varchar(20) DEFAULT NULL,
  `telefono2` varchar(20) DEFAULT NULL,
  `email` varchar(100) DEFAULT NULL,
  `last_edit_date` datetime(6) NOT NULL,
  `empresa_id` int(11) NOT NULL,
  `estado_id` int(11) NOT NULL,
  `municipio_id` int(11) NOT NULL,
  `pais_id` int(11) NOT NULL,
  PRIMARY KEY (`id`),
  KEY `ERP_propietario_empresa_id_3d78f791_fk_ERP_empresa_id` (`empresa_id`),
  KEY `ERP_propietario_pais_id_0831d988_fk_ERP_pais_id` (`pais_id`),
  KEY `ERP_propietario_2c189993` (`estado_id`),
  KEY `ERP_propietario_40924980` (`municipio_id`),
  CONSTRAINT `ERP_propietario_empresa_id_3d78f791_fk_ERP_empresa_id` FOREIGN KEY (`empresa_id`) REFERENCES `ERP_empresa` (`id`),
  CONSTRAINT `ERP_propietario_estado_id_2a1bc0de_fk_ERP_estado_id` FOREIGN KEY (`estado_id`) REFERENCES `ERP_estado` (`id`),
  CONSTRAINT `ERP_propietario_municipio_id_5496a418_fk_ERP_municipio_id` FOREIGN KEY (`municipio_id`) REFERENCES `ERP_municipio` (`id`),
  CONSTRAINT `ERP_propietario_pais_id_0831d988_fk_ERP_pais_id` FOREIGN KEY (`pais_id`) REFERENCES `ERP_pais` (`id`)
) ENGINE=InnoDB AUTO_INCREMENT=2 DEFAULT CHARSET=latin1;
/*!40101 SET character_set_client = @saved_cs_client */;

--
-- Dumping data for table `ERP_propietario`
--

LOCK TABLES `ERP_propietario` WRITE;
/*!40000 ALTER TABLE `ERP_propietario` DISABLE KEYS */;
INSERT INTO `ERP_propietario` VALUES (1,1508265885574778,'María Sánchez','MRSH123','Comonfort','323','Metepec',60578,'1233234','7222786740','maria@test.com','2017-10-17 19:00:32.259642',1,15,2,1);
/*!40000 ALTER TABLE `ERP_propietario` ENABLE KEYS */;
UNLOCK TABLES;

--
-- Table structure for table `ERP_puesto`
--

DROP TABLE IF EXISTS `ERP_puesto`;
/*!40101 SET @saved_cs_client     = @@character_set_client */;
/*!40101 SET character_set_client = utf8 */;
CREATE TABLE `ERP_puesto` (
  `id` int(11) NOT NULL AUTO_INCREMENT,
  `version` bigint(20) NOT NULL,
  `nombrePuesto` longtext NOT NULL,
  `descripcion` longtext NOT NULL,
  `last_edit_date` datetime(6) NOT NULL,
  `area_id` int(11) NOT NULL,
  PRIMARY KEY (`id`),
  KEY `ERP_puesto_area_id_94d38d94_fk_ERP_area_id` (`area_id`),
  CONSTRAINT `ERP_puesto_area_id_94d38d94_fk_ERP_area_id` FOREIGN KEY (`area_id`) REFERENCES `ERP_area` (`id`)
) ENGINE=InnoDB DEFAULT CHARSET=latin1;
/*!40101 SET character_set_client = @saved_cs_client */;

--
-- Dumping data for table `ERP_puesto`
--

LOCK TABLES `ERP_puesto` WRITE;
/*!40000 ALTER TABLE `ERP_puesto` DISABLE KEYS */;
/*!40000 ALTER TABLE `ERP_puesto` ENABLE KEYS */;
UNLOCK TABLES;

--
-- Table structure for table `ERP_section`
--

DROP TABLE IF EXISTS `ERP_section`;
/*!40101 SET @saved_cs_client     = @@character_set_client */;
/*!40101 SET character_set_client = utf8 */;
CREATE TABLE `ERP_section` (
  `id` int(11) NOT NULL AUTO_INCREMENT,
  `section_name` varchar(200) NOT NULL,
  `short_section_name` varchar(50) NOT NULL,
  `parent_section_id` int(11) DEFAULT NULL,
  PRIMARY KEY (`id`),
  KEY `ERP_section_parent_section_id_cca19165_fk_ERP_section_id` (`parent_section_id`),
  CONSTRAINT `ERP_section_parent_section_id_cca19165_fk_ERP_section_id` FOREIGN KEY (`parent_section_id`) REFERENCES `ERP_section` (`id`)
) ENGINE=InnoDB AUTO_INCREMENT=29 DEFAULT CHARSET=latin1;
/*!40101 SET character_set_client = @saved_cs_client */;

--
-- Dumping data for table `ERP_section`
--

LOCK TABLES `ERP_section` WRITE;
/*!40000 ALTER TABLE `ERP_section` DISABLE KEYS */;
INSERT INTO `ERP_section` VALUES (1,'Proyecto','Proyecto-General',NULL),(2,'Proyecto','Proyecto-Datos',1),(3,'Ubicación / Áreas','UbicYAreas',NULL),(4,'Ubicación','Ubic.',3),(5,'Áreas','areas',3),(6,'Estado Legal','Est.-Legal',NULL),(7,'Legal','legal',6),(8,'Restricciones','Rest-General',NULL),(9,'Restricciones','restricciones_detalle',8),(10,'Análisis','Análisis',NULL),(11,'Uso de Suelo','uso_de_suelo',10),(12,'Hidráulica','hidraulica',10),(13,'Sanitaria','sanitaria',10),(14,'Pluvial','pluvial',10),(15,'Análisis II','AnálisisII',NULL),(16,'Vial','vial',15),(17,'Electricidad','electricidad',15),(18,'Alambrado Público','alambrado_publico',15),(19,'Equipamiento','equipamiento',15),(20,'TV y Cable','tv_y_cable',15),(21,'Telefonía','telefonia',15),(22,'Costo / Mercado','Cost-Merc',NULL),(23,'Costo','costo',22),(24,'Estudio de Mercado','estudio_mercado',22),(25,'Definición del Proyecto','definicion_de_proyecto',22),(26,'Programa','Prog.',NULL),(27,'Programas y Áreas','programas_y_areas',26),(28,'Afectación','afectacion',26);
/*!40000 ALTER TABLE `ERP_section` ENABLE KEYS */;
UNLOCK TABLES;

--
-- Table structure for table `ERP_systemlogentry`
--

DROP TABLE IF EXISTS `ERP_systemlogentry`;
/*!40101 SET @saved_cs_client     = @@character_set_client */;
/*!40101 SET character_set_client = utf8 */;
CREATE TABLE `ERP_systemlogentry` (
  `id` int(11) NOT NULL AUTO_INCREMENT,
  `action_time` datetime(6) NOT NULL,
  `label` varchar(200) NOT NULL,
  `information` longtext NOT NULL,
  `priority` int(11) NOT NULL,
  `user_id` int(11) NOT NULL,
  PRIMARY KEY (`id`),
  KEY `ERP_systemlogentry_user_id_2437ed3d_fk_users_erpuser_id` (`user_id`),
  CONSTRAINT `ERP_systemlogentry_user_id_2437ed3d_fk_users_erpuser_id` FOREIGN KEY (`user_id`) REFERENCES `users_erpuser` (`id`)
) ENGINE=InnoDB DEFAULT CHARSET=latin1;
/*!40101 SET character_set_client = @saved_cs_client */;

--
-- Dumping data for table `ERP_systemlogentry`
--

LOCK TABLES `ERP_systemlogentry` WRITE;
/*!40000 ALTER TABLE `ERP_systemlogentry` DISABLE KEYS */;
/*!40000 ALTER TABLE `ERP_systemlogentry` ENABLE KEYS */;
UNLOCK TABLES;

--
-- Table structure for table `ERP_tipoconstruccion`
--

DROP TABLE IF EXISTS `ERP_tipoconstruccion`;
/*!40101 SET @saved_cs_client     = @@character_set_client */;
/*!40101 SET character_set_client = utf8 */;
CREATE TABLE `ERP_tipoconstruccion` (
  `id` int(11) NOT NULL AUTO_INCREMENT,
  `version` bigint(20) NOT NULL,
  `nombreTipoConstruccion` varchar(200) NOT NULL,
  PRIMARY KEY (`id`)
) ENGINE=InnoDB AUTO_INCREMENT=4 DEFAULT CHARSET=latin1;
/*!40101 SET character_set_client = @saved_cs_client */;

--
-- Dumping data for table `ERP_tipoconstruccion`
--

LOCK TABLES `ERP_tipoconstruccion` WRITE;
/*!40000 ALTER TABLE `ERP_tipoconstruccion` DISABLE KEYS */;
INSERT INTO `ERP_tipoconstruccion` VALUES (1,0,'Industrial'),(2,0,'Vivienda'),(3,0,'Carretera');
/*!40000 ALTER TABLE `ERP_tipoconstruccion` ENABLE KEYS */;
UNLOCK TABLES;

--
-- Table structure for table `ERP_tipoproyectodetalle`
--

DROP TABLE IF EXISTS `ERP_tipoproyectodetalle`;
/*!40101 SET @saved_cs_client     = @@character_set_client */;
/*!40101 SET character_set_client = utf8 */;
CREATE TABLE `ERP_tipoproyectodetalle` (
  `id` int(11) NOT NULL AUTO_INCREMENT,
  `version` bigint(20) NOT NULL,
  `nombreTipoProyecto` varchar(8) NOT NULL,
  `numero` decimal(20,2) NOT NULL,
  `m2terreno` decimal(20,2) NOT NULL,
  `documento` varchar(100) DEFAULT NULL,
  `proyecto_id` int(11) DEFAULT NULL,
  PRIMARY KEY (`id`),
  UNIQUE KEY `ERP_tipoproyectodetalle_proyecto_id_827457a7_uniq` (`proyecto_id`,`nombreTipoProyecto`),
  CONSTRAINT `ERP_tipoproyectodetalle_proyecto_id_724f238c_fk_ERP_project_id` FOREIGN KEY (`proyecto_id`) REFERENCES `ERP_project` (`id`)
) ENGINE=InnoDB DEFAULT CHARSET=latin1;
/*!40101 SET character_set_client = @saved_cs_client */;

--
-- Dumping data for table `ERP_tipoproyectodetalle`
--

LOCK TABLES `ERP_tipoproyectodetalle` WRITE;
/*!40000 ALTER TABLE `ERP_tipoproyectodetalle` DISABLE KEYS */;
/*!40000 ALTER TABLE `ERP_tipoproyectodetalle` ENABLE KEYS */;
UNLOCK TABLES;

--
-- Table structure for table `ERP_unit`
--

DROP TABLE IF EXISTS `ERP_unit`;
/*!40101 SET @saved_cs_client     = @@character_set_client */;
/*!40101 SET character_set_client = utf8 */;
CREATE TABLE `ERP_unit` (
  `id` int(11) NOT NULL AUTO_INCREMENT,
  `version` bigint(20) NOT NULL,
  `name` varchar(255) NOT NULL,
  `abbreviation` varchar(16) NOT NULL,
  `quantification` varchar(1) NOT NULL,
  PRIMARY KEY (`id`),
  UNIQUE KEY `name` (`name`),
  UNIQUE KEY `abbreviation` (`abbreviation`)
) ENGINE=InnoDB AUTO_INCREMENT=9 DEFAULT CHARSET=latin1;
/*!40101 SET character_set_client = @saved_cs_client */;

--
-- Dumping data for table `ERP_unit`
--

LOCK TABLES `ERP_unit` WRITE;
/*!40000 ALTER TABLE `ERP_unit` DISABLE KEYS */;
INSERT INTO `ERP_unit` VALUES (1,1508267698711246,'M3','M3','C'),(2,1508267698717769,'M2','M2','C'),(3,1508267698741809,'ML','ML','C'),(4,1508267698747404,'PZA','PZA','C'),(5,1508267698759985,'LOTE','LOTE','C'),(6,1508267698875843,'SAL','SAL','C'),(7,1508267698880768,'SAL.','SAL.','C'),(8,1508267698984415,'PREP.','PREP.','C');
/*!40000 ALTER TABLE `ERP_unit` ENABLE KEYS */;
UNLOCK TABLES;

--
-- Table structure for table `ERP_uploadedcatalogshistory`
--

DROP TABLE IF EXISTS `ERP_uploadedcatalogshistory`;
/*!40101 SET @saved_cs_client     = @@character_set_client */;
/*!40101 SET character_set_client = utf8 */;
CREATE TABLE `ERP_uploadedcatalogshistory` (
  `id` int(11) NOT NULL AUTO_INCREMENT,
  `version` bigint(20) NOT NULL,
  `line_items_file` varchar(100) DEFAULT NULL,
  `concepts_file` varchar(100) DEFAULT NULL,
  `upload_date` datetime(6) NOT NULL,
  `project_id` int(11) NOT NULL,
  PRIMARY KEY (`id`),
  KEY `ERP_uploadedcatalogshistor_project_id_953c41c3_fk_ERP_project_id` (`project_id`),
  CONSTRAINT `ERP_uploadedcatalogshistor_project_id_953c41c3_fk_ERP_project_id` FOREIGN KEY (`project_id`) REFERENCES `ERP_project` (`id`)
) ENGINE=InnoDB AUTO_INCREMENT=4 DEFAULT CHARSET=latin1;
/*!40101 SET character_set_client = @saved_cs_client */;

--
-- Dumping data for table `ERP_uploadedcatalogshistory`
--

LOCK TABLES `ERP_uploadedcatalogshistory` WRITE;
/*!40000 ALTER TABLE `ERP_uploadedcatalogshistory` DISABLE KEYS */;
INSERT INTO `ERP_uploadedcatalogshistory` VALUES (1,1508267699727921,'carga_de_catalogos/COM/partidas_6tv8oFg.xlsx','carga_de_catalogos/COM/conceptos_qQXsRpd.xlsx','2017-10-17 19:30:46.414014',1),(2,1508268344452205,'carga_de_catalogos/COM/partidas_7rvII55.xlsx','carga_de_catalogos/COM/conceptos_pPWPaR4.xlsx','2017-10-17 19:41:31.139453',1),(3,1508279187815715,'carga_de_catalogos/CC01/partidas.xlsx','carga_de_catalogos/CC01/conceptos.xlsx','2017-10-17 22:42:14.501389',2);
/*!40000 ALTER TABLE `ERP_uploadedcatalogshistory` ENABLE KEYS */;
UNLOCK TABLES;

--
-- Table structure for table `ERP_uploadedinputexplotionshistory`
--

DROP TABLE IF EXISTS `ERP_uploadedinputexplotionshistory`;
/*!40101 SET @saved_cs_client     = @@character_set_client */;
/*!40101 SET character_set_client = utf8 */;
CREATE TABLE `ERP_uploadedinputexplotionshistory` (
  `id` int(11) NOT NULL AUTO_INCREMENT,
  `version` bigint(20) NOT NULL,
  `file` varchar(100) DEFAULT NULL,
  `upload_date` datetime(6) NOT NULL,
  `project_id` int(11) NOT NULL,
  PRIMARY KEY (`id`),
  KEY `ERP_uploadedinputexplotion_project_id_daec3969_fk_ERP_project_id` (`project_id`),
  CONSTRAINT `ERP_uploadedinputexplotion_project_id_daec3969_fk_ERP_project_id` FOREIGN KEY (`project_id`) REFERENCES `ERP_project` (`id`)
) ENGINE=InnoDB DEFAULT CHARSET=latin1;
/*!40101 SET character_set_client = @saved_cs_client */;

--
-- Dumping data for table `ERP_uploadedinputexplotionshistory`
--

LOCK TABLES `ERP_uploadedinputexplotionshistory` WRITE;
/*!40000 ALTER TABLE `ERP_uploadedinputexplotionshistory` DISABLE KEYS */;
/*!40000 ALTER TABLE `ERP_uploadedinputexplotionshistory` ENABLE KEYS */;
UNLOCK TABLES;

--
-- Table structure for table `HumanResources_area`
--

DROP TABLE IF EXISTS `HumanResources_area`;
/*!40101 SET @saved_cs_client     = @@character_set_client */;
/*!40101 SET character_set_client = utf8 */;
CREATE TABLE `HumanResources_area` (
  `id` int(11) NOT NULL AUTO_INCREMENT,
  `name` varchar(2048) NOT NULL,
  PRIMARY KEY (`id`)
) ENGINE=InnoDB AUTO_INCREMENT=2 DEFAULT CHARSET=utf8;
/*!40101 SET character_set_client = @saved_cs_client */;

--
-- Dumping data for table `HumanResources_area`
--

LOCK TABLES `HumanResources_area` WRITE;
/*!40000 ALTER TABLE `HumanResources_area` DISABLE KEYS */;
INSERT INTO `HumanResources_area` VALUES (1,'Administración');
/*!40000 ALTER TABLE `HumanResources_area` ENABLE KEYS */;
UNLOCK TABLES;

--
-- Table structure for table `HumanResources_bank`
--

DROP TABLE IF EXISTS `HumanResources_bank`;
/*!40101 SET @saved_cs_client     = @@character_set_client */;
/*!40101 SET character_set_client = utf8 */;
CREATE TABLE `HumanResources_bank` (
  `id` int(11) NOT NULL AUTO_INCREMENT,
  `bank` varchar(1) NOT NULL,
  PRIMARY KEY (`id`)
) ENGINE=InnoDB DEFAULT CHARSET=utf8;
/*!40101 SET character_set_client = @saved_cs_client */;

--
-- Dumping data for table `HumanResources_bank`
--

LOCK TABLES `HumanResources_bank` WRITE;
/*!40000 ALTER TABLE `HumanResources_bank` DISABLE KEYS */;
/*!40000 ALTER TABLE `HumanResources_bank` ENABLE KEYS */;
UNLOCK TABLES;

--
-- Table structure for table `HumanResources_checkerdata`
--

DROP TABLE IF EXISTS `HumanResources_checkerdata`;
/*!40101 SET @saved_cs_client     = @@character_set_client */;
/*!40101 SET character_set_client = utf8 */;
CREATE TABLE `HumanResources_checkerdata` (
  `id` int(11) NOT NULL AUTO_INCREMENT,
  `checker_type` int(11) NOT NULL,
  `checks_entry` tinyint(1) NOT NULL,
  `checks_exit` tinyint(1) NOT NULL,
  `employee_id` int(11) NOT NULL,
  PRIMARY KEY (`id`),
  KEY `HumanResources_checkerdata_dcc97e32` (`employee_id`),
  CONSTRAINT `HumanResource_employee_id_1022ddcb_fk_HumanResources_employee_id` FOREIGN KEY (`employee_id`) REFERENCES `HumanResources_employee` (`id`)
) ENGINE=InnoDB DEFAULT CHARSET=latin1;
/*!40101 SET character_set_client = @saved_cs_client */;

--
-- Dumping data for table `HumanResources_checkerdata`
--

LOCK TABLES `HumanResources_checkerdata` WRITE;
/*!40000 ALTER TABLE `HumanResources_checkerdata` DISABLE KEYS */;
/*!40000 ALTER TABLE `HumanResources_checkerdata` ENABLE KEYS */;
UNLOCK TABLES;

--
-- Table structure for table `HumanResources_currenteducation`
--

DROP TABLE IF EXISTS `HumanResources_currenteducation`;
/*!40101 SET @saved_cs_client     = @@character_set_client */;
/*!40101 SET character_set_client = utf8 */;
CREATE TABLE `HumanResources_currenteducation` (
  `id` int(11) NOT NULL AUTO_INCREMENT,
  `type` int(11) NOT NULL,
  `name` varchar(2048) NOT NULL,
  `institution` varchar(1024) NOT NULL,
  `sunday` tinyint(1) NOT NULL,
  `monday` tinyint(1) NOT NULL,
  `tuesday` tinyint(1) NOT NULL,
  `wednesday` tinyint(1) NOT NULL,
  `thursday` tinyint(1) NOT NULL,
  `friday` tinyint(1) NOT NULL,
  `saturday` tinyint(1) NOT NULL,
  `employee_id` int(11) NOT NULL,
  PRIMARY KEY (`id`),
  KEY `HumanResources_currenteducation_dcc97e32` (`employee_id`),
  CONSTRAINT `HumanResource_employee_id_4948efc1_fk_HumanResources_employee_id` FOREIGN KEY (`employee_id`) REFERENCES `HumanResources_employee` (`id`)
) ENGINE=InnoDB DEFAULT CHARSET=latin1;
/*!40101 SET character_set_client = @saved_cs_client */;

--
-- Dumping data for table `HumanResources_currenteducation`
--

LOCK TABLES `HumanResources_currenteducation` WRITE;
/*!40000 ALTER TABLE `HumanResources_currenteducation` DISABLE KEYS */;
/*!40000 ALTER TABLE `HumanResources_currenteducation` ENABLE KEYS */;
UNLOCK TABLES;

--
-- Table structure for table `HumanResources_currenteducationdocument`
--

DROP TABLE IF EXISTS `HumanResources_currenteducationdocument`;
/*!40101 SET @saved_cs_client     = @@character_set_client */;
/*!40101 SET character_set_client = utf8 */;
CREATE TABLE `HumanResources_currenteducationdocument` (
  `id` int(11) NOT NULL AUTO_INCREMENT,
  `file` varchar(100) DEFAULT NULL,
  `comments` varchar(2048) DEFAULT NULL,
  `current_education_id` int(11) NOT NULL,
  PRIMARY KEY (`id`),
  KEY `D6166536bfc654900e9e563bcb792a72` (`current_education_id`),
  CONSTRAINT `D6166536bfc654900e9e563bcb792a72` FOREIGN KEY (`current_education_id`) REFERENCES `HumanResources_currenteducation` (`id`)
) ENGINE=InnoDB DEFAULT CHARSET=latin1;
/*!40101 SET character_set_client = @saved_cs_client */;

--
-- Dumping data for table `HumanResources_currenteducationdocument`
--

LOCK TABLES `HumanResources_currenteducationdocument` WRITE;
/*!40000 ALTER TABLE `HumanResources_currenteducationdocument` DISABLE KEYS */;
/*!40000 ALTER TABLE `HumanResources_currenteducationdocument` ENABLE KEYS */;
UNLOCK TABLES;

--
-- Table structure for table `HumanResources_department`
--

DROP TABLE IF EXISTS `HumanResources_department`;
/*!40101 SET @saved_cs_client     = @@character_set_client */;
/*!40101 SET character_set_client = utf8 */;
CREATE TABLE `HumanResources_department` (
  `id` int(11) NOT NULL AUTO_INCREMENT,
  `name` varchar(2048) NOT NULL,
  PRIMARY KEY (`id`)
) ENGINE=InnoDB AUTO_INCREMENT=2 DEFAULT CHARSET=utf8;
/*!40101 SET character_set_client = @saved_cs_client */;

--
-- Dumping data for table `HumanResources_department`
--

LOCK TABLES `HumanResources_department` WRITE;
/*!40000 ALTER TABLE `HumanResources_department` DISABLE KEYS */;
INSERT INTO `HumanResources_department` VALUES (1,'Administración');
/*!40000 ALTER TABLE `HumanResources_department` ENABLE KEYS */;
UNLOCK TABLES;

--
-- Table structure for table `HumanResources_direction`
--

DROP TABLE IF EXISTS `HumanResources_direction`;
/*!40101 SET @saved_cs_client     = @@character_set_client */;
/*!40101 SET character_set_client = utf8 */;
CREATE TABLE `HumanResources_direction` (
  `id` int(11) NOT NULL AUTO_INCREMENT,
  `name` varchar(2048) NOT NULL,
  PRIMARY KEY (`id`)
) ENGINE=InnoDB AUTO_INCREMENT=2 DEFAULT CHARSET=utf8;
/*!40101 SET character_set_client = @saved_cs_client */;

--
-- Dumping data for table `HumanResources_direction`
--

LOCK TABLES `HumanResources_direction` WRITE;
/*!40000 ALTER TABLE `HumanResources_direction` DISABLE KEYS */;
INSERT INTO `HumanResources_direction` VALUES (1,'Salcedo');
/*!40000 ALTER TABLE `HumanResources_direction` ENABLE KEYS */;
UNLOCK TABLES;

--
-- Table structure for table `HumanResources_documenttype`
--

DROP TABLE IF EXISTS `HumanResources_documenttype`;
/*!40101 SET @saved_cs_client     = @@character_set_client */;
/*!40101 SET character_set_client = utf8 */;
CREATE TABLE `HumanResources_documenttype` (
  `id` int(11) NOT NULL AUTO_INCREMENT,
  `name` varchar(255) NOT NULL,
  PRIMARY KEY (`id`)
) ENGINE=InnoDB DEFAULT CHARSET=latin1;
/*!40101 SET character_set_client = @saved_cs_client */;

--
-- Dumping data for table `HumanResources_documenttype`
--

LOCK TABLES `HumanResources_documenttype` WRITE;
/*!40000 ALTER TABLE `HumanResources_documenttype` DISABLE KEYS */;
/*!40000 ALTER TABLE `HumanResources_documenttype` ENABLE KEYS */;
UNLOCK TABLES;

--
-- Table structure for table `HumanResources_earningdeductiontype`
--

DROP TABLE IF EXISTS `HumanResources_earningdeductiontype`;
/*!40101 SET @saved_cs_client     = @@character_set_client */;
/*!40101 SET character_set_client = utf8 */;
CREATE TABLE `HumanResources_earningdeductiontype` (
  `id` int(11) NOT NULL AUTO_INCREMENT,
  `earning_deduction_type` varchar(1) NOT NULL,
  PRIMARY KEY (`id`)
) ENGINE=InnoDB DEFAULT CHARSET=utf8;
/*!40101 SET character_set_client = @saved_cs_client */;

--
-- Dumping data for table `HumanResources_earningdeductiontype`
--

LOCK TABLES `HumanResources_earningdeductiontype` WRITE;
/*!40000 ALTER TABLE `HumanResources_earningdeductiontype` DISABLE KEYS */;
/*!40000 ALTER TABLE `HumanResources_earningdeductiontype` ENABLE KEYS */;
UNLOCK TABLES;

--
-- Table structure for table `HumanResources_earningsdeductions`
--

DROP TABLE IF EXISTS `HumanResources_earningsdeductions`;
/*!40101 SET @saved_cs_client     = @@character_set_client */;
/*!40101 SET character_set_client = utf8 */;
CREATE TABLE `HumanResources_earningsdeductions` (
  `id` int(11) NOT NULL AUTO_INCREMENT,
  `name` varchar(30) NOT NULL,
  `percent_taxable` int(11) NOT NULL,
  `sat_key` varchar(30) NOT NULL,
  `law_type` varchar(30) NOT NULL,
  `status` varchar(1) NOT NULL,
  `accounting_account` int(11) NOT NULL,
  `comments` varchar(500) NOT NULL,
  `category_id` int(11) NOT NULL,
  `taxable_id` int(11) NOT NULL,
  `type_id` int(11) NOT NULL,
  PRIMARY KEY (`id`),
  KEY `HumanResources_earni_category_id_a95999f3_fk_HumanReso` (`category_id`),
  KEY `HumanResources_earni_taxable_id_d8a2f024_fk_HumanReso` (`taxable_id`),
  KEY `HumanResources_earni_type_id_a376a2bd_fk_HumanReso` (`type_id`),
  CONSTRAINT `HumanResources_earni_category_id_a95999f3_fk_HumanReso` FOREIGN KEY (`category_id`) REFERENCES `HumanResources_earningsdeductionscategory` (`id`),
  CONSTRAINT `HumanResources_earni_taxable_id_d8a2f024_fk_HumanReso` FOREIGN KEY (`taxable_id`) REFERENCES `HumanResources_yntype` (`id`),
  CONSTRAINT `HumanResources_earni_type_id_a376a2bd_fk_HumanReso` FOREIGN KEY (`type_id`) REFERENCES `HumanResources_earningdeductiontype` (`id`)
) ENGINE=InnoDB DEFAULT CHARSET=utf8;
/*!40101 SET character_set_client = @saved_cs_client */;

--
-- Dumping data for table `HumanResources_earningsdeductions`
--

LOCK TABLES `HumanResources_earningsdeductions` WRITE;
/*!40000 ALTER TABLE `HumanResources_earningsdeductions` DISABLE KEYS */;
/*!40000 ALTER TABLE `HumanResources_earningsdeductions` ENABLE KEYS */;
UNLOCK TABLES;

--
-- Table structure for table `HumanResources_earningsdeductionscategory`
--

DROP TABLE IF EXISTS `HumanResources_earningsdeductionscategory`;
/*!40101 SET @saved_cs_client     = @@character_set_client */;
/*!40101 SET character_set_client = utf8 */;
CREATE TABLE `HumanResources_earningsdeductionscategory` (
  `id` int(11) NOT NULL AUTO_INCREMENT,
  `earnings_deductions_category` varchar(1) NOT NULL,
  PRIMARY KEY (`id`)
) ENGINE=InnoDB DEFAULT CHARSET=utf8;
/*!40101 SET character_set_client = @saved_cs_client */;

--
-- Dumping data for table `HumanResources_earningsdeductionscategory`
--

LOCK TABLES `HumanResources_earningsdeductionscategory` WRITE;
/*!40000 ALTER TABLE `HumanResources_earningsdeductionscategory` DISABLE KEYS */;
/*!40000 ALTER TABLE `HumanResources_earningsdeductionscategory` ENABLE KEYS */;
UNLOCK TABLES;

--
-- Table structure for table `HumanResources_education`
--

DROP TABLE IF EXISTS `HumanResources_education`;
/*!40101 SET @saved_cs_client     = @@character_set_client */;
/*!40101 SET character_set_client = utf8 */;
CREATE TABLE `HumanResources_education` (
  `id` int(11) NOT NULL AUTO_INCREMENT,
  `type` int(11) NOT NULL,
  `name` varchar(2048) NOT NULL,
  `institution` varchar(1024) NOT NULL,
  `license_code` varchar(512) NOT NULL,
  `evidence` varchar(100) DEFAULT NULL,
  `employee_id` int(11) NOT NULL,
  PRIMARY KEY (`id`),
  KEY `HumanResources_education_dcc97e32` (`employee_id`),
  CONSTRAINT `HumanResource_employee_id_180a9104_fk_HumanResources_employee_id` FOREIGN KEY (`employee_id`) REFERENCES `HumanResources_employee` (`id`)
) ENGINE=InnoDB AUTO_INCREMENT=2 DEFAULT CHARSET=latin1;
/*!40101 SET character_set_client = @saved_cs_client */;

--
-- Dumping data for table `HumanResources_education`
--

LOCK TABLES `HumanResources_education` WRITE;
/*!40000 ALTER TABLE `HumanResources_education` DISABLE KEYS */;
INSERT INTO `HumanResources_education` VALUES (1,1,'Administracion','ITESM','0001','',1);
/*!40000 ALTER TABLE `HumanResources_education` ENABLE KEYS */;
UNLOCK TABLES;

--
-- Table structure for table `HumanResources_emergencycontact`
--

DROP TABLE IF EXISTS `HumanResources_emergencycontact`;
/*!40101 SET @saved_cs_client     = @@character_set_client */;
/*!40101 SET character_set_client = utf8 */;
CREATE TABLE `HumanResources_emergencycontact` (
  `id` int(11) NOT NULL AUTO_INCREMENT,
  `name` varchar(255) NOT NULL,
  `first_last_name` varchar(255) NOT NULL,
  `second_last_name` varchar(255) NOT NULL,
  `phone_number` varchar(20) DEFAULT NULL,
  `cellphone_number` varchar(20) DEFAULT NULL,
  `email` varchar(255) DEFAULT NULL,
  `employee_id` int(11) NOT NULL,
  PRIMARY KEY (`id`),
  KEY `HumanResources_emergencycontact_dcc97e32` (`employee_id`),
  CONSTRAINT `HumanResource_employee_id_7e637717_fk_HumanResources_employee_id` FOREIGN KEY (`employee_id`) REFERENCES `HumanResources_employee` (`id`)
) ENGINE=InnoDB DEFAULT CHARSET=latin1;
/*!40101 SET character_set_client = @saved_cs_client */;

--
-- Dumping data for table `HumanResources_emergencycontact`
--

LOCK TABLES `HumanResources_emergencycontact` WRITE;
/*!40000 ALTER TABLE `HumanResources_emergencycontact` DISABLE KEYS */;
/*!40000 ALTER TABLE `HumanResources_emergencycontact` ENABLE KEYS */;
UNLOCK TABLES;

--
-- Table structure for table `HumanResources_employee`
--

DROP TABLE IF EXISTS `HumanResources_employee`;
/*!40101 SET @saved_cs_client     = @@character_set_client */;
/*!40101 SET character_set_client = utf8 */;
CREATE TABLE `HumanResources_employee` (
  `id` int(11) NOT NULL AUTO_INCREMENT,
  `employee_key` varchar(64) NOT NULL,
  `name` varchar(255) NOT NULL,
  `first_last_name` varchar(255) NOT NULL,
  `second_last_name` varchar(255) NOT NULL,
  `type` int(11) NOT NULL,
  `registry_date` date NOT NULL,
  `status` int(11) NOT NULL,
  `birthdate` date NOT NULL,
  `birthplace` varchar(255) NOT NULL,
  `gender` int(11) NOT NULL,
  `marital_status` int(11) NOT NULL,
  `curp` varchar(18) NOT NULL,
  `rfc` varchar(13) NOT NULL,
  `phone_number` varchar(20) NOT NULL,
  `cellphone_number` varchar(20) NOT NULL,
  `office_number` varchar(20) NOT NULL,
  `extension_number` varchar(10) NOT NULL,
  `personal_email` varchar(255) DEFAULT NULL,
  `work_email` varchar(255) NOT NULL,
  `social_security_number` varchar(20) NOT NULL,
  `colony` varchar(255) NOT NULL,
  `street` varchar(255) NOT NULL,
  `outdoor_number` varchar(10) NOT NULL,
  `indoor_number` varchar(10) DEFAULT NULL,
  `zip_code` varchar(5) NOT NULL,
  `blood_type` int(11) NOT NULL,
  `driving_license_number` varchar(20) NOT NULL,
  `driving_license_expiry_date` date NOT NULL,
  `country_id` int(11) NOT NULL,
  `state_id` int(11) NOT NULL,
  `tax_regime_id` int(11) NOT NULL,
  `town_id` int(11) NOT NULL,
  PRIMARY KEY (`id`),
  UNIQUE KEY `curp` (`curp`),
  UNIQUE KEY `rfc` (`rfc`),
  KEY `HumanResources_employee_country_id_2b6d0dd1_fk_ERP_pais_id` (`country_id`),
  KEY `HumanResources_employee_d5582625` (`state_id`),
  KEY `HumanResources_employee_c83c70c3` (`tax_regime_id`),
  KEY `HumanResources_employee_9534176a` (`town_id`),
  CONSTRAINT `HumanResou_tax_regime_id_f98b7d8d_fk_HumanResources_taxregime_id` FOREIGN KEY (`tax_regime_id`) REFERENCES `HumanResources_taxregime` (`id`),
  CONSTRAINT `HumanResources_employee_country_id_2b6d0dd1_fk_ERP_pais_id` FOREIGN KEY (`country_id`) REFERENCES `ERP_pais` (`id`),
  CONSTRAINT `HumanResources_employee_state_id_136bda8c_fk_ERP_estado_id` FOREIGN KEY (`state_id`) REFERENCES `ERP_estado` (`id`),
  CONSTRAINT `HumanResources_employee_town_id_4902afe7_fk_ERP_municipio_id` FOREIGN KEY (`town_id`) REFERENCES `ERP_municipio` (`id`)
) ENGINE=InnoDB AUTO_INCREMENT=2 DEFAULT CHARSET=latin1;
/*!40101 SET character_set_client = @saved_cs_client */;

--
-- Dumping data for table `HumanResources_employee`
--

LOCK TABLES `HumanResources_employee` WRITE;
/*!40000 ALTER TABLE `HumanResources_employee` DISABLE KEYS */;
INSERT INTO `HumanResources_employee` VALUES (1,'1','José','Carranza','Cortez',1,'2017-11-08',2,'1994-09-23','México',2,1,'CACX9409231234','CACX940923AD8','72221082142','72221082142','72221082142','2232','pepee.carranza@hotmail.com','jose@orion.studio','','Las Haciendas','Taborda','106','12','50170',1,'5437268','2018-11-08',1,15,1,3);
/*!40000 ALTER TABLE `HumanResources_employee` ENABLE KEYS */;
UNLOCK TABLES;

--
-- Table structure for table `HumanResources_employeeassistance`
--

DROP TABLE IF EXISTS `HumanResources_employeeassistance`;
/*!40101 SET @saved_cs_client     = @@character_set_client */;
/*!40101 SET character_set_client = utf8 */;
CREATE TABLE `HumanResources_employeeassistance` (
  `id` int(11) NOT NULL AUTO_INCREMENT,
  `date` date NOT NULL,
  `entry_time` time(6) NOT NULL,
  `exit_time` time(6) NOT NULL,
  `employee_id` int(11) NOT NULL,
  PRIMARY KEY (`id`),
  KEY `HumanResource_employee_id_6ee9abc9_fk_HumanResources_employee_id` (`employee_id`),
  CONSTRAINT `HumanResource_employee_id_6ee9abc9_fk_HumanResources_employee_id` FOREIGN KEY (`employee_id`) REFERENCES `HumanResources_employee` (`id`)
) ENGINE=InnoDB DEFAULT CHARSET=latin1;
/*!40101 SET character_set_client = @saved_cs_client */;

--
-- Dumping data for table `HumanResources_employeeassistance`
--

LOCK TABLES `HumanResources_employeeassistance` WRITE;
/*!40000 ALTER TABLE `HumanResources_employeeassistance` DISABLE KEYS */;
/*!40000 ALTER TABLE `HumanResources_employeeassistance` ENABLE KEYS */;
UNLOCK TABLES;

--
-- Table structure for table `HumanResources_employeecontract`
--

DROP TABLE IF EXISTS `HumanResources_employeecontract`;
/*!40101 SET @saved_cs_client     = @@character_set_client */;
/*!40101 SET character_set_client = utf8 */;
CREATE TABLE `HumanResources_employeecontract` (
  `id` int(11) NOT NULL AUTO_INCREMENT,
  `contract_key` varchar(128) NOT NULL,
  `description` varchar(4096) NOT NULL,
  `specifications` varchar(4096) NOT NULL,
  `start_date` date NOT NULL,
  `end_date` date DEFAULT NULL,
  `base_salary` double NOT NULL,
  `employee_id` int(11) DEFAULT NULL,
  PRIMARY KEY (`id`),
  KEY `HumanResource_employee_id_a48a0dff_fk_HumanResources_employee_id` (`employee_id`),
  CONSTRAINT `HumanResource_employee_id_a48a0dff_fk_HumanResources_employee_id` FOREIGN KEY (`employee_id`) REFERENCES `HumanResources_employee` (`id`)
) ENGINE=InnoDB DEFAULT CHARSET=latin1;
/*!40101 SET character_set_client = @saved_cs_client */;

--
-- Dumping data for table `HumanResources_employeecontract`
--

LOCK TABLES `HumanResources_employeecontract` WRITE;
/*!40000 ALTER TABLE `HumanResources_employeecontract` DISABLE KEYS */;
/*!40000 ALTER TABLE `HumanResources_employeecontract` ENABLE KEYS */;
UNLOCK TABLES;

--
-- Table structure for table `HumanResources_employeedocument`
--

DROP TABLE IF EXISTS `HumanResources_employeedocument`;
/*!40101 SET @saved_cs_client     = @@character_set_client */;
/*!40101 SET character_set_client = utf8 */;
CREATE TABLE `HumanResources_employeedocument` (
  `id` int(11) NOT NULL AUTO_INCREMENT,
  `file` varchar(100) DEFAULT NULL,
  `comments` varchar(2048) NOT NULL,
  `document_type_id` int(11) NOT NULL,
  `employee_id` int(11) NOT NULL,
  PRIMARY KEY (`id`),
  KEY `Huma_document_type_id_eb3dd6ca_fk_HumanResources_documenttype_id` (`document_type_id`),
  KEY `HumanResource_employee_id_22daa8e7_fk_HumanResources_employee_id` (`employee_id`),
  CONSTRAINT `Huma_document_type_id_eb3dd6ca_fk_HumanResources_documenttype_id` FOREIGN KEY (`document_type_id`) REFERENCES `HumanResources_documenttype` (`id`),
  CONSTRAINT `HumanResource_employee_id_22daa8e7_fk_HumanResources_employee_id` FOREIGN KEY (`employee_id`) REFERENCES `HumanResources_employee` (`id`)
) ENGINE=InnoDB DEFAULT CHARSET=latin1;
/*!40101 SET character_set_client = @saved_cs_client */;

--
-- Dumping data for table `HumanResources_employeedocument`
--

LOCK TABLES `HumanResources_employeedocument` WRITE;
/*!40000 ALTER TABLE `HumanResources_employeedocument` DISABLE KEYS */;
/*!40000 ALTER TABLE `HumanResources_employeedocument` ENABLE KEYS */;
UNLOCK TABLES;

--
-- Table structure for table `HumanResources_employeedropout`
--

DROP TABLE IF EXISTS `HumanResources_employeedropout`;
/*!40101 SET @saved_cs_client     = @@character_set_client */;
/*!40101 SET character_set_client = utf8 */;
CREATE TABLE `HumanResources_employeedropout` (
  `id` int(11) NOT NULL AUTO_INCREMENT,
  `date` date NOT NULL,
  `type` int(11) NOT NULL,
  `reason` varchar(4096) NOT NULL,
  `severance_pay` double DEFAULT NULL,
  `observations` varchar(4096) DEFAULT NULL,
  `employee_id` int(11) NOT NULL,
  PRIMARY KEY (`id`),
  KEY `HumanResource_employee_id_d5fbc389_fk_HumanResources_employee_id` (`employee_id`),
  CONSTRAINT `HumanResource_employee_id_d5fbc389_fk_HumanResources_employee_id` FOREIGN KEY (`employee_id`) REFERENCES `HumanResources_employee` (`id`)
) ENGINE=InnoDB DEFAULT CHARSET=latin1;
/*!40101 SET character_set_client = @saved_cs_client */;

--
-- Dumping data for table `HumanResources_employeedropout`
--

LOCK TABLES `HumanResources_employeedropout` WRITE;
/*!40000 ALTER TABLE `HumanResources_employeedropout` DISABLE KEYS */;
/*!40000 ALTER TABLE `HumanResources_employeedropout` ENABLE KEYS */;
UNLOCK TABLES;

--
-- Table structure for table `HumanResources_employeeearningsdeductions`
--

DROP TABLE IF EXISTS `HumanResources_employeeearningsdeductions`;
/*!40101 SET @saved_cs_client     = @@character_set_client */;
/*!40101 SET character_set_client = utf8 */;
CREATE TABLE `HumanResources_employeeearningsdeductions` (
  `id` int(11) NOT NULL AUTO_INCREMENT,
  `ammount` decimal(20,2) NOT NULL,
  `date` date NOT NULL,
  `concept_id` int(11) NOT NULL,
  `employee_id` int(11) NOT NULL,
  PRIMARY KEY (`id`),
  KEY `HumanResources_emplo_concept_id_8b3763e9_fk_HumanReso` (`concept_id`),
  KEY `HumanResources_emplo_employee_id_f6a164c3_fk_HumanReso` (`employee_id`),
  CONSTRAINT `HumanResources_emplo_concept_id_8b3763e9_fk_HumanReso` FOREIGN KEY (`concept_id`) REFERENCES `HumanResources_earningsdeductions` (`id`),
  CONSTRAINT `HumanResources_emplo_employee_id_f6a164c3_fk_HumanReso` FOREIGN KEY (`employee_id`) REFERENCES `HumanResources_employee` (`id`)
) ENGINE=InnoDB DEFAULT CHARSET=utf8;
/*!40101 SET character_set_client = @saved_cs_client */;

--
-- Dumping data for table `HumanResources_employeeearningsdeductions`
--

LOCK TABLES `HumanResources_employeeearningsdeductions` WRITE;
/*!40000 ALTER TABLE `HumanResources_employeeearningsdeductions` DISABLE KEYS */;
/*!40000 ALTER TABLE `HumanResources_employeeearningsdeductions` ENABLE KEYS */;
UNLOCK TABLES;

--
-- Table structure for table `HumanResources_employeefinancialdata`
--

DROP TABLE IF EXISTS `HumanResources_employeefinancialdata`;
/*!40101 SET @saved_cs_client     = @@character_set_client */;
/*!40101 SET character_set_client = utf8 */;
CREATE TABLE `HumanResources_employeefinancialdata` (
  `id` int(11) NOT NULL AUTO_INCREMENT,
  `account_number` int(11) NOT NULL,
  `CLABE` int(11) NOT NULL,
  `monthly_salary` decimal(20,2) DEFAULT NULL,
  `daily_salary` decimal(20,2) DEFAULT NULL,
  `aggregate_daily_salary` decimal(20,2) DEFAULT NULL,
  `bank_id` int(11) NOT NULL,
  `employee_id` int(11) NOT NULL,
  `payment_method_id` int(11) NOT NULL,
  `bank` varchar(1) NOT NULL,
  `payment_method` varchar(1) NOT NULL,
  PRIMARY KEY (`id`),
  KEY `HumanResources_emplo_bank_id_4088dd35_fk_HumanReso` (`bank_id`),
  KEY `HumanResources_emplo_employee_id_ac4b33cc_fk_HumanReso` (`employee_id`),
  KEY `HumanResources_emplo_payment_method_id_49918e74_fk_HumanReso` (`payment_method_id`),
  CONSTRAINT `HumanResources_emplo_bank_id_4088dd35_fk_HumanReso` FOREIGN KEY (`bank_id`) REFERENCES `HumanResources_bank` (`id`),
  CONSTRAINT `HumanResources_emplo_employee_id_ac4b33cc_fk_HumanReso` FOREIGN KEY (`employee_id`) REFERENCES `HumanResources_employee` (`id`),
  CONSTRAINT `HumanResources_emplo_payment_method_id_49918e74_fk_HumanReso` FOREIGN KEY (`payment_method_id`) REFERENCES `HumanResources_payment_method` (`id`)
) ENGINE=InnoDB DEFAULT CHARSET=utf8;
/*!40101 SET character_set_client = @saved_cs_client */;

--
-- Dumping data for table `HumanResources_employeefinancialdata`
--

LOCK TABLES `HumanResources_employeefinancialdata` WRITE;
/*!40000 ALTER TABLE `HumanResources_employeefinancialdata` DISABLE KEYS */;
/*!40000 ALTER TABLE `HumanResources_employeefinancialdata` ENABLE KEYS */;
UNLOCK TABLES;

--
-- Table structure for table `HumanResources_employeehastag`
--

DROP TABLE IF EXISTS `HumanResources_employeehastag`;
/*!40101 SET @saved_cs_client     = @@character_set_client */;
/*!40101 SET character_set_client = utf8 */;
CREATE TABLE `HumanResources_employeehastag` (
  `id` int(11) NOT NULL AUTO_INCREMENT,
  `employee_id` int(11) NOT NULL,
  `tag_id` int(11) NOT NULL,
  PRIMARY KEY (`id`),
  UNIQUE KEY `HumanResources_employeehastag_employee_id_fa073e71_uniq` (`employee_id`,`tag_id`),
  KEY `HumanResources_employeehastag_76f094bc` (`tag_id`),
  CONSTRAINT `HumanResource_employee_id_7670c0c2_fk_HumanResources_employee_id` FOREIGN KEY (`employee_id`) REFERENCES `HumanResources_employee` (`id`),
  CONSTRAINT `HumanResources_employee_tag_id_70b2ee64_fk_HumanResources_tag_id` FOREIGN KEY (`tag_id`) REFERENCES `HumanResources_tag` (`id`)
) ENGINE=InnoDB DEFAULT CHARSET=latin1;
/*!40101 SET character_set_client = @saved_cs_client */;

--
-- Dumping data for table `HumanResources_employeehastag`
--

LOCK TABLES `HumanResources_employeehastag` WRITE;
/*!40000 ALTER TABLE `HumanResources_employeehastag` DISABLE KEYS */;
/*!40000 ALTER TABLE `HumanResources_employeehastag` ENABLE KEYS */;
UNLOCK TABLES;

--
-- Table structure for table `HumanResources_employeeloan`
--

DROP TABLE IF EXISTS `HumanResources_employeeloan`;
/*!40101 SET @saved_cs_client     = @@character_set_client */;
/*!40101 SET character_set_client = utf8 */;
CREATE TABLE `HumanResources_employeeloan` (
  `id` int(11) NOT NULL AUTO_INCREMENT,
  `amount` double NOT NULL,
  `employee_id` int(11) NOT NULL,
  PRIMARY KEY (`id`),
  KEY `HumanResources_employeeloan_dcc97e32` (`employee_id`),
  CONSTRAINT `HumanResource_employee_id_9e883912_fk_HumanResources_employee_id` FOREIGN KEY (`employee_id`) REFERENCES `HumanResources_employee` (`id`)
) ENGINE=InnoDB DEFAULT CHARSET=latin1;
/*!40101 SET character_set_client = @saved_cs_client */;

--
-- Dumping data for table `HumanResources_employeeloan`
--

LOCK TABLES `HumanResources_employeeloan` WRITE;
/*!40000 ALTER TABLE `HumanResources_employeeloan` DISABLE KEYS */;
/*!40000 ALTER TABLE `HumanResources_employeeloan` ENABLE KEYS */;
UNLOCK TABLES;

--
-- Table structure for table `HumanResources_employeepositiondescription`
--

DROP TABLE IF EXISTS `HumanResources_employeepositiondescription`;
/*!40101 SET @saved_cs_client     = @@character_set_client */;
/*!40101 SET character_set_client = utf8 */;
CREATE TABLE `HumanResources_employeepositiondescription` (
  `id` int(11) NOT NULL AUTO_INCREMENT,
  `start_date` date NOT NULL,
  `end_date` date NOT NULL,
  `physical_location` varchar(250) NOT NULL,
  `insurance_type` varchar(100) DEFAULT NULL,
  `insurance_number` varchar(100) DEFAULT NULL,
  `entry_time` time(6) DEFAULT NULL,
  `departure_time` time(6) DEFAULT NULL,
  `observations` varchar(500) DEFAULT NULL,
  `monday` tinyint(1) NOT NULL,
  `tuesday` tinyint(1) NOT NULL,
  `wednesday` tinyint(1) NOT NULL,
  `thursday` tinyint(1) NOT NULL,
  `friday` tinyint(1) NOT NULL,
  `saturday` tinyint(1) NOT NULL,
  `sunday` tinyint(1) NOT NULL,
  `area_id` int(11) NOT NULL,
  `department_id` int(11) NOT NULL,
  `direction_id` int(11) NOT NULL,
  `employee_id` int(11) NOT NULL,
  `job_profile_id` int(11) NOT NULL,
  `payroll_classification_id` int(11) NOT NULL,
  `project_id` int(11) NOT NULL,
  `subdirection_id` int(11) NOT NULL,
  `payroll_group_id` int(11) NOT NULL,
  PRIMARY KEY (`id`),
  KEY `HumanResources_emplo_area_id_f6c2943c_fk_HumanReso` (`area_id`),
  KEY `HumanResources_emplo_department_id_13ceaafb_fk_HumanReso` (`department_id`),
  KEY `HumanResources_emplo_direction_id_fa0b4d4f_fk_HumanReso` (`direction_id`),
  KEY `HumanResources_emplo_employee_id_bda44a30_fk_HumanReso` (`employee_id`),
  KEY `HumanResources_emplo_job_profile_id_2e4aaf8d_fk_HumanReso` (`job_profile_id`),
  KEY `HumanResources_emplo_payroll_classificati_8d5c7e31_fk_HumanReso` (`payroll_classification_id`),
  KEY `HumanResources_emplo_project_id_b0923e34_fk_ERP_proje` (`project_id`),
  KEY `HumanResources_emplo_subdirection_id_a2d82758_fk_HumanReso` (`subdirection_id`),
  CONSTRAINT `HumanResources_emplo_area_id_f6c2943c_fk_HumanReso` FOREIGN KEY (`area_id`) REFERENCES `HumanResources_area` (`id`),
  CONSTRAINT `HumanResources_emplo_department_id_13ceaafb_fk_HumanReso` FOREIGN KEY (`department_id`) REFERENCES `HumanResources_department` (`id`),
  CONSTRAINT `HumanResources_emplo_direction_id_fa0b4d4f_fk_HumanReso` FOREIGN KEY (`direction_id`) REFERENCES `HumanResources_direction` (`id`),
  CONSTRAINT `HumanResources_emplo_employee_id_bda44a30_fk_HumanReso` FOREIGN KEY (`employee_id`) REFERENCES `HumanResources_employee` (`id`),
  CONSTRAINT `HumanResources_emplo_job_profile_id_2e4aaf8d_fk_HumanReso` FOREIGN KEY (`job_profile_id`) REFERENCES `HumanResources_jobprofile` (`id`),
  CONSTRAINT `HumanResources_emplo_payroll_classificati_8d5c7e31_fk_HumanReso` FOREIGN KEY (`payroll_classification_id`) REFERENCES `HumanResources_payroll_clasification` (`id`),
  CONSTRAINT `HumanResources_emplo_project_id_b0923e34_fk_ERP_proje` FOREIGN KEY (`project_id`) REFERENCES `ERP_project` (`id`),
  CONSTRAINT `HumanResources_emplo_subdirection_id_a2d82758_fk_HumanReso` FOREIGN KEY (`subdirection_id`) REFERENCES `HumanResources_subdirection` (`id`)
) ENGINE=InnoDB DEFAULT CHARSET=utf8;
/*!40101 SET character_set_client = @saved_cs_client */;

--
-- Dumping data for table `HumanResources_employeepositiondescription`
--

LOCK TABLES `HumanResources_employeepositiondescription` WRITE;
/*!40000 ALTER TABLE `HumanResources_employeepositiondescription` DISABLE KEYS */;
/*!40000 ALTER TABLE `HumanResources_employeepositiondescription` ENABLE KEYS */;
UNLOCK TABLES;

--
-- Table structure for table `HumanResources_familymember`
--

DROP TABLE IF EXISTS `HumanResources_familymember`;
/*!40101 SET @saved_cs_client     = @@character_set_client */;
/*!40101 SET character_set_client = utf8 */;
CREATE TABLE `HumanResources_familymember` (
  `id` int(11) NOT NULL AUTO_INCREMENT,
  `name` varchar(255) NOT NULL,
  `first_last_name` varchar(255) NOT NULL,
  `second_last_name` varchar(255) NOT NULL,
  `relationship` varchar(128) NOT NULL,
  `employee_id` int(11) NOT NULL,
  PRIMARY KEY (`id`),
  KEY `HumanResource_employee_id_d64354e4_fk_HumanResources_employee_id` (`employee_id`),
  CONSTRAINT `HumanResource_employee_id_d64354e4_fk_HumanResources_employee_id` FOREIGN KEY (`employee_id`) REFERENCES `HumanResources_employee` (`id`)
) ENGINE=InnoDB AUTO_INCREMENT=2 DEFAULT CHARSET=latin1;
/*!40101 SET character_set_client = @saved_cs_client */;

--
-- Dumping data for table `HumanResources_familymember`
--

LOCK TABLES `HumanResources_familymember` WRITE;
/*!40000 ALTER TABLE `HumanResources_familymember` DISABLE KEYS */;
INSERT INTO `HumanResources_familymember` VALUES (1,'Familia','Familia','Familia','Familia',1);
/*!40000 ALTER TABLE `HumanResources_familymember` ENABLE KEYS */;
UNLOCK TABLES;

--
-- Table structure for table `HumanResources_infonavitdata`
--

DROP TABLE IF EXISTS `HumanResources_infonavitdata`;
/*!40101 SET @saved_cs_client     = @@character_set_client */;
/*!40101 SET character_set_client = utf8 */;
CREATE TABLE `HumanResources_infonavitdata` (
  `id` int(11) NOT NULL AUTO_INCREMENT,
  `infonavit_credit_number` varchar(30) NOT NULL,
  `discount_type` varchar(30) NOT NULL,
  `discount_amount` varchar(30) NOT NULL,
  `start_date` date NOT NULL,
  `credit_term` varchar(200) NOT NULL,
  `comments` varchar(500) DEFAULT NULL,
  PRIMARY KEY (`id`)
) ENGINE=InnoDB DEFAULT CHARSET=utf8;
/*!40101 SET character_set_client = @saved_cs_client */;

--
-- Dumping data for table `HumanResources_infonavitdata`
--

LOCK TABLES `HumanResources_infonavitdata` WRITE;
/*!40000 ALTER TABLE `HumanResources_infonavitdata` DISABLE KEYS */;
/*!40000 ALTER TABLE `HumanResources_infonavitdata` ENABLE KEYS */;
UNLOCK TABLES;

--
-- Table structure for table `HumanResources_jobinstance`
--

DROP TABLE IF EXISTS `HumanResources_jobinstance`;
/*!40101 SET @saved_cs_client     = @@character_set_client */;
/*!40101 SET character_set_client = utf8 */;
CREATE TABLE `HumanResources_jobinstance` (
  `id` int(11) NOT NULL AUTO_INCREMENT,
  `job_profile_id` int(11) NOT NULL,
  `parent_job_instance_id` int(11) DEFAULT NULL,
  PRIMARY KEY (`id`),
  KEY `HumanRes_job_profile_id_a904a11c_fk_HumanResources_jobprofile_id` (`job_profile_id`),
  KEY `a7b575d93900eb71af261f3febaef8a1` (`parent_job_instance_id`),
  CONSTRAINT `HumanRes_job_profile_id_a904a11c_fk_HumanResources_jobprofile_id` FOREIGN KEY (`job_profile_id`) REFERENCES `HumanResources_jobprofile` (`id`),
  CONSTRAINT `a7b575d93900eb71af261f3febaef8a1` FOREIGN KEY (`parent_job_instance_id`) REFERENCES `HumanResources_jobinstance` (`id`)
) ENGINE=InnoDB AUTO_INCREMENT=10 DEFAULT CHARSET=latin1;
/*!40101 SET character_set_client = @saved_cs_client */;

--
-- Dumping data for table `HumanResources_jobinstance`
--

LOCK TABLES `HumanResources_jobinstance` WRITE;
/*!40000 ALTER TABLE `HumanResources_jobinstance` DISABLE KEYS */;
INSERT INTO `HumanResources_jobinstance` VALUES (1,2,NULL),(2,2,1),(3,2,1),(4,2,2),(5,2,3),(6,2,3),(7,2,4),(8,2,4),(9,2,6);
/*!40000 ALTER TABLE `HumanResources_jobinstance` ENABLE KEYS */;
UNLOCK TABLES;

--
-- Table structure for table `HumanResources_jobprofile`
--

DROP TABLE IF EXISTS `HumanResources_jobprofile`;
/*!40101 SET @saved_cs_client     = @@character_set_client */;
/*!40101 SET character_set_client = utf8 */;
CREATE TABLE `HumanResources_jobprofile` (
  `id` int(11) NOT NULL AUTO_INCREMENT,
  `job` varchar(2048) NOT NULL,
  `abilities` varchar(2048) NOT NULL,
  `aptitudes` varchar(2048) NOT NULL,
  `knowledge` varchar(2048) NOT NULL,
  `competitions` varchar(2048) NOT NULL,
  `scholarship` varchar(2048) NOT NULL,
  `experience` varchar(2048) NOT NULL,
  `entry_time` time(6) NOT NULL,
  `exit_time` time(6) NOT NULL,
  `sunday` tinyint(1) NOT NULL,
  `monday` tinyint(1) NOT NULL,
  `tuesday` tinyint(1) NOT NULL,
  `wednesday` tinyint(1) NOT NULL,
  `thursday` tinyint(1) NOT NULL,
  `friday` tinyint(1) NOT NULL,
  `saturday` tinyint(1) NOT NULL,
  `area_id` int(11) NOT NULL,
  `department_id` int(11) NOT NULL,
  `direction_id` int(11) NOT NULL,
  `subdirection_id` int(11) NOT NULL,
  PRIMARY KEY (`id`),
  KEY `HumanResources_jobpr_area_id_823917f9_fk_HumanReso` (`area_id`),
  KEY `HumanResources_jobpr_department_id_587e1c0e_fk_HumanReso` (`department_id`),
  KEY `HumanResources_jobpr_direction_id_d9e39f39_fk_HumanReso` (`direction_id`),
  KEY `HumanResources_jobpr_subdirection_id_e18fab5d_fk_HumanReso` (`subdirection_id`),
  CONSTRAINT `HumanResources_jobpr_area_id_823917f9_fk_HumanReso` FOREIGN KEY (`area_id`) REFERENCES `HumanResources_area` (`id`),
  CONSTRAINT `HumanResources_jobpr_department_id_587e1c0e_fk_HumanReso` FOREIGN KEY (`department_id`) REFERENCES `HumanResources_department` (`id`),
  CONSTRAINT `HumanResources_jobpr_direction_id_d9e39f39_fk_HumanReso` FOREIGN KEY (`direction_id`) REFERENCES `HumanResources_direction` (`id`),
  CONSTRAINT `HumanResources_jobpr_subdirection_id_e18fab5d_fk_HumanReso` FOREIGN KEY (`subdirection_id`) REFERENCES `HumanResources_subdirection` (`id`)
) ENGINE=InnoDB AUTO_INCREMENT=3 DEFAULT CHARSET=utf8;
/*!40101 SET character_set_client = @saved_cs_client */;

--
-- Dumping data for table `HumanResources_jobprofile`
--

LOCK TABLES `HumanResources_jobprofile` WRITE;
/*!40000 ALTER TABLE `HumanResources_jobprofile` DISABLE KEYS */;
INSERT INTO `HumanResources_jobprofile` VALUES (2,'CEO','','','','','','','09:00:00.000000','18:00:00.000000',0,1,1,1,1,1,1,1,1,1,1);
/*!40000 ALTER TABLE `HumanResources_jobprofile` ENABLE KEYS */;
UNLOCK TABLES;

--
-- Table structure for table `HumanResources_payment_method`
--

DROP TABLE IF EXISTS `HumanResources_payment_method`;
/*!40101 SET @saved_cs_client     = @@character_set_client */;
/*!40101 SET character_set_client = utf8 */;
CREATE TABLE `HumanResources_payment_method` (
  `id` int(11) NOT NULL AUTO_INCREMENT,
  `payment_method` varchar(1) NOT NULL,
  PRIMARY KEY (`id`)
) ENGINE=InnoDB DEFAULT CHARSET=utf8;
/*!40101 SET character_set_client = @saved_cs_client */;

--
-- Dumping data for table `HumanResources_payment_method`
--

LOCK TABLES `HumanResources_payment_method` WRITE;
/*!40000 ALTER TABLE `HumanResources_payment_method` DISABLE KEYS */;
/*!40000 ALTER TABLE `HumanResources_payment_method` ENABLE KEYS */;
UNLOCK TABLES;

--
-- Table structure for table `HumanResources_payroll_clasification`
--

DROP TABLE IF EXISTS `HumanResources_payroll_clasification`;
/*!40101 SET @saved_cs_client     = @@character_set_client */;
/*!40101 SET character_set_client = utf8 */;
CREATE TABLE `HumanResources_payroll_clasification` (
  `id` int(11) NOT NULL AUTO_INCREMENT,
  `payroll_classification` varchar(1) NOT NULL,
  PRIMARY KEY (`id`)
) ENGINE=InnoDB DEFAULT CHARSET=utf8;
/*!40101 SET character_set_client = @saved_cs_client */;

--
-- Dumping data for table `HumanResources_payroll_clasification`
--

LOCK TABLES `HumanResources_payroll_clasification` WRITE;
/*!40000 ALTER TABLE `HumanResources_payroll_clasification` DISABLE KEYS */;
/*!40000 ALTER TABLE `HumanResources_payroll_clasification` ENABLE KEYS */;
UNLOCK TABLES;

--
-- Table structure for table `HumanResources_payrollclassification`
--

DROP TABLE IF EXISTS `HumanResources_payrollclassification`;
/*!40101 SET @saved_cs_client     = @@character_set_client */;
/*!40101 SET character_set_client = utf8 */;
CREATE TABLE `HumanResources_payrollclassification` (
  `id` int(11) NOT NULL AUTO_INCREMENT,
  `name` varchar(100) NOT NULL,
  PRIMARY KEY (`id`)
) ENGINE=InnoDB DEFAULT CHARSET=utf8;
/*!40101 SET character_set_client = @saved_cs_client */;

--
-- Dumping data for table `HumanResources_payrollclassification`
--

LOCK TABLES `HumanResources_payrollclassification` WRITE;
/*!40000 ALTER TABLE `HumanResources_payrollclassification` DISABLE KEYS */;
/*!40000 ALTER TABLE `HumanResources_payrollclassification` ENABLE KEYS */;
UNLOCK TABLES;

--
-- Table structure for table `HumanResources_payrollgroup`
--

DROP TABLE IF EXISTS `HumanResources_payrollgroup`;
/*!40101 SET @saved_cs_client     = @@character_set_client */;
/*!40101 SET character_set_client = utf8 */;
CREATE TABLE `HumanResources_payrollgroup` (
  `id` int(11) NOT NULL AUTO_INCREMENT,
  `name` varchar(200) NOT NULL,
  `payroll_classification_id` int(11) NOT NULL,
  `project_id` int(11) NOT NULL,
  PRIMARY KEY (`id`)
) ENGINE=InnoDB DEFAULT CHARSET=utf8;
/*!40101 SET character_set_client = @saved_cs_client */;

--
-- Dumping data for table `HumanResources_payrollgroup`
--

LOCK TABLES `HumanResources_payrollgroup` WRITE;
/*!40000 ALTER TABLE `HumanResources_payrollgroup` DISABLE KEYS */;
/*!40000 ALTER TABLE `HumanResources_payrollgroup` ENABLE KEYS */;
UNLOCK TABLES;

--
-- Table structure for table `HumanResources_payrollperiod`
--

DROP TABLE IF EXISTS `HumanResources_payrollperiod`;
/*!40101 SET @saved_cs_client     = @@character_set_client */;
/*!40101 SET character_set_client = utf8 */;
CREATE TABLE `HumanResources_payrollperiod` (
  `id` int(11) NOT NULL AUTO_INCREMENT,
  `name` varchar(30) NOT NULL,
  `month` varchar(30) NOT NULL,
  `year` varchar(30) NOT NULL,
  `week` varchar(30) NOT NULL,
  `start_period` varchar(30) NOT NULL,
  `end_period` varchar(30) NOT NULL,
  `payroll_group_id` int(11) NOT NULL,
  `payroll_to_process_id` int(11) NOT NULL,
  PRIMARY KEY (`id`),
  KEY `HumanResources_payro_payroll_group_id_2b0ee6af_fk_HumanReso` (`payroll_group_id`),
  KEY `HumanResources_payro_payroll_to_process_i_44a8b6b0_fk_HumanReso` (`payroll_to_process_id`),
  CONSTRAINT `HumanResources_payro_payroll_group_id_2b0ee6af_fk_HumanReso` FOREIGN KEY (`payroll_group_id`) REFERENCES `HumanResources_payrollgroup` (`id`),
  CONSTRAINT `HumanResources_payro_payroll_to_process_i_44a8b6b0_fk_HumanReso` FOREIGN KEY (`payroll_to_process_id`) REFERENCES `HumanResources_payrolltoprocess` (`id`)
) ENGINE=InnoDB DEFAULT CHARSET=utf8;
/*!40101 SET character_set_client = @saved_cs_client */;

--
-- Dumping data for table `HumanResources_payrollperiod`
--

LOCK TABLES `HumanResources_payrollperiod` WRITE;
/*!40000 ALTER TABLE `HumanResources_payrollperiod` DISABLE KEYS */;
/*!40000 ALTER TABLE `HumanResources_payrollperiod` ENABLE KEYS */;
UNLOCK TABLES;

--
-- Table structure for table `HumanResources_payrollprocessed`
--

DROP TABLE IF EXISTS `HumanResources_payrollprocessed`;
/*!40101 SET @saved_cs_client     = @@character_set_client */;
/*!40101 SET character_set_client = utf8 */;
CREATE TABLE `HumanResources_payrollprocessed` (
  `id` int(11) NOT NULL AUTO_INCREMENT,
  `payroll_classification_id` int(11) NOT NULL,
  `payroll_period_id` int(11) NOT NULL,
  `payroll_to_process_id` int(11) NOT NULL,
  PRIMARY KEY (`id`),
  KEY `HumanResources_payro_payroll_classificati_cd06b4da_fk_HumanReso` (`payroll_classification_id`),
  KEY `HumanResources_payro_payroll_period_id_db76536d_fk_HumanReso` (`payroll_period_id`),
  KEY `HumanResources_payro_payroll_to_process_i_5e77982c_fk_HumanReso` (`payroll_to_process_id`),
  CONSTRAINT `HumanResources_payro_payroll_classificati_cd06b4da_fk_HumanReso` FOREIGN KEY (`payroll_classification_id`) REFERENCES `HumanResources_payroll_clasification` (`id`),
  CONSTRAINT `HumanResources_payro_payroll_period_id_db76536d_fk_HumanReso` FOREIGN KEY (`payroll_period_id`) REFERENCES `HumanResources_payrollperiod` (`id`),
  CONSTRAINT `HumanResources_payro_payroll_to_process_i_5e77982c_fk_HumanReso` FOREIGN KEY (`payroll_to_process_id`) REFERENCES `HumanResources_payrolltoprocess` (`id`)
) ENGINE=InnoDB DEFAULT CHARSET=utf8;
/*!40101 SET character_set_client = @saved_cs_client */;

--
-- Dumping data for table `HumanResources_payrollprocessed`
--

LOCK TABLES `HumanResources_payrollprocessed` WRITE;
/*!40000 ALTER TABLE `HumanResources_payrollprocessed` DISABLE KEYS */;
/*!40000 ALTER TABLE `HumanResources_payrollprocessed` ENABLE KEYS */;
UNLOCK TABLES;

--
-- Table structure for table `HumanResources_payrollprocesseddetail`
--

DROP TABLE IF EXISTS `HumanResources_payrollprocesseddetail`;
/*!40101 SET @saved_cs_client     = @@character_set_client */;
/*!40101 SET character_set_client = utf8 */;
CREATE TABLE `HumanResources_payrollprocesseddetail` (
  `id` int(11) NOT NULL AUTO_INCREMENT,
  `total` decimal(20,2) NOT NULL,
  `taxed` decimal(20,2) NOT NULL,
  `exempt` decimal(20,2) NOT NULL,
  `earnings_deductions_id` int(11) NOT NULL,
  `payroll_receip_processed_id` int(11) NOT NULL,
  PRIMARY KEY (`id`),
  KEY `HumanResources_payro_earnings_deductions__6979c170_fk_HumanReso` (`earnings_deductions_id`),
  KEY `HumanResources_payro_payroll_receip_proce_2b1b7d84_fk_HumanReso` (`payroll_receip_processed_id`),
  CONSTRAINT `HumanResources_payro_earnings_deductions__6979c170_fk_HumanReso` FOREIGN KEY (`earnings_deductions_id`) REFERENCES `HumanResources_earningsdeductions` (`id`),
  CONSTRAINT `HumanResources_payro_payroll_receip_proce_2b1b7d84_fk_HumanReso` FOREIGN KEY (`payroll_receip_processed_id`) REFERENCES `HumanResources_payrollreceiptprocessed` (`id`)
) ENGINE=InnoDB DEFAULT CHARSET=utf8;
/*!40101 SET character_set_client = @saved_cs_client */;

--
-- Dumping data for table `HumanResources_payrollprocesseddetail`
--

LOCK TABLES `HumanResources_payrollprocesseddetail` WRITE;
/*!40000 ALTER TABLE `HumanResources_payrollprocesseddetail` DISABLE KEYS */;
/*!40000 ALTER TABLE `HumanResources_payrollprocesseddetail` ENABLE KEYS */;
UNLOCK TABLES;

--
-- Table structure for table `HumanResources_payrollreceiptprocessed`
--

DROP TABLE IF EXISTS `HumanResources_payrollreceiptprocessed`;
/*!40101 SET @saved_cs_client     = @@character_set_client */;
/*!40101 SET character_set_client = utf8 */;
CREATE TABLE `HumanResources_payrollreceiptprocessed` (
  `id` int(11) NOT NULL AUTO_INCREMENT,
  `worked_days` decimal(20,2) NOT NULL,
  `total_perceptions` decimal(20,2) NOT NULL,
  `total_deductions` decimal(20,2) NOT NULL,
  `total_payroll` decimal(20,2) NOT NULL,
  `taxed` decimal(20,2) NOT NULL,
  `exempt` decimal(20,2) NOT NULL,
  `daily_salry` decimal(20,2) NOT NULL,
  `total_withholdings` decimal(20,2) NOT NULL,
  `total_discounts` decimal(20,2) NOT NULL,
  `stamp_version` decimal(20,2) NOT NULL,
  `stamp_UUID` varchar(500) NOT NULL,
  `stamp_date` datetime(6) NOT NULL,
  `stamp_CFDI` varchar(500) NOT NULL,
  `sat_certificate` varchar(500) NOT NULL,
  `stamp_sat` varchar(500) NOT NULL,
  `stamp_xml` varchar(500) NOT NULL,
  `stamp_serie_id` varchar(500) NOT NULL,
  `payment_date` date NOT NULL,
  `employee_id` int(11) NOT NULL,
  `payroll_processed_id` int(11) NOT NULL,
  `printed_receipt_id` int(11) NOT NULL,
  PRIMARY KEY (`id`),
  KEY `HumanResources_payro_employee_id_4ceee5cc_fk_HumanReso` (`employee_id`),
  KEY `HumanResources_payro_payroll_processed_id_118c11ee_fk_HumanReso` (`payroll_processed_id`),
  KEY `HumanResources_payro_printed_receipt_id_b4481129_fk_HumanReso` (`printed_receipt_id`),
  CONSTRAINT `HumanResources_payro_employee_id_4ceee5cc_fk_HumanReso` FOREIGN KEY (`employee_id`) REFERENCES `HumanResources_employee` (`id`),
  CONSTRAINT `HumanResources_payro_payroll_processed_id_118c11ee_fk_HumanReso` FOREIGN KEY (`payroll_processed_id`) REFERENCES `HumanResources_payrollprocessed` (`id`),
  CONSTRAINT `HumanResources_payro_printed_receipt_id_b4481129_fk_HumanReso` FOREIGN KEY (`printed_receipt_id`) REFERENCES `HumanResources_yntype` (`id`)
) ENGINE=InnoDB DEFAULT CHARSET=utf8;
/*!40101 SET character_set_client = @saved_cs_client */;

--
-- Dumping data for table `HumanResources_payrollreceiptprocessed`
--

LOCK TABLES `HumanResources_payrollreceiptprocessed` WRITE;
/*!40000 ALTER TABLE `HumanResources_payrollreceiptprocessed` DISABLE KEYS */;
/*!40000 ALTER TABLE `HumanResources_payrollreceiptprocessed` ENABLE KEYS */;
UNLOCK TABLES;

--
-- Table structure for table `HumanResources_payrolltoprocess`
--

DROP TABLE IF EXISTS `HumanResources_payrolltoprocess`;
/*!40101 SET @saved_cs_client     = @@character_set_client */;
/*!40101 SET character_set_client = utf8 */;
CREATE TABLE `HumanResources_payrolltoprocess` (
  `id` int(11) NOT NULL AUTO_INCREMENT,
  `name` varchar(30) NOT NULL,
  `payroll_type_id` int(11) NOT NULL,
  PRIMARY KEY (`id`),
  KEY `HumanResources_payro_payroll_type_id_671f0b4c_fk_HumanReso` (`payroll_type_id`),
  CONSTRAINT `HumanResources_payro_payroll_type_id_671f0b4c_fk_HumanReso` FOREIGN KEY (`payroll_type_id`) REFERENCES `HumanResources_payrolltype` (`id`)
) ENGINE=InnoDB DEFAULT CHARSET=utf8;
/*!40101 SET character_set_client = @saved_cs_client */;

--
-- Dumping data for table `HumanResources_payrolltoprocess`
--

LOCK TABLES `HumanResources_payrolltoprocess` WRITE;
/*!40000 ALTER TABLE `HumanResources_payrolltoprocess` DISABLE KEYS */;
/*!40000 ALTER TABLE `HumanResources_payrolltoprocess` ENABLE KEYS */;
UNLOCK TABLES;

--
-- Table structure for table `HumanResources_payrolltype`
--

DROP TABLE IF EXISTS `HumanResources_payrolltype`;
/*!40101 SET @saved_cs_client     = @@character_set_client */;
/*!40101 SET character_set_client = utf8 */;
CREATE TABLE `HumanResources_payrolltype` (
  `id` int(11) NOT NULL AUTO_INCREMENT,
  `name` varchar(30) NOT NULL,
  PRIMARY KEY (`id`)
) ENGINE=InnoDB DEFAULT CHARSET=utf8;
/*!40101 SET character_set_client = @saved_cs_client */;

--
-- Dumping data for table `HumanResources_payrolltype`
--

LOCK TABLES `HumanResources_payrolltype` WRITE;
/*!40000 ALTER TABLE `HumanResources_payrolltype` DISABLE KEYS */;
/*!40000 ALTER TABLE `HumanResources_payrolltype` ENABLE KEYS */;
UNLOCK TABLES;

--
-- Table structure for table `HumanResources_subdirection`
--

DROP TABLE IF EXISTS `HumanResources_subdirection`;
/*!40101 SET @saved_cs_client     = @@character_set_client */;
/*!40101 SET character_set_client = utf8 */;
CREATE TABLE `HumanResources_subdirection` (
  `id` int(11) NOT NULL AUTO_INCREMENT,
  `name` varchar(2048) NOT NULL,
  PRIMARY KEY (`id`)
) ENGINE=InnoDB AUTO_INCREMENT=2 DEFAULT CHARSET=utf8;
/*!40101 SET character_set_client = @saved_cs_client */;

--
-- Dumping data for table `HumanResources_subdirection`
--

LOCK TABLES `HumanResources_subdirection` WRITE;
/*!40000 ALTER TABLE `HumanResources_subdirection` DISABLE KEYS */;
INSERT INTO `HumanResources_subdirection` VALUES (1,'Subdirección');
/*!40000 ALTER TABLE `HumanResources_subdirection` ENABLE KEYS */;
UNLOCK TABLES;

--
-- Table structure for table `HumanResources_tag`
--

DROP TABLE IF EXISTS `HumanResources_tag`;
/*!40101 SET @saved_cs_client     = @@character_set_client */;
/*!40101 SET character_set_client = utf8 */;
CREATE TABLE `HumanResources_tag` (
  `id` int(11) NOT NULL AUTO_INCREMENT,
  `name` varchar(64) NOT NULL,
  PRIMARY KEY (`id`)
) ENGINE=InnoDB DEFAULT CHARSET=latin1;
/*!40101 SET character_set_client = @saved_cs_client */;

--
-- Dumping data for table `HumanResources_tag`
--

LOCK TABLES `HumanResources_tag` WRITE;
/*!40000 ALTER TABLE `HumanResources_tag` DISABLE KEYS */;
/*!40000 ALTER TABLE `HumanResources_tag` ENABLE KEYS */;
UNLOCK TABLES;

--
-- Table structure for table `HumanResources_taxregime`
--

DROP TABLE IF EXISTS `HumanResources_taxregime`;
/*!40101 SET @saved_cs_client     = @@character_set_client */;
/*!40101 SET character_set_client = utf8 */;
CREATE TABLE `HumanResources_taxregime` (
  `id` int(11) NOT NULL AUTO_INCREMENT,
  `name` varchar(255) NOT NULL,
  PRIMARY KEY (`id`)
) ENGINE=InnoDB AUTO_INCREMENT=2 DEFAULT CHARSET=latin1;
/*!40101 SET character_set_client = @saved_cs_client */;

--
-- Dumping data for table `HumanResources_taxregime`
--

LOCK TABLES `HumanResources_taxregime` WRITE;
/*!40000 ALTER TABLE `HumanResources_taxregime` DISABLE KEYS */;
INSERT INTO `HumanResources_taxregime` VALUES (1,'RIF');
/*!40000 ALTER TABLE `HumanResources_taxregime` ENABLE KEYS */;
UNLOCK TABLES;

--
-- Table structure for table `HumanResources_test`
--

DROP TABLE IF EXISTS `HumanResources_test`;
/*!40101 SET @saved_cs_client     = @@character_set_client */;
/*!40101 SET character_set_client = utf8 */;
CREATE TABLE `HumanResources_test` (
  `id` int(11) NOT NULL AUTO_INCREMENT,
  `name` varchar(512) NOT NULL,
  PRIMARY KEY (`id`)
) ENGINE=InnoDB DEFAULT CHARSET=latin1;
/*!40101 SET character_set_client = @saved_cs_client */;

--
-- Dumping data for table `HumanResources_test`
--

LOCK TABLES `HumanResources_test` WRITE;
/*!40000 ALTER TABLE `HumanResources_test` DISABLE KEYS */;
/*!40000 ALTER TABLE `HumanResources_test` ENABLE KEYS */;
UNLOCK TABLES;

--
-- Table structure for table `HumanResources_testapplication`
--

DROP TABLE IF EXISTS `HumanResources_testapplication`;
/*!40101 SET @saved_cs_client     = @@character_set_client */;
/*!40101 SET character_set_client = utf8 */;
CREATE TABLE `HumanResources_testapplication` (
  `id` int(11) NOT NULL AUTO_INCREMENT,
  `application_date` date NOT NULL,
  `result` varchar(512) NOT NULL,
  `comments` varchar(2048) DEFAULT NULL,
  `employee_id` int(11) NOT NULL,
  `test_id` int(11) NOT NULL,
  PRIMARY KEY (`id`),
  KEY `HumanResource_employee_id_1d98400c_fk_HumanResources_employee_id` (`employee_id`),
  KEY `HumanResources_testap_test_id_dac9cc13_fk_HumanResources_test_id` (`test_id`),
  CONSTRAINT `HumanResource_employee_id_1d98400c_fk_HumanResources_employee_id` FOREIGN KEY (`employee_id`) REFERENCES `HumanResources_employee` (`id`),
  CONSTRAINT `HumanResources_testap_test_id_dac9cc13_fk_HumanResources_test_id` FOREIGN KEY (`test_id`) REFERENCES `HumanResources_test` (`id`)
) ENGINE=InnoDB DEFAULT CHARSET=latin1;
/*!40101 SET character_set_client = @saved_cs_client */;

--
-- Dumping data for table `HumanResources_testapplication`
--

LOCK TABLES `HumanResources_testapplication` WRITE;
/*!40000 ALTER TABLE `HumanResources_testapplication` DISABLE KEYS */;
/*!40000 ALTER TABLE `HumanResources_testapplication` ENABLE KEYS */;
UNLOCK TABLES;

--
-- Table structure for table `HumanResources_workreference`
--

DROP TABLE IF EXISTS `HumanResources_workreference`;
/*!40101 SET @saved_cs_client     = @@character_set_client */;
/*!40101 SET character_set_client = utf8 */;
CREATE TABLE `HumanResources_workreference` (
  `id` int(11) NOT NULL AUTO_INCREMENT,
  `name` varchar(255) NOT NULL,
  `first_last_name` varchar(255) NOT NULL,
  `second_last_name` varchar(255) NOT NULL,
  `company_name` varchar(255) NOT NULL,
  `first_phone_number` varchar(20) NOT NULL,
  `second_phone_number` varchar(20) DEFAULT NULL,
  `email` varchar(255) DEFAULT NULL,
  `notes` varchar(2048) DEFAULT NULL,
  `employee_id` int(11) NOT NULL,
  PRIMARY KEY (`id`),
  KEY `HumanResource_employee_id_a8a70a58_fk_HumanResources_employee_id` (`employee_id`),
  CONSTRAINT `HumanResource_employee_id_a8a70a58_fk_HumanResources_employee_id` FOREIGN KEY (`employee_id`) REFERENCES `HumanResources_employee` (`id`)
) ENGINE=InnoDB DEFAULT CHARSET=latin1;
/*!40101 SET character_set_client = @saved_cs_client */;

--
-- Dumping data for table `HumanResources_workreference`
--

LOCK TABLES `HumanResources_workreference` WRITE;
/*!40000 ALTER TABLE `HumanResources_workreference` DISABLE KEYS */;
/*!40000 ALTER TABLE `HumanResources_workreference` ENABLE KEYS */;
UNLOCK TABLES;

--
-- Table structure for table `HumanResources_yntype`
--

DROP TABLE IF EXISTS `HumanResources_yntype`;
/*!40101 SET @saved_cs_client     = @@character_set_client */;
/*!40101 SET character_set_client = utf8 */;
CREATE TABLE `HumanResources_yntype` (
  `id` int(11) NOT NULL AUTO_INCREMENT,
  `yn_type` varchar(1) NOT NULL,
  PRIMARY KEY (`id`)
) ENGINE=InnoDB DEFAULT CHARSET=utf8;
/*!40101 SET character_set_client = @saved_cs_client */;

--
-- Dumping data for table `HumanResources_yntype`
--

LOCK TABLES `HumanResources_yntype` WRITE;
/*!40000 ALTER TABLE `HumanResources_yntype` DISABLE KEYS */;
/*!40000 ALTER TABLE `HumanResources_yntype` ENABLE KEYS */;
UNLOCK TABLES;

--
-- Table structure for table `auth_group`
--

DROP TABLE IF EXISTS `auth_group`;
/*!40101 SET @saved_cs_client     = @@character_set_client */;
/*!40101 SET character_set_client = utf8 */;
CREATE TABLE `auth_group` (
  `id` int(11) NOT NULL AUTO_INCREMENT,
  `name` varchar(80) NOT NULL,
  PRIMARY KEY (`id`),
  UNIQUE KEY `name` (`name`)
) ENGINE=InnoDB AUTO_INCREMENT=14 DEFAULT CHARSET=latin1;
/*!40101 SET character_set_client = @saved_cs_client */;

--
-- Dumping data for table `auth_group`
--

LOCK TABLES `auth_group` WRITE;
/*!40000 ALTER TABLE `auth_group` DISABLE KEYS */;
INSERT INTO `auth_group` VALUES (2,'Admin'),(12,'Administración'),(4,'Auditoría'),(13,'Capacitación Obras'),(11,'Dirección General'),(6,'Director de Obras'),(5,'Director General'),(8,'Jefe de Administración'),(3,'Precios Unitarios'),(10,'Presidencia y Vicepresidencia'),(9,'Presidente'),(1,'Proyectos Admin'),(7,'Vicepresidente Empresarial');
/*!40000 ALTER TABLE `auth_group` ENABLE KEYS */;
UNLOCK TABLES;

--
-- Table structure for table `auth_group_permissions`
--

DROP TABLE IF EXISTS `auth_group_permissions`;
/*!40101 SET @saved_cs_client     = @@character_set_client */;
/*!40101 SET character_set_client = utf8 */;
CREATE TABLE `auth_group_permissions` (
  `id` int(11) NOT NULL AUTO_INCREMENT,
  `group_id` int(11) NOT NULL,
  `permission_id` int(11) NOT NULL,
  PRIMARY KEY (`id`),
  UNIQUE KEY `auth_group_permissions_group_id_0cd325b0_uniq` (`group_id`,`permission_id`),
  KEY `auth_group_permissi_permission_id_84c5c92e_fk_auth_permission_id` (`permission_id`),
  CONSTRAINT `auth_group_permissi_permission_id_84c5c92e_fk_auth_permission_id` FOREIGN KEY (`permission_id`) REFERENCES `auth_permission` (`id`),
  CONSTRAINT `auth_group_permissions_group_id_b120cbf9_fk_auth_group_id` FOREIGN KEY (`group_id`) REFERENCES `auth_group` (`id`)
) ENGINE=InnoDB AUTO_INCREMENT=1595 DEFAULT CHARSET=latin1;
/*!40101 SET character_set_client = @saved_cs_client */;

--
-- Dumping data for table `auth_group_permissions`
--

LOCK TABLES `auth_group_permissions` WRITE;
/*!40000 ALTER TABLE `auth_group_permissions` DISABLE KEYS */;
INSERT INTO `auth_group_permissions` VALUES (1,1,34),(2,1,35),(3,1,36),(4,1,37),(5,1,38),(6,1,39),(7,1,40),(8,1,41),(9,1,42),(10,1,43),(11,1,44),(12,1,45),(13,1,46),(14,1,47),(15,1,48),(16,1,49),(17,1,50),(18,1,51),(19,1,52),(20,1,53),(21,1,54),(22,1,55),(23,1,56),(24,1,57),(25,1,58),(26,1,59),(27,1,60),(28,1,61),(29,1,62),(30,1,63),(31,1,64),(32,1,65),(33,1,66),(34,1,67),(35,1,68),(36,1,69),(37,1,70),(38,1,71),(39,1,72),(40,1,73),(41,1,74),(42,1,75),(43,1,76),(44,1,77),(45,1,78),(46,1,79),(47,1,80),(48,1,81),(49,1,82),(50,1,83),(51,1,84),(52,1,85),(53,1,86),(54,1,87),(55,1,88),(56,1,89),(57,1,90),(58,1,94),(59,1,95),(60,1,96),(61,1,97),(62,1,98),(63,1,99),(64,1,100),(65,1,101),(66,1,102),(67,1,106),(68,1,107),(69,1,108),(70,1,109),(71,1,110),(72,1,111),(73,1,112),(74,1,113),(75,1,114),(76,1,115),(77,1,116),(78,1,117),(79,1,118),(80,1,119),(81,1,120),(82,1,121),(83,1,122),(84,1,123),(86,1,125),(87,1,126),(88,1,127),(89,1,128),(90,1,129),(91,1,130),(92,1,131),(93,1,132),(94,1,133),(95,1,134),(96,1,139),(97,1,140),(98,1,141),(99,1,142),(100,1,143),(101,1,144),(102,2,1),(103,2,2),(104,2,3),(105,2,4),(106,2,5),(107,2,6),(108,2,7),(109,2,8),(110,2,9),(111,2,10),(112,2,11),(113,2,12),(114,2,13),(115,2,14),(116,2,15),(117,2,16),(118,2,17),(119,2,18),(120,2,19),(121,2,20),(122,2,21),(123,2,22),(124,2,23),(125,2,24),(126,2,25),(127,2,26),(128,2,27),(129,2,28),(130,2,29),(131,2,30),(132,2,31),(133,2,32),(134,2,33),(842,2,34),(843,2,35),(844,2,36),(845,2,37),(846,2,38),(140,2,39),(141,2,40),(142,2,41),(143,2,42),(144,2,43),(145,2,44),(146,2,45),(147,2,46),(148,2,47),(149,2,48),(150,2,49),(151,2,50),(152,2,51),(153,2,52),(154,2,53),(155,2,54),(156,2,55),(157,2,56),(158,2,57),(159,2,58),(160,2,59),(161,2,60),(162,2,61),(163,2,62),(164,2,63),(165,2,64),(166,2,65),(167,2,66),(168,2,67),(169,2,68),(170,2,69),(171,2,70),(172,2,71),(173,2,72),(174,2,73),(175,2,74),(176,2,75),(177,2,76),(178,2,77),(179,2,78),(180,2,79),(181,2,80),(182,2,81),(183,2,82),(184,2,83),(185,2,84),(186,2,85),(187,2,86),(188,2,87),(189,2,88),(190,2,89),(191,2,90),(780,2,91),(781,2,92),(782,2,93),(192,2,94),(193,2,95),(194,2,96),(195,2,97),(196,2,98),(197,2,99),(198,2,100),(199,2,101),(200,2,102),(201,2,103),(202,2,104),(203,2,105),(204,2,106),(205,2,107),(206,2,108),(207,2,109),(208,2,110),(209,2,111),(210,2,112),(211,2,113),(212,2,114),(213,2,115),(214,2,116),(215,2,117),(216,2,118),(217,2,119),(218,2,120),(219,2,121),(220,2,122),(221,2,123),(222,2,124),(223,2,125),(224,2,126),(225,2,127),(226,2,128),(227,2,129),(228,2,130),(229,2,131),(230,2,132),(231,2,133),(232,2,134),(771,2,135),(772,2,136),(773,2,137),(774,2,138),(233,2,139),(234,2,140),(235,2,141),(236,2,142),(237,2,143),(775,2,144),(776,2,145),(777,2,146),(778,2,147),(779,2,148),(791,2,149),(792,2,150),(793,2,151),(794,2,152),(795,2,153),(796,2,154),(797,2,155),(798,2,156),(799,2,157),(800,2,158),(801,2,159),(802,2,160),(803,2,161),(804,2,162),(805,2,163),(806,2,164),(807,2,165),(808,2,166),(809,2,167),(810,2,168),(811,2,169),(812,2,170),(813,2,171),(814,2,172),(815,2,173),(816,2,174),(817,2,175),(818,2,176),(819,2,177),(820,2,178),(821,2,179),(822,2,180),(823,2,181),(824,2,182),(825,2,183),(826,2,184),(827,2,185),(828,2,186),(829,2,187),(830,2,188),(831,2,189),(832,2,190),(833,2,191),(834,2,192),(835,2,193),(836,2,194),(837,2,195),(838,2,196),(839,2,197),(840,2,198),(841,2,199),(847,2,200),(848,2,201),(849,2,202),(850,2,203),(851,2,204),(852,2,205),(853,2,206),(854,2,207),(855,2,208),(856,2,209),(857,2,210),(858,2,211),(859,2,212),(860,2,213),(861,2,214),(862,2,215),(863,2,216),(864,2,217),(865,2,218),(866,2,219),(867,2,220),(868,2,221),(869,2,222),(870,2,223),(1563,2,224),(1564,2,225),(1565,2,226),(1566,2,227),(1567,2,228),(1568,2,229),(1569,2,230),(1570,2,231),(1571,2,232),(1572,2,233),(1573,2,234),(1574,2,235),(1575,2,236),(1576,2,237),(1577,2,238),(1578,2,239),(1579,2,240),(1580,2,241),(1581,2,242),(1582,2,243),(1583,2,244),(1584,2,245),(1585,2,246),(1586,2,247),(1587,2,248),(1588,2,249),(1589,2,250),(1590,2,251),(1591,2,252),(1592,2,253),(1593,2,254),(1594,2,255),(1544,2,256),(1545,2,257),(1546,2,258),(1547,2,259),(1548,2,260),(1549,2,261),(1550,2,262),(1551,2,263),(1552,2,264),(1553,2,265),(1554,2,266),(1555,2,267),(1556,2,268),(1557,2,269),(1558,2,270),(1559,2,271),(1560,2,272),(1561,2,273),(1562,2,274),(873,2,275),(242,3,61),(243,3,62),(244,3,63),(238,3,64),(239,3,65),(240,3,66),(241,3,143),(256,4,58),(257,4,59),(248,4,73),(249,4,74),(250,4,75),(251,4,76),(252,4,77),(253,4,78),(785,4,93),(786,4,94),(787,4,95),(784,4,96),(245,4,97),(246,4,98),(247,4,99),(783,4,124),(788,4,125),(789,4,126),(790,4,127),(254,4,143),(255,4,144),(258,5,34),(259,5,35),(260,5,36),(261,5,37),(262,5,38),(263,5,39),(264,5,40),(265,5,41),(266,5,42),(267,5,43),(268,5,44),(269,5,45),(270,5,46),(271,5,47),(272,5,48),(273,5,49),(274,5,50),(275,5,51),(276,5,52),(277,5,53),(278,5,54),(279,5,55),(280,5,56),(281,5,57),(282,5,58),(283,5,59),(284,5,60),(285,5,61),(286,5,62),(287,5,63),(288,5,64),(289,5,65),(290,5,66),(291,5,67),(292,5,68),(293,5,69),(294,5,70),(295,5,71),(296,5,72),(297,5,73),(298,5,74),(299,5,75),(300,5,76),(301,5,77),(302,5,78),(303,5,79),(304,5,80),(305,5,81),(306,5,82),(307,5,83),(308,5,84),(309,5,85),(310,5,86),(311,5,87),(312,5,88),(313,5,89),(314,5,90),(315,5,94),(316,5,95),(317,5,96),(318,5,97),(319,5,98),(320,5,99),(321,5,100),(322,5,101),(323,5,102),(324,5,106),(325,5,107),(326,5,108),(327,5,109),(328,5,110),(329,5,111),(330,5,112),(331,5,113),(332,5,114),(333,5,115),(334,5,116),(335,5,117),(336,5,118),(337,5,119),(338,5,120),(339,5,121),(340,5,122),(341,5,123),(343,5,125),(344,5,126),(345,5,127),(346,5,128),(347,5,129),(348,5,130),(349,5,131),(350,5,132),(351,5,133),(352,5,134),(353,5,139),(354,5,140),(355,5,141),(356,5,142),(357,5,143),(358,5,144),(359,5,145),(360,6,34),(361,6,35),(362,6,36),(363,6,37),(364,6,38),(365,6,39),(366,6,40),(367,6,41),(368,6,42),(369,6,43),(370,6,44),(371,6,45),(372,6,46),(373,6,47),(374,6,48),(375,6,49),(376,6,50),(377,6,51),(378,6,52),(379,6,53),(380,6,54),(381,6,55),(382,6,56),(383,6,57),(384,6,58),(385,6,59),(386,6,60),(387,6,61),(388,6,62),(389,6,63),(390,6,64),(391,6,65),(392,6,66),(393,6,67),(394,6,68),(395,6,69),(396,6,70),(397,6,71),(398,6,72),(399,6,73),(400,6,74),(401,6,75),(402,6,76),(403,6,77),(404,6,78),(405,6,79),(406,6,80),(407,6,81),(408,6,82),(409,6,83),(410,6,84),(411,6,85),(412,6,86),(413,6,87),(414,6,88),(415,6,89),(416,6,90),(417,6,94),(418,6,95),(419,6,96),(420,6,97),(421,6,98),(422,6,99),(423,6,100),(424,6,101),(425,6,102),(426,6,106),(427,6,107),(428,6,108),(429,6,109),(430,6,110),(431,6,111),(432,6,112),(433,6,113),(434,6,114),(435,6,115),(436,6,116),(437,6,117),(438,6,118),(439,6,119),(440,6,120),(441,6,121),(442,6,122),(443,6,123),(445,6,125),(446,6,126),(447,6,127),(448,6,128),(449,6,129),(450,6,130),(451,6,131),(452,6,132),(453,6,133),(454,6,134),(455,6,139),(456,6,140),(457,6,141),(458,6,142),(459,6,143),(460,6,144),(461,6,146),(462,7,34),(463,7,35),(464,7,36),(465,7,37),(466,7,38),(467,7,39),(468,7,40),(469,7,41),(470,7,42),(471,7,43),(472,7,44),(473,7,45),(474,7,46),(475,7,47),(476,7,48),(477,7,49),(478,7,50),(479,7,51),(480,7,52),(481,7,53),(482,7,54),(483,7,55),(484,7,56),(485,7,57),(486,7,58),(487,7,59),(488,7,60),(489,7,61),(490,7,62),(491,7,63),(492,7,64),(493,7,65),(494,7,66),(495,7,67),(496,7,68),(497,7,69),(498,7,70),(499,7,71),(500,7,72),(501,7,73),(502,7,74),(503,7,75),(504,7,76),(505,7,77),(506,7,78),(507,7,79),(508,7,80),(509,7,81),(510,7,82),(511,7,83),(512,7,84),(513,7,85),(514,7,86),(515,7,87),(516,7,88),(517,7,89),(518,7,90),(519,7,94),(520,7,95),(521,7,96),(522,7,97),(523,7,98),(524,7,99),(525,7,100),(526,7,101),(527,7,102),(528,7,106),(529,7,107),(530,7,108),(531,7,109),(532,7,110),(533,7,111),(534,7,112),(535,7,113),(536,7,114),(537,7,115),(538,7,116),(539,7,117),(540,7,118),(541,7,119),(542,7,120),(543,7,121),(544,7,122),(545,7,123),(547,7,125),(548,7,126),(549,7,127),(550,7,128),(551,7,129),(552,7,130),(553,7,131),(554,7,132),(555,7,133),(556,7,134),(557,7,139),(558,7,140),(559,7,141),(560,7,142),(561,7,143),(562,7,144),(563,7,147),(564,8,34),(565,8,35),(566,8,36),(567,8,37),(568,8,38),(569,8,39),(570,8,40),(571,8,41),(572,8,42),(573,8,43),(574,8,44),(575,8,45),(576,8,46),(577,8,47),(578,8,48),(579,8,49),(580,8,50),(581,8,51),(582,8,52),(583,8,53),(584,8,54),(585,8,55),(586,8,56),(587,8,57),(588,8,58),(589,8,59),(590,8,60),(591,8,61),(592,8,62),(593,8,63),(594,8,64),(595,8,65),(596,8,66),(597,8,67),(598,8,68),(599,8,69),(600,8,70),(601,8,71),(602,8,72),(603,8,73),(604,8,74),(605,8,75),(606,8,76),(607,8,77),(608,8,78),(609,8,79),(610,8,80),(611,8,81),(612,8,82),(613,8,83),(614,8,84),(615,8,85),(616,8,86),(617,8,87),(618,8,88),(619,8,89),(620,8,90),(621,8,94),(622,8,95),(623,8,96),(624,8,97),(625,8,98),(626,8,99),(627,8,100),(628,8,101),(629,8,102),(630,8,106),(631,8,107),(632,8,108),(633,8,109),(634,8,110),(635,8,111),(636,8,112),(637,8,113),(638,8,114),(639,8,115),(640,8,116),(641,8,117),(642,8,118),(643,8,119),(644,8,120),(645,8,121),(646,8,122),(647,8,123),(648,8,124),(649,8,125),(650,8,126),(651,8,127),(652,8,128),(653,8,129),(654,8,130),(655,8,131),(656,8,132),(657,8,133),(658,8,134),(659,8,139),(660,8,140),(661,8,141),(662,8,142),(663,8,143),(664,8,144),(665,8,148),(666,9,31),(667,9,32),(668,9,33),(673,9,38),(674,9,39),(675,9,40),(676,9,41),(677,9,42),(678,9,43),(679,9,44),(680,9,45),(681,9,46),(682,9,47),(683,9,48),(684,9,49),(685,9,50),(686,9,51),(687,9,52),(688,9,53),(689,9,54),(690,9,55),(691,9,56),(692,9,57),(693,9,58),(694,9,59),(695,9,60),(696,9,61),(697,9,62),(698,9,63),(699,9,64),(700,9,65),(701,9,66),(702,9,67),(703,9,68),(704,9,69),(705,9,70),(706,9,71),(707,9,72),(708,9,73),(709,9,74),(710,9,75),(711,9,76),(712,9,77),(713,9,78),(714,9,79),(715,9,80),(716,9,81),(717,9,82),(718,9,83),(719,9,84),(720,9,85),(721,9,86),(722,9,87),(723,9,88),(724,9,89),(725,9,90),(726,9,94),(727,9,95),(728,9,96),(729,9,97),(730,9,98),(731,9,99),(732,9,100),(733,9,101),(734,9,102),(735,9,106),(736,9,107),(737,9,108),(738,9,109),(739,9,110),(740,9,111),(741,9,112),(742,9,113),(743,9,114),(744,9,115),(745,9,116),(746,9,117),(747,9,118),(748,9,119),(749,9,120),(750,9,121),(751,9,122),(752,9,123),(754,9,125),(755,9,126),(756,9,127),(757,9,128),(758,9,129),(759,9,130),(760,9,131),(761,9,132),(762,9,133),(763,9,134),(764,9,139),(765,9,140),(766,9,141),(767,9,142),(768,9,143),(769,9,144),(770,9,149),(874,10,1),(875,10,2),(876,10,3),(877,10,4),(878,10,5),(879,10,6),(880,10,7),(881,10,8),(882,10,9),(883,10,10),(884,10,11),(885,10,12),(886,10,13),(887,10,14),(888,10,15),(889,10,16),(890,10,17),(891,10,18),(892,10,19),(893,10,20),(894,10,21),(895,10,22),(896,10,23),(897,10,24),(898,10,25),(899,10,26),(900,10,27),(901,10,28),(902,10,29),(903,10,30),(904,10,31),(905,10,32),(906,10,33),(907,10,34),(908,10,35),(909,10,36),(910,10,37),(911,10,38),(912,10,39),(913,10,40),(914,10,41),(915,10,42),(916,10,43),(917,10,44),(918,10,45),(919,10,46),(920,10,47),(921,10,48),(922,10,49),(923,10,50),(924,10,51),(925,10,52),(926,10,53),(927,10,54),(928,10,55),(929,10,56),(930,10,57),(931,10,58),(932,10,59),(933,10,60),(934,10,61),(935,10,62),(936,10,63),(937,10,64),(938,10,65),(939,10,66),(940,10,67),(941,10,68),(942,10,69),(943,10,70),(944,10,71),(945,10,72),(946,10,73),(947,10,74),(948,10,75),(949,10,76),(950,10,77),(951,10,78),(952,10,79),(953,10,80),(954,10,81),(955,10,82),(956,10,83),(957,10,84),(958,10,85),(959,10,86),(960,10,87),(961,10,88),(962,10,89),(963,10,90),(964,10,91),(965,10,92),(966,10,93),(967,10,94),(968,10,95),(969,10,96),(970,10,97),(971,10,98),(972,10,99),(973,10,100),(974,10,101),(975,10,102),(976,10,103),(977,10,104),(978,10,105),(979,10,106),(980,10,107),(981,10,108),(982,10,109),(983,10,110),(984,10,111),(985,10,112),(986,10,113),(987,10,114),(988,10,115),(989,10,116),(990,10,117),(991,10,118),(992,10,119),(993,10,120),(994,10,121),(995,10,122),(996,10,123),(997,10,124),(998,10,125),(999,10,126),(1000,10,127),(1001,10,128),(1002,10,129),(1003,10,130),(1004,10,131),(1005,10,132),(1006,10,133),(1007,10,134),(1008,10,135),(1009,10,136),(1010,10,137),(1011,10,138),(1012,10,139),(1013,10,140),(1014,10,141),(1015,10,142),(1016,10,143),(1017,10,144),(1018,10,145),(1019,10,146),(1020,10,147),(1021,10,148),(1022,10,149),(1023,10,150),(1024,10,151),(1025,10,152),(1026,10,153),(1027,10,154),(1028,10,155),(1029,10,156),(1030,10,157),(1031,10,158),(1032,10,159),(1033,10,160),(1034,10,161),(1035,10,162),(1036,10,163),(1037,10,164),(1038,10,165),(1039,10,166),(1040,10,167),(1041,10,168),(1042,10,169),(1043,10,170),(1044,10,171),(1045,10,172),(1046,10,173),(1047,10,174),(1048,10,175),(1049,10,176),(1050,10,177),(1051,10,178),(1052,10,179),(1053,10,180),(1054,10,181),(1055,10,182),(1056,10,183),(1057,10,184),(1058,10,185),(1059,10,186),(1060,10,187),(1061,10,188),(1062,10,189),(1063,10,190),(1064,10,191),(1065,10,192),(1066,10,193),(1067,10,194),(1068,10,195),(1069,10,196),(1070,10,197),(1071,10,198),(1072,10,199),(1073,10,200),(1074,10,201),(1075,10,202),(1076,10,203),(1077,10,204),(1078,10,205),(1079,10,206),(1080,10,207),(1081,10,208),(1082,10,209),(1083,10,210),(1084,10,211),(1085,10,212),(1086,10,213),(1087,10,214),(1088,10,215),(1089,10,216),(1090,10,217),(1091,10,218),(1092,10,219),(1093,10,220),(1094,10,221),(1095,10,222),(1096,10,223),(1097,10,224),(1098,10,225),(1099,10,226),(1100,10,227),(1101,10,228),(1102,10,229),(1103,10,230),(1104,10,231),(1105,10,232),(1106,10,233),(1107,10,234),(1108,10,235),(1109,10,236),(1110,10,237),(1111,10,238),(1112,10,239),(1113,10,240),(1114,10,241),(1115,10,242),(1116,10,243),(1117,10,244),(1118,10,245),(1119,10,246),(1120,10,247),(1121,10,248),(1122,10,249),(1123,10,250),(1124,10,251),(1125,10,252),(1126,10,253),(1127,10,254),(1128,10,255),(1129,10,256),(1130,10,257),(1131,10,258),(1132,10,259),(1133,10,260),(1134,10,261),(1135,10,262),(1136,10,263),(1137,10,264),(1138,10,265),(1139,10,266),(1140,10,267),(1141,10,268),(1142,10,269),(1143,10,270),(1144,10,271),(1145,10,272),(1146,10,273),(1147,10,274),(1148,10,275),(1149,11,1),(1150,11,2),(1151,11,3),(1152,11,4),(1153,11,5),(1154,11,6),(1155,11,7),(1156,11,8),(1157,11,9),(1158,11,10),(1159,11,11),(1160,11,12),(1161,11,13),(1162,11,14),(1163,11,15),(1164,11,16),(1165,11,17),(1166,11,18),(1167,11,19),(1168,11,20),(1169,11,21),(1170,11,22),(1171,11,23),(1172,11,24),(1173,11,25),(1174,11,26),(1175,11,27),(1176,11,28),(1177,11,29),(1178,11,30),(1179,11,31),(1180,11,32),(1181,11,33),(1182,11,34),(1183,11,35),(1184,11,36),(1185,11,37),(1186,11,38),(1187,11,39),(1188,11,40),(1189,11,41),(1190,11,42),(1191,11,43),(1192,11,44),(1193,11,45),(1194,11,46),(1195,11,47),(1196,11,48),(1197,11,49),(1198,11,50),(1199,11,51),(1200,11,52),(1201,11,53),(1202,11,54),(1203,11,55),(1204,11,56),(1205,11,57),(1206,11,58),(1207,11,59),(1208,11,60),(1209,11,61),(1210,11,62),(1211,11,63),(1212,11,64),(1213,11,65),(1214,11,66),(1215,11,67),(1216,11,68),(1217,11,69),(1218,11,70),(1219,11,71),(1220,11,72),(1221,11,73),(1222,11,74),(1223,11,75),(1224,11,76),(1225,11,77),(1226,11,78),(1227,11,79),(1228,11,80),(1229,11,81),(1230,11,82),(1231,11,83),(1232,11,84),(1233,11,85),(1234,11,86),(1235,11,87),(1236,11,88),(1237,11,89),(1238,11,90),(1239,11,91),(1240,11,92),(1241,11,93),(1242,11,94),(1243,11,95),(1244,11,96),(1245,11,97),(1246,11,98),(1247,11,99),(1248,11,100),(1249,11,101),(1250,11,102),(1251,11,103),(1252,11,104),(1253,11,105),(1254,11,106),(1255,11,107),(1256,11,108),(1257,11,109),(1258,11,110),(1259,11,111),(1260,11,112),(1261,11,113),(1262,11,114),(1263,11,115),(1264,11,116),(1265,11,117),(1266,11,118),(1267,11,119),(1268,11,120),(1269,11,121),(1270,11,122),(1271,11,123),(1272,11,124),(1273,11,125),(1274,11,126),(1275,11,127),(1276,11,128),(1277,11,129),(1278,11,130),(1279,11,131),(1280,11,132),(1281,11,133),(1282,11,134),(1283,11,135),(1284,11,136),(1285,11,137),(1286,11,138),(1287,11,139),(1288,11,140),(1289,11,141),(1290,11,142),(1291,11,143),(1292,11,144),(1293,11,145),(1294,11,146),(1295,11,147),(1296,11,148),(1297,11,149),(1298,11,150),(1299,11,151),(1300,11,152),(1301,11,153),(1302,11,154),(1303,11,155),(1304,11,156),(1305,11,157),(1306,11,158),(1307,11,159),(1308,11,160),(1309,11,161),(1310,11,162),(1311,11,163),(1312,11,164),(1313,11,165),(1314,11,166),(1315,11,167),(1316,11,168),(1317,11,169),(1318,11,170),(1319,11,171),(1320,11,172),(1321,11,173),(1322,11,174),(1323,11,175),(1324,11,176),(1325,11,177),(1326,11,178),(1327,11,179),(1328,11,180),(1329,11,181),(1330,11,182),(1331,11,183),(1332,11,184),(1333,11,185),(1334,11,186),(1335,11,187),(1336,11,188),(1337,11,189),(1338,11,190),(1339,11,191),(1340,11,192),(1341,11,193),(1342,11,194),(1343,11,195),(1344,11,196),(1345,11,197),(1346,11,198),(1347,11,199),(1348,11,200),(1349,11,201),(1350,11,202),(1351,11,203),(1352,11,204),(1353,11,205),(1354,11,206),(1355,11,207),(1356,11,208),(1357,11,209),(1358,11,210),(1359,11,211),(1360,11,212),(1361,11,213),(1362,11,214),(1363,11,215),(1364,11,216),(1365,11,217),(1366,11,218),(1367,11,219),(1368,11,220),(1369,11,221),(1370,11,222),(1371,11,223),(1372,11,224),(1373,11,225),(1374,11,226),(1375,11,227),(1376,11,228),(1377,11,229),(1378,11,230),(1379,11,231),(1380,11,232),(1381,11,233),(1382,11,234),(1383,11,235),(1384,11,236),(1385,11,237),(1386,11,238),(1387,11,239),(1388,11,240),(1389,11,241),(1390,11,242),(1391,11,243),(1392,11,244),(1393,11,245),(1394,11,246),(1395,11,247),(1396,11,248),(1397,11,249),(1398,11,250),(1399,11,251),(1400,11,252),(1401,11,253),(1402,11,254),(1403,11,255),(1404,11,256),(1405,11,257),(1406,11,258),(1407,11,259),(1408,11,260),(1409,11,261),(1410,11,262),(1411,11,263),(1412,11,264),(1413,11,265),(1414,11,266),(1415,11,267),(1416,11,268),(1417,11,269),(1418,11,270),(1419,11,271),(1420,11,272),(1421,11,273),(1422,11,274),(1423,11,275),(1426,12,69),(1427,12,74),(1428,12,76),(1425,12,96),(1429,12,121),(1430,12,122),(1424,12,128),(1431,13,1),(1432,13,2),(1433,13,3),(1434,13,39),(1435,13,40),(1436,13,41),(1437,13,42),(1438,13,43),(1439,13,44),(1440,13,45),(1441,13,46),(1442,13,47),(1443,13,48),(1444,13,49),(1445,13,50),(1446,13,51),(1447,13,52),(1448,13,53),(1449,13,54),(1450,13,55),(1451,13,56),(1452,13,57),(1453,13,58),(1454,13,59),(1455,13,60),(1456,13,61),(1457,13,62),(1458,13,63),(1459,13,64),(1460,13,65),(1461,13,66),(1462,13,67),(1463,13,68),(1464,13,69),(1465,13,70),(1466,13,71),(1467,13,72),(1468,13,73),(1469,13,74),(1470,13,75),(1471,13,76),(1472,13,77),(1473,13,78),(1474,13,79),(1475,13,80),(1476,13,81),(1477,13,82),(1478,13,83),(1479,13,84),(1480,13,85),(1481,13,86),(1482,13,87),(1483,13,88),(1484,13,89),(1485,13,90),(1486,13,91),(1487,13,92),(1488,13,93),(1489,13,94),(1490,13,95),(1491,13,96),(1492,13,97),(1493,13,98),(1494,13,99),(1495,13,100),(1496,13,101),(1497,13,102),(1498,13,103),(1499,13,104),(1500,13,105),(1501,13,106),(1502,13,107),(1503,13,108),(1504,13,109),(1505,13,110),(1506,13,111),(1507,13,112),(1508,13,113),(1509,13,114),(1510,13,115),(1511,13,116),(1512,13,117),(1513,13,118),(1514,13,119),(1515,13,120),(1516,13,121),(1517,13,122),(1518,13,123),(1519,13,125),(1520,13,126),(1521,13,127),(1522,13,128),(1523,13,129),(1524,13,130),(1525,13,131),(1526,13,132),(1527,13,133),(1528,13,134),(1529,13,135),(1530,13,136),(1531,13,137),(1532,13,138),(1533,13,139),(1534,13,140),(1535,13,141),(1536,13,142),(1537,13,143),(1538,13,144),(1539,13,145),(1540,13,146),(1541,13,147),(1542,13,148),(1543,13,275);
/*!40000 ALTER TABLE `auth_group_permissions` ENABLE KEYS */;
UNLOCK TABLES;

--
-- Table structure for table `auth_permission`
--

DROP TABLE IF EXISTS `auth_permission`;
/*!40101 SET @saved_cs_client     = @@character_set_client */;
/*!40101 SET character_set_client = utf8 */;
CREATE TABLE `auth_permission` (
  `id` int(11) NOT NULL AUTO_INCREMENT,
  `name` varchar(255) NOT NULL,
  `content_type_id` int(11) NOT NULL,
  `codename` varchar(100) NOT NULL,
  PRIMARY KEY (`id`),
  UNIQUE KEY `auth_permission_content_type_id_01ab375a_uniq` (`content_type_id`,`codename`),
  CONSTRAINT `auth_permissi_content_type_id_2f476e4b_fk_django_content_type_id` FOREIGN KEY (`content_type_id`) REFERENCES `django_content_type` (`id`)
) ENGINE=InnoDB AUTO_INCREMENT=288 DEFAULT CHARSET=latin1;
/*!40101 SET character_set_client = @saved_cs_client */;

--
-- Dumping data for table `auth_permission`
--

LOCK TABLES `auth_permission` WRITE;
/*!40000 ALTER TABLE `auth_permission` DISABLE KEYS */;
INSERT INTO `auth_permission` VALUES (1,'Can add log entry',1,'add_logentry'),(2,'Can change log entry',1,'change_logentry'),(3,'Can delete log entry',1,'delete_logentry'),(4,'Can add permission',2,'add_permission'),(5,'Can change permission',2,'change_permission'),(6,'Can delete permission',2,'delete_permission'),(7,'Can add user',3,'add_user'),(8,'Can change user',3,'change_user'),(9,'Can delete user',3,'delete_user'),(10,'Can add group',4,'add_group'),(11,'Can change group',4,'change_group'),(12,'Can delete group',4,'delete_group'),(13,'Can add content type',5,'add_contenttype'),(14,'Can change content type',5,'change_contenttype'),(15,'Can delete content type',5,'delete_contenttype'),(16,'Can add session',6,'add_session'),(17,'Can change session',6,'change_session'),(18,'Can delete session',6,'delete_session'),(19,'Can add grant',7,'add_grant'),(20,'Can change grant',7,'change_grant'),(21,'Can delete grant',7,'delete_grant'),(22,'Can add access token',8,'add_accesstoken'),(23,'Can change access token',8,'change_accesstoken'),(24,'Can delete access token',8,'delete_accesstoken'),(25,'Can add refresh token',9,'add_refreshtoken'),(26,'Can change refresh token',9,'change_refreshtoken'),(27,'Can delete refresh token',9,'delete_refreshtoken'),(28,'Can add application',10,'add_application'),(29,'Can change application',10,'change_application'),(30,'Can delete application',10,'delete_application'),(31,'Can add erp user',11,'add_erpuser'),(32,'Can change erp user',11,'change_erpuser'),(33,'Can delete erp user',11,'delete_erpuser'),(34,'Es director general',11,'is_general_director'),(35,'Es director de obras',11,'is_project_director'),(36,'Es vicepresidente empresarial',11,'is_vicepresident'),(37,'Es jefe de administración',11,'is_head_manager'),(38,'Es presidente',11,'is_president'),(39,'Can add País',12,'add_pais'),(40,'Can change País',12,'change_pais'),(41,'Can delete País',12,'delete_pais'),(42,'Can add estado',13,'add_estado'),(43,'Can change estado',13,'change_estado'),(44,'Can delete estado',13,'delete_estado'),(45,'Can add municipio',14,'add_municipio'),(46,'Can change municipio',14,'change_municipio'),(47,'Can delete municipio',14,'delete_municipio'),(48,'Can add Tipo de Construcción',15,'add_tipoconstruccion'),(49,'Can change Tipo de Construcción',15,'change_tipoconstruccion'),(50,'Can delete Tipo de Construcción',15,'delete_tipoconstruccion'),(51,'Can add departamento',16,'add_departamento'),(52,'Can change departamento',16,'change_departamento'),(53,'Can delete departamento',16,'delete_departamento'),(54,'Can add area',17,'add_area'),(55,'Can change area',17,'change_area'),(56,'Can delete area',17,'delete_area'),(57,'Can add puesto',18,'add_puesto'),(58,'Can change puesto',18,'change_puesto'),(59,'Can delete puesto',18,'delete_puesto'),(60,'Can add modalidad contrato',19,'add_modalidadcontrato'),(61,'Can change modalidad contrato',19,'change_modalidadcontrato'),(62,'Can delete modalidad contrato',19,'delete_modalidadcontrato'),(63,'Can add empleado',20,'add_empleado'),(64,'Can change empleado',20,'change_empleado'),(65,'Can delete empleado',20,'delete_empleado'),(66,'Can add contratista',21,'add_contratista'),(67,'Can change contratista',21,'change_contratista'),(68,'Can delete contratista',21,'delete_contratista'),(69,'Can see contractor listing',21,'view_list_contratista'),(70,'Can add contact',22,'add_contact'),(71,'Can change contact',22,'change_contact'),(72,'Can delete contact',22,'delete_contact'),(73,'Can add empresa',23,'add_empresa'),(74,'Can change empresa',23,'change_empresa'),(75,'Can delete empresa',23,'delete_empresa'),(76,'Can see client listing',23,'view_list_empresa'),(77,'Can add contrato contratista',24,'add_contratocontratista'),(78,'Can change contrato contratista',24,'change_contratocontratista'),(79,'Can delete contrato contratista',24,'delete_contratocontratista'),(80,'Can see contractor contract listing',24,'view_list_contratocontratista'),(81,'Can add contract concepts',25,'add_contractconcepts'),(82,'Can change contract concepts',25,'change_contractconcepts'),(83,'Can delete contract concepts',25,'delete_contractconcepts'),(84,'Can add propietario',26,'add_propietario'),(85,'Can change propietario',26,'change_propietario'),(86,'Can delete propietario',26,'delete_propietario'),(87,'Can add documento fuente',27,'add_documentofuente'),(88,'Can change documento fuente',27,'change_documentofuente'),(89,'Can delete documento fuente',27,'delete_documentofuente'),(90,'Can add Detalle del Tipo de Proyecto',28,'add_tipoproyectodetalle'),(91,'Can change Detalle del Tipo de Proyecto',28,'change_tipoproyectodetalle'),(92,'Can delete Detalle del Tipo de Proyecto',28,'delete_tipoproyectodetalle'),(93,'Can add project',29,'add_project'),(94,'Can change project',29,'change_project'),(95,'Can delete project',29,'delete_project'),(96,'Can see project listing',29,'view_list_project'),(97,'Can add Programación de Pagos',30,'add_paymentschedule'),(98,'Can change Programación de Pagos',30,'change_paymentschedule'),(99,'Can delete Programación de Pagos',30,'delete_paymentschedule'),(100,'Can add Sección',31,'add_section'),(101,'Can change Sección',31,'change_section'),(102,'Can delete Sección',31,'delete_section'),(103,'Can add Sección de Proyecto',32,'add_projectsections'),(104,'Can change Sección de Proyecto',32,'change_projectsections'),(105,'Can delete Sección de Proyecto',32,'delete_projectsections'),(106,'Can add Carga de catálogo',33,'add_uploadedcatalogshistory'),(107,'Can change Carga de catálogo',33,'change_uploadedcatalogshistory'),(108,'Can delete Carga de catálogo',33,'delete_uploadedcatalogshistory'),(109,'Can add Carga de explosión de insumos',34,'add_uploadedinputexplotionshistory'),(110,'Can change Carga de explosión de insumos',34,'change_uploadedinputexplotionshistory'),(111,'Can delete Carga de explosión de insumos',34,'delete_uploadedinputexplotionshistory'),(112,'Can add Partida',35,'add_lineitem'),(113,'Can change Partida',35,'change_lineitem'),(114,'Can delete Partida',35,'delete_lineitem'),(115,'Can add unit',36,'add_unit'),(116,'Can change unit',36,'change_unit'),(117,'Can delete unit',36,'delete_unit'),(118,'Can add Concepto',37,'add_concept_input'),(119,'Can change Concepto',37,'change_concept_input'),(120,'Can delete Concepto',37,'delete_concept_input'),(121,'Can add estimate',38,'add_estimate'),(122,'Can change estimate',38,'change_estimate'),(123,'Can delete estimate',38,'delete_estimate'),(124,'Can unlock an estimate',38,'can_unlock_estimate'),(125,'Can add Avance de la Estimación',39,'add_progressestimate'),(126,'Can change Avance de la Estimación',39,'change_progressestimate'),(127,'Can delete Avance de la Estimación',39,'delete_progressestimate'),(128,'Can add progress estimate log',40,'add_progressestimatelog'),(129,'Can change progress estimate log',40,'change_progressestimatelog'),(130,'Can delete progress estimate log',40,'delete_progressestimatelog'),(131,'Can add log file',41,'add_logfile'),(132,'Can change log file',41,'change_logfile'),(133,'Can delete log file',41,'delete_logfile'),(134,'Can add system log entry',42,'add_systemlogentry'),(135,'Can change system log entry',42,'change_systemlogentry'),(136,'Can delete system log entry',42,'delete_systemlogentry'),(137,'Can add Acceso a Proyectos',43,'add_accesstoproject'),(138,'Can change Acceso a Proyectos',43,'change_accesstoproject'),(139,'Can delete Acceso a Proyectos',43,'delete_accesstoproject'),(140,'Can add progress estimate authorization',44,'add_progressestimateauthorization'),(141,'Can change progress estimate authorization',44,'change_progressestimateauthorization'),(142,'Can delete progress estimate authorization',44,'delete_progressestimateauthorization'),(143,'Can add estimate advance authorization',45,'add_estimateadvanceauthorization'),(144,'Can change estimate advance authorization',45,'change_estimateadvanceauthorization'),(145,'Can delete estimate advance authorization',45,'delete_estimateadvanceauthorization'),(146,'Can add Registro de Carga',46,'add_usuariofolio'),(147,'Can change Registro de Carga',46,'change_usuariofolio'),(148,'Can delete Registro de Carga',46,'delete_usuariofolio'),(149,'Can add Empleado',47,'add_employee'),(150,'Can change Empleado',47,'change_employee'),(151,'Can delete Empleado',47,'delete_employee'),(152,'Can add Datos de Checador del Empleado',48,'add_checkerdata'),(153,'Can change Datos de Checador del Empleado',48,'change_checkerdata'),(154,'Can delete Datos de Checador del Empleado',48,'delete_checkerdata'),(155,'Can add Régimen Fiscal',49,'add_taxregime'),(156,'Can change Régimen Fiscal',49,'change_taxregime'),(157,'Can delete Régimen Fiscal',49,'delete_taxregime'),(158,'Can add Documento Probatorio',50,'add_employeedocument'),(159,'Can change Documento Probatorio',50,'change_employeedocument'),(160,'Can delete Documento Probatorio',50,'delete_employeedocument'),(161,'Can add Etiquetas',51,'add_documenttype'),(162,'Can change Etiquetas',51,'change_documenttype'),(163,'Can delete Etiquetas',51,'delete_documenttype'),(164,'Can add Etiqueta',52,'add_tag'),(165,'Can change Etiqueta',52,'change_tag'),(166,'Can delete Etiqueta',52,'delete_tag'),(167,'Can add Etiqueta del Empleado',53,'add_employeehastag'),(168,'Can change Etiqueta del Empleado',53,'change_employeehastag'),(169,'Can delete Etiqueta del Empleado',53,'delete_employeehastag'),(170,'Can add Formación Académica Actual del Empleado',54,'add_currenteducation'),(171,'Can change Formación Académica Actual del Empleado',54,'change_currenteducation'),(172,'Can delete Formación Académica Actual del Empleado',54,'delete_currenteducation'),(173,'Can add Documento de la Formación Actual del Empleado',55,'add_currenteducationdocument'),(174,'Can change Documento de la Formación Actual del Empleado',55,'change_currenteducationdocument'),(175,'Can delete Documento de la Formación Actual del Empleado',55,'delete_currenteducationdocument'),(176,'Can add Formación Académica del Empleado',56,'add_education'),(177,'Can change Formación Académica del Empleado',56,'change_education'),(178,'Can delete Formación Académica del Empleado',56,'delete_education'),(179,'Can add Prueba',57,'add_test'),(180,'Can change Prueba',57,'change_test'),(181,'Can delete Prueba',57,'delete_test'),(182,'Can add Aplicación de Prueba del Empleado',58,'add_testapplication'),(183,'Can change Aplicación de Prueba del Empleado',58,'change_testapplication'),(184,'Can delete Aplicación de Prueba del Empleado',58,'delete_testapplication'),(185,'Can add Contrato del Empleado',59,'add_employeecontract'),(186,'Can change Contrato del Empleado',59,'change_employeecontract'),(187,'Can delete Contrato del Empleado',59,'delete_employeecontract'),(188,'Can add Familiar',60,'add_familymember'),(189,'Can change Familiar',60,'change_familymember'),(190,'Can delete Familiar',60,'delete_familymember'),(191,'Can add Contacto de Emergencia',61,'add_emergencycontact'),(192,'Can change Contacto de Emergencia',61,'change_emergencycontact'),(193,'Can delete Contacto de Emergencia',61,'delete_emergencycontact'),(194,'Can add Referencia Laboral',62,'add_workreference'),(195,'Can change Referencia Laboral',62,'change_workreference'),(196,'Can delete Referencia Laboral',62,'delete_workreference'),(197,'Can add Baja de Empleado',63,'add_employeedropout'),(198,'Can change Baja de Empleado',63,'change_employeedropout'),(199,'Can delete Baja de Empleado',63,'delete_employeedropout'),(200,'Can add employee assistance',64,'add_employeeassistance'),(201,'Can change employee assistance',64,'change_employeeassistance'),(202,'Can delete employee assistance',64,'delete_employeeassistance'),(203,'Can add Préstamo',65,'add_employeeloan'),(204,'Can change Préstamo',65,'change_employeeloan'),(205,'Can delete Préstamo',65,'delete_employeeloan'),(206,'Can add Dirección',66,'add_direction'),(207,'Can change Dirección',66,'change_direction'),(208,'Can delete Dirección',66,'delete_direction'),(209,'Can add Perfil de Puesto',67,'add_jobprofile'),(210,'Can change Perfil de Puesto',67,'change_jobprofile'),(211,'Can delete Perfil de Puesto',67,'delete_jobprofile'),(212,'Can add Departamento',68,'add_department'),(213,'Can change Departamento',68,'change_department'),(214,'Can delete Departamento',68,'delete_department'),(215,'Can add Subdirección',69,'add_subdirection'),(216,'Can change Subdirección',69,'change_subdirection'),(217,'Can delete Subdirección',69,'delete_subdirection'),(218,'Can add Área',70,'add_area'),(219,'Can change Área',70,'change_area'),(220,'Can delete Área',70,'delete_area'),(221,'Can add Vacante de Empleos',71,'add_jobinstance'),(222,'Can change Vacante de Empleos',71,'change_jobinstance'),(223,'Can delete Vacante de Empleos',71,'delete_jobinstance'),(224,'Can add payment_ method',72,'add_payment_method'),(225,'Can change payment_ method',72,'change_payment_method'),(226,'Can delete payment_ method',72,'delete_payment_method'),(227,'Can add earning deduction type',73,'add_earningdeductiontype'),(228,'Can change earning deduction type',73,'change_earningdeductiontype'),(229,'Can delete earning deduction type',73,'delete_earningdeductiontype'),(230,'Can add Recibo de Nómina Procesada',74,'add_payrollreceiptprocessed'),(231,'Can change Recibo de Nómina Procesada',74,'change_payrollreceiptprocessed'),(232,'Can delete Recibo de Nómina Procesada',74,'delete_payrollreceiptprocessed'),(233,'Can add Tipos de Nómina',75,'add_payrolltype'),(234,'Can change Tipos de Nómina',75,'change_payrolltype'),(235,'Can delete Tipos de Nómina',75,'delete_payrolltype'),(236,'Can add yn type',76,'add_yntype'),(237,'Can change yn type',76,'change_yntype'),(238,'Can delete yn type',76,'delete_yntype'),(239,'Can add Nómina Procesada',77,'add_payrollprocessed'),(240,'Can change Nómina Procesada',77,'change_payrollprocessed'),(241,'Can delete Nómina Procesada',77,'delete_payrollprocessed'),(242,'Can add payrol l_clasification',78,'add_payroll_clasification'),(243,'Can change payrol l_clasification',78,'change_payroll_clasification'),(244,'Can delete payrol l_clasification',78,'delete_payroll_clasification'),(245,'Can add bank',79,'add_bank'),(246,'Can change bank',79,'change_bank'),(247,'Can delete bank',79,'delete_bank'),(248,'Can add Nómina a Procesar',80,'add_payrolltoprocess'),(249,'Can change Nómina a Procesar',80,'change_payrolltoprocess'),(250,'Can delete Nómina a Procesar',80,'delete_payrolltoprocess'),(251,'Can add Percepciones y Deducciones',81,'add_earningsdeductions'),(252,'Can change Percepciones y Deducciones',81,'change_earningsdeductions'),(253,'Can delete Percepciones y Deducciones',81,'delete_earningsdeductions'),(254,'Can add Detalle de Nómina Procesada',82,'add_payrollprocesseddetail'),(255,'Can change Detalle de Nómina Procesada',82,'change_payrollprocesseddetail'),(256,'Can delete Detalle de Nómina Procesada',82,'delete_payrollprocesseddetail'),(257,'Can add Deducciones y Percepciones por Empleado',83,'add_employeeearningsdeductions'),(258,'Can change Deducciones y Percepciones por Empleado',83,'change_employeeearningsdeductions'),(259,'Can delete Deducciones y Percepciones por Empleado',83,'delete_employeeearningsdeductions'),(260,'Can add earnings deductions category',84,'add_earningsdeductionscategory'),(261,'Can change earnings deductions category',84,'change_earningsdeductionscategory'),(262,'Can delete earnings deductions category',84,'delete_earningsdeductionscategory'),(263,'Can add Periodos de Nómina',85,'add_payrollperiod'),(264,'Can change Periodos de Nómina',85,'change_payrollperiod'),(265,'Can delete Periodos de Nómina',85,'delete_payrollperiod'),(266,'Can add Descripción de Puesto del Empleado',86,'add_employeepositiondescription'),(267,'Can change Descripción de Puesto del Empleado',86,'change_employeepositiondescription'),(268,'Can delete Descripción de Puesto del Empleado',86,'delete_employeepositiondescription'),(269,'Can add Datos del Infonavit del Empleado',87,'add_infonavitdata'),(270,'Can change Datos del Infonavit del Empleado',87,'change_infonavitdata'),(271,'Can delete Datos del Infonavit del Empleado',87,'delete_infonavitdata'),(272,'Can add Datos Financieros del Empleado',88,'add_employeefinancialdata'),(273,'Can change Datos Financieros del Empleado',88,'change_employeefinancialdata'),(274,'Can delete Datos Financieros del Empleado',88,'delete_employeefinancialdata'),(275,'Can change project log status',40,'change_log_status'),(276,'Can add Periodo Percepción / Deducción',89,'add_earningdeductionperiod'),(277,'Can change Periodo Percepción / Deducción',89,'change_earningdeductionperiod'),(278,'Can delete Periodo Percepción / Deducción',89,'delete_earningdeductionperiod'),(279,'Can add Grupo de Nómina',90,'add_payrollgroup'),(280,'Can change Grupo de Nómina',90,'change_payrollgroup'),(281,'Can delete Grupo de Nómina',90,'delete_payrollgroup'),(282,'Can add Clasificación de Nómina',91,'add_payrollclassification'),(283,'Can change Clasificación de Nómina',91,'change_payrollclassification'),(284,'Can delete Clasificación de Nómina',91,'delete_payrollclassification'),(285,'Can add Deducciones y Percepciones por Periodo',92,'add_employeeearningsdeductionsbyperiod'),(286,'Can change Deducciones y Percepciones por Periodo',92,'change_employeeearningsdeductionsbyperiod'),(287,'Can delete Deducciones y Percepciones por Periodo',92,'delete_employeeearningsdeductionsbyperiod');
/*!40000 ALTER TABLE `auth_permission` ENABLE KEYS */;
UNLOCK TABLES;

--
-- Table structure for table `auth_user`
--

DROP TABLE IF EXISTS `auth_user`;
/*!40101 SET @saved_cs_client     = @@character_set_client */;
/*!40101 SET character_set_client = utf8 */;
CREATE TABLE `auth_user` (
  `id` int(11) NOT NULL AUTO_INCREMENT,
  `password` varchar(128) NOT NULL,
  `last_login` datetime(6) DEFAULT NULL,
  `is_superuser` tinyint(1) NOT NULL,
  `username` varchar(150) NOT NULL,
  `first_name` varchar(30) NOT NULL,
  `last_name` varchar(30) NOT NULL,
  `email` varchar(254) NOT NULL,
  `is_staff` tinyint(1) NOT NULL,
  `is_active` tinyint(1) NOT NULL,
  `date_joined` datetime(6) NOT NULL,
  PRIMARY KEY (`id`),
  UNIQUE KEY `username` (`username`)
) ENGINE=InnoDB AUTO_INCREMENT=51 DEFAULT CHARSET=latin1;
/*!40101 SET character_set_client = @saved_cs_client */;

--
-- Dumping data for table `auth_user`
--

LOCK TABLES `auth_user` WRITE;
/*!40000 ALTER TABLE `auth_user` DISABLE KEYS */;
INSERT INTO `auth_user` VALUES (1,'pbkdf2_sha256$36000$6af3AUzVodo9$/x2TOeHlwgaNF3SA8NbAu8rfxHFOr0yUTq9ROrQG0qg=','2017-11-13 15:15:18.936914',0,'salcedo','Salcedo','Construcciones','salcedo@gmail.com',1,1,'2017-08-25 17:27:31.000000'),(2,'pbkdf2_sha256$30000$ny44J5DquJ8u$KAInM9CDaxWmixo6L8UUgK83BgJiKx2tST4vj81Awjs=','2017-10-17 22:26:49.216982',0,'pepe','José','Carranza','jose@orion.studio',1,1,'2017-08-31 09:39:48.731000'),(7,'pbkdf2_sha256$36000$TRFZvoJt56f8$VdKQIX34k1IPZPjvPT+sw4NxwZ0xWrl0OQ8i5TfcPNE=','2017-10-09 16:06:49.000000',1,'oscar','Oscar','Sánchez','oscar@orion.studio',1,1,'2017-09-26 21:11:42.991000'),(15,'pbkdf2_sha256$30000$4G6srNMbSUnS$99E6/+z3Jo4nfI8h0GKpk/C5Zdb5hp5SU2vDvNsy47w=','2017-10-16 22:28:50.511000',0,'test','Test','test','test@test.com',1,1,'2017-10-16 22:24:19.714000'),(16,'pbkdf2_sha256$30000$P08Sxzwxa3NT$QgEcAVSOYaNTDJ6z9nrM/DmpT1qREkgJ5Gy3JVdhgfw=','2017-10-17 23:06:38.962340',0,'auditoria','Auditoría','Salcedo','auditoria@test.com',1,1,'2017-10-17 05:16:03.059000'),(17,'pbkdf2_sha256$30000$DBqnieHZk2tV$CgP2gvCR6VRG9daTQgNdSH++UwmbfoJY9YnNx2yeu3Y=','2017-10-17 16:48:33.593000',0,'director-general','Director','General','director_general@test.com',1,1,'2017-10-17 06:35:56.692000'),(18,'pbkdf2_sha256$30000$1oIq7ZXYfPy3$n8+5BsbDE2fNwnFVzdopxMdSfDfZKGZ77aB66hGZKIA=','2017-10-17 20:09:09.527880',0,'director-de-obras','Director','De obras','director_de_obras@test.co',1,1,'2017-10-17 06:36:31.866000'),(19,'pbkdf2_sha256$30000$raRDOp1KkB6f$NkI5D5mFhiT1KOJm0ps3jzrJAlYtvGRL+5DQH9iIyuk=','2017-10-17 16:48:02.176000',0,'vicepresidente-empresarial','Vicepresidente','Empresarial','vicepresidente_empresarial@test.com',1,1,'2017-10-17 06:37:31.391000'),(20,'pbkdf2_sha256$30000$QEe3HttU4W4d$02uim7kDB8BOAR9AueyZf5Y50eVSjC4+LxQ65O1vftA=','2017-10-17 23:00:40.556536',0,'jefe-de-administracion','Jefe','De Administración','jefe_de_administracion@test.com',1,1,'2017-10-17 06:38:07.495000'),(21,'pbkdf2_sha256$30000$7eRmTPtIZq3O$rArG03a2fO0PSlOz3NeN9TYH1Lpo5Rtc1yuAMtv8/98=','2017-10-17 19:57:03.519830',0,'presidente','Presidente','Salcedo','presidente@test.com',1,1,'2017-10-17 06:38:30.581000'),(22,'pbkdf2_sha256$30000$VaXthilM6Mow$Rns8LEH/7GiABrPXYECsy0ybfoJTvbBHNJnyGFbpMeI=','2017-10-17 16:49:59.507000',0,'rodrigo','Rodrigo','Martínez','rodrigo@test.com',1,1,'2017-10-17 16:49:36.967000'),(40,'pbkdf2_sha256$30000$aJMmNWVfwLQE$vXm8IJO59wLbM7G5wO4M1v9XiphtqMR6yGYzptq+Ry8=',NULL,0,'cristian','Cristian','Méndez','cristian@test.com',1,1,'2017-10-17 18:20:02.472383'),(41,'pbkdf2_sha256$36000$rpd8fqSu6FrY$YtdOvRimUhEVzljPYT6DWNd70EZUedpredkFl1cmsoM=','2017-11-13 15:10:33.029509',0,'obras1','Usuario','Obras','obras1@salcedo.com',1,1,'2017-11-13 05:54:27.549194'),(42,'pbkdf2_sha256$30000$oH5ejIqkgUJe$OVP80HQSpjczLuFo874O/fgkHP6ftertzYAsrV7+mE8=',NULL,0,'obras2','Usuario','Obras 2','obras2@salcedo.com',1,1,'2017-11-13 05:55:11.405295'),(43,'pbkdf2_sha256$30000$FeXcpSpUq7ao$xTtwQ3mPLVM4JvccECNSXNqYAl/UJC0c5gSn0ChDGWM=',NULL,0,'obras3','Usuario','Obras 3','obras3@salcedo.com',1,1,'2017-11-13 05:55:59.379928'),(44,'pbkdf2_sha256$30000$focKZ79zM21c$s2YU2l097PWgjdKw/iZBjacO7pGJJsU9jACAeakBJE8=',NULL,0,'obras4','Usuario','Obras 4','obras4@test.com',1,1,'2017-11-13 05:56:39.063201'),(45,'pbkdf2_sha256$30000$o9huEjFtsBBQ$4m8NVIzNu6hwkcxG3hItBn9Jho65/3dLfL/eUGjSB8c=',NULL,0,'obras5','Usuairo','Obras 5','obras5@salcedo.com',1,1,'2017-11-13 05:57:05.797547'),(46,'pbkdf2_sha256$30000$sUg6pUqMRsKy$NBxKD7VqtKYi8h5KO8LC7EiWPpchlDO5QzfinnQd0rc=',NULL,0,'obras6','Usuario','Obras6','obras6@test.com',1,1,'2017-11-13 05:57:36.929334'),(47,'pbkdf2_sha256$30000$UuG2S2qz81h5$Nuta3IZynK1QE1W1/ZS0Q7K6vGdu0Jl5b8chVw91gvI=',NULL,0,'obras7','Usuario','Obras 7','obras7@salcedo.com',1,1,'2017-11-13 05:58:54.445445'),(48,'pbkdf2_sha256$30000$hQgcM70SnpvA$BA0Rvr5/o4N3/h/bWeRQsmTS00n3QsZ11qq1OtQxcA8=',NULL,0,'obras8','Usuario','Obras 8','obras8@test.com',1,1,'2017-11-13 05:59:20.596395'),(49,'pbkdf2_sha256$30000$kX1GJLtbY0kH$kBijD0VBO3W9tFPuQmtSasH3iP3qXSmULqA2y8xuw7Y=',NULL,0,'obras9','Usuario','Obras 9','obras9@salcedo.com',1,1,'2017-11-13 05:59:47.061938'),(50,'pbkdf2_sha256$30000$ZTclu241k3wP$XPsMy2FZXm8tYA2y9DixqxVJIPnQ/rakL4w5DWvPV1Q=',NULL,0,'obras10','Usuario','Obras10','obras10@salcedo.com',1,1,'2017-11-13 06:00:17.665608');
/*!40000 ALTER TABLE `auth_user` ENABLE KEYS */;
UNLOCK TABLES;

--
-- Table structure for table `auth_user_groups`
--

DROP TABLE IF EXISTS `auth_user_groups`;
/*!40101 SET @saved_cs_client     = @@character_set_client */;
/*!40101 SET character_set_client = utf8 */;
CREATE TABLE `auth_user_groups` (
  `id` int(11) NOT NULL AUTO_INCREMENT,
  `user_id` int(11) NOT NULL,
  `group_id` int(11) NOT NULL,
  PRIMARY KEY (`id`),
  UNIQUE KEY `auth_user_groups_user_id_94350c0c_uniq` (`user_id`,`group_id`),
  KEY `auth_user_groups_group_id_97559544_fk_auth_group_id` (`group_id`),
  CONSTRAINT `auth_user_groups_group_id_97559544_fk_auth_group_id` FOREIGN KEY (`group_id`) REFERENCES `auth_group` (`id`),
  CONSTRAINT `auth_user_groups_user_id_6a12ed8b_fk_auth_user_id` FOREIGN KEY (`user_id`) REFERENCES `auth_user` (`id`)
) ENGINE=InnoDB AUTO_INCREMENT=30 DEFAULT CHARSET=latin1;
/*!40101 SET character_set_client = @saved_cs_client */;

--
-- Dumping data for table `auth_user_groups`
--

LOCK TABLES `auth_user_groups` WRITE;
/*!40000 ALTER TABLE `auth_user_groups` DISABLE KEYS */;
INSERT INTO `auth_user_groups` VALUES (11,1,1),(12,1,2),(13,1,3),(14,1,4),(15,1,5),(16,1,6),(17,1,7),(18,1,8),(19,1,9),(10,2,2),(1,15,3),(2,16,4),(3,17,5),(4,18,6),(5,19,7),(6,20,8),(7,21,9),(8,22,4),(20,41,13),(21,42,13),(22,43,13),(23,44,13),(24,45,13),(25,46,13),(26,47,13),(27,48,13),(28,49,13),(29,50,13);
/*!40000 ALTER TABLE `auth_user_groups` ENABLE KEYS */;
UNLOCK TABLES;

--
-- Table structure for table `auth_user_user_permissions`
--

DROP TABLE IF EXISTS `auth_user_user_permissions`;
/*!40101 SET @saved_cs_client     = @@character_set_client */;
/*!40101 SET character_set_client = utf8 */;
CREATE TABLE `auth_user_user_permissions` (
  `id` int(11) NOT NULL AUTO_INCREMENT,
  `user_id` int(11) NOT NULL,
  `permission_id` int(11) NOT NULL,
  PRIMARY KEY (`id`),
  UNIQUE KEY `auth_user_user_permissions_user_id_14a6b632_uniq` (`user_id`,`permission_id`),
  KEY `auth_user_user_perm_permission_id_1fbb5f2c_fk_auth_permission_id` (`permission_id`),
  CONSTRAINT `auth_user_user_perm_permission_id_1fbb5f2c_fk_auth_permission_id` FOREIGN KEY (`permission_id`) REFERENCES `auth_permission` (`id`),
  CONSTRAINT `auth_user_user_permissions_user_id_a95ead1b_fk_auth_user_id` FOREIGN KEY (`user_id`) REFERENCES `auth_user` (`id`)
) ENGINE=InnoDB AUTO_INCREMENT=273 DEFAULT CHARSET=latin1;
/*!40101 SET character_set_client = @saved_cs_client */;

--
-- Dumping data for table `auth_user_user_permissions`
--

LOCK TABLES `auth_user_user_permissions` WRITE;
/*!40000 ALTER TABLE `auth_user_user_permissions` DISABLE KEYS */;
INSERT INTO `auth_user_user_permissions` VALUES (1,1,1),(2,1,2),(3,1,3),(4,1,4),(5,1,5),(6,1,6),(7,1,7),(8,1,8),(9,1,9),(10,1,10),(11,1,11),(12,1,12),(13,1,13),(14,1,14),(15,1,15),(16,1,16),(17,1,17),(18,1,18),(19,1,19),(20,1,20),(21,1,21),(22,1,22),(23,1,23),(24,1,24),(25,1,25),(26,1,26),(27,1,27),(28,1,28),(29,1,29),(30,1,30),(31,1,31),(32,1,32),(33,1,33),(34,1,34),(35,1,35),(36,1,36),(37,1,37),(38,1,38),(39,1,39),(40,1,40),(41,1,41),(42,1,42),(43,1,43),(44,1,44),(45,1,45),(46,1,46),(47,1,47),(48,1,48),(49,1,49),(50,1,50),(51,1,51),(52,1,52),(53,1,53),(54,1,54),(55,1,55),(56,1,56),(57,1,57),(58,1,58),(59,1,59),(60,1,60),(61,1,61),(62,1,62),(63,1,63),(64,1,64),(65,1,65),(66,1,66),(67,1,67),(68,1,68),(69,1,69),(70,1,70),(71,1,71),(72,1,72),(73,1,73),(74,1,74),(75,1,75),(76,1,76),(77,1,77),(78,1,78),(79,1,79),(80,1,80),(81,1,81),(82,1,82),(83,1,83),(84,1,84),(85,1,85),(86,1,86),(87,1,87),(88,1,88),(89,1,89),(90,1,90),(91,1,94),(92,1,95),(93,1,96),(94,1,97),(95,1,98),(96,1,99),(97,1,100),(98,1,101),(99,1,102),(100,1,103),(101,1,104),(102,1,105),(103,1,106),(104,1,107),(105,1,108),(106,1,109),(107,1,110),(108,1,111),(109,1,112),(110,1,113),(111,1,114),(112,1,115),(113,1,116),(114,1,117),(115,1,118),(116,1,119),(117,1,120),(118,1,121),(119,1,122),(120,1,123),(121,1,124),(122,1,125),(123,1,126),(124,1,127),(125,1,128),(126,1,129),(127,1,130),(128,1,131),(129,1,132),(130,1,133),(131,1,134),(132,1,139),(133,1,140),(134,1,141),(135,1,142),(136,1,143),(137,2,1),(138,2,2),(139,2,3),(140,2,4),(141,2,5),(142,2,6),(143,2,7),(144,2,8),(145,2,9),(146,2,10),(147,2,11),(148,2,12),(149,2,13),(150,2,14),(151,2,15),(152,2,16),(153,2,17),(154,2,18),(155,2,19),(156,2,20),(157,2,21),(158,2,22),(159,2,23),(160,2,24),(161,2,25),(162,2,26),(163,2,27),(164,2,28),(165,2,29),(166,2,30),(167,2,31),(168,2,32),(169,2,33),(170,2,34),(171,2,35),(172,2,36),(173,2,37),(174,2,38),(175,2,39),(176,2,40),(177,2,41),(178,2,42),(179,2,43),(180,2,44),(181,2,45),(182,2,46),(183,2,47),(184,2,48),(185,2,49),(186,2,50),(187,2,51),(188,2,52),(189,2,53),(190,2,54),(191,2,55),(192,2,56),(193,2,57),(194,2,58),(195,2,59),(196,2,60),(197,2,61),(198,2,62),(199,2,63),(200,2,64),(201,2,65),(202,2,66),(203,2,67),(204,2,68),(205,2,69),(206,2,70),(207,2,71),(208,2,72),(209,2,73),(210,2,74),(211,2,75),(212,2,76),(213,2,77),(214,2,78),(215,2,79),(216,2,80),(217,2,81),(218,2,82),(219,2,83),(220,2,84),(221,2,85),(222,2,86),(223,2,87),(224,2,88),(225,2,89),(226,2,90),(227,2,94),(228,2,95),(229,2,96),(230,2,97),(231,2,98),(232,2,99),(233,2,100),(234,2,101),(235,2,102),(236,2,103),(237,2,104),(238,2,105),(239,2,106),(240,2,107),(241,2,108),(242,2,109),(243,2,110),(244,2,111),(245,2,112),(246,2,113),(247,2,114),(248,2,115),(249,2,116),(250,2,117),(251,2,118),(252,2,119),(253,2,120),(254,2,121),(255,2,122),(256,2,123),(257,2,124),(258,2,125),(259,2,126),(260,2,127),(261,2,128),(262,2,129),(263,2,130),(264,2,131),(265,2,132),(266,2,133),(267,2,134),(268,2,139),(269,2,140),(270,2,141),(271,2,142),(272,2,143);
/*!40000 ALTER TABLE `auth_user_user_permissions` ENABLE KEYS */;
UNLOCK TABLES;

--
-- Table structure for table `django_admin_log`
--

DROP TABLE IF EXISTS `django_admin_log`;
/*!40101 SET @saved_cs_client     = @@character_set_client */;
/*!40101 SET character_set_client = utf8 */;
CREATE TABLE `django_admin_log` (
  `id` int(11) NOT NULL AUTO_INCREMENT,
  `action_time` datetime(6) NOT NULL,
  `object_id` longtext,
  `object_repr` varchar(200) NOT NULL,
  `action_flag` smallint(5) unsigned NOT NULL,
  `change_message` longtext NOT NULL,
  `content_type_id` int(11) DEFAULT NULL,
  `user_id` int(11) NOT NULL,
  PRIMARY KEY (`id`),
  KEY `django_admin__content_type_id_c4bce8eb_fk_django_content_type_id` (`content_type_id`),
  KEY `django_admin_log_user_id_c564eba6_fk_auth_user_id` (`user_id`),
  CONSTRAINT `django_admin__content_type_id_c4bce8eb_fk_django_content_type_id` FOREIGN KEY (`content_type_id`) REFERENCES `django_content_type` (`id`),
  CONSTRAINT `django_admin_log_user_id_c564eba6_fk_auth_user_id` FOREIGN KEY (`user_id`) REFERENCES `auth_user` (`id`)
) ENGINE=InnoDB AUTO_INCREMENT=204 DEFAULT CHARSET=latin1;
/*!40101 SET character_set_client = @saved_cs_client */;

--
-- Dumping data for table `django_admin_log`
--

LOCK TABLES `django_admin_log` WRITE;
/*!40000 ALTER TABLE `django_admin_log` DISABLE KEYS */;
INSERT INTO `django_admin_log` VALUES (1,'2017-10-17 17:54:50.982782','28','cristian',1,'[{\"added\": {}}, {\"added\": {\"object\": \"cristian\", \"name\": \"erp user\"}}]',3,2),(2,'2017-10-17 17:55:12.121232','28','cristian',2,'[]',3,2),(3,'2017-10-17 17:58:52.172074','28','cristian',3,'',3,2),(4,'2017-10-17 17:59:14.580125','29','cristian',1,'[{\"added\": {}}]',3,2),(5,'2017-10-17 18:02:17.583122','30','cristiann',1,'[{\"added\": {}}]',3,2),(6,'2017-10-17 18:05:21.322439','29','cristian',3,'',3,2),(7,'2017-10-17 18:05:24.840499','30','cristiann',3,'',3,2),(8,'2017-10-17 18:05:40.440122','31','Cristian',1,'[{\"added\": {}}]',3,2),(9,'2017-10-17 18:13:31.390437','31','Cristian',3,'',3,2),(10,'2017-10-17 18:13:55.250322','32','cristian',1,'[{\"added\": {}}]',3,2),(11,'2017-10-17 18:14:53.970540','32','cristian',2,'[{\"changed\": {\"fields\": [\"profile_picture\"], \"object\": \"cristian\", \"name\": \"erp user\"}}]',3,2),(12,'2017-10-17 18:15:10.182209','32','cristian',3,'',3,2),(13,'2017-10-17 18:15:26.413628','33','cristian',1,'[{\"added\": {}}]',3,2),(14,'2017-10-17 18:16:13.472914','33','cristian',2,'[{\"changed\": {\"fields\": [\"profile_picture\"], \"object\": \"cristian\", \"name\": \"erp user\"}}]',3,2),(15,'2017-10-17 18:16:18.326449','33','cristian',3,'',3,2),(16,'2017-10-17 18:18:10.932015','37','cristian',1,'[{\"added\": {}}, {\"added\": {\"object\": \"cristian\", \"name\": \"erp user\"}}]',3,2),(17,'2017-10-17 18:18:16.593805','37','cristian',3,'',3,2),(18,'2017-10-17 18:19:20.995501','39','cristian',1,'[{\"added\": {}}]',3,2),(19,'2017-10-17 18:19:25.435676','39','cristian',2,'[]',3,2),(20,'2017-10-17 18:19:32.878448','39','cristian',2,'[{\"added\": {\"object\": \"cristian\", \"name\": \"erp user\"}}]',3,2),(21,'2017-10-17 18:19:43.990098','39','cristian',3,'',3,2),(22,'2017-10-17 18:20:02.634351','40','cristian',1,'[{\"added\": {}}, {\"added\": {\"object\": \"cristian\", \"name\": \"erp user\"}}]',3,2),(23,'2017-10-17 18:20:07.842119','40','cristian',2,'[]',3,2),(24,'2017-10-17 18:21:43.579546','2','pepe',2,'[]',3,2),(25,'2017-10-17 18:22:31.026610','2','Admin',2,'[]',4,2),(26,'2017-10-17 18:27:51.936936','1','Libra',1,'[{\"added\": {}}]',21,2),(27,'2017-10-17 18:29:25.605763','2','Crestcom',1,'[{\"added\": {}}]',21,2),(28,'2017-10-17 18:31:06.912243','2','Crestcom',2,'[{\"changed\": {\"fields\": [\"telefono\"]}}]',21,2),(29,'2017-10-17 18:32:36.874942','1','Laura Hernández',1,'[{\"added\": {}}]',22,2),(30,'2017-10-17 18:36:01.005421','1','Laura Hernández',2,'[{\"changed\": {\"fields\": [\"colony\"]}}]',22,2),(31,'2017-10-17 18:36:48.186869','2','Jorge',1,'[{\"added\": {}}]',22,2),(32,'2017-10-17 18:37:02.237404','2','José',2,'[{\"changed\": {\"fields\": [\"name\"]}}]',22,2),(33,'2017-10-17 18:37:18.225877','2','José Ramírez',2,'[{\"changed\": {\"fields\": [\"name\"]}}]',22,2),(34,'2017-10-17 18:37:43.809074','2','Crestcom',2,'[{\"changed\": {\"fields\": [\"telefono\"]}}]',21,2),(35,'2017-10-17 18:38:11.387013','2','José Ramírez',3,'',22,2),(36,'2017-10-17 18:39:57.408746','3','borrar',1,'[{\"added\": {}}]',21,2),(37,'2017-10-17 18:40:34.799195','3','con',1,'[{\"added\": {}}]',22,2),(38,'2017-10-17 18:40:51.457666','3','borrar',3,'',21,2),(39,'2017-10-17 18:43:09.159638','1','Liverpool',1,'[{\"added\": {}}]',23,2),(40,'2017-10-17 18:43:35.700864','1','Liverpool',2,'[{\"changed\": {\"fields\": [\"rfc\"]}}]',23,2),(41,'2017-10-17 19:00:32.260219','1','María Sánchez',1,'[{\"added\": {}}]',26,2),(42,'2017-10-17 19:01:22.102949','2','test',1,'[{\"added\": {}}]',26,2),(43,'2017-10-17 19:03:25.994909','2','test',3,'',26,2),(44,'2017-10-17 19:08:15.429783','2','test',1,'[{\"added\": {}}]',23,2),(45,'2017-10-17 19:08:40.521597','3','test',1,'[{\"added\": {}}]',26,2),(46,'2017-10-17 19:08:50.949430','2','test',3,'',23,2),(47,'2017-10-17 19:15:15.233541','1','Comercializadora',1,'[{\"added\": {}}]',29,2),(48,'2017-10-17 19:16:06.135473','1','pepe - Comercializadora',1,'[{\"added\": {}}]',43,2),(49,'2017-10-17 19:21:24.557698','1','Comercializadora',2,'[{\"changed\": {\"fields\": [\"fecha_inicial\", \"fecha_final\"]}}]',29,2),(50,'2017-10-17 19:30:46.414736','1','2017-10-17 19:30:46.414014+00:00',1,'[{\"added\": {}}]',33,2),(51,'2017-10-17 19:40:59.376055','90','LIMPIEZA',3,'',35,2),(52,'2017-10-17 19:41:31.140953','2','2017-10-17 19:41:31.139453+00:00',1,'[{\"added\": {}}]',33,2),(53,'2017-10-17 19:49:58.290494','1','Clave del Contrato: C1 -  Contratista: Libra',1,'[{\"added\": {}}]',24,2),(54,'2017-10-17 19:50:22.766806','1','ContractConcepts object',1,'[{\"added\": {}}]',25,2),(55,'2017-10-17 19:50:33.785510','2','ContractConcepts object',1,'[{\"added\": {}}]',25,2),(56,'2017-10-17 19:51:09.512284','1','Clave del Contrato: C1 -  Contratista: Libra',2,'[{\"changed\": {\"fields\": [\"line_item\", \"fecha_firma\", \"fecha_inicio\", \"fecha_termino\"]}}]',24,2),(57,'2017-10-17 19:51:25.093433','1','ContractConcepts object',2,'[{\"changed\": {\"fields\": [\"concept\"]}}]',25,2),(58,'2017-10-17 19:51:34.153101','2','ContractConcepts object',2,'[{\"changed\": {\"fields\": [\"concept\"]}}]',25,2),(59,'2017-10-17 19:51:48.158573','3','ContractConcepts object',1,'[{\"added\": {}}]',25,2),(60,'2017-10-17 19:53:50.499098','1','Comercializadora - Estimación del Contrato: C1 del Contratista: Libra',1,'[{\"added\": {}}]',38,2),(61,'2017-10-17 19:57:49.033473','2','presidente - Comercializadora',1,'[{\"added\": {}}]',43,2),(62,'2017-10-17 20:01:32.204590','9','Presidente',2,'[]',4,2),(63,'2017-10-17 20:02:50.838617','2','Admin',2,'[]',4,2),(64,'2017-10-17 20:08:19.257873','1','Estimación AV1del Contrato C1 en el periodo: 2017-10-17',1,'[{\"added\": {}}]',39,2),(65,'2017-10-17 20:09:46.998696','3','director-de-obras - Comercializadora',1,'[{\"added\": {}}]',43,2),(66,'2017-10-17 20:12:03.513636','9','Presidente',2,'[]',4,2),(67,'2017-10-17 20:12:16.347883','5','Director General',2,'[]',4,2),(68,'2017-10-17 20:12:24.276811','6','Director de Obras',2,'[]',4,2),(69,'2017-10-17 20:12:33.184142','1','Proyectos Admin',2,'[]',4,2),(70,'2017-10-17 20:12:40.424523','3','Precios Unitarios',2,'[]',4,2),(71,'2017-10-17 20:12:50.808602','7','Vicepresidente Empresarial',2,'[]',4,2),(72,'2017-10-17 20:13:38.485764','1','Comercializadora - Estimación del Contrato: C1 del Contratista: Libra',2,'[{\"changed\": {\"fields\": [\"period\", \"start_date\", \"end_date\", \"advance_payment_date\", \"advance_payment_status\"]}}]',38,2),(73,'2017-10-17 20:14:28.422237','1','Estimación AV1del Contrato C1 en el periodo: 2017-10-17',2,'[{\"changed\": {\"fields\": [\"payment_status\"]}}]',39,2),(74,'2017-10-17 20:16:59.576123','2','Estimación AV-2del Contrato C1 en el periodo: 2017-10-17',1,'[{\"added\": {}}]',39,2),(75,'2017-10-17 20:19:09.446703','4','Auditoría',2,'[]',4,2),(76,'2017-10-17 20:19:30.865486','16','auditoria',2,'[]',3,2),(77,'2017-10-17 20:19:54.993433','4','auditoria - Comercializadora',1,'[{\"added\": {}}]',43,2),(78,'2017-10-17 20:20:51.719633','4','Auditoría',2,'[]',4,2),(79,'2017-10-17 20:29:48.239505','4','Auditoría',2,'[]',4,2),(80,'2017-10-17 20:33:05.725426','3','Estimación FINIQUITOdel Contrato C1 en el periodo: 2017-10-17',2,'[{\"changed\": {\"fields\": [\"amount\"]}}]',39,16),(81,'2017-10-17 20:33:14.404468','3','Estimación FINIQUITOdel Contrato C1 en el periodo: 2017-10-17',2,'[{\"changed\": {\"fields\": [\"amount\"]}}]',39,16),(82,'2017-10-17 20:33:20.362730','3','Estimación FINIQUITOdel Contrato C1 en el periodo: 2017-10-17',2,'[{\"changed\": {\"fields\": [\"amount\"]}}]',39,16),(83,'2017-10-17 20:34:20.737220','2','Estimación AV-2del Contrato C1 en el periodo: 2017-10-17',2,'[]',39,2),(84,'2017-10-17 20:35:39.016146','2','Estimación AV-2del Contrato C1 en el periodo: 2017-10-17',2,'[{\"changed\": {\"fields\": [\"payment_status\"]}}]',39,2),(85,'2017-10-17 20:38:19.564543','1','Comercializadora',2,'[{\"changed\": {\"fields\": [\"fecha_inicial\", \"fecha_final\"]}}, {\"added\": {\"object\": \"PaymentSchedule object\", \"name\": \"Programaci\\u00f3n de Pagos\"}}, {\"added\": {\"object\": \"PaymentSchedule object\", \"name\": \"Programaci\\u00f3n de Pagos\"}}, {\"added\": {\"object\": \"PaymentSchedule object\", \"name\": \"Programaci\\u00f3n de Pagos\"}}, {\"added\": {\"object\": \"PaymentSchedule object\", \"name\": \"Programaci\\u00f3n de Pagos\"}}, {\"added\": {\"object\": \"PaymentSchedule object\", \"name\": \"Programaci\\u00f3n de Pagos\"}}, {\"added\": {\"object\": \"PaymentSchedule object\", \"name\": \"Programaci\\u00f3n de Pagos\"}}, {\"added\": {\"object\": \"PaymentSchedule object\", \"name\": \"Programaci\\u00f3n de Pagos\"}}, {\"added\": {\"object\": \"PaymentSchedule object\", \"name\": \"Programaci\\u00f3n de Pagos\"}}, {\"added\": {\"object\": \"PaymentSchedule object\", \"name\": \"Programaci\\u00f3n de Pagos\"}}, {\"added\": {\"object\": \"PaymentSchedule object\", \"name\": \"Programaci\\u00f3n de Pagos\"}}, {\"added\": {\"object\": \"PaymentSchedule object\", \"name\": \"Programaci\\u00f3n de Pagos\"}}, {\"added\": {\"object\": \"PaymentSchedule object\", \"name\": \"Programaci\\u00f3n de Pagos\"}}, {\"added\": {\"object\": \"PaymentSchedule object\", \"name\": \"Programaci\\u00f3n de Pagos\"}}, {\"added\": {\"object\": \"PaymentSchedule object\", \"name\": \"Programaci\\u00f3n de Pagos\"}}]',29,21),(86,'2017-10-17 20:39:27.244746','3','Estimación FINIQUITOdel Contrato C1 en el periodo: 2017-10-17',2,'[{\"changed\": {\"fields\": [\"payment_status\"]}}]',39,21),(87,'2017-10-17 20:52:04.760112','1','Bitácora 1',1,'[{\"added\": {}}, {\"added\": {\"object\": \"LogFile object\", \"name\": \"log file\"}}]',40,21),(88,'2017-10-17 20:52:16.821480','2','Bitácora 2',1,'[{\"added\": {}}, {\"added\": {\"object\": \"LogFile object\", \"name\": \"log file\"}}]',40,21),(89,'2017-10-17 20:53:08.093842','3','Bitácora 3',1,'[{\"added\": {}}, {\"added\": {\"object\": \"LogFile object\", \"name\": \"log file\"}}, {\"added\": {\"object\": \"LogFile object\", \"name\": \"log file\"}}]',40,21),(90,'2017-10-17 20:59:30.370811','3','Bitácora 3',2,'[{\"changed\": {\"fields\": [\"user\", \"date\"]}}, {\"added\": {\"object\": \"LogFile object\", \"name\": \"log file\"}}, {\"changed\": {\"fields\": [\"file\"], \"object\": \"LogFile object\", \"name\": \"log file\"}}, {\"changed\": {\"fields\": [\"file\"], \"object\": \"LogFile object\", \"name\": \"log file\"}}]',40,21),(91,'2017-10-17 22:31:05.724648','4','EDICOMEX',1,'[{\"added\": {}}]',21,2),(92,'2017-10-17 22:32:42.273016','4','Laura Diaz',1,'[{\"added\": {}}]',22,2),(93,'2017-10-17 22:39:07.454286','2','Centro Comercial',1,'[{\"added\": {}}]',29,2),(94,'2017-10-17 22:40:07.133016','5','pepe - Centro Comercial',1,'[{\"added\": {}}]',43,2),(95,'2017-10-17 22:40:39.895538','6','presidente - Centro Comercial',1,'[{\"added\": {}}]',43,2),(96,'2017-10-17 22:42:14.502043','3','2017-10-17 22:42:14.501389+00:00',1,'[{\"added\": {}}]',33,2),(97,'2017-10-17 22:48:10.235181','2','Clave del Contrato: C2 -  Contratista: EDICOMEX',1,'[{\"added\": {}}]',24,2),(98,'2017-10-17 22:49:23.642368','4','ContractConcepts object',1,'[{\"added\": {}}]',25,2),(99,'2017-10-17 22:49:47.128845','5','ContractConcepts object',1,'[{\"added\": {}}]',25,2),(100,'2017-10-17 22:50:05.734690','6','ContractConcepts object',1,'[{\"added\": {}}]',25,2),(101,'2017-10-17 22:55:03.005752','2','Centro Comercial - Estimación del Contrato: C2 del Contratista: EDICOMEX',1,'[{\"added\": {}}]',38,2),(102,'2017-10-17 22:58:03.763986','4','Estimación A1del Contrato C2 en el periodo: 2017-10-17',1,'[{\"added\": {}}]',39,2),(103,'2017-10-17 23:01:19.688742','7','jefe-de-administracion - Centro Comercial',1,'[{\"added\": {}}]',43,2),(104,'2017-10-17 23:02:17.659667','2','Centro Comercial - Estimación del Contrato: C2 del Contratista: EDICOMEX',2,'[{\"changed\": {\"fields\": [\"period\", \"start_date\", \"end_date\", \"advance_payment_date\", \"advance_payment_status\"]}}]',38,2),(105,'2017-10-17 23:05:16.758610','5','Estimación A2del Contrato C2 en el periodo: 2017-10-17',1,'[{\"added\": {}}]',39,2),(106,'2017-10-17 23:05:44.597296','4','Estimación A1del Contrato C2 en el periodo: 2017-10-17',2,'[{\"changed\": {\"fields\": [\"payment_status\"]}}]',39,2),(107,'2017-10-17 23:07:00.386456','8','auditoria - Centro Comercial',1,'[{\"added\": {}}]',43,2),(108,'2017-10-17 23:09:00.378466','6','Estimación FINIQUITOdel Contrato C2 en el periodo: 2017-10-17',2,'[{\"changed\": {\"fields\": [\"amount\"]}}]',39,16),(109,'2017-10-17 23:14:52.363657','5','Estimación A2del Contrato C2 en el periodo: 2017-10-17',2,'[{\"changed\": {\"fields\": [\"payment_status\"]}}]',39,2),(110,'2017-10-17 23:14:59.357991','6','Estimación FINIQUITOdel Contrato C2 en el periodo: 2017-10-17',2,'[{\"changed\": {\"fields\": [\"payment_status\"]}}]',39,2),(111,'2017-10-17 23:18:21.974996','2','Centro Comercial',2,'[{\"changed\": {\"fields\": [\"fecha_inicial\", \"fecha_final\"]}}, {\"added\": {\"object\": \"PaymentSchedule object\", \"name\": \"Programaci\\u00f3n de Pagos\"}}, {\"added\": {\"object\": \"PaymentSchedule object\", \"name\": \"Programaci\\u00f3n de Pagos\"}}, {\"added\": {\"object\": \"PaymentSchedule object\", \"name\": \"Programaci\\u00f3n de Pagos\"}}, {\"added\": {\"object\": \"PaymentSchedule object\", \"name\": \"Programaci\\u00f3n de Pagos\"}}, {\"added\": {\"object\": \"PaymentSchedule object\", \"name\": \"Programaci\\u00f3n de Pagos\"}}, {\"added\": {\"object\": \"PaymentSchedule object\", \"name\": \"Programaci\\u00f3n de Pagos\"}}, {\"added\": {\"object\": \"PaymentSchedule object\", \"name\": \"Programaci\\u00f3n de Pagos\"}}, {\"added\": {\"object\": \"PaymentSchedule object\", \"name\": \"Programaci\\u00f3n de Pagos\"}}]',29,2),(112,'2017-10-17 23:21:26.724202','4','Bitácora',1,'[{\"added\": {}}, {\"added\": {\"object\": \"LogFile object\", \"name\": \"log file\"}}, {\"added\": {\"object\": \"LogFile object\", \"name\": \"log file\"}}]',40,2),(113,'2017-11-06 18:12:57.046251','1','salcedo',2,'[]',3,1),(114,'2017-11-06 18:13:29.235948','9','salcedo - Comercializadora',1,'[{\"added\": {}}]',43,1),(115,'2017-11-06 18:15:40.261856','2','Admin',2,'[]',4,1),(116,'2017-11-06 19:28:42.882580','2','Admin',2,'[]',4,1),(117,'2017-11-06 19:43:25.201732','2','Admin',2,'[]',4,1),(118,'2017-11-06 21:43:00.361264','2','Admin',2,'[]',4,1),(119,'2017-11-06 22:21:22.727723','2','Admin',2,'[]',4,1),(120,'2017-11-06 22:22:01.043955','1','Salcedo',1,'[{\"added\": {}}]',66,1),(121,'2017-11-06 22:22:06.881092','1','Subdirección',1,'[{\"added\": {}}]',69,1),(122,'2017-11-06 22:22:12.703540','1','Administración',1,'[{\"added\": {}}]',70,1),(123,'2017-11-06 22:22:17.920205','1','Administración',1,'[{\"added\": {}}]',68,1),(124,'2017-11-06 22:23:07.642935','2','CEO',1,'[{\"added\": {}}]',67,1),(125,'2017-11-06 22:23:44.866385','1','JobInstance object',1,'[{\"added\": {}}]',71,1),(126,'2017-11-06 22:23:51.964247','1','JobInstance object',2,'[]',71,1),(127,'2017-11-06 22:24:03.059407','2','JobInstance object',1,'[{\"added\": {}}]',71,1),(128,'2017-11-06 22:57:58.777689','3','JobInstance object',1,'[{\"added\": {}}]',71,1),(129,'2017-11-06 22:59:46.757422','1','JobInstance object',2,'[{\"changed\": {\"fields\": [\"parent_job_instance\"]}}]',71,1),(130,'2017-11-06 23:01:06.627570','1','1',2,'[{\"changed\": {\"fields\": [\"parent_job_instance\"]}}]',71,1),(131,'2017-11-06 23:01:10.342850','2','2',2,'[]',71,1),(132,'2017-11-06 23:01:14.593980','3','3',2,'[{\"changed\": {\"fields\": [\"parent_job_instance\"]}}]',71,1),(133,'2017-11-06 23:01:56.012581','3','3',2,'[{\"changed\": {\"fields\": [\"parent_job_instance\"]}}]',71,1),(134,'2017-11-06 23:20:19.816723','3','3',2,'[{\"changed\": {\"fields\": [\"parent_job_instance\"]}}]',71,1),(135,'2017-11-06 23:21:14.704437','3','3',2,'[{\"changed\": {\"fields\": [\"parent_job_instance\"]}}]',71,1),(136,'2017-11-06 23:21:21.210751','4','4',1,'[{\"added\": {}}]',71,1),(137,'2017-11-06 23:21:30.373518','5','5',1,'[{\"added\": {}}]',71,1),(138,'2017-11-06 23:21:34.666128','6','6',1,'[{\"added\": {}}]',71,1),(139,'2017-11-06 23:22:08.746337','7','7',1,'[{\"added\": {}}]',71,1),(140,'2017-11-06 23:22:14.603101','8','8',1,'[{\"added\": {}}]',71,1),(141,'2017-11-06 23:22:44.912182','9','9',1,'[{\"added\": {}}]',71,1),(142,'2017-11-08 16:22:46.467615','1','RIF',1,'[{\"added\": {}}]',49,1),(143,'2017-11-08 16:28:58.460956','1','1: José Carranza Cortez',1,'[{\"added\": {}}]',47,1),(144,'2017-11-13 01:41:30.674978','2','Admin',2,'[]',4,1),(145,'2017-11-13 01:41:56.567333','1','salcedo',2,'[]',3,1),(146,'2017-11-13 01:42:09.481084','1','Comercializadora - Estimación del Contrato: C1 del Contratista: Libra',2,'[{\"changed\": {\"fields\": [\"period\", \"start_date\", \"end_date\", \"advance_payment_date\", \"lock_status\"]}}]',38,1),(147,'2017-11-13 01:43:33.316921','1','Comercializadora - Estimación del Contrato: C1 del Contratista: Libra',2,'[{\"changed\": {\"fields\": [\"period\", \"start_date\", \"end_date\", \"advance_payment_date\", \"lock_status\"]}}]',38,1),(148,'2017-11-13 01:45:46.638934','7','Estimación A1del Contrato C1 en el periodo: 2017-10-17',1,'[{\"added\": {}}]',39,1),(149,'2017-11-13 02:08:37.227809','1','Comercializadora - Estimación del Contrato: C1 del Contratista: Libra',2,'[{\"changed\": {\"fields\": [\"period\", \"start_date\", \"end_date\", \"advance_payment_date\", \"deduction_comments\"]}}]',38,1),(150,'2017-11-13 04:12:27.229916','1','Comercializadora - Estimación del Contrato: C1 del Contratista: Libra',2,'[{\"changed\": {\"fields\": [\"period\", \"start_date\", \"end_date\", \"advance_payment_date\"]}}]',38,1),(151,'2017-11-13 04:14:48.048478','8','Estimación Finiquitodel Contrato C1 en el periodo: 2017-10-17',1,'[{\"added\": {}}]',39,1),(152,'2017-11-13 04:23:06.784829','9','Estimación Finiquitodel Contrato C1 en el periodo: 2017-10-17',1,'[{\"added\": {}}]',39,1),(153,'2017-11-13 04:24:45.913682','10','Estimación Finiquitodel Contrato C1 en el periodo: 2017-10-17',1,'[{\"added\": {}}]',39,1),(154,'2017-11-13 04:28:28.382551','11','Estimación Finiquitodel Contrato C1 en el periodo: 2017-10-17',1,'[{\"added\": {}}]',39,1),(155,'2017-11-13 04:49:37.781362','5','OKOKOK',1,'[{\"added\": {}}, {\"added\": {\"object\": \"LogFile object\", \"name\": \"log file\"}}]',40,1),(156,'2017-11-13 05:00:07.813451','5','OKOKOK',2,'[{\"changed\": {\"fields\": [\"user\", \"date\"]}}, {\"added\": {\"object\": \"LogFile object\", \"name\": \"log file\"}}, {\"changed\": {\"fields\": [\"file\"], \"object\": \"LogFile object\", \"name\": \"log file\"}}]',40,1),(157,'2017-11-13 05:10:07.162919','2','Admin',2,'[]',4,1),(158,'2017-11-13 05:10:42.322813','2','Admin',2,'[]',4,1),(159,'2017-11-13 05:12:32.086855','1','Bitácora 1',2,'[{\"changed\": {\"fields\": [\"user\", \"date\"]}}, {\"added\": {\"object\": \"LogFile object\", \"name\": \"log file\"}}]',40,1),(160,'2017-11-13 05:14:19.620364','5','OKOKOK',2,'[{\"changed\": {\"fields\": [\"user\", \"date\"]}}, {\"added\": {\"object\": \"LogFile object\", \"name\": \"log file\"}}]',40,1),(161,'2017-11-13 05:15:07.474470','5','OKOKOK',2,'[{\"changed\": {\"fields\": [\"user\", \"date\", \"status\"]}}, {\"added\": {\"object\": \"LogFile object\", \"name\": \"log file\"}}]',40,1),(162,'2017-11-13 05:16:29.529366','5','OKOKOK',2,'[{\"changed\": {\"fields\": [\"user\", \"date\"]}}, {\"added\": {\"object\": \"LogFile object\", \"name\": \"log file\"}}]',40,1),(163,'2017-11-13 05:16:50.485485','5','OKOKOK',2,'[{\"changed\": {\"fields\": [\"user\", \"date\"]}}, {\"added\": {\"object\": \"LogFile object\", \"name\": \"log file\"}}]',40,1),(164,'2017-11-13 05:17:05.020223','2','Admin',2,'[]',4,1),(165,'2017-11-13 05:17:12.847521','5','OKOKOK',2,'[{\"changed\": {\"fields\": [\"user\", \"date\"]}}, {\"added\": {\"object\": \"LogFile object\", \"name\": \"log file\"}}]',40,1),(166,'2017-11-13 05:17:58.967426','5','OKOKOK',2,'[{\"changed\": {\"fields\": [\"user\", \"date\", \"status\"]}}, {\"added\": {\"object\": \"LogFile object\", \"name\": \"log file\"}}]',40,1),(167,'2017-11-13 05:18:42.107616','5','OKOKOK',2,'[{\"changed\": {\"fields\": [\"user\", \"date\"]}}, {\"added\": {\"object\": \"LogFile object\", \"name\": \"log file\"}}]',40,1),(168,'2017-11-13 05:18:58.863769','5','OKOKOK',2,'[{\"changed\": {\"fields\": [\"user\", \"date\"]}}, {\"added\": {\"object\": \"LogFile object\", \"name\": \"log file\"}}]',40,1),(169,'2017-11-13 05:19:36.664454','5','OKOKOK',2,'[{\"changed\": {\"fields\": [\"user\", \"date\"]}}, {\"added\": {\"object\": \"LogFile object\", \"name\": \"log file\"}}]',40,1),(170,'2017-11-13 05:20:14.480730','5','OKOKOK',2,'[{\"changed\": {\"fields\": [\"user\", \"date\"]}}, {\"added\": {\"object\": \"LogFile object\", \"name\": \"log file\"}}]',40,1),(171,'2017-11-13 05:21:22.006271','5','OKOKOK',2,'[{\"changed\": {\"fields\": [\"user\", \"date\", \"status\"]}}, {\"added\": {\"object\": \"LogFile object\", \"name\": \"log file\"}}]',40,1),(172,'2017-11-13 05:21:39.615156','2','Admin',2,'[]',4,1),(173,'2017-11-13 05:21:46.337060','5','OKOKOK',2,'[{\"changed\": {\"fields\": [\"user\", \"date\", \"status\"]}}, {\"added\": {\"object\": \"LogFile object\", \"name\": \"log file\"}}]',40,1),(174,'2017-11-13 05:34:01.450544','2','Admin',2,'[]',4,1),(175,'2017-11-13 05:34:10.401671','5','OKOKOK',2,'[{\"changed\": {\"fields\": [\"user\", \"date\", \"status\"]}}, {\"added\": {\"object\": \"LogFile object\", \"name\": \"log file\"}}]',40,1),(176,'2017-11-13 05:42:43.254186','10','Presidencia y Vicepresidencia',1,'[{\"added\": {}}]',4,1),(177,'2017-11-13 05:42:57.240000','11','Dirección General',1,'[{\"added\": {}}]',4,1),(178,'2017-11-13 05:50:38.969480','12','Administración',1,'[{\"added\": {}}]',4,1),(179,'2017-11-13 05:53:40.436032','13','Capacitación Obras',1,'[{\"added\": {}}]',4,1),(180,'2017-11-13 05:54:27.714263','41','obras1',1,'[{\"added\": {}}]',3,1),(181,'2017-11-13 05:54:34.834445','41','obras1',2,'[]',3,1),(182,'2017-11-13 05:55:11.580606','42','obras2',1,'[{\"added\": {}}]',3,1),(183,'2017-11-13 05:55:21.570295','42','obras2',2,'[]',3,1),(184,'2017-11-13 05:55:59.548967','43','obras3',1,'[{\"added\": {}}]',3,1),(185,'2017-11-13 05:56:05.835317','43','obras3',2,'[]',3,1),(186,'2017-11-13 05:56:39.229639','44','obras4',1,'[{\"added\": {}}]',3,1),(187,'2017-11-13 05:56:43.566160','44','obras4',2,'[]',3,1),(188,'2017-11-13 05:57:05.955752','45','obras5',1,'[{\"added\": {}}]',3,1),(189,'2017-11-13 05:57:10.759882','45','obras5',2,'[]',3,1),(190,'2017-11-13 05:57:37.094086','46','obras6',1,'[{\"added\": {}}]',3,1),(191,'2017-11-13 05:58:31.832539','46','obras6',2,'[]',3,1),(192,'2017-11-13 05:58:54.611125','47','obras7',1,'[{\"added\": {}}]',3,1),(193,'2017-11-13 05:58:58.789766','47','obras7',2,'[]',3,1),(194,'2017-11-13 05:59:20.766314','48','obras8',1,'[{\"added\": {}}]',3,1),(195,'2017-11-13 05:59:27.028562','48','obras8',2,'[]',3,1),(196,'2017-11-13 05:59:47.226537','49','obras9',1,'[{\"added\": {}}]',3,1),(197,'2017-11-13 05:59:52.880640','49','obras9',2,'[]',3,1),(198,'2017-11-13 06:00:17.829106','50','obras10',1,'[{\"added\": {}}]',3,1),(199,'2017-11-13 06:00:21.679272','50','obras10',2,'[]',3,1),(200,'2017-11-13 06:10:01.242058','13','Capacitación Obras',2,'[]',4,1),(201,'2017-11-13 06:10:13.582891','2','Admin',2,'[]',4,1),(202,'2017-11-13 08:51:23.778192','1','Licenciatura: José Carranza Cortez',1,'[{\"added\": {}}]',56,1),(203,'2017-11-13 08:54:58.568313','1','Familia Familia Familia',1,'[{\"added\": {}}]',60,1);
/*!40000 ALTER TABLE `django_admin_log` ENABLE KEYS */;
UNLOCK TABLES;

--
-- Table structure for table `django_content_type`
--

DROP TABLE IF EXISTS `django_content_type`;
/*!40101 SET @saved_cs_client     = @@character_set_client */;
/*!40101 SET character_set_client = utf8 */;
CREATE TABLE `django_content_type` (
  `id` int(11) NOT NULL AUTO_INCREMENT,
  `app_label` varchar(100) NOT NULL,
  `model` varchar(100) NOT NULL,
  PRIMARY KEY (`id`),
  UNIQUE KEY `django_content_type_app_label_76bd3d3b_uniq` (`app_label`,`model`)
) ENGINE=InnoDB AUTO_INCREMENT=93 DEFAULT CHARSET=latin1;
/*!40101 SET character_set_client = @saved_cs_client */;

--
-- Dumping data for table `django_content_type`
--

LOCK TABLES `django_content_type` WRITE;
/*!40000 ALTER TABLE `django_content_type` DISABLE KEYS */;
INSERT INTO `django_content_type` VALUES (1,'admin','logentry'),(4,'auth','group'),(2,'auth','permission'),(3,'auth','user'),(5,'contenttypes','contenttype'),(46,'DataUpload','usuariofolio'),(43,'ERP','accesstoproject'),(17,'ERP','area'),(37,'ERP','concept_input'),(22,'ERP','contact'),(25,'ERP','contractconcepts'),(21,'ERP','contratista'),(24,'ERP','contratocontratista'),(16,'ERP','departamento'),(27,'ERP','documentofuente'),(20,'ERP','empleado'),(23,'ERP','empresa'),(13,'ERP','estado'),(38,'ERP','estimate'),(45,'ERP','estimateadvanceauthorization'),(35,'ERP','lineitem'),(41,'ERP','logfile'),(19,'ERP','modalidadcontrato'),(14,'ERP','municipio'),(12,'ERP','pais'),(30,'ERP','paymentschedule'),(39,'ERP','progressestimate'),(44,'ERP','progressestimateauthorization'),(40,'ERP','progressestimatelog'),(29,'ERP','project'),(32,'ERP','projectsections'),(26,'ERP','propietario'),(18,'ERP','puesto'),(31,'ERP','section'),(42,'ERP','systemlogentry'),(15,'ERP','tipoconstruccion'),(28,'ERP','tipoproyectodetalle'),(36,'ERP','unit'),(33,'ERP','uploadedcatalogshistory'),(34,'ERP','uploadedinputexplotionshistory'),(70,'HumanResources','area'),(79,'HumanResources','bank'),(48,'HumanResources','checkerdata'),(54,'HumanResources','currenteducation'),(55,'HumanResources','currenteducationdocument'),(68,'HumanResources','department'),(66,'HumanResources','direction'),(51,'HumanResources','documenttype'),(89,'HumanResources','earningdeductionperiod'),(73,'HumanResources','earningdeductiontype'),(81,'HumanResources','earningsdeductions'),(84,'HumanResources','earningsdeductionscategory'),(56,'HumanResources','education'),(61,'HumanResources','emergencycontact'),(47,'HumanResources','employee'),(64,'HumanResources','employeeassistance'),(59,'HumanResources','employeecontract'),(50,'HumanResources','employeedocument'),(63,'HumanResources','employeedropout'),(83,'HumanResources','employeeearningsdeductions'),(92,'HumanResources','employeeearningsdeductionsbyperiod'),(88,'HumanResources','employeefinancialdata'),(53,'HumanResources','employeehastag'),(65,'HumanResources','employeeloan'),(86,'HumanResources','employeepositiondescription'),(60,'HumanResources','familymember'),(87,'HumanResources','infonavitdata'),(71,'HumanResources','jobinstance'),(67,'HumanResources','jobprofile'),(72,'HumanResources','payment_method'),(91,'HumanResources','payrollclassification'),(90,'HumanResources','payrollgroup'),(85,'HumanResources','payrollperiod'),(77,'HumanResources','payrollprocessed'),(82,'HumanResources','payrollprocesseddetail'),(74,'HumanResources','payrollreceiptprocessed'),(80,'HumanResources','payrolltoprocess'),(75,'HumanResources','payrolltype'),(78,'HumanResources','payroll_clasification'),(69,'HumanResources','subdirection'),(52,'HumanResources','tag'),(49,'HumanResources','taxregime'),(57,'HumanResources','test'),(58,'HumanResources','testapplication'),(62,'HumanResources','workreference'),(76,'HumanResources','yntype'),(8,'oauth2_provider','accesstoken'),(10,'oauth2_provider','application'),(7,'oauth2_provider','grant'),(9,'oauth2_provider','refreshtoken'),(6,'sessions','session'),(11,'users','erpuser');
/*!40000 ALTER TABLE `django_content_type` ENABLE KEYS */;
UNLOCK TABLES;

--
-- Table structure for table `django_migrations`
--

DROP TABLE IF EXISTS `django_migrations`;
/*!40101 SET @saved_cs_client     = @@character_set_client */;
/*!40101 SET character_set_client = utf8 */;
CREATE TABLE `django_migrations` (
  `id` int(11) NOT NULL AUTO_INCREMENT,
  `app` varchar(255) NOT NULL,
  `name` varchar(255) NOT NULL,
  `applied` datetime(6) NOT NULL,
  PRIMARY KEY (`id`)
) ENGINE=InnoDB AUTO_INCREMENT=53 DEFAULT CHARSET=latin1;
/*!40101 SET character_set_client = @saved_cs_client */;

--
-- Dumping data for table `django_migrations`
--

LOCK TABLES `django_migrations` WRITE;
/*!40000 ALTER TABLE `django_migrations` DISABLE KEYS */;
INSERT INTO `django_migrations` VALUES (1,'contenttypes','0001_initial','2017-10-17 17:28:24.567293'),(2,'auth','0001_initial','2017-10-17 17:28:24.814281'),(3,'admin','0001_initial','2017-10-17 17:28:24.867955'),(4,'admin','0002_logentry_remove_auto_add','2017-10-17 17:28:24.892970'),(5,'contenttypes','0002_remove_content_type_name','2017-10-17 17:28:24.955642'),(6,'auth','0002_alter_permission_name_max_length','2017-10-17 17:28:24.991088'),(7,'auth','0003_alter_user_email_max_length','2017-10-17 17:28:25.015177'),(8,'auth','0004_alter_user_username_opts','2017-10-17 17:28:25.028048'),(9,'auth','0005_alter_user_last_login_null','2017-10-17 17:28:25.054080'),(10,'auth','0006_require_contenttypes_0002','2017-10-17 17:28:25.055696'),(11,'auth','0007_alter_validators_add_error_messages','2017-10-17 17:28:25.066504'),(12,'auth','0008_alter_user_username_max_length','2017-10-17 17:28:25.092232'),(13,'oauth2_provider','0001_initial','2017-10-17 17:28:25.349107'),(14,'oauth2_provider','0002_08_updates','2017-10-17 17:28:25.489863'),(15,'sessions','0001_initial','2017-10-17 17:28:25.513468'),(16,'users','0001_initial','2017-10-17 17:28:37.383945'),(17,'ERP','0001_initial','2017-10-17 17:28:53.793163'),(18,'users','0002_auto_20171017_1804','2017-10-17 18:05:04.361293'),(19,'users','0003_auto_20171017_1815','2017-10-17 18:16:02.071772'),(20,'ERP','0002_auto_20171106_1810','2017-11-06 18:10:51.440560'),(21,'ERP','0003_auto_20171106_1815','2017-11-06 18:15:05.120347'),(22,'ERP','0004_auto_20171106_1925','2017-11-06 19:25:55.102587'),(23,'ERP','0005_auto_20171106_1926','2017-11-06 19:26:18.177195'),(24,'HumanResources','0001_initial','2017-11-06 19:26:20.676413'),(25,'HumanResources','0002_auto_20171106_1942','2017-11-06 19:42:56.489048'),(26,'HumanResources','0002_auto_20171106_2142','2017-11-06 21:42:16.419490'),(27,'HumanResources','0003_auto_20171106_2220','2017-11-06 22:20:44.205448'),(28,'HumanResources','0004_auto_20171106_2223','2017-11-06 22:23:41.850335'),(29,'ERP','0006_auto_20171106_2137','2017-11-08 16:01:05.178345'),(30,'HumanResources','0002_auto_20171108_2104','2017-11-08 21:04:47.494380'),(31,'HumanResources','0002_auto_20171108_2109','2017-11-08 21:09:13.119675'),(32,'HumanResources','0003_auto_20171108_2109','2017-11-08 21:09:56.203329'),(33,'HumanResources','0002_auto_20171108_2127','2017-11-08 21:27:28.974480'),(34,'HumanResources','0003_auto_20171108_2127','2017-11-08 21:27:42.771814'),(35,'HumanResources','0004_auto_20171108_2127','2017-11-08 21:27:54.221917'),(36,'HumanResources','0005_auto_20171108_2128','2017-11-08 21:28:06.317819'),(37,'HumanResources','0006_auto_20171108_2128','2017-11-08 21:28:39.379024'),(38,'HumanResources','0007_auto_20171108_2128','2017-11-08 21:29:05.566680'),(39,'HumanResources','0008_auto_20171108_2130','2017-11-08 21:30:17.272480'),(40,'HumanResources','0009_auto_20171108_2130','2017-11-08 21:30:55.993662'),(41,'HumanResources','0010_auto_20171108_2131','2017-11-08 21:31:05.621836'),(42,'HumanResources','0011_auto_20171108_2131','2017-11-08 21:31:16.386918'),(43,'HumanResources','0012_auto_20171108_2131','2017-11-08 21:31:28.933723'),(44,'HumanResources','0013_auto_20171108_2131','2017-11-08 21:32:04.035932'),(45,'HumanResources','0014_auto_20171108_2132','2017-11-08 21:32:16.629659'),(46,'HumanResources','0015_auto_20171108_2132','2017-11-08 21:32:35.578748'),(47,'ERP','0007_auto_20171113_0204','2017-11-13 02:04:58.799289'),(48,'ERP','0008_auto_20171113_0449','2017-11-13 04:49:23.582912'),(49,'ERP','0009_auto_20171113_0509','2017-11-13 05:09:46.605072'),(50,'HumanResources','0002_auto_20171113_0757','2017-11-13 07:57:32.441020'),(51,'HumanResources','0002_auto_20171113_1953','2017-11-13 19:53:25.647176'),(52,'HumanResources','0002_auto_20171113_1954','2017-11-13 19:54:20.132792');
/*!40000 ALTER TABLE `django_migrations` ENABLE KEYS */;
UNLOCK TABLES;

--
-- Table structure for table `django_session`
--

DROP TABLE IF EXISTS `django_session`;
/*!40101 SET @saved_cs_client     = @@character_set_client */;
/*!40101 SET character_set_client = utf8 */;
CREATE TABLE `django_session` (
  `session_key` varchar(40) NOT NULL,
  `session_data` longtext NOT NULL,
  `expire_date` datetime(6) NOT NULL,
  PRIMARY KEY (`session_key`),
  KEY `django_session_de54fa62` (`expire_date`)
) ENGINE=InnoDB DEFAULT CHARSET=latin1;
/*!40101 SET character_set_client = @saved_cs_client */;

--
-- Dumping data for table `django_session`
--

LOCK TABLES `django_session` WRITE;
/*!40000 ALTER TABLE `django_session` DISABLE KEYS */;
INSERT INTO `django_session` VALUES ('1bbylilbulw0m1btzkimg6xk06q9kp0s','ZTJjYmQ1ZTFjNDU0NTAwMWU3ZjUyMjk4ZTcxYTBiYTBiMThhOTgwMTp7Il9hdXRoX3VzZXJfaGFzaCI6IjZiOWVmZTI0NjEzMGUwZTliMmFjNWRlMTJjN2I5OTdkOGViZTIwMmYiLCJfYXV0aF91c2VyX2JhY2tlbmQiOiJkamFuZ28uY29udHJpYi5hdXRoLmJhY2tlbmRzLk1vZGVsQmFja2VuZCIsIl9hdXRoX3VzZXJfaWQiOiIxIn0=','2017-11-27 06:05:44.733339'),('1jtcv1llk421qu5j6s3guhi02ud28m4z','MGQ2MDg1ZDg2NTZlNTAxOGRmY2Y3MzhhYjFmNDlhOWI0YjNkNWY3OTp7Il9hdXRoX3VzZXJfaGFzaCI6IjE0NGEzNjY3MDU2NDgxMGI2ODkxOGRhNmEzMTEwZGJhZTJlMmNmMDAiLCJfYXV0aF91c2VyX2JhY2tlbmQiOiJkamFuZ28uY29udHJpYi5hdXRoLmJhY2tlbmRzLk1vZGVsQmFja2VuZCIsIl9hdXRoX3VzZXJfaWQiOiIyMSJ9','2017-10-31 19:57:03.521532'),('5iirnpr45x007m6nrcgpa587r2kfg6m3','MWVlZmUyYTU4OGEwY2RhMTNiMDFhNGI4NmQzN2ZjOTkwZDg3MzEyMzp7Il9hdXRoX3VzZXJfaGFzaCI6ImIxMTNmZGU0OTZmOTliYWFhNjM5YmE2ZjhjZWVmZDA5YjU3MjAzZjIiLCJfYXV0aF91c2VyX2JhY2tlbmQiOiJkamFuZ28uY29udHJpYi5hdXRoLmJhY2tlbmRzLk1vZGVsQmFja2VuZCIsIl9hdXRoX3VzZXJfaWQiOiI0MSJ9','2017-11-27 06:00:40.830073'),('9fafkuyd6nq15p1lpgyx4ko7qdphf0b8','ZTJjYmQ1ZTFjNDU0NTAwMWU3ZjUyMjk4ZTcxYTBiYTBiMThhOTgwMTp7Il9hdXRoX3VzZXJfaGFzaCI6IjZiOWVmZTI0NjEzMGUwZTliMmFjNWRlMTJjN2I5OTdkOGViZTIwMmYiLCJfYXV0aF91c2VyX2JhY2tlbmQiOiJkamFuZ28uY29udHJpYi5hdXRoLmJhY2tlbmRzLk1vZGVsQmFja2VuZCIsIl9hdXRoX3VzZXJfaWQiOiIxIn0=','2017-11-27 06:03:37.505674'),('aynyh15fncio8200den2wjwnpqejv2i8','OTg2MzUyNGFhZThmZGY3ZmQ1MzE2NzkzNmE4YTIxZDEwNGMyYjE5Nzp7Il9hdXRoX3VzZXJfaGFzaCI6IjVmYmM2Yjk1OGFlMDFjNzM5OTgyOWJhODQ4NjdhYzZjZDRlNWFmM2YiLCJfYXV0aF91c2VyX2JhY2tlbmQiOiJkamFuZ28uY29udHJpYi5hdXRoLmJhY2tlbmRzLk1vZGVsQmFja2VuZCIsIl9hdXRoX3VzZXJfaWQiOiIxIn0=','2017-11-22 19:17:37.780316'),('bjf579wx1cz14g7g9i93drz7yllg2d8b','OWM3OGRhMTBiZDVjZmNkMGRlNmQzZTc1MGQzYmU5MTVhNWU0YTIxMTp7Il9hdXRoX3VzZXJfaGFzaCI6ImY0MTBkZGUxMWMyM2I3Mzc0OWI5MDc5YzkxNzU5Y2Q4OWI4NmYzZGMiLCJfYXV0aF91c2VyX2JhY2tlbmQiOiJkamFuZ28uY29udHJpYi5hdXRoLmJhY2tlbmRzLk1vZGVsQmFja2VuZCIsIl9hdXRoX3VzZXJfaWQiOiIxIn0=','2017-11-27 15:15:18.939216'),('lb9m45rs9o28b6bjotgjmbhc1fkqkdfj','ZTJjYmQ1ZTFjNDU0NTAwMWU3ZjUyMjk4ZTcxYTBiYTBiMThhOTgwMTp7Il9hdXRoX3VzZXJfaGFzaCI6IjZiOWVmZTI0NjEzMGUwZTliMmFjNWRlMTJjN2I5OTdkOGViZTIwMmYiLCJfYXV0aF91c2VyX2JhY2tlbmQiOiJkamFuZ28uY29udHJpYi5hdXRoLmJhY2tlbmRzLk1vZGVsQmFja2VuZCIsIl9hdXRoX3VzZXJfaWQiOiIxIn0=','2017-11-27 06:16:21.019592'),('na5ljlmgc4h863vqvux91gsnkkwe7mqd','OWM3OGRhMTBiZDVjZmNkMGRlNmQzZTc1MGQzYmU5MTVhNWU0YTIxMTp7Il9hdXRoX3VzZXJfaGFzaCI6ImY0MTBkZGUxMWMyM2I3Mzc0OWI5MDc5YzkxNzU5Y2Q4OWI4NmYzZGMiLCJfYXV0aF91c2VyX2JhY2tlbmQiOiJkamFuZ28uY29udHJpYi5hdXRoLmJhY2tlbmRzLk1vZGVsQmFja2VuZCIsIl9hdXRoX3VzZXJfaWQiOiIxIn0=','2017-11-27 08:48:48.764476'),('ngl57y2dxgi5shcp96z3ck09pp61gr1z','NjhlNjliYmJmM2RlZGYzNjg1NTIyMjc0MDdkYzRkY2Q2M2ZmNmMwMDp7Il9hdXRoX3VzZXJfaGFzaCI6IjJiYTQ3NzEwYWFhMTBhMDllYmQ1MWFkZTQ0ZGRiOTYzYjllMzhmNDMiLCJfYXV0aF91c2VyX2JhY2tlbmQiOiJkamFuZ28uY29udHJpYi5hdXRoLmJhY2tlbmRzLk1vZGVsQmFja2VuZCIsIl9hdXRoX3VzZXJfaWQiOiIxNiJ9','2017-10-31 23:06:38.963908'),('v0c4us5c789r1r73d7aswngmltfqmsm6','ZTJjYmQ1ZTFjNDU0NTAwMWU3ZjUyMjk4ZTcxYTBiYTBiMThhOTgwMTp7Il9hdXRoX3VzZXJfaGFzaCI6IjZiOWVmZTI0NjEzMGUwZTliMmFjNWRlMTJjN2I5OTdkOGViZTIwMmYiLCJfYXV0aF91c2VyX2JhY2tlbmQiOiJkamFuZ28uY29udHJpYi5hdXRoLmJhY2tlbmRzLk1vZGVsQmFja2VuZCIsIl9hdXRoX3VzZXJfaWQiOiIxIn0=','2017-11-27 06:16:15.716110'),('wbn0lf44elok6hbmjdjmnh9fciqlp162','YWQ5YWUxOGNiNmU5ZjVkMTdlNTAzNzY0MTFkYjdmZDdlZjg4YWJhZjp7Il9hdXRoX3VzZXJfaGFzaCI6IjIyODE5ZTFmNGVkOTczNDE4N2JiZmRjMzNkMDc3MmFmNjdiNTE3OGUiLCJfYXV0aF91c2VyX2JhY2tlbmQiOiJkamFuZ28uY29udHJpYi5hdXRoLmJhY2tlbmRzLk1vZGVsQmFja2VuZCIsIl9hdXRoX3VzZXJfaWQiOiIyIn0=','2017-10-31 22:26:49.218574');
/*!40000 ALTER TABLE `django_session` ENABLE KEYS */;
UNLOCK TABLES;

--
-- Table structure for table `oauth2_provider_accesstoken`
--

DROP TABLE IF EXISTS `oauth2_provider_accesstoken`;
/*!40101 SET @saved_cs_client     = @@character_set_client */;
/*!40101 SET character_set_client = utf8 */;
CREATE TABLE `oauth2_provider_accesstoken` (
  `id` int(11) NOT NULL AUTO_INCREMENT,
  `token` varchar(255) NOT NULL,
  `expires` datetime(6) NOT NULL,
  `scope` longtext NOT NULL,
  `application_id` int(11) NOT NULL,
  `user_id` int(11) DEFAULT NULL,
  PRIMARY KEY (`id`),
  KEY `oauth2_application_id_b22886e1_fk_oauth2_provider_application_id` (`application_id`),
  KEY `oauth2_provider_accesstoken_94a08da1` (`token`),
  KEY `oauth2_provider_accesstoken_user_id_6e4c9a65_fk_auth_user_id` (`user_id`),
  CONSTRAINT `oauth2_application_id_b22886e1_fk_oauth2_provider_application_id` FOREIGN KEY (`application_id`) REFERENCES `oauth2_provider_application` (`id`),
  CONSTRAINT `oauth2_provider_accesstoken_user_id_6e4c9a65_fk_auth_user_id` FOREIGN KEY (`user_id`) REFERENCES `auth_user` (`id`)
) ENGINE=InnoDB DEFAULT CHARSET=latin1;
/*!40101 SET character_set_client = @saved_cs_client */;

--
-- Dumping data for table `oauth2_provider_accesstoken`
--

LOCK TABLES `oauth2_provider_accesstoken` WRITE;
/*!40000 ALTER TABLE `oauth2_provider_accesstoken` DISABLE KEYS */;
/*!40000 ALTER TABLE `oauth2_provider_accesstoken` ENABLE KEYS */;
UNLOCK TABLES;

--
-- Table structure for table `oauth2_provider_application`
--

DROP TABLE IF EXISTS `oauth2_provider_application`;
/*!40101 SET @saved_cs_client     = @@character_set_client */;
/*!40101 SET character_set_client = utf8 */;
CREATE TABLE `oauth2_provider_application` (
  `id` int(11) NOT NULL AUTO_INCREMENT,
  `client_id` varchar(100) NOT NULL,
  `redirect_uris` longtext NOT NULL,
  `client_type` varchar(32) NOT NULL,
  `authorization_grant_type` varchar(32) NOT NULL,
  `client_secret` varchar(255) NOT NULL,
  `name` varchar(255) NOT NULL,
  `user_id` int(11) NOT NULL,
  `skip_authorization` tinyint(1) NOT NULL,
  PRIMARY KEY (`id`),
  UNIQUE KEY `client_id` (`client_id`),
  KEY `oauth2_provider_application_9d667c2b` (`client_secret`),
  KEY `oauth2_provider_application_user_id_79829054_fk_auth_user_id` (`user_id`),
  CONSTRAINT `oauth2_provider_application_user_id_79829054_fk_auth_user_id` FOREIGN KEY (`user_id`) REFERENCES `auth_user` (`id`)
) ENGINE=InnoDB DEFAULT CHARSET=latin1;
/*!40101 SET character_set_client = @saved_cs_client */;

--
-- Dumping data for table `oauth2_provider_application`
--

LOCK TABLES `oauth2_provider_application` WRITE;
/*!40000 ALTER TABLE `oauth2_provider_application` DISABLE KEYS */;
/*!40000 ALTER TABLE `oauth2_provider_application` ENABLE KEYS */;
UNLOCK TABLES;

--
-- Table structure for table `oauth2_provider_grant`
--

DROP TABLE IF EXISTS `oauth2_provider_grant`;
/*!40101 SET @saved_cs_client     = @@character_set_client */;
/*!40101 SET character_set_client = utf8 */;
CREATE TABLE `oauth2_provider_grant` (
  `id` int(11) NOT NULL AUTO_INCREMENT,
  `code` varchar(255) NOT NULL,
  `expires` datetime(6) NOT NULL,
  `redirect_uri` varchar(255) NOT NULL,
  `scope` longtext NOT NULL,
  `application_id` int(11) NOT NULL,
  `user_id` int(11) NOT NULL,
  PRIMARY KEY (`id`),
  KEY `oauth2_application_id_81923564_fk_oauth2_provider_application_id` (`application_id`),
  KEY `oauth2_provider_grant_user_id_e8f62af8_fk_auth_user_id` (`user_id`),
  KEY `oauth2_provider_grant_c1336794` (`code`),
  CONSTRAINT `oauth2_application_id_81923564_fk_oauth2_provider_application_id` FOREIGN KEY (`application_id`) REFERENCES `oauth2_provider_application` (`id`),
  CONSTRAINT `oauth2_provider_grant_user_id_e8f62af8_fk_auth_user_id` FOREIGN KEY (`user_id`) REFERENCES `auth_user` (`id`)
) ENGINE=InnoDB DEFAULT CHARSET=latin1;
/*!40101 SET character_set_client = @saved_cs_client */;

--
-- Dumping data for table `oauth2_provider_grant`
--

LOCK TABLES `oauth2_provider_grant` WRITE;
/*!40000 ALTER TABLE `oauth2_provider_grant` DISABLE KEYS */;
/*!40000 ALTER TABLE `oauth2_provider_grant` ENABLE KEYS */;
UNLOCK TABLES;

--
-- Table structure for table `oauth2_provider_refreshtoken`
--

DROP TABLE IF EXISTS `oauth2_provider_refreshtoken`;
/*!40101 SET @saved_cs_client     = @@character_set_client */;
/*!40101 SET character_set_client = utf8 */;
CREATE TABLE `oauth2_provider_refreshtoken` (
  `id` int(11) NOT NULL AUTO_INCREMENT,
  `token` varchar(255) NOT NULL,
  `access_token_id` int(11) NOT NULL,
  `application_id` int(11) NOT NULL,
  `user_id` int(11) NOT NULL,
  PRIMARY KEY (`id`),
  UNIQUE KEY `access_token_id` (`access_token_id`),
  KEY `oauth2_application_id_2d1c311b_fk_oauth2_provider_application_id` (`application_id`),
  KEY `oauth2_provider_refreshtoken_user_id_da837fce_fk_auth_user_id` (`user_id`),
  KEY `oauth2_provider_refreshtoken_94a08da1` (`token`),
  CONSTRAINT `oauth2_application_id_2d1c311b_fk_oauth2_provider_application_id` FOREIGN KEY (`application_id`) REFERENCES `oauth2_provider_application` (`id`),
  CONSTRAINT `oauth2_provider_refreshtoken_user_id_da837fce_fk_auth_user_id` FOREIGN KEY (`user_id`) REFERENCES `auth_user` (`id`),
  CONSTRAINT `oauth_access_token_id_775e84e8_fk_oauth2_provider_accesstoken_id` FOREIGN KEY (`access_token_id`) REFERENCES `oauth2_provider_accesstoken` (`id`)
) ENGINE=InnoDB DEFAULT CHARSET=latin1;
/*!40101 SET character_set_client = @saved_cs_client */;

--
-- Dumping data for table `oauth2_provider_refreshtoken`
--

LOCK TABLES `oauth2_provider_refreshtoken` WRITE;
/*!40000 ALTER TABLE `oauth2_provider_refreshtoken` DISABLE KEYS */;
/*!40000 ALTER TABLE `oauth2_provider_refreshtoken` ENABLE KEYS */;
UNLOCK TABLES;

--
-- Table structure for table `users_erpuser`
--

DROP TABLE IF EXISTS `users_erpuser`;
/*!40101 SET @saved_cs_client     = @@character_set_client */;
/*!40101 SET character_set_client = utf8 */;
CREATE TABLE `users_erpuser` (
  `id` int(11) NOT NULL AUTO_INCREMENT,
  `profile_picture` varchar(100) DEFAULT NULL,
  `user_id` int(11) NOT NULL,
  PRIMARY KEY (`id`),
  UNIQUE KEY `user_id` (`user_id`),
  CONSTRAINT `users_erpuser_user_id_fa88a7b5_fk_auth_user_id` FOREIGN KEY (`user_id`) REFERENCES `auth_user` (`id`)
) ENGINE=InnoDB AUTO_INCREMENT=31 DEFAULT CHARSET=latin1;
/*!40101 SET character_set_client = @saved_cs_client */;

--
-- Dumping data for table `users_erpuser`
--

LOCK TABLES `users_erpuser` WRITE;
/*!40000 ALTER TABLE `users_erpuser` DISABLE KEYS */;
INSERT INTO `users_erpuser` VALUES (1,'',1),(2,'',2),(3,'',7),(4,'',15),(5,'',16),(6,'',17),(7,'',18),(8,'',19),(9,'',20),(10,'',21),(11,'',22),(30,'documentos_del_usuario/40/profile_usuario.jpg',40);
/*!40000 ALTER TABLE `users_erpuser` ENABLE KEYS */;
UNLOCK TABLES;
/*!40103 SET TIME_ZONE=@OLD_TIME_ZONE */;

/*!40101 SET SQL_MODE=@OLD_SQL_MODE */;
/*!40014 SET FOREIGN_KEY_CHECKS=@OLD_FOREIGN_KEY_CHECKS */;
/*!40014 SET UNIQUE_CHECKS=@OLD_UNIQUE_CHECKS */;
/*!40101 SET CHARACTER_SET_CLIENT=@OLD_CHARACTER_SET_CLIENT */;
/*!40101 SET CHARACTER_SET_RESULTS=@OLD_CHARACTER_SET_RESULTS */;
/*!40101 SET COLLATION_CONNECTION=@OLD_COLLATION_CONNECTION */;
/*!40111 SET SQL_NOTES=@OLD_SQL_NOTES */;

-- Dump completed on 2017-11-13 13:55:34
